method,knob,fold,context_idx,slack,binding,lomo_flip,lomo_sd,x_star
cp@rho=1,10.0,0,-1,3.9933804091916585,benzene_constraint,0.0,0.3422918909595845,1096.898;899.0369838;997.18;0.5;45.11743095
cp@rho=1,10.0,1,-1,1.994293563306563,benzene_constraint,0.0,0.5081626653476703,1096.898;1011.40829;997.18;0.9571621237;10.51689418
cp@rho=1,10.0,2,-1,4.5926918380639705,benzene_constraint,0.0,0.464120034301555,1096.898;756.0254822;997.18;0.9826054847;10
cp@rho=1,10.0,3,-1,5.036786659743349,benzene_constraint,0.0,0.29418846189185976,1096.898;811.3253129;997.18;0.5;39.09063972
cp@rho=1,10.0,4,-1,3.6973885408423826,benzene_constraint,0.0,0.3360921121447481,1096.898;896.8020003;997.18;0.72628401;28.60513603
cp@rho=1,10.0,5,-1,4.386757726279193,benzene_constraint,0.0,0.7585752501456239,1096.898;1051.598073;997.18;0.5;26.18177718
cp@rho=1,10.0,6,-1,2.2500411089591097,benzene_constraint,0.0,0.6277461515269093,1096.898;981.8511139;997.18;1;10
cp@rho=1,10.0,7,-1,3.1362216589308716,benzene_constraint,0.0,0.5582240648276313,1096.898;904.3978102;997.18;0.9694963063;10
cp@rho=1,10.0,8,-1,4.064123090506747,benzene_constraint,0.0,0.5084600879668777,1096.898;817.5740464;997.18;0.9799179388;10
cp@rho=1,10.0,9,-1,3.221401166345501,benzene_constraint,0.0,0.5518161191488451,1096.898;899.6685931;997.18;0.9636483029;10
cp@rho=1,3.0,0,-1,3.9933804091916585,benzene_constraint,0.0,0.3422918909595845,1096.898;899.0369838;997.18;0.5;45.11743095
cp@rho=1,3.0,1,-1,1.994293563306563,benzene_constraint,0.0,0.5081626653476703,1096.898;1011.40829;997.18;0.9571621237;10.51689418
cp@rho=1,3.0,2,-1,3.233120536241138,benzene_constraint,0.0,0.32153036519210615,1096.898;913.6836255;997.18;0.7723663724;25.36154293
cp@rho=1,3.0,3,-1,2.730681490164322,benzene_constraint,0.0,0.4819626906130444,1096.898;924.159682;997.18;1.040307551;10.40307551
cp@rho=1,3.0,4,-1,2.8959225447155745,benzene_constraint,0.0,0.35214669035057283,1096.898;901.5249278;997.18;0.9570404356;18.78218356
cp@rho=1,3.0,5,-1,2.803487487005839,benzene_constraint,0.0,0.4942835679489749,1096.898;907.1953888;997.18;1.016038751;10.16038751
cp@rho=1,3.0,6,-1,2.2500411089591097,benzene_constraint,0.0,0.6277461515269093,1096.898;981.8511139;997.18;1;10
cp@rho=1,3.0,7,-1,3.3909526847678606,benzene_constraint,0.0,0.3917850720196932,1096.898;952.5170183;997.18;0.5;42.00521592
cp@rho=1,3.0,8,-1,3.725845312731444,benzene_constraint,0.0,0.3464139379609126,1096.898;891.083015;997.18;0.6958870983;33.65209717
cp@rho=1,3.0,9,-1,3.221401166345501,benzene_constraint,0.0,0.5518161191488451,1096.898;899.6685931;997.18;0.9636483029;10
cp@rho=1,1.0,0,-1,2.861294044604797,benzene_constraint,0.0,0.46701462524368803,1096.898;936.2531484;997.18;1.026185851;11.70341926
cp@rho=1,1.0,1,-1,0.8904015115674753,benzene_constraint,0.0,0.456417069565732,1096.898;1063.736614;997.18;1.033126365;10.33126365
cp@rho=1,1.0,2,-1,2.641919863260732,benzene_constraint,0.0,0.34447106914330944,1096.898;922.5032689;997.18;0.8420856023;25.6233434
cp@rho=1,1.0,3,-1,2.073750068393032,benzene_constraint,0.0,0.4621162505310654,1096.898;970.9874638;997.18;1.144060351;15.81201745
cp@rho=1,1.0,4,-1,2.8959225447155745,benzene_constraint,0.0,0.35214669035057283,1096.898;901.5249278;997.18;0.9570404356;18.78218356
cp@rho=1,1.0,5,-1,3.9600755137019306,benzene_constraint,0.0,0.4698900346003966,1096.898;864.9030536;997.18;1.080752794;10.80752794
cp@rho=1,1.0,6,-1,2.0682428656111824,benzene_constraint,0.0,0.4072557013625913,1096.898;971.7991755;997.18;0.9237762204;21.52379961
cp@rho=1,1.0,7,-1,0.0580972000068769,benzene_constraint,0.42857142857142855,0.395405087442042,1096.898;1049.477076;997.18;1.026666678;13.66260703
cp@rho=1,1.0,8,-1,1.1271250764929803,benzene_constraint,0.0,0.2776548477805539,1096.898;1023.60885;997.18;0.9062089082;19.78288653
cp@rho=1,1.0,9,-1,0.6807425581589186,benzene_constraint,0.14285714285714285,0.4518322194208781,1096.898;1071.059037;997.18;1.018651539;10.18651539
cp@rho=1,0.3,0,-1,2.732351921322447,benzene_constraint,0.0,0.5979804841283687,1096.898;1003.798041;997.18;1.067707902;10.67707902
cp@rho=1,0.3,1,-1,0.8041642827463633,benzene_constraint,0.0,0.4595518220896611,1107.93207;1063.14776;1007.210973;1.037096013;10.37096013
cp@rho=1,0.3,2,-1,0.15599710566264946,benzene_constraint,0.42857142857142855,0.36612785579170243,1096.898;1048.639615;997.18;0.9728085921;13.95435575
cp@rho=1,0.3,3,-1,1.439226081830455,benzene_constraint,0.0,0.5342716367598911,1096.898;1007.957179;997.18;1.122656682;14.1032623
cp@rho=1,0.3,4,-1,1.011341909184054,benzene_constraint,0.0,0.36037451066411047,1074.048657;1032.150879;997.18;0.953382255;17.67836058
cp@rho=1,0.3,5,-1,2.6961127852369557,benzene_constraint,0.0,0.44967858254872,1034.38274;1040.1926;997.18;1.062176037;10.62176037
cp@rho=1,0.3,6,-1,0.41494830177772,benzene_constraint,0.14285714285714285,0.35560081406555694,1096.898;1039.183197;997.18;1.00474903;14.84797825
cp@rho=1,0.3,7,-1,0.0580972000068769,benzene_constraint,0.42857142857142855,0.395405087442042,1096.898;1049.477076;997.18;1.026666678;13.66260703
cp@rho=1,0.3,8,-1,1.1271250764929803,benzene_constraint,0.0,0.2776548477805539,1096.898;1023.60885;997.18;0.9062089082;19.78288653
cp@rho=1,0.3,9,-1,-0.262467463462535,benzene_constraint,0.2857142857142857,0.3845532981582356,1096.898;1071.122286;997.18;0.9967897644;12.54559569
cp@rho=1,0.1,0,-1,2.732351921322447,benzene_constraint,0.0,0.5979804841283687,1096.898;1003.798041;997.18;1.067707902;10.67707902
cp@rho=1,0.1,1,-1,0.9266762234898991,benzene_constraint,0.0,0.4884056269091524,1106.780422;1066.473339;1006.16402;1.040575878;10.40575878
cp@rho=1,0.1,2,-1,0.15599710566264946,benzene_constraint,0.42857142857142855,0.36612785579170243,1096.898;1048.639615;997.18;0.9728085921;13.95435575
cp@rho=1,0.1,3,-1,1.439226081830455,benzene_constraint,0.0,0.5342716367598911,1096.898;1007.957179;997.18;1.122656682;14.1032623
cp@rho=1,0.1,4,-1,1.011341909184054,benzene_constraint,0.0,0.36037451066411047,1074.048657;1032.150879;997.18;0.953382255;17.67836058
cp@rho=1,0.1,5,-1,2.347934675084865,benzene_constraint,0.0,0.5246414151357879,1096.898;984.6297735;997.18;1.041814456;11.21593195
cp@rho=1,0.1,6,-1,-0.08309433129831945,benzene_constraint,0.5714285714285714,0.4295781393820545,1096.898;1063.656177;997.18;1.034157276;12.42340879
cp@rho=1,0.1,7,-1,-0.27666258030156143,benzene_constraint,0.2857142857142857,0.4028517940767699,1096.898;1077.54761;997.18;1.029886368;13.0851352
cp@rho=1,0.1,8,-1,0.29257245703374934,benzene_constraint,0.2857142857142857,0.30027862082516976,1096.898;1032.872647;997.18;0.91569626;19.1637883
cp@rho=1,0.1,9,-1,-0.262467463462535,benzene_constraint,0.2857142857142857,0.3845532981582356,1096.898;1071.122286;997.18;0.9967897644;12.54559569
cp@rho=1,0.03,0,-1,2.732351921322447,benzene_constraint,0.0,0.5979804841283687,1096.898;1003.798041;997.18;1.067707902;10.67707902
cp@rho=1,0.03,1,-1,0.8304792028285917,benzene_constraint,0.0,0.4856516447202554,1105.791999;1075.183337;1005.265453;1.038268068;10.38268068
cp@rho=1,0.03,2,-1,0.17145665514114938,benzene_constraint,0.42857142857142855,0.3745664330992281,1096.898;1048.127608;997.18;0.9786199553;13.66580771
cp@rho=1,0.03,3,-1,1.439226081830455,benzene_constraint,0.0,0.5342716367598911,1096.898;1007.957179;997.18;1.122656682;14.1032623
cp@rho=1,0.03,4,-1,1.011341909184054,benzene_constraint,0.0,0.36037451066411047,1074.048657;1032.150879;997.18;0.953382255;17.67836058
cp@rho=1,0.03,5,-1,2.347934675084865,benzene_constraint,0.0,0.5246414151357879,1096.898;984.6297735;997.18;1.041814456;11.21593195
cp@rho=1,0.03,6,-1,-0.08309433129831945,benzene_constraint,0.5714285714285714,0.4295781393820545,1096.898;1063.656177;997.18;1.034157276;12.42340879
cp@rho=1,0.03,7,-1,-0.27666258030156143,benzene_constraint,0.2857142857142857,0.4028517940767699,1096.898;1077.54761;997.18;1.029886368;13.0851352
cp@rho=1,0.03,8,-1,0.29257245703374934,benzene_constraint,0.2857142857142857,0.30027862082516976,1096.898;1032.872647;997.18;0.91569626;19.1637883
cp@rho=1,0.03,9,-1,-0.262467463462535,benzene_constraint,0.2857142857142857,0.3845532981582356,1096.898;1071.122286;997.18;0.9967897644;12.54559569
cp@rho=1,0.01,0,-1,2.732351921322447,benzene_constraint,0.0,0.5979804841283687,1096.898;1003.798041;997.18;1.067707902;10.67707902
cp@rho=1,0.01,1,-1,0.8304792028285917,benzene_constraint,0.0,0.4856516447202554,1105.791999;1075.183337;1005.265453;1.038268068;10.38268068
cp@rho=1,0.01,2,-1,0.17145665514114938,benzene_constraint,0.42857142857142855,0.3745664330992281,1096.898;1048.127608;997.18;0.9786199553;13.66580771
cp@rho=1,0.01,3,-1,1.439226081830455,benzene_constraint,0.0,0.5342716367598911,1096.898;1007.957179;997.18;1.122656682;14.1032623
cp@rho=1,0.01,4,-1,1.011341909184054,benzene_constraint,0.0,0.36037451066411047,1074.048657;1032.150879;997.18;0.953382255;17.67836058
cp@rho=1,0.01,5,-1,2.347934675084865,benzene_constraint,0.0,0.5246414151357879,1096.898;984.6297735;997.18;1.041814456;11.21593195
cp@rho=1,0.01,6,-1,-0.08309433129831945,benzene_constraint,0.5714285714285714,0.4295781393820545,1096.898;1063.656177;997.18;1.034157276;12.42340879
cp@rho=1,0.01,7,-1,-0.27666258030156143,benzene_constraint,0.2857142857142857,0.4028517940767699,1096.898;1077.54761;997.18;1.029886368;13.0851352
cp@rho=1,0.01,8,-1,0.29257245703374934,benzene_constraint,0.2857142857142857,0.30027862082516976,1096.898;1032.872647;997.18;0.91569626;19.1637883
cp@rho=1,0.01,9,-1,-0.262467463462535,benzene_constraint,0.2857142857142857,0.3845532981582356,1096.898;1071.122286;997.18;0.9967897644;12.54559569
cp@rho=1,0.003,0,-1,2.394103390687782,benzene_constraint,0.0,0.5523182799199281,1096.898;1004.301316;997.18;1.060945732;11.04554609
cp@rho=1,0.003,1,-1,0.8304792028285917,benzene_constraint,0.0,0.4856516447202554,1105.791999;1075.183337;1005.265453;1.038268068;10.38268068
cp@rho=1,0.003,2,-1,0.17145665514114938,benzene_constraint,0.42857142857142855,0.3745664330992281,1096.898;1048.127608;997.18;0.9786199553;13.66580771
cp@rho=1,0.003,3,-1,1.439226081830455,benzene_constraint,0.0,0.5342716367598911,1096.898;1007.957179;997.18;1.122656682;14.1032623
cp@rho=1,0.003,4,-1,1.011341909184054,benzene_constraint,0.0,0.36037451066411047,1074.048657;1032.150879;997.18;0.953382255;17.67836058
cp@rho=1,0.003,5,-1,2.347934675084865,benzene_constraint,0.0,0.5246414151357879,1096.898;984.6297735;997.18;1.041814456;11.21593195
cp@rho=1,0.003,6,-1,-0.08309433129831945,benzene_constraint,0.5714285714285714,0.4295781393820545,1096.898;1063.656177;997.18;1.034157276;12.42340879
cp@rho=1,0.003,7,-1,-0.27666258030156143,benzene_constraint,0.2857142857142857,0.4028517940767699,1096.898;1077.54761;997.18;1.029886368;13.0851352
cp@rho=1,0.003,8,-1,0.29257245703374934,benzene_constraint,0.2857142857142857,0.30027862082516976,1096.898;1032.872647;997.18;0.91569626;19.1637883
cp@rho=1,0.003,9,-1,-0.262467463462535,benzene_constraint,0.2857142857142857,0.3845532981582356,1096.898;1071.122286;997.18;0.9967897644;12.54559569
cp@rho=1,0.001,0,-1,2.394103390687782,benzene_constraint,0.0,0.5523182799199281,1096.898;1004.301316;997.18;1.060945732;11.04554609
cp@rho=1,0.001,1,-1,0.8304792028285917,benzene_constraint,0.0,0.4856516447202554,1105.791999;1075.183337;1005.265453;1.038268068;10.38268068
cp@rho=1,0.001,2,-1,0.17145665514114938,benzene_constraint,0.42857142857142855,0.3745664330992281,1096.898;1048.127608;997.18;0.9786199553;13.66580771
cp@rho=1,0.001,3,-1,1.439226081830455,benzene_constraint,0.0,0.5342716367598911,1096.898;1007.957179;997.18;1.122656682;14.1032623
cp@rho=1,0.001,4,-1,1.0094730064813717,benzene_constraint,0.0,0.35957916934180134,1073.948126;1032.187398;997.18;0.9534387851;17.68475619
cp@rho=1,0.001,5,-1,2.347934675084865,benzene_constraint,0.0,0.5246414151357879,1096.898;984.6297735;997.18;1.041814456;11.21593195
cp@rho=1,0.001,6,-1,-0.08309433129831945,benzene_constraint,0.5714285714285714,0.4295781393820545,1096.898;1063.656177;997.18;1.034157276;12.42340879
cp@rho=1,0.001,7,-1,-0.27666258030156143,benzene_constraint,0.2857142857142857,0.4028517940767699,1096.898;1077.54761;997.18;1.029886368;13.0851352
cp@rho=1,0.001,8,-1,0.29257245703374934,benzene_constraint,0.2857142857142857,0.30027862082516976,1096.898;1032.872647;997.18;0.91569626;19.1637883
cp@rho=1,0.001,9,-1,-0.262467463462535,benzene_constraint,0.2857142857142857,0.3845532981582356,1096.898;1071.122286;997.18;0.9967897644;12.54559569
cp@rho=1,0.0003,0,-1,2.394103390687782,benzene_constraint,0.0,0.5523182799199281,1096.898;1004.301316;997.18;1.060945732;11.04554609
cp@rho=1,0.0003,1,-1,0.8304792028285917,benzene_constraint,0.0,0.4856516447202554,1105.791999;1075.183337;1005.265453;1.038268068;10.38268068
cp@rho=1,0.0003,2,-1,0.17145665514114938,benzene_constraint,0.42857142857142855,0.3745664330992281,1096.898;1048.127608;997.18;0.9786199553;13.66580771
cp@rho=1,0.0003,3,-1,1.439226081830455,benzene_constraint,0.0,0.5342716367598911,1096.898;1007.957179;997.18;1.122656682;14.1032623
cp@rho=1,0.0003,4,-1,1.0094730064813717,benzene_constraint,0.0,0.35957916934180134,1073.948126;1032.187398;997.18;0.9534387851;17.68475619
cp@rho=1,0.0003,5,-1,2.347934675084865,benzene_constraint,0.0,0.5246414151357879,1096.898;984.6297735;997.18;1.041814456;11.21593195
cp@rho=1,0.0003,6,-1,-0.08309433129831945,benzene_constraint,0.5714285714285714,0.4295781393820545,1096.898;1063.656177;997.18;1.034157276;12.42340879
cp@rho=1,0.0003,7,-1,-0.27666258030156143,benzene_constraint,0.2857142857142857,0.4028517940767699,1096.898;1077.54761;997.18;1.029886368;13.0851352
cp@rho=1,0.0003,8,-1,0.29257245703374934,benzene_constraint,0.2857142857142857,0.30027862082516976,1096.898;1032.872647;997.18;0.91569626;19.1637883
cp@rho=1,0.0003,9,-1,-0.262467463462535,benzene_constraint,0.2857142857142857,0.3845532981582356,1096.898;1071.122286;997.18;0.9967897644;12.54559569
cp@rho=1,0.0001,0,-1,2.394103390687782,benzene_constraint,0.0,0.5523182799199281,1096.898;1004.301316;997.18;1.060945732;11.04554609
cp@rho=1,0.0001,1,-1,0.8304792028285917,benzene_constraint,0.0,0.4856516447202554,1105.791999;1075.183337;1005.265453;1.038268068;10.38268068
cp@rho=1,0.0001,2,-1,0.17145665514114938,benzene_constraint,0.42857142857142855,0.3745664330992281,1096.898;1048.127608;997.18;0.9786199553;13.66580771
cp@rho=1,0.0001,3,-1,1.439226081830455,benzene_constraint,0.0,0.5342716367598911,1096.898;1007.957179;997.18;1.122656682;14.1032623
cp@rho=1,0.0001,4,-1,1.0094730064813717,benzene_constraint,0.0,0.35957916934180134,1073.948126;1032.187398;997.18;0.9534387851;17.68475619
cp@rho=1,0.0001,5,-1,2.347934675084865,benzene_constraint,0.0,0.5246414151357879,1096.898;984.6297735;997.18;1.041814456;11.21593195
cp@rho=1,0.0001,6,-1,-0.08309433129831945,benzene_constraint,0.5714285714285714,0.4295781393820545,1096.898;1063.656177;997.18;1.034157276;12.42340879
cp@rho=1,0.0001,7,-1,-0.27666258030156143,benzene_constraint,0.2857142857142857,0.4028517940767699,1096.898;1077.54761;997.18;1.029886368;13.0851352
cp@rho=1,0.0001,8,-1,0.29257245703374934,benzene_constraint,0.2857142857142857,0.30027862082516976,1096.898;1032.872647;997.18;0.91569626;19.1637883
cp@rho=1,0.0001,9,-1,-0.262467463462535,benzene_constraint,0.2857142857142857,0.3845532981582356,1096.898;1071.122286;997.18;0.9967897644;12.54559569
wrapper@rho=1,0.95,0,-1,4.9126241194736195,benzene_constraint,0.0,0.4692461705893899,1096.898;721.093482;997.18;0.9865041665;10
wrapper@rho=1,0.95,1,-1,4.678602195363041,benzene_constraint,0.0,0.32829881771077113,1096.898;733.0258425;997.18;1.026815824;10.26815824
wrapper@rho=1,0.95,2,-1,4.331728797856002,benzene_constraint,0.0,0.2533786712919668,1096.898;740.6018052;997.18;0.8634096595;17.34922002
wrapper@rho=1,0.95,3,-1,4.2883110362621295,benzene_constraint,0.0,0.546884139486706,1096.898;794.8147643;997.18;0.9146129601;10
wrapper@rho=1,0.95,4,-1,5.754169528329335,benzene_constraint,0.0,0.3030620174629784,1096.898;769.0526688;997.18;0.5;36.1705694
wrapper@rho=1,0.95,5,-1,7.628830106817745,benzene_constraint,0.0,0.7330487032219583,967.4118216;911.4367426;997.18;0.9479287595;10
wrapper@rho=1,0.95,6,-1,5.500589040893843,benzene_constraint,0.0,0.4819091979052158,1096.898;675.1919974;997.18;0.9246564936;10
wrapper@rho=1,0.95,7,-1,5.428996611524276,benzene_constraint,0.0,0.44099752083728166,1096.898;694.3887124;997.18;0.9947877092;10
wrapper@rho=1,0.95,8,-1,11.80349466237471,benzene_constraint,0.0,0.3387341984128929,824.5192731;917.0058241;997.18;0.5;30.59167012
wrapper@rho=1,0.95,9,-1,4.416097842800937,benzene_constraint,0.0,0.5076727864528611,1096.898;783.1223695;997.18;0.9326585781;10
wrapper@rho=1,0.9,0,-1,4.881118693503957,benzene_constraint,0.0,0.4724328394019313,1096.898;722.4377263;997.18;0.9942506682;10
wrapper@rho=1,0.9,1,-1,3.9862083728461997,benzene_constraint,0.0,0.4121553549525093,1096.898;791.4947301;997.18;1.005582961;10.05582961
wrapper@rho=1,0.9,2,-1,4.487911963261084,benzene_constraint,0.0,0.4759808661049725,1096.898;768.1915572;997.18;0.9934711152;10
wrapper@rho=1,0.9,3,-1,4.322403758655682,benzene_constraint,0.0,0.48412926217119884,1096.898;794.304184;997.18;0.9659941054;10
wrapper@rho=1,0.9,4,-1,4.622364916043978,benzene_constraint,0.0,0.21459969486451227,1096.898;763.0467135;997.18;0.7745977306;22.57926713
wrapper@rho=1,0.9,5,-1,5.472292458556986,benzene_constraint,0.0,0.5813878162400566,1063.311111;816.9301256;997.18;0.9559035318;10
wrapper@rho=1,0.9,6,-1,5.401869945393194,benzene_constraint,0.0,0.43013380534607293,1096.898;696.4073892;997.18;0.9631065552;10
wrapper@rho=1,0.9,7,-1,4.547314523078185,benzene_constraint,0.0,0.4694587731568565,1096.898;762.7287953;997.18;0.9879985307;10
wrapper@rho=1,0.9,8,-1,4.977561762581125,benzene_constraint,0.0,0.4690870382325238,1096.898;713.4736765;997.18;0.992018328;10
wrapper@rho=1,0.9,9,-1,4.553637943728958,benzene_constraint,0.0,0.4694672337863242,1096.898;757.8559748;997.18;0.9965170875;10
wrapper@rho=1,0.8,0,-1,4.488823923293232,benzene_constraint,0.0,0.3403670439819342,1096.898;752.6597635;997.18;1.034721283;10.34721283
wrapper@rho=1,0.8,1,-1,4.807653375079987,benzene_constraint,0.0,0.617608364819306,1067.138824;854.7629213;997.18;0.9964190268;10
wrapper@rho=1,0.8,2,-1,4.036781100765609,benzene_constraint,0.0,0.5129143385921139,1096.898;817.400709;997.18;0.991142464;10
wrapper@rho=1,0.8,3,-1,4.002602907142169,benzene_constraint,0.0,0.40193218677833886,1096.898;795.5200048;997.18;1.012468037;10.12468037
wrapper@rho=1,0.8,4,-1,4.259332580575517,benzene_constraint,0.0,0.48933747276645684,1096.898;797.6884487;997.18;0.9868805725;10
wrapper@rho=1,0.8,5,-1,4.313211215537855,benzene_constraint,0.0,0.4854221623828936,1096.898;787.9294779;997.18;0.9913161619;10
wrapper@rho=1,0.8,6,-1,4.061945892070007,benzene_constraint,0.0,0.5092575035710125,1096.898;816.5608962;997.18;0.9862467644;10
wrapper@rho=1,0.8,7,-1,3.898833306593893,benzene_constraint,0.0,0.44245231015740355,1096.898;775.5166464;997.18;1.003618321;10.03618321
wrapper@rho=1,0.8,8,-1,4.534695227123812,benzene_constraint,0.0,0.4708076101289503,1096.898;764.7672266;997.18;0.9873805324;10
wrapper@rho=1,0.8,9,-1,4.38020072424127,benzene_constraint,0.0,0.4794244219438364,1096.898;777.5645199;997.18;0.9956819105;10
wrapper@rho=1,0.7,0,-1,4.084095489045083,benzene_constraint,0.0,0.3865758373595611,1096.898;807.6001206;997.18;1.018540316;10.18540316
wrapper@rho=1,0.7,1,-1,3.653725729997916,benzene_constraint,0.0,0.51027429634054,1096.898;844.9594827;997.18;0.9999301938;10
wrapper@rho=1,0.7,2,-1,3.7079725209657184,benzene_constraint,0.0,0.5080357171710161,1096.898;843.6077737;997.18;0.9899149636;10
wrapper@rho=1,0.7,3,-1,4.093631987489502,benzene_constraint,0.0,0.3863017637580008,1096.898;801.6082496;997.18;1.041066243;10.41066243
wrapper@rho=1,0.7,4,-1,4.161121973366271,benzene_constraint,0.0,0.3766124325649154,1096.898;801.5145498;997.18;1.00820581;10.45154082
wrapper@rho=1,0.7,5,-1,3.6304956833481725,benzene_constraint,0.0,0.5058261643045356,1096.898;849.6720674;997.18;0.9631824314;10
wrapper@rho=1,0.7,6,-1,3.511216731129551,benzene_constraint,0.0,0.5464023639714125,1096.898;865.9583281;997.18;0.9497921633;10
wrapper@rho=1,0.7,7,-1,3.790460257363243,benzene_constraint,0.0,0.4588349090712248,1096.898;795.693924;997.18;1.002659352;10.02659352
wrapper@rho=1,0.7,8,-1,4.379748273294339,benzene_constraint,0.0,0.4793662101107479,1096.898;778.9000242;997.18;0.9904380534;10
wrapper@rho=1,0.7,9,-1,4.285757050863076,benzene_constraint,0.0,0.4904031485326345,1096.898;791.6996652;997.18;0.9950829141;10
wrapper@rho=1,0.6,0,-1,3.977281232046714,benzene_constraint,0.0,0.3968841268876744,1096.898;812.0300661;997.18;1.032916995;10.32916995
wrapper@rho=1,0.6,1,-1,3.4754892638544774,benzene_constraint,0.0,0.5208981219363343,1096.898;855.2152508;997.18;0.9984745594;10
wrapper@rho=1,0.6,2,-1,3.4591797587359423,benzene_constraint,0.0,0.5249051143866394,1096.898;863.1794747;997.18;0.9889982538;10
wrapper@rho=1,0.6,3,-1,3.212276678582178,benzene_constraint,0.0,0.45679909324104645,1096.898;853.802823;997.18;1.00535488;10.0535488
wrapper@rho=1,0.6,4,-1,3.539203282788854,benzene_constraint,0.0,0.42216660008018597,1096.898;828.4770812;997.18;1.018715026;10.18715026
wrapper@rho=1,0.6,5,-1,3.5437383806715133,benzene_constraint,0.0,0.5178324255156241,1096.898;853.3455215;997.18;0.9842714752;10
wrapper@rho=1,0.6,6,-1,3.4179835785262966,benzene_constraint,0.0,0.5304705310027485,1096.898;870.2883894;997.18;0.9605978125;10
wrapper@rho=1,0.6,7,-1,3.8005556836380947,benzene_constraint,0.0,0.42144761104495676,1096.898;813.1105415;997.18;1.017258931;10.17258931
wrapper@rho=1,0.6,8,-1,4.228415516187162,benzene_constraint,0.0,0.4940476436945229,1096.898;799.1549675;997.18;0.9935357959;10
wrapper@rho=1,0.6,9,-1,3.609353275593371,benzene_constraint,0.0,0.5246437592637629,1096.898;845.9358947;997.18;0.9923892949;10
wrapper@rho=1,0.5,0,-1,3.490700945763649,benzene_constraint,0.0,0.42658348600823004,1096.898;835.7188323;997.18;1.015776184;10.15776184
wrapper@rho=1,0.5,1,-1,3.2513142344267436,benzene_constraint,0.0,0.4483592162918468,1096.898;854.7509413;997.18;1.01642676;10.1642676
wrapper@rho=1,0.5,2,-1,2.958863363393789,benzene_constraint,0.0,0.3933829370607331,1096.898;870.133686;997.18;0.9794545665;12.49741122
wrapper@rho=1,0.5,3,-1,3.4390288691313557,benzene_constraint,0.0,0.4219578584554749,1096.898;852.2610443;997.18;1.030956593;10.30956593
wrapper@rho=1,0.5,4,-1,3.4215715159810856,benzene_constraint,0.0,0.43071985914834665,1096.898;841.9755456;997.18;1.019885773;10.19885773
wrapper@rho=1,0.5,5,-1,3.4731346626872366,benzene_constraint,0.0,0.5231175381824511,1096.898;861.3094883;997.18;0.9880925501;10
wrapper@rho=1,0.5,6,-1,3.3642610291213586,benzene_constraint,0.0,0.5405057647688951,1096.898;870.1662305;997.18;0.9806300597;10
wrapper@rho=1,0.5,7,-1,3.929333560963883,benzene_constraint,0.0,0.4014476527364009,1096.898;816.2863551;997.18;1.03869054;10.3869054
wrapper@rho=1,0.5,8,-1,3.5029017789215686,benzene_constraint,0.0,0.4267658123484962,1096.898;833.9629536;997.18;1.018120055;10.18120055
wrapper@rho=1,0.5,9,-1,3.4476318899237413,benzene_constraint,0.0,0.5272858435875155,1096.898;862.8695795;997.18;0.9910090385;10
wrapper@rho=1,0.4,0,-1,3.4493650236768048,benzene_constraint,0.0,0.42060461595183013,1096.898;852.372613;997.18;1.025692564;10.25692564
wrapper@rho=1,0.4,1,-1,3.8836654240879653,benzene_constraint,0.0,0.5738259003314167,1087.049486;889.168135;997.18;1.027803343;10.27803343
wrapper@rho=1,0.4,2,-1,3.215523918766813,benzene_constraint,0.0,0.4475924578173923,1096.898;879.0414732;997.18;1.028749448;10.28749448
wrapper@rho=1,0.4,3,-1,3.244320942265283,benzene_constraint,0.0,0.4421993420509223,1096.898;870.5692261;997.18;1.027302514;10.27302514
wrapper@rho=1,0.4,4,-1,3.231581017312365,benzene_constraint,0.0,0.4476871932134851,1096.898;856.1400772;997.18;1.017288036;10.17288036
wrapper@rho=1,0.4,5,-1,3.2077272201098737,benzene_constraint,0.0,0.5575203362661696,1096.898;893.0980158;997.18;0.9863005404;10
wrapper@rho=1,0.4,6,-1,3.3278377186297803,benzene_constraint,0.0,0.5468737742894217,1096.898;870.2676849;997.18;0.9963415337;10
wrapper@rho=1,0.4,7,-1,3.502927504426907,benzene_constraint,0.0,0.4187414835481882,1096.898;847.2367906;997.18;1.027760926;10.27760926
wrapper@rho=1,0.4,8,-1,3.308855658518439,benzene_constraint,0.0,0.5438898414741972,1096.898;876.5082337;997.18;0.9969042843;10
wrapper@rho=1,0.4,9,-1,3.911651806330603,benzene_constraint,0.0,0.47593905592295815,1096.898;901.6450252;997.18;0.9755441453;10.8637249
wrapper@rho=1,0.3,0,-1,3.0802817948693715,benzene_constraint,0.0,0.4654313512011735,1096.898;869.2106098;997.18;1.010969203;10.10969203
wrapper@rho=1,0.3,1,-1,3.878353285982236,benzene_constraint,0.0,0.610659919473167,1052.391948;955.4922574;997.18;1.019068916;10.19068916
wrapper@rho=1,0.3,2,-1,3.1436996196608575,benzene_constraint,0.0,0.4628333281996216,1096.898;886.8899202;997.18;1.042559753;10.42559753
wrapper@rho=1,0.3,3,-1,3.1770372552146,benzene_constraint,0.0,0.4566272936854678,1096.898;887.3017003;997.18;1.023962926;10.23962926
wrapper@rho=1,0.3,4,-1,2.9652293687356988,benzene_constraint,0.0,0.479481224658861,1096.898;891.1065229;997.18;1.011040944;10.11040944
wrapper@rho=1,0.3,5,-1,4.305630953334067,benzene_constraint,0.0,0.5747940936899345,1065.965316;906.6115619;997.18;1.030651443;10.30651443
wrapper@rho=1,0.3,6,-1,3.280259315335357,benzene_constraint,0.0,0.5434826977444641,1096.898;878.3381275;997.18;0.9988127195;10
wrapper@rho=1,0.3,7,-1,3.2513739039629996,benzene_constraint,0.0,0.4437651965700982,1096.898;871.3400139;997.18;1.024555608;10.24555608
wrapper@rho=1,0.3,8,-1,3.4309993209215577,benzene_constraint,0.0,0.41063760675805905,1096.898;884.2112874;997.18;0.994823407;11.34667907
wrapper@rho=1,0.3,9,-1,2.5927727493251567,benzene_constraint,0.0,0.5416764925077427,1096.898;907.9472713;997.18;1.002269189;10.02269189
wrapper@rho=1,0.2,0,-1,3.2412266270030585,benzene_constraint,0.0,0.44408289203592816,1096.898;869.4847556;997.18;1.034184902;10.34184902
wrapper@rho=1,0.2,1,-1,2.4652808652240807,benzene_constraint,0.0,0.5099306311593801,1096.898;941.4671018;997.18;1.009650598;10.11445457
wrapper@rho=1,0.2,2,-1,3.5368615176794123,benzene_constraint,0.0,0.49900099733204173,1096.898;904.6154779;997.18;1.066817863;10.66817863
wrapper@rho=1,0.2,3,-1,2.7502131262907668,benzene_constraint,0.0,0.47596096795542026,1096.898;932.129489;997.18;1.010475133;10.45054139
wrapper@rho=1,0.2,4,-1,3.2639572726579473,benzene_constraint,0.0,0.5754659414548402,1084.917492;918.3034413;997.18;0.9607280024;13.35186097
wrapper@rho=1,0.2,5,-1,2.7494033625637897,benzene_constraint,0.0,0.4964435304646287,1096.898;911.2715818;997.18;1.021855825;10.21855825
wrapper@rho=1,0.2,6,-1,3.035859717667279,benzene_constraint,0.0,0.4696570972679193,1096.898;879.6859124;997.18;1.014800123;10.14800123
wrapper@rho=1,0.2,7,-1,2.9111680930048323,benzene_constraint,0.0,0.48854186405993677,1096.898;893.9523794;997.18;1.019257701;10.19257701
wrapper@rho=1,0.2,8,-1,2.350637967378816,benzene_constraint,0.0,0.5318808963380849,1096.898;922.0344337;997.18;1.003758814;10.03758814
wrapper@rho=1,0.2,9,-1,2.6971711156679845,benzene_constraint,0.0,0.5836416850438806,1096.898;944.8835875;997.18;0.9981959386;10
wrapper@rho=1,0.15,0,-1,3.2345570191291557,benzene_constraint,0.0,0.44579807297668395,1096.898;869.7812462;997.18;1.037306226;10.37306226
wrapper@rho=1,0.15,1,-1,2.3550877488251984,benzene_constraint,0.0,0.6186326472941102,1096.898;977.1820357;997.18;0.9986635311;10
wrapper@rho=1,0.15,2,-1,2.2152421600049905,benzene_constraint,0.0,0.4257678600730462,1096.898;967.0194945;997.18;0.891442841;18.04243338
wrapper@rho=1,0.15,3,-1,2.3781679901080466,benzene_constraint,0.0,0.5213514722348265,1096.898;951.2861228;997.18;1.013667078;10.13667078
wrapper@rho=1,0.15,4,-1,2.8398825658165237,benzene_constraint,0.0,0.4405607996091434,1096.898;899.0470098;997.18;1.001158871;12.40272326
wrapper@rho=1,0.15,5,-1,2.912147482214529,benzene_constraint,0.0,0.48041763929046805,1096.898;915.7540643;997.18;1.026917133;10.26917133
wrapper@rho=1,0.15,6,-1,2.814142017032097,benzene_constraint,0.0,0.4897833586021163,1096.898;905.530022;997.18;1.012207668;10.12207668
wrapper@rho=1,0.15,7,-1,2.907921202793034,benzene_constraint,0.0,0.48940499229619755,1096.898;893.9223675;997.18;1.02155254;10.2155254
wrapper@rho=1,0.15,8,-1,3.044137762369914,benzene_constraint,0.0,0.43962448352642053,1096.898;921.0908871;997.18;0.996619646;11.11164667
wrapper@rho=1,0.15,9,-1,2.4540368528063254,benzene_constraint,0.0,0.5822470467239111,1096.898;963.9365776;997.18;0.9887412755;10.06076851
wrapper@rho=1,0.1,0,-1,2.956438270417074,benzene_constraint,0.0,0.4520799610797239,1096.898;870.6433165;997.18;1.046381729;10.46381729
wrapper@rho=1,0.1,1,-1,2.3140312645957692,benzene_constraint,0.0,0.5213458459996665,1096.898;996.2691738;997.18;0.9875908645;10.28572712
wrapper@rho=1,0.1,2,-1,2.4830744682690735,benzene_constraint,0.0,0.5332607533028157,1091.915628;967.5838774;997.18;1.034059761;10.34059761
wrapper@rho=1,0.1,3,-1,3.1048027904679927,benzene_constraint,0.0,0.6558627740679042,1080.098452;977.2999915;997.18;1.012767766;10.12767766
wrapper@rho=1,0.1,4,-1,3.0106090349988293,benzene_constraint,0.0,0.44529389051328566,1096.898;933.9033848;997.18;0.9804036069;11.72717704
wrapper@rho=1,0.1,5,-1,2.8943997787076086,benzene_constraint,0.0,0.4825551648248846,1096.898;912.762165;997.18;1.043858119;10.43858119
wrapper@rho=1,0.1,6,-1,2.6001414359387383,benzene_constraint,0.0,0.4874802582236536,1096.898;920.7763931;997.18;1.010678286;10.10678286
wrapper@rho=1,0.1,7,-1,2.864988582982164,benzene_constraint,0.0,0.4953260461507962,1096.898;900.5456483;997.18;1.020671757;10.20671757
wrapper@rho=1,0.1,8,-1,3.2429626939592,benzene_constraint,0.0,0.5871104948054284,1033.18104;1005.543414;997.18;0.9703365004;13.167591
wrapper@rho=1,0.1,9,-1,2.7037528092555903,benzene_constraint,0.0,0.6632140921800674,1096.898;964.6383015;997.18;0.9958535321;10
wrapper@rho=1,0.05,0,-1,2.961676892216836,benzene_constraint,0.0,0.4551024135733401,1096.898;870.7929118;997.18;1.047956604;10.47956604
wrapper@rho=1,0.05,1,-1,3.0398015618506093,benzene_constraint,0.0,0.3916630345618636,1096.898;972.1165665;997.18;0.7465321042;27.88474036
wrapper@rho=1,0.05,2,-1,3.1130124091689737,benzene_constraint,0.0,0.5535953588742839,1096.898;962.023655;997.18;1.045718287;10.73474625
wrapper@rho=1,0.05,3,-1,2.835338744195596,benzene_constraint,0.0,0.668620593353245,1088.075245;975.5182922;997.18;1.011798623;10.11798623
wrapper@rho=1,0.05,4,-1,2.5249634405203025,benzene_constraint,0.0,0.3891729083501873,1096.898;934.2535188;997.18;0.8877132065;18.07878112
wrapper@rho=1,0.05,5,-1,3.325955671701884,benzene_constraint,0.0,0.4829454552916162,1096.898;910.9292304;997.18;1.058666096;10.58666096
wrapper@rho=1,0.05,6,-1,3.477023740087077,benzene_constraint,0.0,0.5663046098361066,1068.008962;985.8888497;997.18;0.9688702132;15.5769236
wrapper@rho=1,0.05,7,-1,2.8244835719247376,benzene_constraint,0.0,0.4928023099224739,1096.898;903.4078081;997.18;1.020291138;10.20291138
wrapper@rho=1,0.05,8,-1,2.7850802657444618,benzene_constraint,0.0,0.4242904191179558,1018.410462;1032.807834;997.18;1.05263943;10.5263943
wrapper@rho=1,0.05,9,-1,2.1052531334230835,benzene_constraint,0.0,0.5540529394213596,1096.898;976.7851195;997.18;1.021057455;10.21057455
wrapper@rho=1,0.0,0,-1,3.131659027246336,benzene_constraint,0.0,0.46512798104623726,1096.898;888.3895208;997.18;1.043906256;10.43906256
wrapper@rho=1,0.0,1,-1,2.61202760135631,benzene_constraint,0.0,0.3809420614769139,1096.898;977.6750766;997.18;0.7982501079;24.93917961
wrapper@rho=1,0.0,2,-1,2.4451270046061566,benzene_constraint,0.0,0.5123774360335143,1096.898;995.606143;997.18;1.011558545;11.8187269
wrapper@rho=1,0.0,3,-1,2.3048803541083345,benzene_constraint,0.0,0.5386953529249741,1096.898;972.7633779;997.18;1.039736133;10.39736133
wrapper@rho=1,0.0,4,-1,2.4913702772182518,benzene_constraint,0.0,0.3782814867950199,1096.898;956.7654523;997.18;0.870370193;18.74795502
wrapper@rho=1,0.0,5,-1,2.510513373186484,benzene_constraint,0.0,0.5240801337947785,1096.898;956.1634712;997.18;1.045442975;10.45442975
wrapper@rho=1,0.0,6,-1,1.9424869869618604,benzene_constraint,0.0,0.4495272876962315,1096.898;996.4004037;997.18;0.9279503023;16.50533635
wrapper@rho=1,0.0,7,-1,2.7756353404252536,benzene_constraint,0.0,0.4965032996080939,1096.898;909.624189;997.18;1.019464465;10.19464465
wrapper@rho=1,0.0,8,-1,2.910919655364033,benzene_constraint,0.0,0.4276510895920322,1096.898;979.4738573;997.18;0.5411597485;41.34454826
wrapper@rho=1,0.0,9,-1,2.2773904417834387,benzene_constraint,0.0,0.536778931680932,1096.898;976.3530456;997.18;1.03354264;10.3354264
cp@rho=2,10.0,0,-1,3.9933804091916585,benzene_constraint,0.0,0.3422918909595845,1096.898;899.0369838;997.18;0.5;45.11743095
cp@rho=2,10.0,1,-1,1.994293563306563,benzene_constraint,0.0,0.5081626653476703,1096.898;1011.40829;997.18;0.9571621237;10.51689418
cp@rho=2,10.0,2,-1,4.5926918380639705,benzene_constraint,0.0,0.464120034301555,1096.898;756.0254822;997.18;0.9826054847;10
cp@rho=2,10.0,3,-1,5.036786659743349,benzene_constraint,0.0,0.29418846189185976,1096.898;811.3253129;997.18;0.5;39.09063972
cp@rho=2,10.0,4,-1,3.6973885408423826,benzene_constraint,0.0,0.3360921121447481,1096.898;896.8020003;997.18;0.72628401;28.60513603
cp@rho=2,10.0,5,-1,4.386757726279193,benzene_constraint,0.0,0.7585752501456239,1096.898;1051.598073;997.18;0.5;26.18177718
cp@rho=2,10.0,6,-1,2.2500411089591097,benzene_constraint,0.0,0.6277461515269093,1096.898;981.8511139;997.18;1;10
cp@rho=2,10.0,7,-1,3.1362216589308716,benzene_constraint,0.0,0.5582240648276313,1096.898;904.3978102;997.18;0.9694963063;10
cp@rho=2,10.0,8,-1,4.064123090506747,benzene_constraint,0.0,0.5084600879668777,1096.898;817.5740464;997.18;0.9799179388;10
cp@rho=2,10.0,9,-1,3.221401166345501,benzene_constraint,0.0,0.5518161191488451,1096.898;899.6685931;997.18;0.9636483029;10
cp@rho=2,3.0,0,-1,1.3709643220529273,benzene_constraint,0.0,0.5527724737086476,1096.898;1063.495265;997.18;1.070648963;10.70648963
cp@rho=2,3.0,1,-1,2.858913059020246,benzene_constraint,0.0,0.35048118533369066,1096.898;892.3972672;997.18;0.9974594373;20.64485963
cp@rho=2,3.0,2,-1,3.5558923820523987,benzene_constraint,0.0,0.3541594518991759,1096.898;925.2831121;997.18;0.5;47.57980322
cp@rho=2,3.0,3,-1,2.6321504832828992,benzene_constraint,0.0,0.545376098200665,1096.898;962.9548471;997.18;1.102150171;11.02150171
cp@rho=2,3.0,4,-1,0.8992158689133731,benzene_constraint,0.0,0.558596153137836,1005.699867;1184.113714;997.18;1.058751822;10.58751822
cp@rho=2,3.0,5,-1,1.3819488460094291,benzene_constraint,0.0,0.4665244012387951,1036.75811;1142.879655;997.18;1.062326542;10.62326542
cp@rho=2,3.0,6,-1,3.1283921981391103,benzene_constraint,0.0,0.37564418441431535,1096.898;882.5995414;997.18;1.094781209;15.62527682
cp@rho=2,3.0,7,-1,1.852920338195247,benzene_constraint,0.0,0.3374081245230419,1031.837767;1034.293264;997.18;1.014601058;14.94801302
cp@rho=2,3.0,8,-1,3.5256489305391057,benzene_constraint,0.0,0.3702024690627467,1096.898;948.7558666;997.18;0.6345638747;35.71441281
cp@rho=2,3.0,9,-1,2.4667398040386246,benzene_constraint,0.0,0.40243890207089605,1096.898;945.3685363;997.18;0.9051972615;17.44984509
cp@rho=2,1.0,0,-1,-1.492771810021999,benzene_constraint,0.0,0.43207484562519455,1096.898;1153.024351;997.18;1.05072579;13.74480924
cp@rho=2,1.0,1,-1,-0.8958963323719829,benzene_constraint,0.0,0.4062722916163705,1081.79955;1150.834333;997.18;1.073863878;14.25714716
cp@rho=2,1.0,2,-1,-0.9876350872664759,benzene_constraint,0.0,0.27509443871514844,1096.898;1116.779125;997.18;0.8493686802;26.74003427
cp@rho=2,1.0,3,-1,-1.5165796308443902,benzene_constraint,0.0,0.3744479183967651,1096.898;1161.328579;997.18;0.9763165553;16.68106073
cp@rho=2,1.0,4,-1,-0.8673158922574018,benzene_constraint,0.0,0.289528760675393,1096.898;1089.111742;997.18;0.9635651843;22.07810742
cp@rho=2,1.0,5,-1,1.3819488460094291,benzene_constraint,0.0,0.4665244012387951,1036.75811;1142.879655;997.18;1.062326542;10.62326542
cp@rho=2,1.0,6,-1,-1.1433949249027364,benzene_constraint,0.0,0.3075720100704486,1096.898;1143.605972;997.18;0.9363696293;20.09348869
cp@rho=2,1.0,7,-1,0.2789800062517358,benzene_constraint,0.42857142857142855,0.39547925683373625,1088.029552;1081.923937;997.18;1.041433494;14.59967302
cp@rho=2,1.0,8,-1,-0.09123664482650184,benzene_constraint,0.2857142857142857,0.26889850402838156,1096.898;1054.606966;997.18;0.919871739;22.86832249
cp@rho=2,1.0,9,-1,0.06250729196263194,benzene_constraint,0.2857142857142857,0.37742843302890156,1083.474236;1092.453773;997.18;1.030657745;11.97832766
cp@rho=2,0.3,0,-1,-2.966118920195278,benzene_constraint,0.0,0.3166128848983787,1096.898;1204.257342;997.18;1.03361741;14.54113725
cp@rho=2,0.3,1,-1,-0.8958963323719829,benzene_constraint,0.0,0.4062722916163705,1081.79955;1150.834333;997.18;1.073863878;14.25714716
cp@rho=2,0.3,2,-1,-1.5495346911625774,benzene_constraint,0.0,0.3484725243676587,1096.898;1156.639355;997.18;0.8237615061;29.18750617
cp@rho=2,0.3,3,-1,-1.5165796308443902,benzene_constraint,0.0,0.3744479183967651,1096.898;1161.328579;997.18;0.9763165553;16.68106073
cp@rho=2,0.3,4,-1,-0.9863236507957893,benzene_constraint,0.0,0.27298594537706256,1096.898;1137.848607;997.18;0.9105598117;22.36317083
cp@rho=2,0.3,5,-1,-1.171434235012292,benzene_constraint,0.0,0.41969236557946976,1094.286806;1099.302717;997.18;1.038026972;13.29185844
cp@rho=2,0.3,6,-1,-1.1433949249027364,benzene_constraint,0.0,0.3075720100704486,1096.898;1143.605972;997.18;0.9363696293;20.09348869
cp@rho=2,0.3,7,-1,0.3751213685343515,benzene_constraint,0.14285714285714285,0.38823075008351793,1085.302444;1058.323758;997.18;1.076379047;14.94845288
cp@rho=2,0.3,8,-1,-0.6558729939456853,benzene_constraint,0.0,0.24226075160123983,1096.898;1113.296802;997.18;0.7706761647;31.28911597
cp@rho=2,0.3,9,-1,-0.0665623083777902,benzene_constraint,0.5714285714285714,0.3570988242398986,1096.898;1058.150429;997.18;0.9972954671;17.36216458
cp@rho=2,0.1,0,-1,-2.966118920195278,benzene_constraint,0.0,0.3166128848983787,1096.898;1204.257342;997.18;1.03361741;14.54113725
cp@rho=2,0.1,1,-1,-0.8958963323719829,benzene_constraint,0.0,0.4062722916163705,1081.79955;1150.834333;997.18;1.073863878;14.25714716
cp@rho=2,0.1,2,-1,-1.5495346911625774,benzene_constraint,0.0,0.3484725243676587,1096.898;1156.639355;997.18;0.8237615061;29.18750617
cp@rho=2,0.1,3,-1,-1.5165796308443902,benzene_constraint,0.0,0.3744479183967651,1096.898;1161.328579;997.18;0.9763165553;16.68106073
cp@rho=2,0.1,4,-1,-0.9863236507957893,benzene_constraint,0.0,0.27298594537706256,1096.898;1137.848607;997.18;0.9105598117;22.36317083
cp@rho=2,0.1,5,-1,-1.171434235012292,benzene_constraint,0.0,0.41969236557946976,1094.286806;1099.302717;997.18;1.038026972;13.29185844
cp@rho=2,0.1,6,-1,-1.1433949249027364,benzene_constraint,0.0,0.3075720100704486,1096.898;1143.605972;997.18;0.9363696293;20.09348869
cp@rho=2,0.1,7,-1,0.00586315460819975,benzene_constraint,0.42857142857142855,0.38915351411858073,1096.898;1054.830982;997.18;1.064751842;15.20716033
cp@rho=2,0.1,8,-1,-0.6558729939456853,benzene_constraint,0.0,0.24226075160123983,1096.898;1113.296802;997.18;0.7706761647;31.28911597
cp@rho=2,0.1,9,-1,-0.0665623083777902,benzene_constraint,0.5714285714285714,0.3570988242398986,1096.898;1058.150429;997.18;0.9972954671;17.36216458
cp@rho=2,0.03,0,-1,-2.966118920195278,benzene_constraint,0.0,0.3166128848983787,1096.898;1204.257342;997.18;1.03361741;14.54113725
cp@rho=2,0.03,1,-1,-1.0068436437109796,benzene_constraint,0.0,0.4093909518497422,1086.28789;1151.248316;997.18;1.0698784;14.32184154
cp@rho=2,0.03,2,-1,-1.5495346911625774,benzene_constraint,0.0,0.3484725243676587,1096.898;1156.639355;997.18;0.8237615061;29.18750617
cp@rho=2,0.03,3,-1,-1.5165796308443902,benzene_constraint,0.0,0.3744479183967651,1096.898;1161.328579;997.18;0.9763165553;16.68106073
cp@rho=2,0.03,4,-1,-0.9863236507957893,benzene_constraint,0.0,0.27298594537706256,1096.898;1137.848607;997.18;0.9105598117;22.36317083
cp@rho=2,0.03,5,-1,-1.171434235012292,benzene_constraint,0.0,0.41969236557946976,1094.286806;1099.302717;997.18;1.038026972;13.29185844
cp@rho=2,0.03,6,-1,-1.1433949249027364,benzene_constraint,0.0,0.3075720100704486,1096.898;1143.605972;997.18;0.9363696293;20.09348869
cp@rho=2,0.03,7,-1,0.00586315460819975,benzene_constraint,0.42857142857142855,0.38915351411858073,1096.898;1054.830982;997.18;1.064751842;15.20716033
cp@rho=2,0.03,8,-1,-0.6558729939456853,benzene_constraint,0.0,0.24226075160123983,1096.898;1113.296802;997.18;0.7706761647;31.28911597
cp@rho=2,0.03,9,-1,-0.0665623083777902,benzene_constraint,0.5714285714285714,0.3570988242398986,1096.898;1058.150429;997.18;0.9972954671;17.36216458
cp@rho=2,0.01,0,-1,-2.966118920195278,benzene_constraint,0.0,0.3166128848983787,1096.898;1204.257342;997.18;1.03361741;14.54113725
cp@rho=2,0.01,1,-1,-0.9220833943592126,benzene_constraint,0.0,0.4017442078798153,1086.661839;1150.786068;997.18;1.070804093;14.34596894
cp@rho=2,0.01,2,-1,-1.5495346911625774,benzene_constraint,0.0,0.3484725243676587,1096.898;1156.639355;997.18;0.8237615061;29.18750617
cp@rho=2,0.01,3,-1,-1.5165796308443902,benzene_constraint,0.0,0.3744479183967651,1096.898;1161.328579;997.18;0.9763165553;16.68106073
cp@rho=2,0.01,4,-1,-0.9863236507957893,benzene_constraint,0.0,0.27298594537706256,1096.898;1137.848607;997.18;0.9105598117;22.36317083
cp@rho=2,0.01,5,-1,-1.171434235012292,benzene_constraint,0.0,0.41969236557946976,1094.286806;1099.302717;997.18;1.038026972;13.29185844
cp@rho=2,0.01,6,-1,-1.1433949249027364,benzene_constraint,0.0,0.3075720100704486,1096.898;1143.605972;997.18;0.9363696293;20.09348869
cp@rho=2,0.01,7,-1,0.00586315460819975,benzene_constraint,0.42857142857142855,0.38915351411858073,1096.898;1054.830982;997.18;1.064751842;15.20716033
cp@rho=2,0.01,8,-1,-0.6558729939456853,benzene_constraint,0.0,0.24226075160123983,1096.898;1113.296802;997.18;0.7706761647;31.28911597
cp@rho=2,0.01,9,-1,-0.0665623083777902,benzene_constraint,0.5714285714285714,0.3570988242398986,1096.898;1058.150429;997.18;0.9972954671;17.36216458
cp@rho=2,0.003,0,-1,-2.966118920195278,benzene_constraint,0.0,0.3166128848983787,1096.898;1204.257342;997.18;1.03361741;14.54113725
cp@rho=2,0.003,1,-1,-0.9220833943592126,benzene_constraint,0.0,0.4017442078798153,1086.661839;1150.786068;997.18;1.070804093;14.34596894
cp@rho=2,0.003,2,-1,-1.5495346911625774,benzene_constraint,0.0,0.3484725243676587,1096.898;1156.639355;997.18;0.8237615061;29.18750617
cp@rho=2,0.003,3,-1,-1.5165796308443902,benzene_constraint,0.0,0.3744479183967651,1096.898;1161.328579;997.18;0.9763165553;16.68106073
cp@rho=2,0.003,4,-1,-0.9863236507957893,benzene_constraint,0.0,0.27298594537706256,1096.898;1137.848607;997.18;0.9105598117;22.36317083
cp@rho=2,0.003,5,-1,-1.171434235012292,benzene_constraint,0.0,0.41969236557946976,1094.286806;1099.302717;997.18;1.038026972;13.29185844
cp@rho=2,0.003,6,-1,-1.1433949249027364,benzene_constraint,0.0,0.3075720100704486,1096.898;1143.605972;997.18;0.9363696293;20.09348869
cp@rho=2,0.003,7,-1,0.00586315460819975,benzene_constraint,0.42857142857142855,0.38915351411858073,1096.898;1054.830982;997.18;1.064751842;15.20716033
cp@rho=2,0.003,8,-1,-0.6558729939456853,benzene_constraint,0.0,0.24226075160123983,1096.898;1113.296802;997.18;0.7706761647;31.28911597
cp@rho=2,0.003,9,-1,-0.0665623083777902,benzene_constraint,0.5714285714285714,0.3570988242398986,1096.898;1058.150429;997.18;0.9972954671;17.36216458
cp@rho=2,0.001,0,-1,-2.966118920195278,benzene_constraint,0.0,0.3166128848983787,1096.898;1204.257342;997.18;1.03361741;14.54113725
cp@rho=2,0.001,1,-1,-0.9220833943592126,benzene_constraint,0.0,0.4017442078798153,1086.661839;1150.786068;997.18;1.070804093;14.34596894
cp@rho=2,0.001,2,-1,-1.5495346911625774,benzene_constraint,0.0,0.3484725243676587,1096.898;1156.639355;997.18;0.8237615061;29.18750617
cp@rho=2,0.001,3,-1,-1.5165796308443902,benzene_constraint,0.0,0.3744479183967651,1096.898;1161.328579;997.18;0.9763165553;16.68106073
cp@rho=2,0.001,4,-1,-0.9863236507957893,benzene_constraint,0.0,0.27298594537706256,1096.898;1137.848607;997.18;0.9105598117;22.36317083
cp@rho=2,0.001,5,-1,-1.171434235012292,benzene_constraint,0.0,0.41969236557946976,1094.286806;1099.302717;997.18;1.038026972;13.29185844
cp@rho=2,0.001,6,-1,-1.1433949249027364,benzene_constraint,0.0,0.3075720100704486,1096.898;1143.605972;997.18;0.9363696293;20.09348869
cp@rho=2,0.001,7,-1,0.00586315460819975,benzene_constraint,0.42857142857142855,0.38915351411858073,1096.898;1054.830982;997.18;1.064751842;15.20716033
cp@rho=2,0.001,8,-1,-0.6558729939456853,benzene_constraint,0.0,0.24226075160123983,1096.898;1113.296802;997.18;0.7706761647;31.28911597
cp@rho=2,0.001,9,-1,-0.0665623083777902,benzene_constraint,0.5714285714285714,0.3570988242398986,1096.898;1058.150429;997.18;0.9972954671;17.36216458
cp@rho=2,0.0003,0,-1,-2.966118920195278,benzene_constraint,0.0,0.3166128848983787,1096.898;1204.257342;997.18;1.03361741;14.54113725
cp@rho=2,0.0003,1,-1,-0.9220833943592126,benzene_constraint,0.0,0.4017442078798153,1086.661839;1150.786068;997.18;1.070804093;14.34596894
cp@rho=2,0.0003,2,-1,-1.5495346911625774,benzene_constraint,0.0,0.3484725243676587,1096.898;1156.639355;997.18;0.8237615061;29.18750617
cp@rho=2,0.0003,3,-1,-1.5165796308443902,benzene_constraint,0.0,0.3744479183967651,1096.898;1161.328579;997.18;0.9763165553;16.68106073
cp@rho=2,0.0003,4,-1,-0.9863236507957893,benzene_constraint,0.0,0.27298594537706256,1096.898;1137.848607;997.18;0.9105598117;22.36317083
cp@rho=2,0.0003,5,-1,-1.171434235012292,benzene_constraint,0.0,0.41969236557946976,1094.286806;1099.302717;997.18;1.038026972;13.29185844
cp@rho=2,0.0003,6,-1,-1.1433949249027364,benzene_constraint,0.0,0.3075720100704486,1096.898;1143.605972;997.18;0.9363696293;20.09348869
cp@rho=2,0.0003,7,-1,0.00586315460819975,benzene_constraint,0.42857142857142855,0.38915351411858073,1096.898;1054.830982;997.18;1.064751842;15.20716033
cp@rho=2,0.0003,8,-1,-0.6558729939456853,benzene_constraint,0.0,0.24226075160123983,1096.898;1113.296802;997.18;0.7706761647;31.28911597
cp@rho=2,0.0003,9,-1,-0.0665623083777902,benzene_constraint,0.5714285714285714,0.3570988242398986,1096.898;1058.150429;997.18;0.9972954671;17.36216458
cp@rho=2,0.0001,0,-1,-2.966118920195278,benzene_constraint,0.0,0.3166128848983787,1096.898;1204.257342;997.18;1.03361741;14.54113725
cp@rho=2,0.0001,1,-1,-0.9220833943592126,benzene_constraint,0.0,0.4017442078798153,1086.661839;1150.786068;997.18;1.070804093;14.34596894
cp@rho=2,0.0001,2,-1,-1.5495346911625774,benzene_constraint,0.0,0.3484725243676587,1096.898;1156.639355;997.18;0.8237615061;29.18750617
cp@rho=2,0.0001,3,-1,-1.5165796308443902,benzene_constraint,0.0,0.3744479183967651,1096.898;1161.328579;997.18;0.9763165553;16.68106073
cp@rho=2,0.0001,4,-1,-0.9863236507957893,benzene_constraint,0.0,0.27298594537706256,1096.898;1137.848607;997.18;0.9105598117;22.36317083
cp@rho=2,0.0001,5,-1,-1.171434235012292,benzene_constraint,0.0,0.41969236557946976,1094.286806;1099.302717;997.18;1.038026972;13.29185844
cp@rho=2,0.0001,6,-1,-1.1433949249027364,benzene_constraint,0.0,0.3075720100704486,1096.898;1143.605972;997.18;0.9363696293;20.09348869
cp@rho=2,0.0001,7,-1,0.00586315460819975,benzene_constraint,0.42857142857142855,0.38915351411858073,1096.898;1054.830982;997.18;1.064751842;15.20716033
cp@rho=2,0.0001,8,-1,-0.6558729939456853,benzene_constraint,0.0,0.24226075160123983,1096.898;1113.296802;997.18;0.7706761647;31.28911597
cp@rho=2,0.0001,9,-1,-0.0665623083777902,benzene_constraint,0.5714285714285714,0.3570988242398986,1096.898;1058.150429;997.18;0.9972954671;17.36216458
wrapper@rho=2,0.95,0,-1,5.111718780204917,benzene_constraint,0.0,0.5096425781469394,1096.898;714.3155682;997.18;0.8851753222;10
wrapper@rho=2,0.95,1,-1,17.989395582217647,benzene_constraint,0.0,0.3847430020448793,624.0022346;832.0029795;997.18;0.6469219998;21.47770996
wrapper@rho=2,0.95,2,-1,10.597931786126829,benzene_constraint,0.0,0.44622031912598076,1096.898;464.8163211;997.18;0.6475098938;24.13905131
wrapper@rho=2,0.95,3,-1,8.235893713181795,benzene_constraint,0.0,0.609494476723341,1096.898;573.1595683;997.18;0.8983259523;10
wrapper@rho=2,0.95,4,-1,7.147594484082113,benzene_constraint,0.0,0.2555507755590975,1096.898;623.2484403;997.18;0.5;36.30074148
wrapper@rho=2,0.95,5,-1,5.53189993838366,benzene_constraint,0.0,0.4732166218289508,1096.898;687.8777078;997.18;0.9119310226;10
wrapper@rho=2,0.95,6,-1,7.991974520731787,benzene_constraint,0.0,0.6127499987780866,1096.898;578.1496461;997.18;0.9239377797;10
wrapper@rho=2,0.95,7,-1,8.4586739745424,benzene_constraint,0.0,0.6177787394265081,1096.898;536.6795347;997.18;0.8631490045;10
wrapper@rho=2,0.95,8,-1,7.955393201474969,benzene_constraint,0.0,0.6371935920533919,1096.898;591.9072075;997.18;0.9138247383;10
wrapper@rho=2,0.95,9,-1,10.628605961513315,benzene_constraint,0.0,0.56858055078159,884.8004977;800.5031929;997.18;0.8915024773;10
wrapper@rho=2,0.9,0,-1,9.36518193906197,benzene_constraint,0.0,0.6711748793931537,865.9742624;958.9204327;997.18;0.9108490331;10
wrapper@rho=2,0.9,1,-1,4.64513126572426,benzene_constraint,0.0,0.37128748238830206,1096.898;741.5682318;997.18;0.921340072;10.29496007
wrapper@rho=2,0.9,2,-1,6.2063652869488095,benzene_constraint,0.0,0.34758706032768794,1096.898;730.7825731;997.18;0.5130709466;36.09721689
wrapper@rho=2,0.9,3,-1,4.597509675416447,benzene_constraint,0.0,0.326746503585139,1096.898;738.5942268;997.18;1.031038888;10.31038888
wrapper@rho=2,0.9,4,-1,6.0464446866023565,benzene_constraint,0.0,0.2853362516048863,1096.898;738.5994519;997.18;0.5;35.18376005
wrapper@rho=2,0.9,5,-1,6.034908961297425,benzene_constraint,0.0,0.27971038732643105,1096.898;733.1239517;997.18;0.5;36.00324504
wrapper@rho=2,0.9,6,-1,8.956808033831244,benzene_constraint,0.0,0.6730264494841492,921.8187769;889.3289481;997.18;0.9279154824;10
wrapper@rho=2,0.9,7,-1,5.34540108603921,benzene_constraint,0.0,0.43573944748730065,1096.898;697.2009037;997.18;0.9825118675;10
wrapper@rho=2,0.9,8,-1,5.598972206367591,benzene_constraint,0.0,0.4842167434727441,1096.898;636.5963581;997.18;0.9195802584;10
wrapper@rho=2,0.9,9,-1,5.587982435279365,benzene_constraint,0.0,0.46908511264598296,1096.898;673.1378273;997.18;0.9456410638;10
wrapper@rho=2,0.8,0,-1,4.468782035149786,benzene_constraint,0.0,0.47727410798125697,1096.898;773.3788509;997.18;0.9793936472;10
wrapper@rho=2,0.8,1,-1,4.073354912182516,benzene_constraint,0.0,0.4361784135910397,1096.898;757.5992828;997.18;1.004931377;10.04931377
wrapper@rho=2,0.8,2,-1,4.620688073228237,benzene_constraint,0.0,0.3688753890095015,1096.898;850.6085584;997.18;0.5166738795;34.13656665
wrapper@rho=2,0.8,3,-1,4.382127304573416,benzene_constraint,0.0,0.3567086484705453,1096.898;767.5010073;997.18;1.038683304;10.38683304
wrapper@rho=2,0.8,4,-1,5.396854701778047,benzene_constraint,0.0,0.3128870310453464,1096.898;804.7106055;997.18;0.5;37.27138972
wrapper@rho=2,0.8,5,-1,4.280767992913283,benzene_constraint,0.0,0.4832569374746412,1096.898;804.0027545;997.18;0.9590893486;10
wrapper@rho=2,0.8,6,-1,4.1400109948225605,benzene_constraint,0.0,0.5506686176495849,1096.898;811.1420487;997.18;0.9273436891;10
wrapper@rho=2,0.8,7,-1,4.463833802162483,benzene_constraint,0.0,0.4777961537251643,1096.898;771.5783233;997.18;0.9899049089;10
wrapper@rho=2,0.8,8,-1,4.954634400658513,benzene_constraint,0.0,0.5082598699707321,1096.898;716.774408;997.18;0.9521105844;10
wrapper@rho=2,0.8,9,-1,4.667314182067223,benzene_constraint,0.0,0.45761972080299795,1096.898;738.6378156;997.18;1.000430388;10.00430388
wrapper@rho=2,0.7,0,-1,4.064579586831293,benzene_constraint,0.0,0.3936608798001958,1096.898;786.146386;997.18;1.010841961;10.10841961
wrapper@rho=2,0.7,1,-1,4.4280552112365825,benzene_constraint,0.0,0.5742853834768707,1047.118199;884.7540614;997.18;1.002203715;10.05530859
wrapper@rho=2,0.7,2,-1,4.115085525501293,benzene_constraint,0.0,0.3237496703831247,1096.898;864.3403819;997.18;0.7336853338;23.76671425
wrapper@rho=2,0.7,3,-1,3.800050431048554,benzene_constraint,0.0,0.39232537255359895,1096.898;826.3056997;997.18;1.02453271;10.2453271
wrapper@rho=2,0.7,4,-1,4.719357693773851,benzene_constraint,0.0,0.3369165869562223,1096.898;857.2910492;997.18;0.5;36.9041345
wrapper@rho=2,0.7,5,-1,4.865763912134014,benzene_constraint,0.0,0.39148215669843267,1096.898;799.9042926;997.18;0.9862406003;10.73030933
wrapper@rho=2,0.7,6,-1,5.914762930894135,benzene_constraint,0.0,0.602547372045019,980.6962995;933.2060861;997.18;0.9624388442;10
wrapper@rho=2,0.7,7,-1,4.039158743813495,benzene_constraint,0.0,0.5105211017302109,1096.898;820.3570589;997.18;0.9818960077;10
wrapper@rho=2,0.7,8,-1,4.298810141978393,benzene_constraint,0.0,0.48706763360882943,1096.898;796.528236;997.18;0.9721706955;10
wrapper@rho=2,0.7,9,-1,4.395930061779936,benzene_constraint,0.0,0.478805809733188,1096.898;776.4597549;997.18;0.992529846;10
wrapper@rho=2,0.6,0,-1,4.052382666215863,benzene_constraint,0.0,0.5114696947026012,1096.898;815.1075599;997.18;0.9917576182;10
wrapper@rho=2,0.6,1,-1,3.6129214258450517,benzene_constraint,0.0,0.40559582360022417,1096.898;841.7658446;997.18;1.024019115;10.24019115
wrapper@rho=2,0.6,2,-1,4.278657841380841,benzene_constraint,0.0,0.36773955623569626,1096.898;888.1213769;997.18;0.7147852001;25.20502999
wrapper@rho=2,0.6,3,-1,3.080368243582541,benzene_constraint,0.0,0.4690068371084493,1096.898;869.7160157;997.18;1.01508461;10.1508461
wrapper@rho=2,0.6,4,-1,3.121589082967425,benzene_constraint,0.0,0.29634674564689784,1096.898;866.6288792;997.18;0.8509633637;19.20485679
wrapper@rho=2,0.6,5,-1,3.583394496998203,benzene_constraint,0.0,0.30031589078489573,1096.898;841.4957593;997.18;0.8889033517;15.52173425
wrapper@rho=2,0.6,6,-1,3.39410739211376,benzene_constraint,0.0,0.5616458126773585,1096.898;880.0264793;997.18;0.944994544;10
wrapper@rho=2,0.6,7,-1,4.13156316102225,benzene_constraint,0.0,0.38110732555352106,1096.898;797.5486805;997.18;1.036879049;10.36879049
wrapper@rho=2,0.6,8,-1,3.7511609601074483,benzene_constraint,0.0,0.49922197727523043,1096.898;839.5770166;997.18;0.9742579666;10
wrapper@rho=2,0.6,9,-1,4.162435802024959,benzene_constraint,0.0,0.3546585241226938,1096.898;762.1783311;997.18;1.055151748;10.55151748
wrapper@rho=2,0.5,0,-1,3.565037618142128,benzene_constraint,0.0,0.4161792249427704,1096.898;830.0993112;997.18;1.008678702;10.08678702
wrapper@rho=2,0.5,1,-1,2.940217898487056,benzene_constraint,0.0,0.39598042651038234,1092.955136;895.173269;997.18;0.9537215146;12.85083292
wrapper@rho=2,0.5,2,-1,3.779963285098404,benzene_constraint,0.0,0.3450349667161697,1096.898;896.6109174;997.18;0.7506098969;25.96253958
wrapper@rho=2,0.5,3,-1,2.9773495171755258,benzene_constraint,0.0,0.452934999993782,1096.898;868.4136381;997.18;1.048104197;10.48104197
wrapper@rho=2,0.5,4,-1,3.8000463154395305,benzene_constraint,0.0,0.32987754981124456,1096.898;888.9506927;997.18;0.7313732615;27.53789081
wrapper@rho=2,0.5,5,-1,3.238348598147816,benzene_constraint,0.0,0.3390406974526672,1096.898;842.8615208;997.18;0.9145044331;17.65109059
wrapper@rho=2,0.5,6,-1,3.012603765071738,benzene_constraint,0.0,0.47327354767313046,1096.898;883.5411219;997.18;1.014037318;10.14037318
wrapper@rho=2,0.5,7,-1,3.826776270814044,benzene_constraint,0.0,0.3866345251838271,1096.898;802.4401243;997.18;1.048506558;10.48506558
wrapper@rho=2,0.5,8,-1,4.784193134613098,benzene_constraint,0.0,0.5125820182359294,1057.499631;860.7214077;997.18;1.032900045;10.32900045
wrapper@rho=2,0.5,9,-1,4.588514640502176,benzene_constraint,0.0,0.4171367632597433,1096.898;811.5081075;997.18;1.046563076;10.72954393
wrapper@rho=2,0.4,0,-1,3.67053259856074,benzene_constraint,0.0,0.4036631858430771,1096.898;831.9261162;997.18;1.039975263;10.39975263
wrapper@rho=2,0.4,1,-1,3.1635448439953393,benzene_constraint,0.0,0.458854553412851,1093.739779;891.1952947;997.18;1.034968734;10.34968734
wrapper@rho=2,0.4,2,-1,2.7641159585057906,benzene_constraint,0.0,0.38244089944516774,1096.898;916.789024;997.18;0.9089046915;17.72600188
wrapper@rho=2,0.4,3,-1,3.4843024452367928,benzene_constraint,0.0,0.4604235605673571,1096.898;889.3302083;997.18;1.057262437;10.57262437
wrapper@rho=2,0.4,4,-1,2.7716834252960894,benzene_constraint,0.0,0.49391631772799827,1094.736196;911.3039623;997.18;1.023461441;10.23461441
wrapper@rho=2,0.4,5,-1,3.1819970797569326,benzene_constraint,0.0,0.3398415928369425,1096.898;871.0866815;997.18;0.9346090468;15.82124488
wrapper@rho=2,0.4,6,-1,3.425997117732706,benzene_constraint,0.0,0.45570541093128103,1096.898;902.9285323;997.18;1.022594345;10.58264856
wrapper@rho=2,0.4,7,-1,4.36322742481606,benzene_constraint,0.0,0.402562653374421,1096.898;813.3648635;997.18;1.059334705;10.59334705
wrapper@rho=2,0.4,8,-1,3.3500685533685797,benzene_constraint,0.0,0.4299075681367548,1096.898;862.8435418;997.18;1.032376682;10.32376682
wrapper@rho=2,0.4,9,-1,4.378670653798906,benzene_constraint,0.0,0.43216829653185573,1096.898;826.9003473;997.18;1.080640125;10.80640125
wrapper@rho=2,0.3,0,-1,3.3286691023967094,benzene_constraint,0.0,0.432814297331768,1096.898;865.7293513;997.18;1.032767655;10.32767655
wrapper@rho=2,0.3,1,-1,3.2099767447354637,benzene_constraint,0.0,0.4436023822101959,1096.898;887.9871979;997.18;1.104632825;11.04632825
wrapper@rho=2,0.3,2,-1,2.4130424984050265,benzene_constraint,0.0,0.4851602487665788,1096.898;941.0262366;997.18;1.005756536;11.98835334
wrapper@rho=2,0.3,3,-1,2.43346878584682,benzene_constraint,0.0,0.3716996064937928,1096.898;925.714836;997.18;0.9208656417;19.15106134
wrapper@rho=2,0.3,4,-1,2.634825033160965,benzene_constraint,0.0,0.48413865732870576,1096.898;911.172821;997.18;1.055347989;10.55347989
wrapper@rho=2,0.3,5,-1,3.0031456225795736,benzene_constraint,0.0,0.3728432066110739,1096.898;897.0684768;997.18;0.928643796;15.57987312
wrapper@rho=2,0.3,6,-1,2.5883033214995734,benzene_constraint,0.0,0.42777564294474585,1096.898;908.5109591;997.18;1.007783456;12.71576156
wrapper@rho=2,0.3,7,-1,3.2541063261325007,benzene_constraint,0.0,0.39629445542165925,1096.898;835.3579468;997.18;1.05417366;12.09257227
wrapper@rho=2,0.3,8,-1,3.133620208604107,benzene_constraint,0.0,0.4617326759331854,1096.898;891.1348434;997.18;1.030392457;10.30392457
wrapper@rho=2,0.3,9,-1,2.93566272653608,benzene_constraint,0.0,0.47935638892779525,1096.898;909.0904502;997.18;1.040463037;10.40463037
wrapper@rho=2,0.2,0,-1,3.898687685612245,benzene_constraint,0.0,0.45347498824333815,1096.898;863.531006;997.18;1.0625003;10.625003
wrapper@rho=2,0.2,1,-1,2.8111339297466245,benzene_constraint,0.0,0.42350047847848793,1096.898;992.6486043;997.18;0.6718239006;33.22576853
wrapper@rho=2,0.2,2,-1,2.2321393230475906,benzene_constraint,0.0,0.5285053980918307,1096.898;960.5799074;997.18;1.049165658;10.49165658
wrapper@rho=2,0.2,3,-1,2.348140912688855,benzene_constraint,0.0,0.5101116091451499,1096.898;993.8843921;997.18;1.00832923;11.33861473
wrapper@rho=2,0.2,4,-1,2.4069727732879045,benzene_constraint,0.0,0.4478156146726391,1096.898;965.4648685;997.18;0.9744562804;14.63467325
wrapper@rho=2,0.2,5,-1,2.49692342690264,benzene_constraint,0.0,0.4041788005580262,1096.898;919.9400901;997.18;0.9143928887;16.14760927
wrapper@rho=2,0.2,6,-1,2.251133640177102,benzene_constraint,0.0,0.5239204993230644,1096.898;955.8615965;997.18;1.051077731;10.51077731
wrapper@rho=2,0.2,7,-1,3.025646497478185,benzene_constraint,0.0,0.4770150044152492,1096.898;899.7066178;997.18;1.042608215;10.42608215
wrapper@rho=2,0.2,8,-1,2.5856295860874283,benzene_constraint,0.0,0.5056295908496334,1096.898;948.1185571;997.18;1.026395915;10.26395636
wrapper@rho=2,0.2,9,-1,2.4827333121155704,benzene_constraint,0.0,0.4308923102127916,1096.898;960.8785621;997.18;0.9215208256;15.53011018
wrapper@rho=2,0.15,0,-1,3.8955114281172953,benzene_constraint,0.0,0.4574575380303616,1096.898;863.0314799;997.18;1.069256396;10.69256396
wrapper@rho=2,0.15,1,-1,1.194416425508912,benzene_constraint,0.0,0.3472838893607509,1096.898;1027.05962;997.18;0.9561135967;14.44584317
wrapper@rho=2,0.15,2,-1,2.125776435616906,benzene_constraint,0.0,0.5515996195899835,1096.898;987.0841787;997.18;1.044109079;10.44109079
wrapper@rho=2,0.15,3,-1,1.8571718890895,benzene_constraint,0.0,0.4764783153048717,1096.898;999.2346691;997.18;0.9688800029;13.89011244
wrapper@rho=2,0.15,4,-1,2.059315310376448,benzene_constraint,0.0,0.5080320616324193,1096.898;970.5978801;997.18;1.025619697;12.28437082
wrapper@rho=2,0.15,5,-1,3.7220892091676276,benzene_constraint,0.0,0.5457178463765741,1063.637304;956.1271789;997.18;0.9238139801;16.49643534
wrapper@rho=2,0.15,6,-1,2.117940471450325,benzene_constraint,0.0,0.550634013157493,1096.898;993.194527;997.18;1.044271825;10.44271825
wrapper@rho=2,0.15,7,-1,2.713110686433957,benzene_constraint,0.0,0.4845788997273882,1096.898;928.8138428;997.18;1.03354433;10.3354433
wrapper@rho=2,0.15,8,-1,2.572205573648617,benzene_constraint,0.0,0.38591611851414553,1096.898;943.737244;997.18;0.913043306;18.24114565
wrapper@rho=2,0.15,9,-1,2.122116515481274,benzene_constraint,0.0,0.44491628454615784,1096.898;970.2238972;997.18;0.9150844087;15.91775012
wrapper@rho=2,0.1,0,-1,2.925094168553592,benzene_constraint,0.0,0.45566059911534296,1096.898;925.2258096;997.18;1.032360537;11.6786394
wrapper@rho=2,0.1,1,-1,0.6179284421904399,benzene_constraint,0.14285714285714285,0.45538197811944714,1096.898;1075.909362;997.18;1.015980421;10.15980421
wrapper@rho=2,0.1,2,-1,2.0905350631335295,benzene_constraint,0.0,0.5364511369578261,1096.898;959.1958599;997.18;1.087662843;12.0681417
wrapper@rho=2,0.1,3,-1,2.357141753347676,benzene_constraint,0.0,0.5228570750126634,1096.898;1009.462197;997.18;1.003514506;11.5215299
wrapper@rho=2,0.1,4,-1,1.8684225786600237,benzene_constraint,0.0,0.401997355343425,1096.898;998.307638;997.18;0.8607534853;21.80429331
wrapper@rho=2,0.1,5,-1,2.3147918472807447,benzene_constraint,0.0,0.38891685758368677,1096.898;955.8701087;997.18;0.8980328272;21.18844257
wrapper@rho=2,0.1,6,-1,2.464812987352161,benzene_constraint,0.0,0.557609743602024,1096.898;963.9754113;997.18;1.131525395;11.31525395
wrapper@rho=2,0.1,7,-1,2.576515066075906,benzene_constraint,0.0,0.5042088012727137,1096.898;948.0108599;997.18;1.027566448;10.27566448
wrapper@rho=2,0.1,8,-1,2.0310974916969826,benzene_constraint,0.0,0.5462747484439668,1096.898;996.8919393;997.18;1.022975128;10.22975128
wrapper@rho=2,0.1,9,-1,2.507401717723482,benzene_constraint,0.0,0.5246819476341583,1096.898;960.3387423;997.18;1.035373056;10.35373056
wrapper@rho=2,0.05,0,-1,2.7972397064731283,benzene_constraint,0.0,0.480487529474598,1096.898;946.8723832;997.18;1.025076756;11.81200673
wrapper@rho=2,0.05,1,-1,1.3577266971663349,benzene_constraint,0.0,0.5552797201404079,1096.898;1065.63101;997.18;1.07128227;10.7128227
wrapper@rho=2,0.05,2,-1,1.7742533488013947,benzene_constraint,0.0,0.5150985710481034,1096.898;962.8187022;997.18;1.107221133;12.73052381
wrapper@rho=2,0.05,3,-1,1.409340246716269,benzene_constraint,0.0,0.32081247771901994,1080.591665;1026.569498;997.18;0.9291980269;17.51869916
wrapper@rho=2,0.05,4,-1,2.8015308121344447,benzene_constraint,0.0,0.3849222107474175,1096.898;1003.54128;997.18;0.6040602744;43.08311215
wrapper@rho=2,0.05,5,-1,3.358925407498738,benzene_constraint,0.0,0.6032361261070809,1061.302258;1001.489718;997.18;1.052624425;14.93534426
wrapper@rho=2,0.05,6,-1,2.118089301944039,benzene_constraint,0.0,0.5386137392276046,1096.898;978.6272161;997.18;1.130537054;11.30537054
wrapper@rho=2,0.05,7,-1,2.486597085137319,benzene_constraint,0.0,0.4585427915489892,1096.898;936.1785576;997.18;1.021793081;13.96670737
wrapper@rho=2,0.05,8,-1,1.9578613032081833,benzene_constraint,0.0,0.5370711776490984,1096.898;994.9761256;997.18;1.048455157;10.48455157
wrapper@rho=2,0.05,9,-1,2.2494852587860805,benzene_constraint,0.0,0.5235026417229284,1096.898;957.9694259;997.18;1.046647461;10.46647461
wrapper@rho=2,0.0,0,-1,2.5927805145613405,benzene_constraint,0.0,0.46668049191362143,1096.898;950.4194535;997.18;1.018963727;14.73795038
wrapper@rho=2,0.0,1,-1,0.38683321795401326,benzene_constraint,0.0,0.231156287658257,1096.898;1085.656738;997.18;0.5;46.74233263
wrapper@rho=2,0.0,2,-1,1.381280192875515,benzene_constraint,0.0,0.5007942915792338,1096.898;1020.56655;997.18;1.112881894;11.12881894
wrapper@rho=2,0.0,3,-1,0.09600044032762156,benzene_constraint,0.42857142857142855,0.3338685962230695,1096.898;1049.899352;997.18;0.9227385922;17.23794924
wrapper@rho=2,0.0,4,-1,-0.3641783112021102,benzene_constraint,0.2857142857142857,0.4280055910593592,1096.898;1061.230723;997.18;1.083601533;12.68434698
wrapper@rho=2,0.0,5,-1,0.2890481147106314,benzene_constraint,0.2857142857142857,0.4073633576287151,1096.898;1056.032689;997.18;1.06965147;12.07036434
wrapper@rho=2,0.0,6,-1,1.1251959720859972,benzene_constraint,0.0,0.27463280097129633,1096.898;1035.801165;997.18;0.7018589941;34.95978107
wrapper@rho=2,0.0,7,-1,2.7733465800320616,benzene_constraint,0.0,0.47060244563852943,1104.381455;926.6230371;1003.983141;1.077443762;11.23552533
wrapper@rho=2,0.0,8,-1,1.1215718454227854,benzene_constraint,0.0,0.267865606687419,1096.898;1040.801819;997.18;0.7028889641;31.60056305
wrapper@rho=2,0.0,9,-1,2.1074337124089055,benzene_constraint,0.0,0.4772152971427321,1096.898;978.8735383;997.18;0.9870049321;13.62550259
cp@rho=3,10.0,0,-1,3.9933804091916585,benzene_constraint,0.0,0.3422918909595845,1096.898;899.0369838;997.18;0.5;45.11743095
cp@rho=3,10.0,1,-1,1.994293563306563,benzene_constraint,0.0,0.5081626653476703,1096.898;1011.40829;997.18;0.9571621237;10.51689418
cp@rho=3,10.0,2,-1,4.5926918380639705,benzene_constraint,0.0,0.464120034301555,1096.898;756.0254822;997.18;0.9826054847;10
cp@rho=3,10.0,3,-1,7.831152986667533,benzene_constraint,0.0,0.7216913658101135,918.8215674;1053.423127;997.18;1.090059725;10.90059725
cp@rho=3,10.0,4,-1,3.6973885408423826,benzene_constraint,0.0,0.3360921121447481,1096.898;896.8020003;997.18;0.72628401;28.60513603
cp@rho=3,10.0,5,-1,3.3171057495143046,benzene_constraint,0.0,0.38559663453604404,1096.898;960.357317;997.18;0.719464749;31.23392437
cp@rho=3,10.0,6,-1,2.2500411089591097,benzene_constraint,0.0,0.6277461515269093,1096.898;981.8511139;997.18;1;10
cp@rho=3,10.0,7,-1,3.1362216589308716,benzene_constraint,0.0,0.5582240648276313,1096.898;904.3978102;997.18;0.9694963063;10
cp@rho=3,10.0,8,-1,4.064123090506747,benzene_constraint,0.0,0.5084600879668777,1096.898;817.5740464;997.18;0.9799179388;10
cp@rho=3,10.0,9,-1,3.221401166345501,benzene_constraint,0.0,0.5518161191488451,1096.898;899.6685931;997.18;0.9636483029;10
cp@rho=3,3.0,0,-1,-0.7221228638562209,benzene_constraint,0.0,0.3221790107640035,1130.761555;1041.059571;1027.96505;0.8628936075;27.85265521
cp@rho=3,3.0,1,-1,2.0497768680746873,benzene_constraint,0.0,0.38623170978716154,1142.990515;887.7865139;1039.082286;1.235115817;12.35115817
cp@rho=3,3.0,2,-1,-3.6951429252149737,benzene_constraint,0.0,0.2222768615338954,1096.898;1299.33117;997.18;0.7876331064;30.36490321
cp@rho=3,3.0,3,-1,-2.7329417429209713,benzene_constraint,0.0,0.2269278680413657,1096.898;1198.257051;997.18;0.7406688801;33.81400445
cp@rho=3,3.0,4,-1,1.0378338963284008,benzene_constraint,0.0,0.6391896930182078,951.2992485;1268.398998;1000.818398;1.281767652;12.81767652
cp@rho=3,3.0,5,-1,1.008604611118649,benzene_constraint,0.0,0.21033683250606816,1063.117408;1112.27373;997.18;0.5;50.92880962
cp@rho=3,3.0,6,-1,-0.07608303338196976,benzene_constraint,0.42857142857142855,0.4326874524785604,979.1395154;1192.923609;997.18;0.9902999845;19.92600671
cp@rho=3,3.0,7,-1,3.106848811390023,benzene_constraint,0.0,0.36700644476493277,1096.898;946.5151616;997.18;0.6825006583;39.33684956
cp@rho=3,3.0,8,-1,0.6634891111941172,benzene_constraint,0.0,0.2815049755089782,1096.898;1038.194084;997.18;0.9880334864;33.89687586
cp@rho=3,3.0,9,-1,-0.6380815368014439,benzene_constraint,0.0,0.2881281299311147,1096.898;1091.765212;997.18;0.7744895281;36.51075164
cp@rho=3,1.0,0,-1,-3.436429887159747,benzene_constraint,0.0,0.2020629657025652,1110.52255;1245.434636;1009.565954;0.7260147477;40.57346603
cp@rho=3,1.0,1,-1,-1.7488807769615207,benzene_constraint,0.0,0.3959716394741986,1149.487294;1088.716576;1044.98845;1.229930225;15.81390365
cp@rho=3,1.0,2,-1,0.17106417146250408,benzene_constraint,0.2857142857142857,0.3537574119987512,1096.898;1057.858522;997.18;1.577532548;15.77532548
cp@rho=3,1.0,3,-1,-3.532053263140021,benzene_constraint,0.0,0.2467826905472782,1096.898;1254.386163;997.18;0.8626756771;29.17652965
cp@rho=3,1.0,4,-1,-4.172343404646696,benzene_constraint,0.0,0.33796888602745684,1111.922433;1251.861315;1010.838575;1.152592672;14.33799586
cp@rho=3,1.0,5,-1,-0.0830167139383775,benzene_constraint,0.2857142857142857,0.3180775292754176,1098.300658;1075.502369;998.4551434;1.147999148;18.45529663
cp@rho=3,1.0,6,-1,-3.008781023419104,benzene_constraint,0.0,0.24876916684567105,1086.874623;1199.017433;997.18;0.9324860828;24.31546108
cp@rho=3,1.0,7,-1,-0.1764325408920655,benzene_constraint,0.2857142857142857,0.3882384850800977,1096.898;1080.040005;997.18;1.061149885;17.00729179
cp@rho=3,1.0,8,-1,-3.20696878091708,benzene_constraint,0.0,0.24428034922374178,1096.898;1217.83886;997.18;0.9299397258;28.4083178
cp@rho=3,1.0,9,-1,-2.53927047751214,benzene_constraint,0.0,0.23053423898990202,1096.898;1176.46699;997.18;0.931313921;29.15804295
cp@rho=3,0.3,0,-1,-3.436429887159747,benzene_constraint,0.0,0.2020629657025652,1110.52255;1245.434636;1009.565954;0.7260147477;40.57346603
cp@rho=3,0.3,1,-1,-2.1642329435285177,benzene_constraint,0.0,0.42266291164693925,1148.018863;1110.582458;1043.653511;1.203821475;16.3877749
cp@rho=3,0.3,2,-1,-5.160100344142798,benzene_constraint,0.0,0.3197509920876062,1106.39239;1400.777985;1005.811264;0.813455733;35.19416254
cp@rho=3,0.3,3,-1,-3.344274282366655,benzene_constraint,0.0,0.26666757974922445,1096.898;1238.243819;997.18;0.8280487255;35.17229748
cp@rho=3,0.3,4,-1,-4.172343404646696,benzene_constraint,0.0,0.33796888602745684,1111.922433;1251.861315;1010.838575;1.152592672;14.33799586
cp@rho=3,0.3,5,-1,-2.947231678017829,benzene_constraint,0.0,0.17918711874153373,1101.063477;1229.184838;1000.966798;0.7870054211;29.27230425
cp@rho=3,0.3,6,-1,-3.4322485437027765,benzene_constraint,0.0,0.21680766315384936,1096.898;1218.470595;997.18;0.9543675721;22.09878334
cp@rho=3,0.3,7,-1,-3.3767754418673377,benzene_constraint,0.0,0.24823317682789642,1092.44613;1226.156652;997.18;0.9236992494;20.45625067
cp@rho=3,0.3,8,-1,-3.20696878091708,benzene_constraint,0.0,0.24428034922374178,1096.898;1217.83886;997.18;0.9299397258;28.4083178
cp@rho=3,0.3,9,-1,-2.53927047751214,benzene_constraint,0.0,0.23053423898990202,1096.898;1176.46699;997.18;0.931313921;29.15804295
cp@rho=3,0.1,0,-1,-4.14135852909579,benzene_constraint,0.0,0.34283156164407563,1117.331574;1244.605811;1015.755976;0.7561838273;37.07373577
cp@rho=3,0.1,1,-1,-1.866520420364843,benzene_constraint,0.0,0.386849565829948,1133.913509;1128.265951;1043.823608;1.214082028;16.01402565
cp@rho=3,0.1,2,-1,-5.271342282658871,benzene_constraint,0.0,0.3111713262657588,1109.729056;1402.129344;1008.844597;0.7865735297;35.85732734
cp@rho=3,0.1,3,-1,-3.344274282366655,benzene_constraint,0.0,0.26666757974922445,1096.898;1238.243819;997.18;0.8280487255;35.17229748
cp@rho=3,0.1,4,-1,-4.172343404646696,benzene_constraint,0.0,0.33796888602745684,1111.922433;1251.861315;1010.838575;1.152592672;14.33799586
cp@rho=3,0.1,5,-1,-2.947231678017829,benzene_constraint,0.0,0.17918711874153373,1101.063477;1229.184838;1000.966798;0.7870054211;29.27230425
cp@rho=3,0.1,6,-1,-3.4322485437027765,benzene_constraint,0.0,0.21680766315384936,1096.898;1218.470595;997.18;0.9543675721;22.09878334
cp@rho=3,0.1,7,-1,-3.3767754418673377,benzene_constraint,0.0,0.24823317682789642,1092.44613;1226.156652;997.18;0.9236992494;20.45625067
cp@rho=3,0.1,8,-1,-3.20696878091708,benzene_constraint,0.0,0.24428034922374178,1096.898;1217.83886;997.18;0.9299397258;28.4083178
cp@rho=3,0.1,9,-1,-2.53927047751214,benzene_constraint,0.0,0.23053423898990202,1096.898;1176.46699;997.18;0.931313921;29.15804295
cp@rho=3,0.03,0,-1,-4.14135852909579,benzene_constraint,0.0,0.34283156164407563,1117.331574;1244.605811;1015.755976;0.7561838273;37.07373577
cp@rho=3,0.03,1,-1,-2.0385706121882805,benzene_constraint,0.0,0.4227714329470435,1129.501623;1110.778873;1026.819657;1.267175309;19.20017965
cp@rho=3,0.03,2,-1,-5.271342282658871,benzene_constraint,0.0,0.3111713262657588,1109.729056;1402.129344;1008.844597;0.7865735297;35.85732734
cp@rho=3,0.03,3,-1,-3.344274282366655,benzene_constraint,0.0,0.26666757974922445,1096.898;1238.243819;997.18;0.8280487255;35.17229748
cp@rho=3,0.03,4,-1,-4.172343404646696,benzene_constraint,0.0,0.33796888602745684,1111.922433;1251.861315;1010.838575;1.152592672;14.33799586
cp@rho=3,0.03,5,-1,-2.947231678017829,benzene_constraint,0.0,0.17918711874153373,1101.063477;1229.184838;1000.966798;0.7870054211;29.27230425
cp@rho=3,0.03,6,-1,-3.4322485437027765,benzene_constraint,0.0,0.21680766315384936,1096.898;1218.470595;997.18;0.9543675721;22.09878334
cp@rho=3,0.03,7,-1,-3.3767754418673377,benzene_constraint,0.0,0.24823317682789642,1092.44613;1226.156652;997.18;0.9236992494;20.45625067
cp@rho=3,0.03,8,-1,-3.20696878091708,benzene_constraint,0.0,0.24428034922374178,1096.898;1217.83886;997.18;0.9299397258;28.4083178
cp@rho=3,0.03,9,-1,-2.53927047751214,benzene_constraint,0.0,0.23053423898990202,1096.898;1176.46699;997.18;0.931313921;29.15804295
cp@rho=3,0.01,0,-1,-4.14135852909579,benzene_constraint,0.0,0.34283156164407563,1117.331574;1244.605811;1015.755976;0.7561838273;37.07373577
cp@rho=3,0.01,1,-1,-2.0385706121882805,benzene_constraint,0.0,0.4227714329470435,1129.501623;1110.778873;1026.819657;1.267175309;19.20017965
cp@rho=3,0.01,2,-1,-5.271342282658871,benzene_constraint,0.0,0.3111713262657588,1109.729056;1402.129344;1008.844597;0.7865735297;35.85732734
cp@rho=3,0.01,3,-1,-3.344274282366655,benzene_constraint,0.0,0.26666757974922445,1096.898;1238.243819;997.18;0.8280487255;35.17229748
cp@rho=3,0.01,4,-1,-4.172343404646696,benzene_constraint,0.0,0.33796888602745684,1111.922433;1251.861315;1010.838575;1.152592672;14.33799586
cp@rho=3,0.01,5,-1,-2.961973513809781,benzene_constraint,0.0,0.18126435134968308,1101.040589;1229.049229;1000.94599;0.7879237273;29.30975534
cp@rho=3,0.01,6,-1,-3.4322485437027765,benzene_constraint,0.0,0.21680766315384936,1096.898;1218.470595;997.18;0.9543675721;22.09878334
cp@rho=3,0.01,7,-1,-3.3767754418673377,benzene_constraint,0.0,0.24823317682789642,1092.44613;1226.156652;997.18;0.9236992494;20.45625067
cp@rho=3,0.01,8,-1,-3.20696878091708,benzene_constraint,0.0,0.24428034922374178,1096.898;1217.83886;997.18;0.9299397258;28.4083178
cp@rho=3,0.01,9,-1,-2.53927047751214,benzene_constraint,0.0,0.23053423898990202,1096.898;1176.46699;997.18;0.931313921;29.15804295
cp@rho=3,0.003,0,-1,-4.14135852909579,benzene_constraint,0.0,0.34283156164407563,1117.331574;1244.605811;1015.755976;0.7561838273;37.07373577
cp@rho=3,0.003,1,-1,-2.0385706121882805,benzene_constraint,0.0,0.4227714329470435,1129.501623;1110.778873;1026.819657;1.267175309;19.20017965
cp@rho=3,0.003,2,-1,-5.271342282658871,benzene_constraint,0.0,0.3111713262657588,1109.729056;1402.129344;1008.844597;0.7865735297;35.85732734
cp@rho=3,0.003,3,-1,-3.344274282366655,benzene_constraint,0.0,0.26666757974922445,1096.898;1238.243819;997.18;0.8280487255;35.17229748
cp@rho=3,0.003,4,-1,-4.172343404646696,benzene_constraint,0.0,0.33796888602745684,1111.922433;1251.861315;1010.838575;1.152592672;14.33799586
cp@rho=3,0.003,5,-1,-2.961973513809781,benzene_constraint,0.0,0.18126435134968308,1101.040589;1229.049229;1000.94599;0.7879237273;29.30975534
cp@rho=3,0.003,6,-1,-3.4322485437027765,benzene_constraint,0.0,0.21680766315384936,1096.898;1218.470595;997.18;0.9543675721;22.09878334
cp@rho=3,0.003,7,-1,-3.3767754418673377,benzene_constraint,0.0,0.24823317682789642,1092.44613;1226.156652;997.18;0.9236992494;20.45625067
cp@rho=3,0.003,8,-1,-3.20696878091708,benzene_constraint,0.0,0.24428034922374178,1096.898;1217.83886;997.18;0.9299397258;28.4083178
cp@rho=3,0.003,9,-1,-2.6476771667163774,benzene_constraint,0.0,0.24097631592165422,1096.898;1177.462442;997.18;0.9299362211;29.17957585
cp@rho=3,0.001,0,-1,-4.14135852909579,benzene_constraint,0.0,0.34283156164407563,1117.331574;1244.605811;1015.755976;0.7561838273;37.07373577
cp@rho=3,0.001,1,-1,-2.0385706121882805,benzene_constraint,0.0,0.4227714329470435,1129.501623;1110.778873;1026.819657;1.267175309;19.20017965
cp@rho=3,0.001,2,-1,-5.271342282658871,benzene_constraint,0.0,0.3111713262657588,1109.729056;1402.129344;1008.844597;0.7865735297;35.85732734
cp@rho=3,0.001,3,-1,-3.344274282366655,benzene_constraint,0.0,0.26666757974922445,1096.898;1238.243819;997.18;0.8280487255;35.17229748
cp@rho=3,0.001,4,-1,-4.172343404646696,benzene_constraint,0.0,0.33796888602745684,1111.922433;1251.861315;1010.838575;1.152592672;14.33799586
cp@rho=3,0.001,5,-1,-2.961973513809781,benzene_constraint,0.0,0.18126435134968308,1101.040589;1229.049229;1000.94599;0.7879237273;29.30975534
cp@rho=3,0.001,6,-1,-3.4322485437027765,benzene_constraint,0.0,0.21680766315384936,1096.898;1218.470595;997.18;0.9543675721;22.09878334
cp@rho=3,0.001,7,-1,-3.3767754418673377,benzene_constraint,0.0,0.24823317682789642,1092.44613;1226.156652;997.18;0.9236992494;20.45625067
cp@rho=3,0.001,8,-1,-3.20696878091708,benzene_constraint,0.0,0.24428034922374178,1096.898;1217.83886;997.18;0.9299397258;28.4083178
cp@rho=3,0.001,9,-1,-2.6476771667163774,benzene_constraint,0.0,0.24097631592165422,1096.898;1177.462442;997.18;0.9299362211;29.17957585
cp@rho=3,0.0003,0,-1,-4.14135852909579,benzene_constraint,0.0,0.34283156164407563,1117.331574;1244.605811;1015.755976;0.7561838273;37.07373577
cp@rho=3,0.0003,1,-1,-2.0385706121882805,benzene_constraint,0.0,0.4227714329470435,1129.501623;1110.778873;1026.819657;1.267175309;19.20017965
cp@rho=3,0.0003,2,-1,-5.271342282658871,benzene_constraint,0.0,0.3111713262657588,1109.729056;1402.129344;1008.844597;0.7865735297;35.85732734
cp@rho=3,0.0003,3,-1,-3.344274282366655,benzene_constraint,0.0,0.26666757974922445,1096.898;1238.243819;997.18;0.8280487255;35.17229748
cp@rho=3,0.0003,4,-1,-4.172343404646696,benzene_constraint,0.0,0.33796888602745684,1111.922433;1251.861315;1010.838575;1.152592672;14.33799586
cp@rho=3,0.0003,5,-1,-2.961973513809781,benzene_constraint,0.0,0.18126435134968308,1101.040589;1229.049229;1000.94599;0.7879237273;29.30975534
cp@rho=3,0.0003,6,-1,-3.4322485437027765,benzene_constraint,0.0,0.21680766315384936,1096.898;1218.470595;997.18;0.9543675721;22.09878334
cp@rho=3,0.0003,7,-1,-3.3767754418673377,benzene_constraint,0.0,0.24823317682789642,1092.44613;1226.156652;997.18;0.9236992494;20.45625067
cp@rho=3,0.0003,8,-1,-3.20696878091708,benzene_constraint,0.0,0.24428034922374178,1096.898;1217.83886;997.18;0.9299397258;28.4083178
cp@rho=3,0.0003,9,-1,-2.6476771667163774,benzene_constraint,0.0,0.24097631592165422,1096.898;1177.462442;997.18;0.9299362211;29.17957585
cp@rho=3,0.0001,0,-1,-4.14135852909579,benzene_constraint,0.0,0.34283156164407563,1117.331574;1244.605811;1015.755976;0.7561838273;37.07373577
cp@rho=3,0.0001,1,-1,-2.0385706121882805,benzene_constraint,0.0,0.4227714329470435,1129.501623;1110.778873;1026.819657;1.267175309;19.20017965
cp@rho=3,0.0001,2,-1,-5.271342282658871,benzene_constraint,0.0,0.3111713262657588,1109.729056;1402.129344;1008.844597;0.7865735297;35.85732734
cp@rho=3,0.0001,3,-1,-3.344274282366655,benzene_constraint,0.0,0.26666757974922445,1096.898;1238.243819;997.18;0.8280487255;35.17229748
cp@rho=3,0.0001,4,-1,-4.172343404646696,benzene_constraint,0.0,0.33796888602745684,1111.922433;1251.861315;1010.838575;1.152592672;14.33799586
cp@rho=3,0.0001,5,-1,-2.961973513809781,benzene_constraint,0.0,0.18126435134968308,1101.040589;1229.049229;1000.94599;0.7879237273;29.30975534
cp@rho=3,0.0001,6,-1,-3.4322485437027765,benzene_constraint,0.0,0.21680766315384936,1096.898;1218.470595;997.18;0.9543675721;22.09878334
cp@rho=3,0.0001,7,-1,-3.3767754418673377,benzene_constraint,0.0,0.24823317682789642,1092.44613;1226.156652;997.18;0.9236992494;20.45625067
cp@rho=3,0.0001,8,-1,-3.20696878091708,benzene_constraint,0.0,0.24428034922374178,1096.898;1217.83886;997.18;0.9299397258;28.4083178
cp@rho=3,0.0001,9,-1,-2.6476771667163774,benzene_constraint,0.0,0.24097631592165422,1096.898;1177.462442;997.18;0.9299362211;29.17957585
wrapper@rho=3,0.95,0,-1,19.214959146567725,benzene_constraint,0.0,0.3429410958532554,745.6540048;450;997.18;1.083684041;10.83684041
wrapper@rho=3,0.95,1,-1,9.95927764981002,benzene_constraint,0.0,0.36755680446205374,1096.898;450;997.18;0.6519199574;30.42959505
wrapper@rho=3,0.95,2,-1,14.701022498845383,benzene_constraint,0.0,0.47419258076249643,952.3800874;450;997.18;0.5;30.02861016
wrapper@rho=3,0.95,3,-1,12.987524480496454,benzene_constraint,0.0,0.4726324236571602,1020.623363;450;997.18;0.5;28.70286044
wrapper@rho=3,0.95,4,-1,10.084148433694452,benzene_constraint,0.0,0.4200415373894372,1096.898;531.2876438;997.18;0.5;39.20285056
wrapper@rho=3,0.95,5,-1,13.184368734434479,benzene_constraint,0.0,0.3596615978955889,912.3378455;450;997.18;0.9616385292;10
wrapper@rho=3,0.95,6,-1,26.85212338986324,benzene_constraint,0.0,0.4370176425166441,450;450;997.18;0.6269074137;10
wrapper@rho=3,0.95,7,-1,26.886134211548455,benzene_constraint,0.0,0.4866500876519254,450;450;997.18;0.61084752;10
wrapper@rho=3,0.95,8,-1,16.879684334312422,benzene_constraint,0.0,0.6760881231025231,796.0769922;450;997.18;0.9390010031;10
wrapper@rho=3,0.95,9,-1,16.58428532869931,benzene_constraint,0.0,0.5463939432883091,623.6793836;831.5725115;997.18;0.8802326415;10.45737135
wrapper@rho=3,0.9,0,-1,5.82553771137578,benzene_constraint,0.0,0.4365227232272002,1096.898;651.0062712;997.18;0.8574129496;10
wrapper@rho=3,0.9,1,-1,7.847603876040189,benzene_constraint,0.0,0.6103527878272439,944.0407915;888.4834326;997.18;1.011409014;10.11409014
wrapper@rho=3,0.9,2,-1,9.558173607353964,benzene_constraint,0.0,0.411427852899869,1096.898;516.9086983;997.18;0.6243490087;30.5656166
wrapper@rho=3,0.9,3,-1,10.580702131569076,benzene_constraint,0.0,0.3442476393265036,1096.898;452.2077072;997.18;0.5;45.13092622
wrapper@rho=3,0.9,4,-1,8.57417088824662,benzene_constraint,0.0,0.4729096157303663,1096.898;570.7669626;997.18;0.5420779406;41.59653958
wrapper@rho=3,0.9,5,-1,8.121300457678913,benzene_constraint,0.0,0.5836599215387761,1096.898;573.8511396;997.18;0.9807729094;10
wrapper@rho=3,0.9,6,-1,9.40514742505092,benzene_constraint,0.0,0.596913242437677,1079.68461;450;997.18;0.8667063545;10
wrapper@rho=3,0.9,7,-1,25.753465851729832,benzene_constraint,0.0,0.4067517777365875,450;450;997.18;0.7207278918;10
wrapper@rho=3,0.9,8,-1,7.744065397942691,benzene_constraint,0.0,0.5792549087336577,1029.21997;615.3751866;997.18;0.9197290235;10
wrapper@rho=3,0.9,9,-1,8.011876084170815,benzene_constraint,0.0,0.6135318731696559,1096.898;591.8714522;997.18;0.9404700808;10
wrapper@rho=3,0.8,0,-1,5.266320564887124,benzene_constraint,0.0,0.3044501288399905,1096.898;738.7224092;997.18;0.8893242775;10.59761932
wrapper@rho=3,0.8,1,-1,5.116433024462772,benzene_constraint,0.0,0.5846688491592973,1059.030007;840.7741098;997.18;0.9877289773;10
wrapper@rho=3,0.8,2,-1,5.62613997922309,benzene_constraint,0.0,0.22327810638374654,1096.898;704.8671601;997.18;0.6190575125;34.7559137
wrapper@rho=3,0.8,3,-1,4.4031136817649,benzene_constraint,0.0,0.3585643851532537,1096.898;868.52277;997.18;0.5145543347;36.52646299
wrapper@rho=3,0.8,4,-1,5.47331212525048,benzene_constraint,0.0,0.32590829729112863,1080.760577;722.1631065;997.18;0.8541838685;20.10028732
wrapper@rho=3,0.8,5,-1,4.608473264206474,benzene_constraint,0.0,0.5176993165489442,1096.898;751.4647531;997.18;0.9275469071;10
wrapper@rho=3,0.8,6,-1,5.568418106115658,benzene_constraint,0.0,0.43529234757036095,1096.898;646.0324268;997.18;0.9291945262;10
wrapper@rho=3,0.8,7,-1,5.495238805587057,benzene_constraint,0.0,0.42394540373714285,1096.898;691.3459303;997.18;0.9626452309;10
wrapper@rho=3,0.8,8,-1,5.300491433382163,benzene_constraint,0.0,0.28352092970604886,1096.898;645.7342754;997.18;1.01385521;10.1385521
wrapper@rho=3,0.8,9,-1,6.536748408407121,benzene_constraint,0.0,0.36580781303118204,1023.630104;763.8049116;997.18;0.9256804132;11.59600319
wrapper@rho=3,0.7,0,-1,5.054083566763495,benzene_constraint,0.0,0.33063935821510676,1096.898;762.9623037;997.18;0.9582727569;10.59092889
wrapper@rho=3,0.7,1,-1,4.581384073385365,benzene_constraint,0.0,0.6443252486326503,1068.308934;888.5705185;997.18;0.9731989603;10
wrapper@rho=3,0.7,2,-1,4.819426211204004,benzene_constraint,0.0,0.2632009089414178,1096.898;794.1949871;997.18;0.6159306149;36.26176254
wrapper@rho=3,0.7,3,-1,4.162923110627425,benzene_constraint,0.0,0.566549251848003,1048.978757;929.4472757;997.18;1.028255845;10.28255845
wrapper@rho=3,0.7,4,-1,4.7066168250565426,benzene_constraint,0.0,0.28023973135751773,1092.534028;748.5198794;997.18;1.02564744;11.37637178
wrapper@rho=3,0.7,5,-1,4.418922591345513,benzene_constraint,0.0,0.35123154322524003,1096.898;764.3450101;997.18;1.030686616;10.30686616
wrapper@rho=3,0.7,6,-1,4.9543778955899285,benzene_constraint,0.0,0.47194875017560556,1023.801361;888.6778794;997.18;0.955703092;10.54537415
wrapper@rho=3,0.7,7,-1,5.713311147891723,benzene_constraint,0.0,0.4475238150682195,1049.720483;778.0032217;997.18;1.037727886;10.37727886
wrapper@rho=3,0.7,8,-1,4.516619468856575,benzene_constraint,0.0,0.4716837386025388,1096.898;767.8457792;997.18;0.9835483027;10
wrapper@rho=3,0.7,9,-1,5.774631492371782,benzene_constraint,0.0,0.3818710277414786,1022.805901;795.3673114;997.18;0.9742214985;13.57559626
wrapper@rho=3,0.6,0,-1,3.8618394856259357,benzene_constraint,0.0,0.3005198684576555,1096.898;793.259517;997.18;0.945529999;16.28704081
wrapper@rho=3,0.6,1,-1,4.885982505966865,benzene_constraint,0.0,0.5185964858819494,995.3433448;990.5028155;997.18;0.9507713033;12.31624459
wrapper@rho=3,0.6,2,-1,4.185439543638957,benzene_constraint,0.0,0.297660352298965,1096.898;857.251717;997.18;0.6181892947;35.09461711
wrapper@rho=3,0.6,3,-1,4.41455451038059,benzene_constraint,0.0,0.4907644448548377,1073.900075;947.0488121;997.18;0.7361672691;26.45671626
wrapper@rho=3,0.6,4,-1,3.95613183656873,benzene_constraint,0.0,0.3279551447691483,1096.898;871.4339896;997.18;0.680861003;29.05478089
wrapper@rho=3,0.6,5,-1,3.1824796584484076,benzene_constraint,0.0,0.4774801894726852,1096.898;842.8284393;997.18;1.003755315;10.03755315
wrapper@rho=3,0.6,6,-1,3.874691833961016,benzene_constraint,0.0,0.3697749105925127,1096.898;855.5734539;997.18;0.9452573992;11.05388908
wrapper@rho=3,0.6,7,-1,4.094345531258398,benzene_constraint,0.0,0.38627066353400785,1096.898;810.8639955;997.18;1.026963191;10.26963191
wrapper@rho=3,0.6,8,-1,4.981580008447125,benzene_constraint,0.0,0.5036250567083533,1044.518938;848.5262936;997.18;1.03651159;10.3651159
wrapper@rho=3,0.6,9,-1,3.850655391742123,benzene_constraint,0.0,0.38490883179358376,1096.898;799.5699933;997.18;1.048384123;10.48384123
wrapper@rho=3,0.5,0,-1,3.367948227797733,benzene_constraint,0.0,0.36398345313310715,1096.898;878.2197361;997.18;0.9625832985;14.34273165
wrapper@rho=3,0.5,1,-1,2.7701570740595045,benzene_constraint,0.0,0.47743183527296823,1096.898;938.4947457;997.18;0.9801840166;10.45677703
wrapper@rho=3,0.5,2,-1,3.9320010598498243,benzene_constraint,0.0,0.3324212166875302,1096.898;861.9708593;997.18;0.5485033899;43.04445677
wrapper@rho=3,0.5,3,-1,2.9156358468161514,benzene_constraint,0.0,0.325358385656451,1096.898;901.371279;997.18;0.8672933532;22.13705519
wrapper@rho=3,0.5,4,-1,2.6787866756951644,benzene_constraint,0.0,0.4453565045110564,1096.898;893.2409659;997.18;0.9771711526;13.26005441
wrapper@rho=3,0.5,5,-1,3.8473649973024493,benzene_constraint,0.0,0.40323847404457297,1096.898;842.6270732;997.18;1.100539735;11.00539735
wrapper@rho=3,0.5,6,-1,3.7803016678535997,benzene_constraint,0.0,0.4001718180835125,1096.898;860.8260532;997.18;1.006135748;11.00776943
wrapper@rho=3,0.5,7,-1,3.3245862964972375,benzene_constraint,0.0,0.44810941700004847,1096.898;847.1997266;997.18;1.021491759;10.21491759
wrapper@rho=3,0.5,8,-1,3.321845456172454,benzene_constraint,0.0,0.5473468973986688,1096.898;871.9351412;997.18;0.9931547226;10
wrapper@rho=3,0.5,9,-1,3.561730593594916,benzene_constraint,0.0,0.416281370914382,1096.898;844.1718397;997.18;1.0443964;10.443964
wrapper@rho=3,0.4,0,-1,3.4193411699599423,benzene_constraint,0.0,0.39838793920838056,1096.898;851.6710348;997.18;1.113046407;11.13046407
wrapper@rho=3,0.4,1,-1,2.7545749221003604,benzene_constraint,0.0,0.39770707647236186,1092.446284;929.5473403;997.18;0.9818060596;15.40269481
wrapper@rho=3,0.4,2,-1,4.1784614727018905,benzene_constraint,0.0,0.4960762115554273,1079.252484;924.4333412;997.18;0.5662924763;41.19416414
wrapper@rho=3,0.4,3,-1,3.506747312045384,benzene_constraint,0.0,0.3591190739094297,1092.426747;919.5003211;997.18;0.656581175;35.46561326
wrapper@rho=3,0.4,4,-1,3.3988001041937324,benzene_constraint,0.0,0.3804543868181218,1096.898;948.2150972;997.18;0.6790727177;29.47350441
wrapper@rho=3,0.4,5,-1,3.058437046019648,benzene_constraint,0.0,0.43730734345003475,1096.898;885.5577323;997.18;1.139091593;11.39091593
wrapper@rho=3,0.4,6,-1,2.947508961770886,benzene_constraint,0.0,0.4576813190034604,1096.898;871.0028835;997.18;1.054584163;10.54584163
wrapper@rho=3,0.4,7,-1,3.008572406987007,benzene_constraint,0.0,0.4702448559724378,1096.898;904.314161;997.18;1.024244302;10.24244302
wrapper@rho=3,0.4,8,-1,3.313801270353089,benzene_constraint,0.0,0.43501147748002206,1096.898;866.8472785;997.18;1.036144462;10.36144462
wrapper@rho=3,0.4,9,-1,2.9844456215897637,benzene_constraint,0.0,0.42518168321246913,1096.898;882.0806223;997.18;1.005149967;12.45311053
wrapper@rho=3,0.3,0,-1,3.208633628461044,benzene_constraint,0.0,0.4212668867105927,1096.898;869.8683412;997.18;1.114905028;11.14905028
wrapper@rho=3,0.3,1,-1,1.9232036737252614,benzene_constraint,0.0,0.46173873460536474,1096.898;1000.033838;997.18;0.9331794518;13.66121418
wrapper@rho=3,0.3,2,-1,3.3850132242867446,benzene_constraint,0.0,0.4344764024007572,1096.898;999.5029835;997.18;0.5059536888;42.48730377
wrapper@rho=3,0.3,3,-1,3.214188411603743,benzene_constraint,0.0,0.37585090550621947,1096.898;950.830879;997.18;0.7457315316;28.57689955
wrapper@rho=3,0.3,4,-1,2.469834249602279,benzene_constraint,0.0,0.4952028428142907,1096.898;984.3971811;997.18;0.9777727935;11.65438298
wrapper@rho=3,0.3,5,-1,1.1705436936847278,benzene_constraint,0.0,0.2958409405809014,1096.898;1033.103595;997.18;0.5644474602;38.44184031
wrapper@rho=3,0.3,6,-1,4.950021227380503,benzene_constraint,0.0,0.5618055448870807,1041.543568;927.3071863;997.18;1.088815361;10.88815361
wrapper@rho=3,0.3,7,-1,2.443322393174718,benzene_constraint,0.0,0.49271838868338635,1096.898;930.039101;997.18;1.048298355;10.48298355
wrapper@rho=3,0.3,8,-1,3.827246008604561,benzene_constraint,0.0,0.6122884559741081,1054.672359;956.4404363;997.18;1.017851996;10.17851996
wrapper@rho=3,0.3,9,-1,3.0945310851345127,benzene_constraint,0.0,0.44486585779047355,1096.898;888.1778402;997.18;1.10750213;11.0750213
wrapper@rho=3,0.2,0,-1,2.8768061334742683,benzene_constraint,0.0,0.48155822679851373,1096.898;919.5485492;997.18;1.11867524;11.1867524
wrapper@rho=3,0.2,1,-1,1.5510656002677834,benzene_constraint,0.0,0.24866476475789928,1080.359727;1022.477818;997.18;0.8226583432;21.73529465
wrapper@rho=3,0.2,2,-1,4.517671661654774,benzene_constraint,0.0,0.47525240499665933,1041.289918;1001.903885;997.18;0.6157935374;44.05192866
wrapper@rho=3,0.2,3,-1,2.636745206139331,benzene_constraint,0.0,0.6653406306153464,1087.23962;986.0779696;997.18;1.028111985;10.52085151
wrapper@rho=3,0.2,4,-1,1.1457227664667613,benzene_constraint,0.0,0.3436032149546707,1036.753211;1071.802424;997.18;0.9560335735;16.11377555
wrapper@rho=3,0.2,5,-1,0.013154589514826398,benzene_constraint,0.42857142857142855,0.3505106120521924,1096.898;1062.829975;997.18;0.9739760667;16.3397875
wrapper@rho=3,0.2,6,-1,3.2452902736247324,benzene_constraint,0.0,0.5544701122493444,1096.898;943.4415126;997.18;1.07689447;10.7689447
wrapper@rho=3,0.2,7,-1,2.9723183926064465,benzene_constraint,0.0,0.6507665148456515,1083.674684;993.8803955;997.18;1.037002228;10.37002228
wrapper@rho=3,0.2,8,-1,2.3991015467851398,benzene_constraint,0.0,0.4173697118851912,1096.898;941.5893333;997.18;0.9426499637;16.04105304
wrapper@rho=3,0.2,9,-1,3.6398978499094454,benzene_constraint,0.0,0.6165385645158276,1047.565856;1001.794783;997.18;1.109676585;11.09676585
wrapper@rho=3,0.15,0,-1,0.29719159832352915,benzene_constraint,0.2857142857142857,0.3424606216732619,1096.898;1043.857108;997.18;0.9998739562;15.8127011
wrapper@rho=3,0.15,1,-1,1.6774172349596412,benzene_constraint,0.0,0.2774856870526905,1096.898;1022.538423;997.18;0.767340285;25.03382548
wrapper@rho=3,0.15,2,-1,0.1395544589470532,benzene_constraint,0.42857142857142855,0.34586846776132246,1096.898;1061.470348;997.18;1.002239576;15.8107719
wrapper@rho=3,0.15,3,-1,2.490188607613959,benzene_constraint,0.0,0.5159576618182706,1096.898;978.0753645;997.18;1.025412257;11.14318553
wrapper@rho=3,0.15,4,-1,2.220127826883349,benzene_constraint,0.0,0.44151877710112225,1096.898;993.6925252;997.18;0.9622896811;18.28832279
wrapper@rho=3,0.15,5,-1,-0.18624609643819667,benzene_constraint,0.2857142857142857,0.4246367927533945,1096.898;1044.300417;997.18;1.080104138;12.98848852
wrapper@rho=3,0.15,6,-1,2.6153826487197094,benzene_constraint,0.0,0.5002188398584546,1096.898;939.9357174;997.18;1.116035937;11.16035937
wrapper@rho=3,0.15,7,-1,3.4336757787471157,benzene_constraint,0.0,0.6680690288245565,1086.452767;990.1301138;997.18;1.061871623;10.61871623
wrapper@rho=3,0.15,8,-1,2.5679090895939893,benzene_constraint,0.0,0.3800647248854817,1096.898;949.2940586;997.18;0.9101815117;18.48312114
wrapper@rho=3,0.15,9,-1,2.267100633029088,benzene_constraint,0.0,0.5365992621600326,1096.898;991.6370977;997.18;1.064771024;11.53210708
wrapper@rho=3,0.1,0,-1,1.3985602282178888,benzene_constraint,0.0,0.5805147592333066,1095.171125;1073.290351;997.18;1.083402268;10.83402268
wrapper@rho=3,0.1,1,-1,1.0511320999794052,benzene_constraint,0.0,0.326480455352576,1096.898;1025.57011;997.18;0.9052616568;17.87639179
wrapper@rho=3,0.1,2,-1,0.8455340078236446,benzene_constraint,0.0,0.2979974664084209,1096.898;1040.749073;997.18;0.5353522996;46.0819344
wrapper@rho=3,0.1,3,-1,1.7258591519138378,benzene_constraint,0.0,0.448854041716124,1096.898;1013.380176;997.18;0.9371551552;17.41834123
wrapper@rho=3,0.1,4,-1,1.3656156903815244,benzene_constraint,0.0,0.4487709388942269,980.5772733;1158.926099;997.18;1.004904517;14.03998016
wrapper@rho=3,0.1,5,-1,0.0905027811520398,benzene_constraint,0.42857142857142855,0.39758302510938454,1096.898;1082.414419;997.18;1.045031343;14.37233798
wrapper@rho=3,0.1,6,-1,2.0217195149523874,benzene_constraint,0.0,0.563512301391734,1096.898;1021.669069;997.18;1.071668759;10.71668759
wrapper@rho=3,0.1,7,-1,3.5910739933677647,benzene_constraint,0.0,0.628946961249855,1057.594682;996.2609693;997.18;1.125809286;11.25809286
wrapper@rho=3,0.1,8,-1,2.1816315430405098,benzene_constraint,0.0,0.43055273365079877,1096.898;976.6460324;997.18;0.9291688966;16.58589168
wrapper@rho=3,0.1,9,-1,2.803067307749984,benzene_constraint,0.0,0.6032552246887669,1096.898;993.2485571;997.18;1.089050954;10.89050954
wrapper@rho=3,0.05,0,-1,-0.295921793160808,benzene_constraint,0.2857142857142857,0.43522849755808246,1096.898;1075.418502;997.18;1.075116105;13.79638904
wrapper@rho=3,0.05,1,-1,1.1962610093921242,benzene_constraint,0.0,0.3016445632954207,1096.898;1027.44003;997.18;0.9106930188;18.29029172
wrapper@rho=3,0.05,2,-1,0.7888439472250184,benzene_constraint,0.0,0.2939193619498972,1096.898;1045.821424;997.18;0.5407576343;46.25573242
wrapper@rho=3,0.05,3,-1,1.2156166235891064,benzene_constraint,0.0,0.5465563670804703,1096.898;1006.342839;997.18;1.082203299;13.16966335
wrapper@rho=3,0.05,4,-1,1.6948477465499536,benzene_constraint,0.0,0.45268239842044977,1096.898;1007.276034;997.18;1.009279146;18.95622111
wrapper@rho=3,0.05,5,-1,-0.20890107705560013,benzene_constraint,0.2857142857142857,0.33271987516240337,1060.357087;1141.721822;997.18;0.9979204185;18.20702322
wrapper@rho=3,0.05,6,-1,3.961723185362466,benzene_constraint,0.0,0.5451397439330606,934.363204;1212.67193;997.18;1.091619947;10.91619947
wrapper@rho=3,0.05,7,-1,2.238055792829364,benzene_constraint,0.0,0.5471140518708084,1091.990913;982.6538748;997.18;1.11144911;11.1144911
wrapper@rho=3,0.05,8,-1,3.0017474121615138,benzene_constraint,0.0,0.5874500066305334,1096.898;969.1330332;997.18;1.090469788;10.90469788
wrapper@rho=3,0.05,9,-1,-0.038068525842717804,benzene_constraint,0.5714285714285714,0.2906445376310971,1096.898;1058.455207;997.18;0.9215930967;19.18549345
wrapper@rho=3,0.0,0,-1,-3.3833258634897945,benzene_constraint,0.0,0.2565363716960633,1096.898;1222.503258;997.18;0.8870670016;19.6288383
wrapper@rho=3,0.0,1,-1,0.4593385203748568,benzene_constraint,0.2857142857142857,0.541029789221454,1096.898;1112.392004;997.18;1.070756542;10.70756542
wrapper@rho=3,0.0,2,-1,-1.6921621985429738,benzene_constraint,0.0,0.21611085773760713,1096.898;1200.636171;997.18;0.511701311;47.68589253
wrapper@rho=3,0.0,3,-1,1.6916328185328027,benzene_constraint,0.0,0.4661366420721699,1076.547356;1023.921766;997.18;1.187316392;11.87316392
wrapper@rho=3,0.0,4,-1,1.054479678191555,benzene_constraint,0.0,0.38017515656833933,1051.876256;1080.027937;997.18;1.073908271;15.44972848
wrapper@rho=3,0.0,5,-1,-0.6521094417723745,benzene_constraint,0.0,0.27814151086394834,1088.240095;1091.704396;997.18;0.9576020383;23.76484942
wrapper@rho=3,0.0,6,-1,3.790844648907388,benzene_constraint,0.0,0.5581117410680255,928.9127146;1238.550286;997.18;1.090776953;10.90776953
wrapper@rho=3,0.0,7,-1,1.4533621730209987,benzene_constraint,0.0,0.5796096011189305,1096.898;1064.264545;997.18;1.088091313;10.88091313
wrapper@rho=3,0.0,8,-1,0.9223163875649405,benzene_constraint,0.0,0.3627675180013424,991.2591417;1157.394619;997.18;1.017672644;13.83563237
wrapper@rho=3,0.0,9,-1,-0.10348305840376071,benzene_constraint,0.2857142857142857,0.2695891371779312,1096.898;1060.937634;997.18;0.9156602186;24.68385784
cp@rho=4,10.0,0,-1,3.9933804091916585,benzene_constraint,0.0,0.3422918909595845,1096.898;899.0369838;997.18;0.5;45.11743095
cp@rho=4,10.0,1,-1,1.994293563306563,benzene_constraint,0.0,0.5081626653476703,1096.898;1011.40829;997.18;0.9571621237;10.51689418
cp@rho=4,10.0,2,-1,4.5926918380639705,benzene_constraint,0.0,0.464120034301555,1096.898;756.0254822;997.18;0.9826054847;10
cp@rho=4,10.0,3,-1,4.8578076279788505,benzene_constraint,0.0,0.463959021917193,1096.898;808.2248582;997.18;1.074527171;10.74527171
cp@rho=4,10.0,4,-1,3.6973885408423826,benzene_constraint,0.0,0.3360921121447481,1096.898;896.8020003;997.18;0.72628401;28.60513603
cp@rho=4,10.0,5,-1,3.4189439919105453,benzene_constraint,0.0,0.5116200194975079,1067.100459;994.0480608;997.18;0.8482925422;22.96625374
cp@rho=4,10.0,6,-1,2.2500411089591097,benzene_constraint,0.0,0.6277461515269093,1096.898;981.8511139;997.18;1;10
cp@rho=4,10.0,7,-1,3.1362216589308716,benzene_constraint,0.0,0.5582240648276313,1096.898;904.3978102;997.18;0.9694963063;10
cp@rho=4,10.0,8,-1,4.766185569291913,benzene_constraint,0.0,0.5454067575515734,1019.044205;958.6748012;997.18;1.03040749;10.3040749
cp@rho=4,10.0,9,-1,3.221401166345501,benzene_constraint,0.0,0.5518161191488451,1096.898;899.6685931;997.18;0.9636483029;10
cp@rho=4,3.0,0,-1,-4.1521625525315,benzene_constraint,0.0,0.29077809870224935,1118.46902;1228.637509;1016.790018;0.9399642344;20.347046
cp@rho=4,3.0,1,-1,0.22593869184095894,benzene_constraint,0.2857142857142857,0.2752900977252215,1127.462738;1015.92006;1024.966125;1.149937766;25.07723424
cp@rho=4,3.0,2,-1,1.4294277715377248,benzene_constraint,0.0,0.38418830961724165,1130.136026;1007.039784;1027.396387;1.04066497;28.58503868
cp@rho=4,3.0,3,-1,-1.4122326625203598,benzene_constraint,0.0,0.39839121109592845,1096.898;1149.791478;997.18;1.38058757;16.14016497
cp@rho=4,3.0,4,-1,-5.060348882800646,benzene_constraint,0.0,0.537754763043118,1096.898;1333.828081;997.18;1.206708879;12.44768638
cp@rho=4,3.0,5,-1,1.671698045188272,benzene_constraint,0.0,0.48768431235804743,1096.898;1003.675875;997.18;1.025342173;17.87135453
cp@rho=4,3.0,6,-1,-2.770068975592139,benzene_constraint,0.0,0.24241581159973707,1096.898;1180.464762;997.18;0.8382563317;27.11126594
cp@rho=4,3.0,7,-1,-4.28633946766405,benzene_constraint,0.0,0.3318214082681603,1096.898;1315.909244;997.18;0.9963214602;15.94093575
cp@rho=4,3.0,8,-1,-3.9926936528398613,benzene_constraint,0.0,0.2622842511094374,1113.369185;1217.497002;1012.153805;0.9052042532;20.68903201
cp@rho=4,3.0,9,-1,-1.8938558910250052,benzene_constraint,0.0,0.41376427117146064,1040.375949;1190.359994;997.18;1.227955338;12.27955338
cp@rho=4,1.0,0,-1,-4.235292812326797,benzene_constraint,0.0,0.3457280351185864,1120.040408;1212.888536;1018.218553;1.062007874;23.29905185
cp@rho=4,1.0,1,-1,-4.140665880813174,benzene_constraint,0.0,0.38294795101190254,1096.898;1269.642636;997.18;1.33144918;16.59293882
cp@rho=4,1.0,2,-1,-4.974843834033855,benzene_constraint,0.0,0.40135937217045287,1106.285873;1331.871348;1005.71443;1.342315654;13.42315654
cp@rho=4,1.0,3,-1,-4.489044015779719,benzene_constraint,0.0,0.3480261959721077,1106.511056;1275.28282;1005.919141;1.209270742;17.17830115
cp@rho=4,1.0,4,-1,-5.0769642535078034,benzene_constraint,0.0,0.386329497224372,1096.898;1370.496717;997.18;1.062259923;20.80434485
cp@rho=4,1.0,5,-1,-3.601369236277492,benzene_constraint,0.0,0.32660398323800205,1096.898;1221.647867;997.18;1.091222961;19.48779884
cp@rho=4,1.0,6,-1,-4.406477511174238,benzene_constraint,0.0,0.352372579720822,1096.898;1286.328917;997.18;1.018009847;20.81407704
cp@rho=4,1.0,7,-1,-4.28633946766405,benzene_constraint,0.0,0.3318214082681603,1096.898;1315.909244;997.18;0.9963214602;15.94093575
cp@rho=4,1.0,8,-1,-4.368055531511807,benzene_constraint,0.0,0.37010990713897035,1096.898;1292.852574;997.18;1.101814566;19.07216073
cp@rho=4,1.0,9,-1,-4.564069751795223,benzene_constraint,0.0,0.45298401757789547,1099.334225;1273.267962;999.3947496;1.305288697;13.05288697
cp@rho=4,0.3,0,-1,-4.599552132863813,benzene_constraint,0.0,0.33930970886059025,1096.898;1338.179195;997.18;1.088921968;21.34701844
cp@rho=4,0.3,1,-1,-2.627307211427123,benzene_constraint,0.0,0.3477603562443469,1052.943933;1249.453106;997.18;1.411769954;18.69565193
cp@rho=4,0.3,2,-1,-4.974843834033855,benzene_constraint,0.0,0.40135937217045287,1106.285873;1331.871348;1005.71443;1.342315654;13.42315654
cp@rho=4,0.3,3,-1,-4.489044015779719,benzene_constraint,0.0,0.3480261959721077,1106.511056;1275.28282;1005.919141;1.209270742;17.17830115
cp@rho=4,0.3,4,-1,-5.0769642535078034,benzene_constraint,0.0,0.386329497224372,1096.898;1370.496717;997.18;1.062259923;20.80434485
cp@rho=4,0.3,5,-1,-3.764572096997611,benzene_constraint,0.0,0.35809383565463043,1096.898;1203.249065;997.18;1.114665091;21.13326572
cp@rho=4,0.3,6,-1,-4.5482146096589915,benzene_constraint,0.0,0.31463905990274915,1103.513858;1293.889551;1003.194416;1.025996824;19.66391887
cp@rho=4,0.3,7,-1,-4.121220493751409,benzene_constraint,0.0,0.3289407161870344,1096.898;1303.668591;997.18;1.0426041;15.29969441
cp@rho=4,0.3,8,-1,-4.368055531511807,benzene_constraint,0.0,0.37010990713897035,1096.898;1292.852574;997.18;1.101814566;19.07216073
cp@rho=4,0.3,9,-1,-4.564069751795223,benzene_constraint,0.0,0.45298401757789547,1099.334225;1273.267962;999.3947496;1.305288697;13.05288697
cp@rho=4,0.1,0,-1,-4.740767018853738,benzene_constraint,0.0,0.35244498580707495,1103.031498;1319.471269;1002.755907;1.112419297;20.39390859
cp@rho=4,0.1,1,-1,-3.108237108695789,benzene_constraint,0.0,0.41562157587921444,1047.46006;1279.151459;997.18;1.413166165;19.35003065
cp@rho=4,0.1,2,-1,-4.974843834033855,benzene_constraint,0.0,0.40135937217045287,1106.285873;1331.871348;1005.71443;1.342315654;13.42315654
cp@rho=4,0.1,3,-1,-4.754799150804942,benzene_constraint,0.0,0.34672238073001865,1105.447079;1305.199712;1004.95189;1.189405918;17.80432888
cp@rho=4,0.1,4,-1,-5.0769642535078034,benzene_constraint,0.0,0.386329497224372,1096.898;1370.496717;997.18;1.062259923;20.80434485
cp@rho=4,0.1,5,-1,-3.7972021345226494,benzene_constraint,0.0,0.34263279166308946,1096.898;1224.483762;997.18;1.117172406;20.96014125
cp@rho=4,0.1,6,-1,-4.5482146096589915,benzene_constraint,0.0,0.31463905990274915,1103.513858;1293.889551;1003.194416;1.025996824;19.66391887
cp@rho=4,0.1,7,-1,-4.121220493751409,benzene_constraint,0.0,0.3289407161870344,1096.898;1303.668591;997.18;1.0426041;15.29969441
cp@rho=4,0.1,8,-1,-4.368055531511807,benzene_constraint,0.0,0.37010990713897035,1096.898;1292.852574;997.18;1.101814566;19.07216073
cp@rho=4,0.1,9,-1,-4.564069751795223,benzene_constraint,0.0,0.45298401757789547,1099.334225;1273.267962;999.3947496;1.305288697;13.05288697
cp@rho=4,0.03,0,-1,-4.740767018853738,benzene_constraint,0.0,0.35244498580707495,1103.031498;1319.471269;1002.755907;1.112419297;20.39390859
cp@rho=4,0.03,1,-1,-3.108237108695789,benzene_constraint,0.0,0.41562157587921444,1047.46006;1279.151459;997.18;1.413166165;19.35003065
cp@rho=4,0.03,2,-1,-4.9613691789443735,benzene_constraint,0.0,0.4012553825140676,1104.442676;1331.63409;1004.038796;1.35334844;13.88501208
cp@rho=4,0.03,3,-1,-4.754799150804942,benzene_constraint,0.0,0.34672238073001865,1105.447079;1305.199712;1004.95189;1.189405918;17.80432888
cp@rho=4,0.03,4,-1,-5.058438213151007,benzene_constraint,0.0,0.3886689259319374,1094.455908;1372.408047;997.18;1.065241573;20.78793774
cp@rho=4,0.03,5,-1,-3.7972021345226494,benzene_constraint,0.0,0.34263279166308946,1096.898;1224.483762;997.18;1.117172406;20.96014125
cp@rho=4,0.03,6,-1,-4.402486187286982,benzene_constraint,0.0,0.29868947088910847,1103.364679;1293.376291;1003.058799;1.028740409;19.81778963
cp@rho=4,0.03,7,-1,-4.193715607058131,benzene_constraint,0.0,0.312798958849014,1096.898;1309.616946;997.18;1.011222837;16.87425362
cp@rho=4,0.03,8,-1,-4.368055531511807,benzene_constraint,0.0,0.37010990713897035,1096.898;1292.852574;997.18;1.101814566;19.07216073
cp@rho=4,0.03,9,-1,-4.564069751795223,benzene_constraint,0.0,0.45298401757789547,1099.334225;1273.267962;999.3947496;1.305288697;13.05288697
cp@rho=4,0.01,0,-1,-4.740767018853738,benzene_constraint,0.0,0.35244498580707495,1103.031498;1319.471269;1002.755907;1.112419297;20.39390859
cp@rho=4,0.01,1,-1,-3.108237108695789,benzene_constraint,0.0,0.41562157587921444,1047.46006;1279.151459;997.18;1.413166165;19.35003065
cp@rho=4,0.01,2,-1,-4.9613691789443735,benzene_constraint,0.0,0.4012553825140676,1104.442676;1331.63409;1004.038796;1.35334844;13.88501208
cp@rho=4,0.01,3,-1,-4.754799150804942,benzene_constraint,0.0,0.34672238073001865,1105.447079;1305.199712;1004.95189;1.189405918;17.80432888
cp@rho=4,0.01,4,-1,-5.058438213151007,benzene_constraint,0.0,0.3886689259319374,1094.455908;1372.408047;997.18;1.065241573;20.78793774
cp@rho=4,0.01,5,-1,-3.7972021345226494,benzene_constraint,0.0,0.34263279166308946,1096.898;1224.483762;997.18;1.117172406;20.96014125
cp@rho=4,0.01,6,-1,-4.402486187286982,benzene_constraint,0.0,0.29868947088910847,1103.364679;1293.376291;1003.058799;1.028740409;19.81778963
cp@rho=4,0.01,7,-1,-4.188027546424131,benzene_constraint,0.0,0.31624757052787367,1096.898;1308.540338;997.18;1.015521216;16.78551243
cp@rho=4,0.01,8,-1,-4.368055531511807,benzene_constraint,0.0,0.37010990713897035,1096.898;1292.852574;997.18;1.101814566;19.07216073
cp@rho=4,0.01,9,-1,-4.564069751795223,benzene_constraint,0.0,0.45298401757789547,1099.334225;1273.267962;999.3947496;1.305288697;13.05288697
cp@rho=4,0.003,0,-1,-4.688468092262532,benzene_constraint,0.0,0.35137561617162894,1102.996965;1320.043085;1002.724514;1.111378578;20.43580052
cp@rho=4,0.003,1,-1,-3.108237108695789,benzene_constraint,0.0,0.41562157587921444,1047.46006;1279.151459;997.18;1.413166165;19.35003065
cp@rho=4,0.003,2,-1,-4.9613691789443735,benzene_constraint,0.0,0.4012553825140676,1104.442676;1331.63409;1004.038796;1.35334844;13.88501208
cp@rho=4,0.003,3,-1,-4.754799150804942,benzene_constraint,0.0,0.34672238073001865,1105.447079;1305.199712;1004.95189;1.189405918;17.80432888
cp@rho=4,0.003,4,-1,-5.058438213151007,benzene_constraint,0.0,0.3886689259319374,1094.455908;1372.408047;997.18;1.065241573;20.78793774
cp@rho=4,0.003,5,-1,-3.7972021345226494,benzene_constraint,0.0,0.34263279166308946,1096.898;1224.483762;997.18;1.117172406;20.96014125
cp@rho=4,0.003,6,-1,-4.402486187286982,benzene_constraint,0.0,0.29868947088910847,1103.364679;1293.376291;1003.058799;1.028740409;19.81778963
cp@rho=4,0.003,7,-1,-4.188027546424131,benzene_constraint,0.0,0.31624757052787367,1096.898;1308.540338;997.18;1.015521216;16.78551243
cp@rho=4,0.003,8,-1,-4.368055531511807,benzene_constraint,0.0,0.37010990713897035,1096.898;1292.852574;997.18;1.101814566;19.07216073
cp@rho=4,0.003,9,-1,-4.564069751795223,benzene_constraint,0.0,0.45298401757789547,1099.334225;1273.267962;999.3947496;1.305288697;13.05288697
cp@rho=4,0.001,0,-1,-4.732633563383651,benzene_constraint,0.0,0.34289574909167897,1102.985639;1320.230627;1002.714217;1.111037247;20.44954007
cp@rho=4,0.001,1,-1,-3.108237108695789,benzene_constraint,0.0,0.41562157587921444,1047.46006;1279.151459;997.18;1.413166165;19.35003065
cp@rho=4,0.001,2,-1,-4.9613691789443735,benzene_constraint,0.0,0.4012553825140676,1104.442676;1331.63409;1004.038796;1.35334844;13.88501208
cp@rho=4,0.001,3,-1,-4.754799150804942,benzene_constraint,0.0,0.34672238073001865,1105.447079;1305.199712;1004.95189;1.189405918;17.80432888
cp@rho=4,0.001,4,-1,-5.058438213151007,benzene_constraint,0.0,0.3886689259319374,1094.455908;1372.408047;997.18;1.065241573;20.78793774
cp@rho=4,0.001,5,-1,-3.7972021345226494,benzene_constraint,0.0,0.34263279166308946,1096.898;1224.483762;997.18;1.117172406;20.96014125
cp@rho=4,0.001,6,-1,-4.402486187286982,benzene_constraint,0.0,0.29868947088910847,1103.364679;1293.376291;1003.058799;1.028740409;19.81778963
cp@rho=4,0.001,7,-1,-4.188027546424131,benzene_constraint,0.0,0.31624757052787367,1096.898;1308.540338;997.18;1.015521216;16.78551243
cp@rho=4,0.001,8,-1,-4.368055531511807,benzene_constraint,0.0,0.37010990713897035,1096.898;1292.852574;997.18;1.101814566;19.07216073
cp@rho=4,0.001,9,-1,-4.564069751795223,benzene_constraint,0.0,0.45298401757789547,1099.334225;1273.267962;999.3947496;1.305288697;13.05288697
cp@rho=4,0.0003,0,-1,-4.732633563383651,benzene_constraint,0.0,0.34289574909167897,1102.985639;1320.230627;1002.714217;1.111037247;20.44954007
cp@rho=4,0.0003,1,-1,-3.108237108695789,benzene_constraint,0.0,0.41562157587921444,1047.46006;1279.151459;997.18;1.413166165;19.35003065
cp@rho=4,0.0003,2,-1,-4.9613691789443735,benzene_constraint,0.0,0.4012553825140676,1104.442676;1331.63409;1004.038796;1.35334844;13.88501208
cp@rho=4,0.0003,3,-1,-4.754799150804942,benzene_constraint,0.0,0.34672238073001865,1105.447079;1305.199712;1004.95189;1.189405918;17.80432888
cp@rho=4,0.0003,4,-1,-5.058438213151007,benzene_constraint,0.0,0.3886689259319374,1094.455908;1372.408047;997.18;1.065241573;20.78793774
cp@rho=4,0.0003,5,-1,-3.7972021345226494,benzene_constraint,0.0,0.34263279166308946,1096.898;1224.483762;997.18;1.117172406;20.96014125
cp@rho=4,0.0003,6,-1,-4.402486187286982,benzene_constraint,0.0,0.29868947088910847,1103.364679;1293.376291;1003.058799;1.028740409;19.81778963
cp@rho=4,0.0003,7,-1,-4.188027546424131,benzene_constraint,0.0,0.31624757052787367,1096.898;1308.540338;997.18;1.015521216;16.78551243
cp@rho=4,0.0003,8,-1,-4.368055531511807,benzene_constraint,0.0,0.37010990713897035,1096.898;1292.852574;997.18;1.101814566;19.07216073
cp@rho=4,0.0003,9,-1,-4.564069751795223,benzene_constraint,0.0,0.45298401757789547,1099.334225;1273.267962;999.3947496;1.305288697;13.05288697
cp@rho=4,0.0001,0,-1,-4.732633563383651,benzene_constraint,0.0,0.34289574909167897,1102.985639;1320.230627;1002.714217;1.111037247;20.44954007
cp@rho=4,0.0001,1,-1,-3.108237108695789,benzene_constraint,0.0,0.41562157587921444,1047.46006;1279.151459;997.18;1.413166165;19.35003065
cp@rho=4,0.0001,2,-1,-4.9613691789443735,benzene_constraint,0.0,0.4012553825140676,1104.442676;1331.63409;1004.038796;1.35334844;13.88501208
cp@rho=4,0.0001,3,-1,-4.754799150804942,benzene_constraint,0.0,0.34672238073001865,1105.447079;1305.199712;1004.95189;1.189405918;17.80432888
cp@rho=4,0.0001,4,-1,-5.058438213151007,benzene_constraint,0.0,0.3886689259319374,1094.455908;1372.408047;997.18;1.065241573;20.78793774
cp@rho=4,0.0001,5,-1,-3.7972021345226494,benzene_constraint,0.0,0.34263279166308946,1096.898;1224.483762;997.18;1.117172406;20.96014125
cp@rho=4,0.0001,6,-1,-4.402486187286982,benzene_constraint,0.0,0.29868947088910847,1103.364679;1293.376291;1003.058799;1.028740409;19.81778963
cp@rho=4,0.0001,7,-1,-4.188027546424131,benzene_constraint,0.0,0.31624757052787367,1096.898;1308.540338;997.18;1.015521216;16.78551243
cp@rho=4,0.0001,8,-1,-4.368055531511807,benzene_constraint,0.0,0.37010990713897035,1096.898;1292.852574;997.18;1.101814566;19.07216073
cp@rho=4,0.0001,9,-1,-4.564069751795223,benzene_constraint,0.0,0.45298401757789547,1099.334225;1273.267962;999.3947496;1.305288697;13.05288697
wrapper@rho=4,0.95,0,-1,12.921556044381745,benzene_constraint,0.0,0.5691892786211359,1045.79037;450;997.18;0.5;27.65272876
wrapper@rho=4,0.95,1,-1,21.79263052435693,benzene_constraint,0.0,0.12260260551494685,635.7636497;450;1008.829357;0.5493328651;31.78818248
wrapper@rho=4,0.95,2,-1,28.70005306676647,benzene_constraint,0.0,0.718084675945695,450;450;997.18;0.5;19.82418399
wrapper@rho=4,0.95,3,-1,25.011056780738443,benzene_constraint,0.0,0.2628794647708538,450;600;997.18;0.716003732;22.5
wrapper@rho=4,0.95,4,-1,11.088976085901841,benzene_constraint,0.0,0.3956627881340127,1053.424022;450;997.18;0.555785974;27.89664809
wrapper@rho=4,0.95,5,-1,13.859637128487115,benzene_constraint,0.0,0.4718987133312939,866.068829;450;997.18;0.8887475856;10
wrapper@rho=4,0.95,6,-1,29.646276989370744,benzene_constraint,0.0,0.9787538501544025,450;450;997.18;0.5;10
wrapper@rho=4,0.95,7,-1,29.646276989370744,benzene_constraint,0.0,0.9787538501544025,450;450;997.18;0.5;10
wrapper@rho=4,0.95,8,-1,20.558965338418506,benzene_constraint,0.0,1.3537279217136775,833.9291565;450;997.18;0.5;10
wrapper@rho=4,0.95,9,-1,18.846311000980826,benzene_constraint,0.0,1.0531735886532148,893.0428159;450;997.18;0.5;16.98903774
wrapper@rho=4,0.9,0,-1,10.456122244383607,benzene_constraint,0.0,0.5391478097175074,1045.421925;450;997.18;0.8196044298;10.26484108
wrapper@rho=4,0.9,1,-1,10.297172146753056,benzene_constraint,0.0,0.40025781020141527,925.8367346;758.5237391;997.18;0.5601003817;27.32033848
wrapper@rho=4,0.9,2,-1,12.841627508568699,benzene_constraint,0.0,0.3192882553253941,998.8796169;450;997.18;0.5;35.67477483
wrapper@rho=4,0.9,3,-1,9.238437995358694,benzene_constraint,0.0,0.37289442494838076,1096.898;450;997.18;0.8808472644;22.68401784
wrapper@rho=4,0.9,4,-1,10.251353855069318,benzene_constraint,0.0,0.3695846171908582,1096.898;452.7552066;997.18;0.6811537618;25.573454
wrapper@rho=4,0.9,5,-1,12.93245425856636,benzene_constraint,0.0,0.3626889799849969,958.628609;450;997.18;0.7941273767;17.69138405
wrapper@rho=4,0.9,6,-1,12.846043440925278,benzene_constraint,0.0,0.30044690850095207,979.6660864;450;997.18;0.6485923324;48.98330432
wrapper@rho=4,0.9,7,-1,9.501119170572778,benzene_constraint,0.0,0.3692134004448048,1094.916876;450;997.18;1.119566422;11.19566422
wrapper@rho=4,0.9,8,-1,11.365275274975453,benzene_constraint,0.0,0.7423518108826865,1000.639673;517.3981009;997.18;0.8002450742;10
wrapper@rho=4,0.9,9,-1,10.569841628011496,benzene_constraint,0.0,0.4018577375964065,1013.960714;450;997.18;1.048658192;10.48658192
wrapper@rho=4,0.8,0,-1,9.156047748094856,benzene_constraint,0.0,0.6250320176823542,1088.712201;450;997.18;0.8866340427;10
wrapper@rho=4,0.8,1,-1,4.758574252363196,benzene_constraint,0.0,0.2701869479580764,1096.898;712.1154748;997.18;0.9541003092;12.4157982
wrapper@rho=4,0.8,2,-1,5.770656583905918,benzene_constraint,0.0,0.19255067051212377,1096.898;678.9748542;997.18;0.7897482156;20.18995367
wrapper@rho=4,0.8,3,-1,5.882999323795261,benzene_constraint,0.0,0.22064469376068246,1096.898;668.6325745;997.18;0.5470338742;39.48165654
wrapper@rho=4,0.8,4,-1,7.312163302125086,benzene_constraint,0.0,0.2565377935523918,1049.652588;681.8642268;997.18;0.7766689955;22.00861585
wrapper@rho=4,0.8,5,-1,9.807479856041724,benzene_constraint,0.0,0.3651479041608917,1103.572473;450;1003.247703;0.568519181;47.46400012
wrapper@rho=4,0.8,6,-1,5.01344513951701,benzene_constraint,0.0,0.3526038631259232,1096.898;652.4554643;997.18;1.001995509;10.01995509
wrapper@rho=4,0.8,7,-1,5.95414398455322,benzene_constraint,0.0,0.4165221707349511,1089.939013;672.2462416;997.18;1.016170077;10.16170077
wrapper@rho=4,0.8,8,-1,9.061300752589986,benzene_constraint,0.0,0.430715886739892,1096.898;495.4817907;997.18;0.9703097761;13.69246315
wrapper@rho=4,0.8,9,-1,10.590720677071808,benzene_constraint,0.0,0.34469140994542724,1032.193522;514.6642334;997.18;1.063994582;10.63994582
wrapper@rho=4,0.7,0,-1,5.51827090845682,benzene_constraint,0.0,0.4662109235020616,1096.898;685.9689738;997.18;0.9434165265;10
wrapper@rho=4,0.7,1,-1,7.299257269291232,benzene_constraint,0.0,0.7145574816430744,970.646297;925.7679661;997.18;0.9852053104;10
wrapper@rho=4,0.7,2,-1,3.4540431905232367,benzene_constraint,0.0,0.30595648317920376,1096.898;847.9546518;997.18;0.8123247856;19.58571427
wrapper@rho=4,0.7,3,-1,4.2531240067004745,benzene_constraint,0.0,0.3675514110465695,1096.898;779.9225366;997.18;1.041676978;10.41676978
wrapper@rho=4,0.7,4,-1,5.44910803348138,benzene_constraint,0.0,0.2498228159178083,1096.898;681.261467;997.18;0.9669479021;11.87293062
wrapper@rho=4,0.7,5,-1,6.135640457367295,benzene_constraint,0.0,0.33478698797716633,1096.898;673.976876;997.18;1.02596164;10.78408508
wrapper@rho=4,0.7,6,-1,7.836446884554711,benzene_constraint,0.0,0.6933912526840357,966.1536475;873.6293097;997.18;0.9803788065;10
wrapper@rho=4,0.7,7,-1,4.378641468048741,benzene_constraint,0.0,0.4338309143287706,1096.898;723.041783;997.18;1.003233425;10.03233425
wrapper@rho=4,0.7,8,-1,5.1967447294682,benzene_constraint,0.0,0.31551335822431353,1096.898;679.0146663;997.18;1.021343738;10.21343738
wrapper@rho=4,0.7,9,-1,5.356062887999663,benzene_constraint,0.0,0.24620780490385194,1096.898;660.8188785;997.18;1.02461563;10.2461563
wrapper@rho=4,0.6,0,-1,4.360569143871274,benzene_constraint,0.0,0.5151084622294442,1096.898;793.0051372;997.18;0.9307326864;10
wrapper@rho=4,0.6,1,-1,4.042093542800885,benzene_constraint,0.0,0.28449544003836114,1096.898;848.2294259;997.18;0.7407004299;27.54702146
wrapper@rho=4,0.6,2,-1,3.3442378789246305,benzene_constraint,0.0,0.3318158851093276,978.8437301;1049.799619;997.18;0.8085839354;23.25282051
wrapper@rho=4,0.6,3,-1,4.759575544559588,benzene_constraint,0.0,0.41259173988937853,1096.898;798.8855937;997.18;1.084660924;10.84660924
wrapper@rho=4,0.6,4,-1,5.732677498526833,benzene_constraint,0.0,0.31183365378029265,1031.911853;785.5504702;997.18;0.9047293528;18.5328306
wrapper@rho=4,0.6,5,-1,4.047609129996559,benzene_constraint,0.0,0.3389204538077518,1096.898;777.0161986;997.18;1.00064438;12.22198209
wrapper@rho=4,0.6,6,-1,8.68664238413185,benzene_constraint,0.0,0.5528471323240771,819.5265692;1092.702092;997.18;0.9686716935;10
wrapper@rho=4,0.6,7,-1,5.972549263724787,benzene_constraint,0.0,0.3769699693548933,1069.076224;732.0049224;997.18;1.123325927;11.23325927
wrapper@rho=4,0.6,8,-1,5.510935624700224,benzene_constraint,0.0,0.3322440153570459,1096.898;723.0621712;997.18;1.010191187;10.77562858
wrapper@rho=4,0.6,9,-1,4.824942346792248,benzene_constraint,0.0,0.4982413501313345,1077.139002;938.3654784;997.18;0.5419350674;33.7877018
wrapper@rho=4,0.5,0,-1,3.289148197003769,benzene_constraint,0.0,0.35990812782871445,1096.898;876.9025665;997.18;0.9071473981;15.12184456
wrapper@rho=4,0.5,1,-1,4.625938516023375,benzene_constraint,0.0,0.4639632578693989,1031.573807;984.2886202;997.18;0.6665973972;32.89476585
wrapper@rho=4,0.5,2,-1,3.767720505439634,benzene_constraint,0.0,0.30688690018592324,1016.328095;1023.206007;997.18;0.7213253759;32.39711298
wrapper@rho=4,0.5,3,-1,5.394510158963676,benzene_constraint,0.0,0.509231326506775,1012.426034;932.8047372;997.18;1.099158592;10.99158592
wrapper@rho=4,0.5,4,-1,4.244608278504266,benzene_constraint,0.0,0.4536263823670037,1078.512763;855.5435795;997.18;0.8388219691;17.55128529
wrapper@rho=4,0.5,5,-1,5.803270231353899,benzene_constraint,0.0,0.4770283023928652,985.4041394;942.7132181;997.18;1.070500477;10.70500477
wrapper@rho=4,0.5,6,-1,7.861002524169656,benzene_constraint,0.0,0.7036226583777042,894.1658035;1076.240195;997.18;0.980924523;10
wrapper@rho=4,0.5,7,-1,4.493646435229721,benzene_constraint,0.0,0.2778260190616405,1096.898;749.4025054;997.18;1.111438449;11.11438449
wrapper@rho=4,0.5,8,-1,5.742317719035782,benzene_constraint,0.0,0.446705140520934,1075.986449;785.9006779;997.18;1.096751413;10.96751413
wrapper@rho=4,0.5,9,-1,4.656131617925084,benzene_constraint,0.0,0.4615219236632086,1030.42044;1005.899072;997.18;0.5587911561;35.03549322
wrapper@rho=4,0.4,0,-1,2.704937786658455,benzene_constraint,0.0,0.4345536265988183,1096.898;888.5485526;997.18;1.054609067;12.60811353
wrapper@rho=4,0.4,1,-1,2.938045064738297,benzene_constraint,0.0,0.4187382302447909,1096.898;997.6989327;997.18;0.6676282686;31.1068994
wrapper@rho=4,0.4,2,-1,2.6583928374700676,benzene_constraint,0.0,0.33714819327483186,1098.600592;937.0484361;998.7278113;0.8492554529;30.39156266
wrapper@rho=4,0.4,3,-1,2.716125515539815,benzene_constraint,0.0,0.364139110198415,1096.898;908.1936621;997.18;0.9685711924;19.0727446
wrapper@rho=4,0.4,4,-1,3.8380032360731917,benzene_constraint,0.0,0.5110633121603941,1080.148003;915.7807217;997.18;0.9150038538;15.59138526
wrapper@rho=4,0.4,5,-1,7.373615246737188,benzene_constraint,0.0,0.6267560990415462,864.8822219;1120.053823;997.18;1.06759691;10.6759691
wrapper@rho=4,0.4,6,-1,4.355122731482695,benzene_constraint,0.0,0.5667228846904628,1011.962208;1006.892657;997.18;1.009753858;10.09753858
wrapper@rho=4,0.4,7,-1,3.7484287217672687,benzene_constraint,0.0,0.4122889657108125,1096.898;773.9682997;997.18;1.201813243;12.01813243
wrapper@rho=4,0.4,8,-1,3.6635295408192974,benzene_constraint,0.0,0.5459459380491678,1088.256002;862.6569589;997.18;0.9791607802;13.2040215
wrapper@rho=4,0.4,9,-1,4.059132084914538,benzene_constraint,0.0,0.5245207132688267,1087.683999;971.936267;997.18;0.7142697375;27.37250138
wrapper@rho=4,0.3,0,-1,2.669634797560853,benzene_constraint,0.0,0.48212598390037514,1096.898;926.915492;997.18;1.10909744;11.0909744
wrapper@rho=4,0.3,1,-1,1.799203540601141,benzene_constraint,0.0,0.31051254189820254,1096.898;1018.5487;997.18;0.5610632241;42.08246773
wrapper@rho=4,0.3,2,-1,1.8049986501739994,benzene_constraint,0.0,0.3159926596487453,1096.898;1026.45005;997.18;0.5684521687;43.11863972
wrapper@rho=4,0.3,3,-1,2.357255663824688,benzene_constraint,0.0,0.4171203284207801,1091.73691;987.4465969;997.18;0.9374565799;18.23594503
wrapper@rho=4,0.3,4,-1,3.6289681725856298,benzene_constraint,0.0,0.5251112035246139,1055.39076;972.0187574;997.18;0.8953268069;18.08008151
wrapper@rho=4,0.3,5,-1,7.345161746558965,benzene_constraint,0.0,0.7241981408762472,907.460903;1099.834305;997.18;1.085675831;10.85675831
wrapper@rho=4,0.3,6,-1,6.20646034207703,benzene_constraint,0.0,0.6783031064534251,910.725205;1097.727025;997.18;1.025158441;14.871641
wrapper@rho=4,0.3,7,-1,3.9248492458165174,benzene_constraint,0.0,0.5866716644469689,1047.749678;959.8290449;997.18;1.135402064;11.35402064
wrapper@rho=4,0.3,8,-1,3.2125903399491023,benzene_constraint,0.0,0.4502986632484229,1093.107664;886.6481714;997.18;1.028508586;10.28508586
wrapper@rho=4,0.3,9,-1,4.268616912723587,benzene_constraint,0.0,0.5253158977746776,1076.875624;993.6927484;997.18;0.6924019086;30.60218936
wrapper@rho=4,0.2,0,-1,-1.1365842539924955,benzene_constraint,0.0,0.2874300696131482,1096.898;1111.269369;997.18;0.8818862988;21.43300678
wrapper@rho=4,0.2,1,-1,2.0078411143206623,benzene_constraint,0.0,0.486639174736386,1072.886693;1018.596096;997.18;1.164957305;11.64957305
wrapper@rho=4,0.2,2,-1,0.6027281932431734,benzene_constraint,0.0,0.23836787310044052,1096.898;1059.660012;997.18;0.6336306793;41.31373067
wrapper@rho=4,0.2,3,-1,3.214729875660275,benzene_constraint,0.0,0.54220476728587,1065.229972;1009.472239;997.18;0.9526456995;22.04301677
wrapper@rho=4,0.2,4,-1,0.9620166058407804,benzene_constraint,0.0,0.23950395622158843,1054.143683;1054.140155;997.18;0.886539843;21.34420632
wrapper@rho=4,0.2,5,-1,4.349500220076898,benzene_constraint,0.0,0.7989651647171726,952.863451;1147.030118;997.18;0.9969118603;13.98450518
wrapper@rho=4,0.2,6,-1,3.382597587016903,benzene_constraint,0.0,0.5832041114847699,1056.698052;1007.092401;997.18;1.007862521;14.77261647
wrapper@rho=4,0.2,7,-1,2.6863073949229914,benzene_constraint,0.0,0.4425450174546125,1096.898;914.247212;997.18;1.187588592;14.36496588
wrapper@rho=4,0.2,8,-1,3.7788283617409633,benzene_constraint,0.0,0.49659559051501645,1096.898;885.7591335;997.18;1.082736409;10.82736409
wrapper@rho=4,0.2,9,-1,2.4956870264296143,benzene_constraint,0.0,0.5295834317971949,1096.898;962.8329467;997.18;1.079875617;11.64068003
wrapper@rho=4,0.15,0,-1,0.18894496806462513,benzene_constraint,0.2857142857142857,0.24839940781306782,1096.898;1051.467529;997.18;0.9119479059;27.92982462
wrapper@rho=4,0.15,1,-1,0.6387129127843849,benzene_constraint,0.14285714285714285,0.4617638119074962,1096.898;1048.422503;997.18;1.140153399;11.40153399
wrapper@rho=4,0.15,2,-1,0.6462015326377042,benzene_constraint,0.0,0.23484713360374596,1096.898;1063.42083;997.18;0.6071600699;43.40371862
wrapper@rho=4,0.15,3,-1,2.4402582238230153,benzene_constraint,0.0,0.586510141374877,1082.457746;1010.37619;997.18;0.9899339708;19.38664196
wrapper@rho=4,0.15,4,-1,3.0381998463397153,benzene_constraint,0.0,0.4052720397000875,982.5101328;1074.693702;997.18;1.138322296;11.83631059
wrapper@rho=4,0.15,5,-1,2.0870001873367556,benzene_constraint,0.0,0.3960032678687205,1011.12164;1114.993461;997.18;1.040968435;10.40968435
wrapper@rho=4,0.15,6,-1,1.5503520230477221,benzene_constraint,0.0,0.5011480851175363,1096.898;997.55734;997.18;1.036062954;12.72009964
wrapper@rho=4,0.15,7,-1,2.5621916342572106,benzene_constraint,0.0,0.4694347901696201,1019.079775;1071.999209;997.18;1.157905955;11.57905955
wrapper@rho=4,0.15,8,-1,4.560901540332452,benzene_constraint,0.0,0.6504118907619796,1065.361014;955.8429378;997.18;1.067704942;10.90934493
wrapper@rho=4,0.15,9,-1,0.8125099587443785,benzene_constraint,0.0,0.25677864910215104,1096.898;1067.9506;997.18;0.7018105217;29.23090844
wrapper@rho=4,0.1,0,-1,-0.8276280803433949,benzene_constraint,0.0,0.2881556906973629,1096.898;1093.829415;997.18;0.8659393826;28.90493333
wrapper@rho=4,0.1,1,-1,-0.22944081312875397,benzene_constraint,0.2857142857142857,0.410558294894886,1096.898;1053.672347;997.18;1.120411548;16.98521659
wrapper@rho=4,0.1,2,-1,-0.38389831091779314,benzene_constraint,0.0,0.22308330529128798,1096.898;1128.465704;997.18;0.6706569191;38.40694799
wrapper@rho=4,0.1,3,-1,1.0519115534775025,benzene_constraint,0.0,0.2548881213387233,1096.898;1027.239617;997.18;0.8415335299;28.5007548
wrapper@rho=4,0.1,4,-1,1.5015560167349378,benzene_constraint,0.0,0.47107669301250227,977.0030744;1149.213924;997.18;1.078695091;12.59688309
wrapper@rho=4,0.1,5,-1,1.6417889919464272,benzene_constraint,0.0,0.3263798060173231,1000.732609;1139.798551;997.18;0.9907277482;13.84109157
wrapper@rho=4,0.1,6,-1,1.6003587005173472,benzene_constraint,0.0,0.49999948709628944,1096.898;1024.742832;997.18;1.069810985;11.32982137
wrapper@rho=4,0.1,7,-1,1.8196641904534303,benzene_constraint,0.0,0.4378601869371023,1026.501658;1028.407667;997.18;1.216107529;12.16107529
wrapper@rho=4,0.1,8,-1,3.688864916893621,benzene_constraint,0.0,0.633878870564934,1071.257913;979.1483221;997.18;1.047869056;11.19590505
wrapper@rho=4,0.1,9,-1,-0.929296506807546,benzene_constraint,0.0,0.3589489882308221,1096.898;1120.733912;997.18;0.9782931253;13.9534293
wrapper@rho=4,0.05,0,-1,-2.502202508913008,benzene_constraint,0.0,0.15996506323918108,1077.184001;1315.265928;997.18;0.707910004;29.43134198
wrapper@rho=4,0.05,1,-1,-2.818824242082364,benzene_constraint,0.0,0.1712752692944488,1096.898;1219.610681;997.18;0.7697259203;27.2349294
wrapper@rho=4,0.05,2,-1,-0.5477568277989207,benzene_constraint,0.0,0.2474684178818168,1096.898;1136.833851;997.18;0.737275227;39.20567512
wrapper@rho=4,0.05,3,-1,0.40450728547658343,benzene_constraint,0.14285714285714285,0.4325596562362647,1096.898;1017.886556;997.18;1.20092983;12.71840264
wrapper@rho=4,0.05,4,-1,-0.15426795105582158,benzene_constraint,0.2857142857142857,0.3930617299746503,1098.579186;1051.26503;998.7083513;1.222325413;14.90311101
wrapper@rho=4,0.05,5,-1,-0.5562160848749542,benzene_constraint,0.0,0.33706473931021935,1084.274959;1092.748744;997.18;0.9974712979;13.09697782
wrapper@rho=4,0.05,6,-1,1.322225828647852,benzene_constraint,0.0,0.5998006238586515,1096.898;1083.260486;997.18;1.081538935;10.81538935
wrapper@rho=4,0.05,7,-1,0.47147813515334036,benzene_constraint,0.14285714285714285,0.46731802069766015,1096.898;1063.431799;997.18;1.149198649;11.49198649
wrapper@rho=4,0.05,8,-1,1.851406813766836,benzene_constraint,0.0,0.5455006402554332,1096.898;969.1213419;997.18;1.094450894;12.17120111
wrapper@rho=4,0.05,9,-1,-0.6814090255267686,benzene_constraint,0.0,0.34584403891020477,1096.898;1124.672293;997.18;0.9875561456;14.38650796
wrapper@rho=4,0.0,0,-1,-4.3873724301820545,benzene_constraint,0.0,0.3696316421513462,1096.898;1450.046968;997.18;0.7769093925;20.80042378
wrapper@rho=4,0.0,1,-1,-3.299710950477561,benzene_constraint,0.0,0.29231717918536776,1096.898;1194.459915;997.18;1.003467618;20.3127016
wrapper@rho=4,0.0,2,-1,-2.611783806129914,benzene_constraint,0.0,0.5441701580500018,1127.103603;1181.909701;1024.63964;1.146140818;11.46140818
wrapper@rho=4,0.0,3,-1,0.7700636299096928,benzene_constraint,0.0,0.38241279428941033,1096.898;1021.403313;997.18;1.155334486;17.33387512
wrapper@rho=4,0.0,4,-1,-0.31023099854633784,benzene_constraint,0.2857142857142857,0.43969408158071377,1096.898;1070.39395;997.18;1.238844729;14.75795787
wrapper@rho=4,0.0,5,-1,-0.09901507277474764,benzene_constraint,0.14285714285714285,0.3194062834885562,1062.472826;1136.761974;997.18;1.053786974;19.12709492
wrapper@rho=4,0.0,6,-1,-1.2028238594929732,benzene_constraint,0.0,0.3827993796266508,1096.898;1140.208045;997.18;1.060342432;18.09994322
wrapper@rho=4,0.0,7,-1,-0.17960026184477584,benzene_constraint,0.42857142857142855,0.4947035383074313,1096.898;1120.060474;997.18;1.118036432;11.18036432
wrapper@rho=4,0.0,8,-1,-1.7187141546233207,benzene_constraint,0.0,0.422009011960697,1096.898;1194.272338;997.18;1.011695886;11.22626886
wrapper@rho=4,0.0,9,-1,-0.8410257098093652,benzene_constraint,0.0,0.35482829577587605,1096.898;1138.600266;997.18;1.009131856;15.55201354
cp@rho=5,10.0,0,-1,3.471035756808078,benzene_constraint,0.0,0.27131903103505245,1096.898;841.0591596;997.18;0.9402890332;24.1400805
cp@rho=5,10.0,1,-1,1.994293563306563,benzene_constraint,0.0,0.5081626653476703,1096.898;1011.40829;997.18;0.9571621237;10.51689418
cp@rho=5,10.0,2,-1,3.692967099592785,benzene_constraint,0.0,0.35183389584875835,1154.047112;808.3404567;1049.133738;1.122017149;11.22017149
cp@rho=5,10.0,3,-1,5.036786659743349,benzene_constraint,0.0,0.29418846189185976,1096.898;811.3253129;997.18;0.5;39.09063972
cp@rho=5,10.0,4,-1,3.309498360828954,benzene_constraint,0.0,0.344441890467999,1096.898;862.034566;997.18;1.102522802;15.70383991
cp@rho=5,10.0,5,-1,2.9508682236642443,benzene_constraint,0.0,0.34123210130852266,1096.898;923.144714;997.18;0.7741893173;36.02633294
cp@rho=5,10.0,6,-1,2.2500411089591097,benzene_constraint,0.0,0.6277461515269093,1096.898;981.8511139;997.18;1;10
cp@rho=5,10.0,7,-1,3.8821446824924593,benzene_constraint,0.0,0.36492266960239544,1096.898;910.405136;997.18;0.700755513;27.30891916
cp@rho=5,10.0,8,-1,3.3124931834407434,benzene_constraint,0.0,0.3724669137289702,1096.898;972.1485277;997.18;0.5457307134;53.28286747
cp@rho=5,10.0,9,-1,3.3439543166829395,benzene_constraint,0.0,0.5172814011719228,1013.64689;1026.553884;997.18;0.9658772293;10
cp@rho=5,3.0,0,-1,2.1115701478456685,benzene_constraint,0.0,0.4560862475218526,1096.898;967.6894144;997.18;1.450637021;21.92326304
cp@rho=5,3.0,1,-1,-1.6265103548332362,benzene_constraint,0.0,0.34466143806157373,1161.554185;1103.485739;1055.95835;1.010786452;27.96604223
cp@rho=5,3.0,2,-1,0.6467561992117297,benzene_constraint,0.0,0.1871240310177171,1152.412842;1028.135787;1047.648039;1.156130932;27.36297728
cp@rho=5,3.0,3,-1,-4.952844495515642,benzene_constraint,0.0,0.3982441932021542,1102.930534;1353.741858;1002.664122;1.261407547;15.32375038
cp@rho=5,3.0,4,-1,-2.1808644414188976,benzene_constraint,0.0,0.33297804559295735,1037.423152;1260.83001;1035.494271;1.160384114;18.92365043
cp@rho=5,3.0,5,-1,-0.8974700985786654,benzene_constraint,0.0,0.42351233390901744,1118.637432;1033.0095;1016.94312;1.143118996;19.32680478
cp@rho=5,3.0,6,-1,-4.313142445196512,benzene_constraint,0.0,0.36082121147299273,1096.898;1266.940697;997.18;1.080653961;21.51190927
cp@rho=5,3.0,7,-1,-3.8372837337093415,benzene_constraint,0.0,0.31116200006457256,1067.110697;1371.195747;997.18;0.9947072867;24.61495197
cp@rho=5,3.0,8,-1,-0.7660119826382967,benzene_constraint,0.0,0.29297305024966186,1155.093655;1066.092223;1050.085141;1.077082268;27.255883
cp@rho=5,3.0,9,-1,-2.8212870405944344,benzene_constraint,0.0,0.22192916641976063,1098.275819;1241.694935;998.4325629;0.9785515551;36.04393265
cp@rho=5,1.0,0,-1,-3.151884634173733,benzene_constraint,0.0,0.3631851946547729,1096.898;1206.10264;997.18;1.501202203;23.42683253
cp@rho=5,1.0,1,-1,-5.522256622185999,benzene_constraint,0.0,0.4013450141875984,1131.864059;1348.045649;1028.967326;1.105713522;26.65398485
cp@rho=5,1.0,2,-1,-4.510455759646824,benzene_constraint,0.0,0.4113711240025573,1125.938552;1294.209661;1023.580502;1.229966346;32.26630091
cp@rho=5,1.0,3,-1,-5.2109397199784695,benzene_constraint,0.0,0.42943229500428703,1115.240562;1316.263854;1013.855056;1.329971381;21.94248853
cp@rho=5,1.0,4,-1,-5.244342595790229,benzene_constraint,0.0,0.39505957274608017,1077.078985;1436.105314;1006.823644;1.178915998;22.53452275
cp@rho=5,1.0,5,-1,-4.165336361482467,benzene_constraint,0.0,0.40921543416755324,1117.447999;1246.001743;1015.861817;1.207802766;12.07802766
cp@rho=5,1.0,6,-1,-5.46054772003594,benzene_constraint,0.0,0.4032883093491343,1117.094205;1315.692462;1015.540187;1.096497693;21.95538516
cp@rho=5,1.0,7,-1,-4.618935994114601,benzene_constraint,0.0,0.38447313232432645,1096.898;1335.559536;997.18;1.140279845;25.54920721
cp@rho=5,1.0,8,-1,-4.950259650462463,benzene_constraint,0.0,0.329105868483087,1106.722315;1383.3398;1006.111196;1.134719824;29.77751039
cp@rho=5,1.0,9,-1,-5.579614697601308,benzene_constraint,0.0,0.37272287934018056,1124.061268;1395.249304;1021.87388;0.7595496252;36.85051399
cp@rho=5,0.3,0,-1,-3.151884634173733,benzene_constraint,0.0,0.3631851946547729,1096.898;1206.10264;997.18;1.501202203;23.42683253
cp@rho=5,0.3,1,-1,-5.136406796186172,benzene_constraint,0.0,0.37654735369777215,1134.25073;1321.777213;1031.137027;1.113049717;28.05161499
cp@rho=5,0.3,2,-1,-5.535651112992262,benzene_constraint,0.0,0.3344157744405545,1157.846647;1411.228905;1052.587861;0.8722240866;39.02501634
cp@rho=5,0.3,3,-1,-4.882967562296699,benzene_constraint,0.0,0.3519460385560535,1114.309431;1351.271104;1013.008573;1.35218581;20.53317654
cp@rho=5,0.3,4,-1,-6.2011844351288445,benzene_constraint,0.0,0.422520762356963,1096.578423;1457.991975;1003.966465;1.116730481;23.54455063
cp@rho=5,0.3,5,-1,-4.45630237070359,benzene_constraint,0.0,0.35421943549435647,1111.871053;1255.880474;1010.791866;1.205317872;14.27317893
cp@rho=5,0.3,6,-1,-4.403632776668708,benzene_constraint,0.0,0.30282589654729725,1150.436838;1247.12156;1045.851671;1.029231725;25.3332425
cp@rho=5,0.3,7,-1,-4.618935994114601,benzene_constraint,0.0,0.38447313232432645,1096.898;1335.559536;997.18;1.140279845;25.54920721
cp@rho=5,0.3,8,-1,-4.950259650462463,benzene_constraint,0.0,0.329105868483087,1106.722315;1383.3398;1006.111196;1.134719824;29.77751039
cp@rho=5,0.3,9,-1,-5.513793576055207,benzene_constraint,0.0,0.3533611908175994,1107.918508;1421.889346;1007.198643;1.014492414;29.70264386
cp@rho=5,0.1,0,-1,-3.2182547072174614,benzene_constraint,0.0,0.3349901566502492,1096.898;1219.260667;997.18;1.503171412;22.3924907
cp@rho=5,0.1,1,-1,-5.136406796186172,benzene_constraint,0.0,0.37654735369777215,1134.25073;1321.777213;1031.137027;1.113049717;28.05161499
cp@rho=5,0.1,2,-1,-5.535651112992262,benzene_constraint,0.0,0.3344157744405545,1157.846647;1411.228905;1052.587861;0.8722240866;39.02501634
cp@rho=5,0.1,3,-1,-4.882967562296699,benzene_constraint,0.0,0.3519460385560535,1114.309431;1351.271104;1013.008573;1.35218581;20.53317654
cp@rho=5,0.1,4,-1,-6.2011844351288445,benzene_constraint,0.0,0.422520762356963,1096.578423;1457.991975;1003.966465;1.116730481;23.54455063
cp@rho=5,0.1,5,-1,-4.285912647203531,benzene_constraint,0.0,0.3380889137457646,1108.484163;1261.879847;1007.712875;1.203808791;15.60629853
cp@rho=5,0.1,6,-1,-4.403632776668708,benzene_constraint,0.0,0.30282589654729725,1150.436838;1247.12156;1045.851671;1.029231725;25.3332425
cp@rho=5,0.1,7,-1,-4.618935994114601,benzene_constraint,0.0,0.38447313232432645,1096.898;1335.559536;997.18;1.140279845;25.54920721
cp@rho=5,0.1,8,-1,-4.950259650462463,benzene_constraint,0.0,0.329105868483087,1106.722315;1383.3398;1006.111196;1.134719824;29.77751039
cp@rho=5,0.1,9,-1,-5.513793576055207,benzene_constraint,0.0,0.3533611908175994,1107.918508;1421.889346;1007.198643;1.014492414;29.70264386
cp@rho=5,0.03,0,-1,-3.2182547072174614,benzene_constraint,0.0,0.3349901566502492,1096.898;1219.260667;997.18;1.503171412;22.3924907
cp@rho=5,0.03,1,-1,-5.136406796186172,benzene_constraint,0.0,0.37654735369777215,1134.25073;1321.777213;1031.137027;1.113049717;28.05161499
cp@rho=5,0.03,2,-1,-5.535651112992262,benzene_constraint,0.0,0.3344157744405545,1157.846647;1411.228905;1052.587861;0.8722240866;39.02501634
cp@rho=5,0.03,3,-1,-4.882967562296699,benzene_constraint,0.0,0.3519460385560535,1114.309431;1351.271104;1013.008573;1.35218581;20.53317654
cp@rho=5,0.03,4,-1,-6.2011844351288445,benzene_constraint,0.0,0.422520762356963,1096.578423;1457.991975;1003.966465;1.116730481;23.54455063
cp@rho=5,0.03,5,-1,-4.285912647203531,benzene_constraint,0.0,0.3380889137457646,1108.484163;1261.879847;1007.712875;1.203808791;15.60629853
cp@rho=5,0.03,6,-1,-4.403632776668708,benzene_constraint,0.0,0.30282589654729725,1150.436838;1247.12156;1045.851671;1.029231725;25.3332425
cp@rho=5,0.03,7,-1,-4.435449750735884,benzene_constraint,0.0,0.34727126240975204,1097.960358;1333.789151;998.1457804;1.145766366;25.09960955
cp@rho=5,0.03,8,-1,-4.950259650462463,benzene_constraint,0.0,0.329105868483087,1106.722315;1383.3398;1006.111196;1.134719824;29.77751039
cp@rho=5,0.03,9,-1,-5.513793576055207,benzene_constraint,0.0,0.3533611908175994,1107.918508;1421.889346;1007.198643;1.014492414;29.70264386
cp@rho=5,0.01,0,-1,-3.2182547072174614,benzene_constraint,0.0,0.3349901566502492,1096.898;1219.260667;997.18;1.503171412;22.3924907
cp@rho=5,0.01,1,-1,-5.136406796186172,benzene_constraint,0.0,0.37654735369777215,1134.25073;1321.777213;1031.137027;1.113049717;28.05161499
cp@rho=5,0.01,2,-1,-5.535651112992262,benzene_constraint,0.0,0.3344157744405545,1157.846647;1411.228905;1052.587861;0.8722240866;39.02501634
cp@rho=5,0.01,3,-1,-4.882967562296699,benzene_constraint,0.0,0.3519460385560535,1114.309431;1351.271104;1013.008573;1.35218581;20.53317654
cp@rho=5,0.01,4,-1,-6.2011844351288445,benzene_constraint,0.0,0.422520762356963,1096.578423;1457.991975;1003.966465;1.116730481;23.54455063
cp@rho=5,0.01,5,-1,-4.285912647203531,benzene_constraint,0.0,0.3380889137457646,1108.484163;1261.879847;1007.712875;1.203808791;15.60629853
cp@rho=5,0.01,6,-1,-4.403632776668708,benzene_constraint,0.0,0.30282589654729725,1150.436838;1247.12156;1045.851671;1.029231725;25.3332425
cp@rho=5,0.01,7,-1,-4.435449750735884,benzene_constraint,0.0,0.34727126240975204,1097.960358;1333.789151;998.1457804;1.145766366;25.09960955
cp@rho=5,0.01,8,-1,-4.950259650462463,benzene_constraint,0.0,0.329105868483087,1106.722315;1383.3398;1006.111196;1.134719824;29.77751039
cp@rho=5,0.01,9,-1,-5.513793576055207,benzene_constraint,0.0,0.3533611908175994,1107.918508;1421.889346;1007.198643;1.014492414;29.70264386
cp@rho=5,0.003,0,-1,-3.2182547072174614,benzene_constraint,0.0,0.3349901566502492,1096.898;1219.260667;997.18;1.503171412;22.3924907
cp@rho=5,0.003,1,-1,-5.136406796186172,benzene_constraint,0.0,0.37654735369777215,1134.25073;1321.777213;1031.137027;1.113049717;28.05161499
cp@rho=5,0.003,2,-1,-5.535651112992262,benzene_constraint,0.0,0.3344157744405545,1157.846647;1411.228905;1052.587861;0.8722240866;39.02501634
cp@rho=5,0.003,3,-1,-4.882967562296699,benzene_constraint,0.0,0.3519460385560535,1114.309431;1351.271104;1013.008573;1.35218581;20.53317654
cp@rho=5,0.003,4,-1,-6.2011844351288445,benzene_constraint,0.0,0.422520762356963,1096.578423;1457.991975;1003.966465;1.116730481;23.54455063
cp@rho=5,0.003,5,-1,-4.285912647203531,benzene_constraint,0.0,0.3380889137457646,1108.484163;1261.879847;1007.712875;1.203808791;15.60629853
cp@rho=5,0.003,6,-1,-4.403632776668708,benzene_constraint,0.0,0.30282589654729725,1150.436838;1247.12156;1045.851671;1.029231725;25.3332425
cp@rho=5,0.003,7,-1,-4.435449750735884,benzene_constraint,0.0,0.34727126240975204,1097.960358;1333.789151;998.1457804;1.145766366;25.09960955
cp@rho=5,0.003,8,-1,-4.950259650462463,benzene_constraint,0.0,0.329105868483087,1106.722315;1383.3398;1006.111196;1.134719824;29.77751039
cp@rho=5,0.003,9,-1,-5.513793576055207,benzene_constraint,0.0,0.3533611908175994,1107.918508;1421.889346;1007.198643;1.014492414;29.70264386
cp@rho=5,0.001,0,-1,-3.2182547072174614,benzene_constraint,0.0,0.3349901566502492,1096.898;1219.260667;997.18;1.503171412;22.3924907
cp@rho=5,0.001,1,-1,-5.136406796186172,benzene_constraint,0.0,0.37654735369777215,1134.25073;1321.777213;1031.137027;1.113049717;28.05161499
cp@rho=5,0.001,2,-1,-5.535651112992262,benzene_constraint,0.0,0.3344157744405545,1157.846647;1411.228905;1052.587861;0.8722240866;39.02501634
cp@rho=5,0.001,3,-1,-4.882967562296699,benzene_constraint,0.0,0.3519460385560535,1114.309431;1351.271104;1013.008573;1.35218581;20.53317654
cp@rho=5,0.001,4,-1,-6.2011844351288445,benzene_constraint,0.0,0.422520762356963,1096.578423;1457.991975;1003.966465;1.116730481;23.54455063
cp@rho=5,0.001,5,-1,-4.285912647203531,benzene_constraint,0.0,0.3380889137457646,1108.484163;1261.879847;1007.712875;1.203808791;15.60629853
cp@rho=5,0.001,6,-1,-4.403632776668708,benzene_constraint,0.0,0.30282589654729725,1150.436838;1247.12156;1045.851671;1.029231725;25.3332425
cp@rho=5,0.001,7,-1,-4.435449750735884,benzene_constraint,0.0,0.34727126240975204,1097.960358;1333.789151;998.1457804;1.145766366;25.09960955
cp@rho=5,0.001,8,-1,-4.950259650462463,benzene_constraint,0.0,0.329105868483087,1106.722315;1383.3398;1006.111196;1.134719824;29.77751039
cp@rho=5,0.001,9,-1,-5.513793576055207,benzene_constraint,0.0,0.3533611908175994,1107.918508;1421.889346;1007.198643;1.014492414;29.70264386
cp@rho=5,0.0003,0,-1,-3.2182547072174614,benzene_constraint,0.0,0.3349901566502492,1096.898;1219.260667;997.18;1.503171412;22.3924907
cp@rho=5,0.0003,1,-1,-5.136406796186172,benzene_constraint,0.0,0.37654735369777215,1134.25073;1321.777213;1031.137027;1.113049717;28.05161499
cp@rho=5,0.0003,2,-1,-5.535651112992262,benzene_constraint,0.0,0.3344157744405545,1157.846647;1411.228905;1052.587861;0.8722240866;39.02501634
cp@rho=5,0.0003,3,-1,-4.882967562296699,benzene_constraint,0.0,0.3519460385560535,1114.309431;1351.271104;1013.008573;1.35218581;20.53317654
cp@rho=5,0.0003,4,-1,-6.2011844351288445,benzene_constraint,0.0,0.422520762356963,1096.578423;1457.991975;1003.966465;1.116730481;23.54455063
cp@rho=5,0.0003,5,-1,-4.285912647203531,benzene_constraint,0.0,0.3380889137457646,1108.484163;1261.879847;1007.712875;1.203808791;15.60629853
cp@rho=5,0.0003,6,-1,-4.403632776668708,benzene_constraint,0.0,0.30282589654729725,1150.436838;1247.12156;1045.851671;1.029231725;25.3332425
cp@rho=5,0.0003,7,-1,-4.435449750735884,benzene_constraint,0.0,0.34727126240975204,1097.960358;1333.789151;998.1457804;1.145766366;25.09960955
cp@rho=5,0.0003,8,-1,-4.950259650462463,benzene_constraint,0.0,0.329105868483087,1106.722315;1383.3398;1006.111196;1.134719824;29.77751039
cp@rho=5,0.0003,9,-1,-5.513793576055207,benzene_constraint,0.0,0.3533611908175994,1107.918508;1421.889346;1007.198643;1.014492414;29.70264386
cp@rho=5,0.0001,0,-1,-3.2182547072174614,benzene_constraint,0.0,0.3349901566502492,1096.898;1219.260667;997.18;1.503171412;22.3924907
cp@rho=5,0.0001,1,-1,-5.136406796186172,benzene_constraint,0.0,0.37654735369777215,1134.25073;1321.777213;1031.137027;1.113049717;28.05161499
cp@rho=5,0.0001,2,-1,-5.535651112992262,benzene_constraint,0.0,0.3344157744405545,1157.846647;1411.228905;1052.587861;0.8722240866;39.02501634
cp@rho=5,0.0001,3,-1,-4.882967562296699,benzene_constraint,0.0,0.3519460385560535,1114.309431;1351.271104;1013.008573;1.35218581;20.53317654
cp@rho=5,0.0001,4,-1,-6.2011844351288445,benzene_constraint,0.0,0.422520762356963,1096.578423;1457.991975;1003.966465;1.116730481;23.54455063
cp@rho=5,0.0001,5,-1,-4.285912647203531,benzene_constraint,0.0,0.3380889137457646,1108.484163;1261.879847;1007.712875;1.203808791;15.60629853
cp@rho=5,0.0001,6,-1,-4.403632776668708,benzene_constraint,0.0,0.30282589654729725,1150.436838;1247.12156;1045.851671;1.029231725;25.3332425
cp@rho=5,0.0001,7,-1,-4.435449750735884,benzene_constraint,0.0,0.34727126240975204,1097.960358;1333.789151;998.1457804;1.145766366;25.09960955
cp@rho=5,0.0001,8,-1,-4.950259650462463,benzene_constraint,0.0,0.329105868483087,1106.722315;1383.3398;1006.111196;1.134719824;29.77751039
cp@rho=5,0.0001,9,-1,-5.513793576055207,benzene_constraint,0.0,0.3533611908175994,1107.918508;1421.889346;1007.198643;1.014492414;29.70264386
wrapper@rho=5,0.95,0,-1,25.82766626329215,benzene_constraint,0.0,0.23465736505085993,450;450;997.18;1.210649408;12.10649408
wrapper@rho=5,0.95,1,-1,19.01220624849762,benzene_constraint,0.0,1.366892486873502,737.9848545;983.9798059;997.18;0.5;10
wrapper@rho=5,0.95,2,-1,24.29302913397409,benzene_constraint,0.0,0.4939936047069449,592.1676334;450;997.18;0.5;25.8066397
wrapper@rho=5,0.95,3,-1,29.646276989370744,benzene_constraint,0.0,0.9787538501544025,450;450;997.18;0.5;10
wrapper@rho=5,0.95,4,-1,19.211108496701677,benzene_constraint,0.0,0.5872804908516331,675.0935008;450;997.18;0.8359691254;10
wrapper@rho=5,0.95,5,-1,24.460335195204802,benzene_constraint,0.0,0.48426583152578023,450;450;997.18;0.915680464;10
wrapper@rho=5,0.95,6,-1,29.646276989370744,benzene_constraint,0.0,0.9787538501544025,450;450;997.18;0.5;10
wrapper@rho=5,0.95,7,-1,29.646276989370744,benzene_constraint,0.0,0.9787538501544025,450;450;997.18;0.5;10
wrapper@rho=5,0.95,8,-1,29.646276989370744,benzene_constraint,0.0,0.9787538501544025,450;450;997.18;0.5;10
wrapper@rho=5,0.95,9,-1,28.06130215413182,benzene_constraint,0.0,0.5580825393814303,450;450;997.18;0.5;20.32062531
wrapper@rho=5,0.9,0,-1,13.011510617278013,benzene_constraint,0.0,0.7335499217719513,1093.995803;450;997.18;0.5;24.88993182
wrapper@rho=5,0.9,1,-1,14.041053733637561,benzene_constraint,0.0,1.593493009170866,994.3102871;824.9251845;997.18;0.5;10
wrapper@rho=5,0.9,2,-1,15.002993525082893,benzene_constraint,0.0,0.6954221081996218,982.678379;450;997.18;0.5;22.43113714
wrapper@rho=5,0.9,3,-1,29.90060126855809,benzene_constraint,0.0,0.9291743797469207,450;450;997.18;0.5;15.14300436
wrapper@rho=5,0.9,4,-1,12.806409225135589,benzene_constraint,0.0,0.5873350466039919,937.4592621;457.3876068;997.18;0.8084704693;10
wrapper@rho=5,0.9,5,-1,8.974136909841498,benzene_constraint,0.0,0.38939473774012884,1109.660452;450;1008.782229;1.013051569;10.13051569
wrapper@rho=5,0.9,6,-1,24.115286876108218,benzene_constraint,0.0,0.3482010529025318,450;564.7794314;997.18;0.9500394322;10
wrapper@rho=5,0.9,7,-1,19.145785360320563,benzene_constraint,0.0,1.0415906518736526,876.8652455;450;997.18;0.5300502278;15.44796331
wrapper@rho=5,0.9,8,-1,29.646276989370744,benzene_constraint,0.0,0.9787538501544025,450;450;997.18;0.5;10
wrapper@rho=5,0.9,9,-1,23.43493325469081,benzene_constraint,0.0,0.40419066761814043,617.413042;450;997.18;0.5;26.84350176
wrapper@rho=5,0.8,0,-1,10.012897782522522,benzene_constraint,0.0,0.6667825329239546,1096.898;561.6811762;997.18;0.7750637203;10.14982523
wrapper@rho=5,0.8,1,-1,6.60968730711663,benzene_constraint,0.0,0.42856799703337506,1096.898;777.2058572;997.18;0.5;31.36366655
wrapper@rho=5,0.8,2,-1,6.901258552677163,benzene_constraint,0.0,0.31369551981249666,1096.898;683.920721;997.18;0.5;34.2800744
wrapper@rho=5,0.8,3,-1,6.608079581841984,benzene_constraint,0.0,0.21056762556985886,1092.931328;606.4698239;997.18;1.154933463;11.54933463
wrapper@rho=5,0.8,4,-1,10.797274467411974,benzene_constraint,0.0,0.3041624316585161,1036.307623;494.3291015;997.18;0.6838820137;35.46471725
wrapper@rho=5,0.8,5,-1,10.820167625244721,benzene_constraint,0.0,0.612313332164336,798.6031298;1064.804173;997.18;0.5034746496;34.54194449
wrapper@rho=5,0.8,6,-1,5.610284692984443,benzene_constraint,0.0,0.4502394389338747,1096.898;681.9913754;997.18;0.9418682235;10
wrapper@rho=5,0.8,7,-1,9.201131048110497,benzene_constraint,0.0,0.4167900685302071,1096.898;584.3355616;997.18;0.5;50.21123932
wrapper@rho=5,0.8,8,-1,9.526236656953309,benzene_constraint,0.0,0.5382639394571296,1082.640081;468.8300089;997.18;0.9879378968;10
wrapper@rho=5,0.8,9,-1,8.844551170657653,benzene_constraint,0.0,0.5901900407519995,1096.898;455.2162131;997.18;0.9855326337;10
wrapper@rho=5,0.7,0,-1,8.473867882114348,benzene_constraint,0.0,0.45175490081397884,1096.898;567.0200959;997.18;1.132403478;11.32403478
wrapper@rho=5,0.7,1,-1,4.466796631531182,benzene_constraint,0.0,0.2892177710805309,1096.898;829.2476492;997.18;0.6229248444;30.86011879
wrapper@rho=5,0.7,2,-1,7.378758876345387,benzene_constraint,0.0,0.2942319144617394,1013.08683;803.9203702;997.18;0.5;49.5124393
wrapper@rho=5,0.7,3,-1,6.179335370612435,benzene_constraint,0.0,0.43279477792949944,1026.385542;834.8092807;997.18;1.087343206;10.87343206
wrapper@rho=5,0.7,4,-1,7.239438796999856,benzene_constraint,0.0,0.46850063025102995,972.7857421;800.6796489;997.18;0.9455089013;12.94105933
wrapper@rho=5,0.7,5,-1,7.072296283466073,benzene_constraint,0.0,0.3166118564103453,1018.079247;769.3785066;997.18;0.5364336495;46.47001239
wrapper@rho=5,0.7,6,-1,5.694693548561126,benzene_constraint,0.0,0.4222339364445796,1062.457359;862.8174141;997.18;0.6243621898;27.48714403
wrapper@rho=5,0.7,7,-1,7.237887820515361,benzene_constraint,0.0,0.27825342909999573,1082.082988;682.0399827;997.18;0.5;49.34771144
wrapper@rho=5,0.7,8,-1,5.321937698261088,benzene_constraint,0.0,0.21058776364505255,1096.898;635.9868633;997.18;0.9529563222;12.48750803
wrapper@rho=5,0.7,9,-1,6.4813887345020476,benzene_constraint,0.0,0.3586245340938278,986.0048276;871.3003984;997.18;0.5512778488;37.5157441
wrapper@rho=5,0.6,0,-1,3.3921988169046315,benzene_constraint,0.0,0.3746331474545805,1096.898;835.7798482;997.18;0.9796588645;12.12918229
wrapper@rho=5,0.6,1,-1,3.4626167513281416,benzene_constraint,0.0,0.5455188924048656,1011.226078;1037.458188;997.18;0.9497186749;10
wrapper@rho=5,0.6,2,-1,6.074375994004143,benzene_constraint,0.0,0.3937256375972872,987.2897262;924.3934432;997.18;0.5340197181;49.36448631
wrapper@rho=5,0.6,3,-1,4.392323946764364,benzene_constraint,0.0,0.5287142116606683,1044.92679;910.5146084;997.18;1.02817134;14.25615507
wrapper@rho=5,0.6,4,-1,6.004814259858861,benzene_constraint,0.0,0.32332604282675054,983.3442637;882.442713;997.18;0.8115956773;22.99931068
wrapper@rho=5,0.6,5,-1,7.890639891876013,benzene_constraint,0.0,0.624278684776767,906.035199;999.8030811;997.18;1.054314212;10.54314212
wrapper@rho=5,0.6,6,-1,4.960957281996073,benzene_constraint,0.0,0.4003178090864499,1043.093579;869.9033473;997.18;0.7687726068;26.45190964
wrapper@rho=5,0.6,7,-1,5.0993211254155,benzene_constraint,0.0,0.30842231866426895,1096.898;808.134952;997.18;0.5;48.14002908
wrapper@rho=5,0.6,8,-1,4.82768358912341,benzene_constraint,0.0,0.6079885581676066,1075.625207;859.9059971;997.18;0.9638846279;10
wrapper@rho=5,0.6,9,-1,4.204105976404961,benzene_constraint,0.0,0.36454736292642353,1096.898;845.3502688;997.18;0.5550652168;36.27606559
wrapper@rho=5,0.5,0,-1,3.0187548586294994,benzene_constraint,0.0,0.42310515661948206,1096.898;865.183368;997.18;1.074500028;12.34260507
wrapper@rho=5,0.5,1,-1,2.1601117130978054,benzene_constraint,0.0,0.3955645789412615,1096.898;988.1184239;997.18;0.8432677703;18.51054231
wrapper@rho=5,0.5,2,-1,4.576983038299616,benzene_constraint,0.0,0.46543953607003974,1039.065282;976.0850081;997.18;0.5910701764;39.80631281
wrapper@rho=5,0.5,3,-1,4.204281398638372,benzene_constraint,0.0,0.4547038195995605,1031.240799;941.5453888;997.18;1.00813953;19.29524671
wrapper@rho=5,0.5,4,-1,4.880523345995485,benzene_constraint,0.0,0.4043320199536249,1022.42918;887.4711462;997.18;0.8902469238;21.51748387
wrapper@rho=5,0.5,5,-1,8.142714751320412,benzene_constraint,0.0,0.5977984812842502,851.2545225;1097.749952;997.18;1.087659181;10.87659181
wrapper@rho=5,0.5,6,-1,5.939106842625222,benzene_constraint,0.0,0.7076468253172382,940.8960608;1063.688154;997.18;0.879023095;16.90140126
wrapper@rho=5,0.5,7,-1,3.4380097206768454,benzene_constraint,0.0,0.3845429542328704,1096.898;949.04849;997.18;0.5;41.3247684
wrapper@rho=5,0.5,8,-1,2.5534846106570015,benzene_constraint,0.0,0.6139725188403325,1096.898;976.4467757;997.18;0.95055349;10
wrapper@rho=5,0.5,9,-1,6.878252780664653,benzene_constraint,0.0,0.62042278990657,945.6842425;1035.776307;997.18;0.5229020219;44.30038881
wrapper@rho=5,0.4,0,-1,3.414010335683365,benzene_constraint,0.0,0.6070992663368339,1026.092788;986.3072619;997.18;1.055839295;13.1977534
wrapper@rho=5,0.4,1,-1,1.2585065927819556,benzene_constraint,0.0,0.26595842833140676,1068.572211;1033.809463;997.18;0.8068156211;21.06086746
wrapper@rho=5,0.4,2,-1,3.18541294538322,benzene_constraint,0.0,0.41525634409357537,1096.898;954.5600318;997.18;0.5745966541;40.03701454
wrapper@rho=5,0.4,3,-1,3.914388846929249,benzene_constraint,0.0,0.5441846813534713,1074.698614;897.8389646;997.18;1.151370646;17.3269689
wrapper@rho=5,0.4,4,-1,5.631226080255779,benzene_constraint,0.0,0.7297980798017804,948.6613401;1081.027107;997.18;1.002815106;15.48228909
wrapper@rho=5,0.4,5,-1,3.8889988316057824,benzene_constraint,0.0,0.5809563449087383,1078.230355;915.3396558;997.18;1.115363752;11.15363752
wrapper@rho=5,0.4,6,-1,3.2682128689755103,benzene_constraint,0.0,0.5994319756844748,1056.047493;965.6663841;997.18;1.018680049;13.32840536
wrapper@rho=5,0.4,7,-1,1.8539062924746403,benzene_constraint,0.0,0.5411812638485768,1096.898;1005.49817;997.18;1.053148078;10.53876656
wrapper@rho=5,0.4,8,-1,2.6014699918621957,benzene_constraint,0.0,0.37006550114888775,998.2781332;1120.088798;997.18;0.9674853755;11.2628654
wrapper@rho=5,0.4,9,-1,3.0610314121484308,benzene_constraint,0.0,0.29079952794870956,1008.727306;1052.513539;997.18;0.5403929129;41.35085906
wrapper@rho=5,0.3,0,-1,5.2168417135412355,benzene_constraint,0.0,0.7931286924166953,971.6093537;1108.51212;997.18;1.108663645;11.08663645
wrapper@rho=5,0.3,1,-1,1.16324534881511,benzene_constraint,0.0,0.2634855678150487,1096.898;1021.90289;997.18;0.8880532691;20.45051032
wrapper@rho=5,0.3,2,-1,2.8040437875282365,benzene_constraint,0.0,0.4302686552977709,1096.898;969.8225751;997.18;0.5558607376;45.6147166
wrapper@rho=5,0.3,3,-1,1.4903422076547344,benzene_constraint,0.0,0.5985458587566506,1096.898;983.4742993;997.18;1.190517507;11.90517507
wrapper@rho=5,0.3,4,-1,1.13658175341088,benzene_constraint,0.0,0.1669255767784804,1054.164346;1104.9435;997.18;0.6411954937;35.89572105
wrapper@rho=5,0.3,5,-1,2.530430512029284,benzene_constraint,0.0,0.48817017174199834,1096.898;960.0204492;997.18;1.064467572;14.88777125
wrapper@rho=5,0.3,6,-1,3.8326856879123596,benzene_constraint,0.0,0.6494877408368038,1074.298529;972.2274265;997.18;1.070960696;10.96985808
wrapper@rho=5,0.3,7,-1,2.0015646129041755,benzene_constraint,0.0,0.5465823829208812,1096.898;937.9274224;997.18;1.198598175;11.98598175
wrapper@rho=5,0.3,8,-1,1.760522541780439,benzene_constraint,0.0,0.41628062094787366,1068.06825;1025.581581;997.18;1.067684202;15.92428768
wrapper@rho=5,0.3,9,-1,-0.09441970261929811,benzene_constraint,0.42857142857142855,0.21825412045953674,1095.875074;1098.561039;997.18;0.5964796492;34.77512826
wrapper@rho=5,0.2,0,-1,0.5621496071737724,benzene_constraint,0.14285714285714285,0.47000056467484247,1096.898;1081.465462;997.18;1.046625871;10.46625871
wrapper@rho=5,0.2,1,-1,-0.02569358495876628,benzene_constraint,0.5714285714285714,0.25042878516886863,1096.898;1061.685191;997.18;0.9087428333;23.26446949
wrapper@rho=5,0.2,2,-1,-1.3672448826010708,benzene_constraint,0.0,0.29211260369158004,1096.898;1147.230225;997.18;0.8654991329;22.62712063
wrapper@rho=5,0.2,3,-1,2.8050186819898357,benzene_constraint,0.0,0.5615830820560549,949.2610638;1265.681418;997.18;1.091443793;11.35532936
wrapper@rho=5,0.2,4,-1,-0.6917126423889428,benzene_constraint,0.0,0.29010875993278273,1099.3456;1097.934481;999.4050905;0.7725999289;35.55965643
wrapper@rho=5,0.2,5,-1,4.688885233621811,benzene_constraint,0.0,0.5524315497853587,909.6186048;1212.824806;997.18;1.092312634;10.92312634
wrapper@rho=5,0.2,6,-1,0.335819885979852,benzene_constraint,0.14285714285714285,0.24876168202897025,1096.898;1034.842328;997.18;0.8381423785;22.99152132
wrapper@rho=5,0.2,7,-1,1.6568195102901555,benzene_constraint,0.0,0.5030581771963343,1096.898;1013.547309;997.18;1.071592873;15.23541556
wrapper@rho=5,0.2,8,-1,0.4974668517481433,benzene_constraint,0.14285714285714285,0.42640735493100956,1096.898;1017.557356;997.18;1.180668011;13.38015437
wrapper@rho=5,0.2,9,-1,0.40628520612306573,benzene_constraint,0.0,0.21872439219081968,1055.555064;1096.276068;997.18;0.840319777;29.7043802
wrapper@rho=5,0.15,0,-1,0.8986343284353353,benzene_constraint,0.0,0.5231936610922737,1096.898;1075.060304;997.18;1.104091748;11.04091748
wrapper@rho=5,0.15,1,-1,-0.19450173850276542,benzene_constraint,0.14285714285714285,0.2827855479099931,1096.898;1080.529949;997.18;0.9857969848;22.35841842
wrapper@rho=5,0.15,2,-1,-3.0786581604869454,benzene_constraint,0.0,0.20698349671379862,1096.898;1211.140424;997.18;0.8168350976;23.70297349
wrapper@rho=5,0.15,3,-1,2.623901523065051,benzene_constraint,0.0,0.554697658364154,950.7196669;1247.89542;997.18;1.144119199;11.44119199
wrapper@rho=5,0.15,4,-1,-1.3456808309079449,benzene_constraint,0.0,0.332033153752632,1119.108912;1095.256742;1017.371738;0.7911169068;31.65948932
wrapper@rho=5,0.15,5,-1,2.2576826802665764,benzene_constraint,0.0,0.5065105120408777,927.7456142;1236.994152;997.18;1.038170489;14.27445102
wrapper@rho=5,0.15,6,-1,1.538448504774749,benzene_constraint,0.0,0.2677868360211934,1096.898;1024.697627;997.18;0.7717323652;30.32534543
wrapper@rho=5,0.15,7,-1,0.436492691256511,benzene_constraint,0.14285714285714285,0.5043612429222035,1096.898;1083.062446;997.18;1.128515531;11.28515531
wrapper@rho=5,0.15,8,-1,0.337604179640266,benzene_constraint,0.14285714285714285,0.24836136736346764,1075.352756;1163.604368;997.18;0.5;49.93973184
wrapper@rho=5,0.15,9,-1,0.11475124032752149,benzene_constraint,0.2857142857142857,0.2675383089649794,1096.898;1046.961743;997.18;0.929858923;26.40857245
wrapper@rho=5,0.1,0,-1,0.27120507756878,benzene_constraint,0.42857142857142855,0.6028685701486973,1096.898;1151.141874;997.18;1.086803234;10.86803234
wrapper@rho=5,0.1,1,-1,-1.5352892195081722,benzene_constraint,0.0,0.20490373880179322,1096.898;1179.73941;997.18;0.5067835918;45.9528327
wrapper@rho=5,0.1,2,-1,-3.0890847353800694,benzene_constraint,0.0,0.20274616239408724,1096.898;1219.032885;997.18;0.8177654304;24.80004855
wrapper@rho=5,0.1,3,-1,-0.3974628721535822,benzene_constraint,0.2857142857142857,0.5201932594421615,1043.134151;1221.912417;997.18;1.06827292;10.6827292
wrapper@rho=5,0.1,4,-1,-3.4431396249110335,benzene_constraint,0.0,0.20243424458611986,1096.898;1240.462617;997.18;0.878179207;24.41407796
wrapper@rho=5,0.1,5,-1,1.0869103828898687,benzene_constraint,0.0,0.3840569190981116,1048.25545;1085.762222;997.18;1.178701316;11.78701316
wrapper@rho=5,0.1,6,-1,0.1343483461980881,benzene_constraint,0.2857142857142857,0.2518718340294696,1096.898;1048.124508;997.18;0.8136317473;28.71339265
wrapper@rho=5,0.1,7,-1,-0.02979525142266226,benzene_constraint,0.42857142857142855,0.4608915032304197,1096.898;1086.303059;997.18;1.154444574;11.54444574
wrapper@rho=5,0.1,8,-1,0.3409908387589766,benzene_constraint,0.14285714285714285,0.3302821391875796,1083.668859;1155.491084;997.18;0.5;53.38446725
wrapper@rho=5,0.1,9,-1,-1.3540292164209973,benzene_constraint,0.0,0.33483383266564826,1096.898;1121.591192;997.18;0.9955632529;21.56587025
wrapper@rho=5,0.05,0,-1,-1.9746273040819489,benzene_constraint,0.0,0.5921344557044935,1094.896357;1299.205138;997.18;1.063967099;10.63967099
wrapper@rho=5,0.05,1,-1,-0.6366618643843793,benzene_constraint,0.0,0.3060782358413904,1008.311003;1314.261528;997.18;0.5823535004;43.21685385
wrapper@rho=5,0.05,2,-1,-3.3867547663701814,benzene_constraint,0.0,0.22155413167600166,1096.898;1233.148841;997.18;0.9124218758;25.36431872
wrapper@rho=5,0.05,3,-1,-1.985623774085532,benzene_constraint,0.0,0.4306530072360672,1056.296277;1165.455709;997.18;1.120759283;13.56887585
wrapper@rho=5,0.05,4,-1,-4.46905037692499,benzene_constraint,0.0,0.29951920486930356,1096.898;1303.134927;997.18;0.9751834945;21.95129231
wrapper@rho=5,0.05,5,-1,-1.8098976363438126,benzene_constraint,0.0,0.42799606527452405,1096.898;1159.185114;997.18;1.067901652;18.67934867
wrapper@rho=5,0.05,6,-1,-0.1412320262764979,benzene_constraint,0.2857142857142857,0.24926603898120248,1096.898;1081.478957;997.18;0.8572953755;26.76610924
wrapper@rho=5,0.05,7,-1,-2.047268144591037,benzene_constraint,0.0,0.45427669725136566,1096.898;1180.575573;997.18;1.127486107;11.27486107
wrapper@rho=5,0.05,8,-1,-1.0509509735523253,benzene_constraint,0.0,0.2674097631507962,1061.790461;1179.76054;997.18;0.5809261111;49.69863718
wrapper@rho=5,0.05,9,-1,-1.7731176319650217,benzene_constraint,0.0,0.4759501813318243,1096.898;1132.73218;997.18;1.220399155;12.55851137
wrapper@rho=5,0.0,0,-1,-3.8748618744369523,benzene_constraint,0.0,0.36508439357092026,1096.898;1261.20029;997.18;1.106916394;15.52452751
wrapper@rho=5,0.0,1,-1,-2.9822801890379225,benzene_constraint,0.0,0.25908546265374655,1058.899767;1307.449311;997.18;0.8653150776;30.08146167
wrapper@rho=5,0.0,2,-1,-4.4068249596942906,benzene_constraint,0.0,0.25405408819669123,1096.898;1348.576895;997.18;0.9417183583;23.48646466
wrapper@rho=5,0.0,3,-1,-1.2491392115262343,benzene_constraint,0.0,0.4583249830328796,1045.051099;1220.085745;997.18;1.141245478;11.41245478
wrapper@rho=5,0.0,4,-1,-4.090225488362542,benzene_constraint,0.0,0.27431605805358616,1154.801656;1217.953389;1049.819687;0.8957051912;23.47713982
wrapper@rho=5,0.0,5,-1,-1.8193516817753945,benzene_constraint,0.0,0.5288223627051654,1018.600567;1236.155183;997.18;1.237595672;12.37595672
wrapper@rho=5,0.0,6,-1,-1.9410134973549091,benzene_constraint,0.0,0.33954651234953376,1049.566876;1184.398303;999.2268301;1.103311548;19.43107074
wrapper@rho=5,0.0,7,-1,-1.6059878987551102,benzene_constraint,0.0,0.4476608242453021,1096.898;1138.101469;997.18;1.25514223;12.5514223
wrapper@rho=5,0.0,8,-1,-2.0325241530689695,benzene_constraint,0.0,0.2357292066237255,1096.898;1170.318132;997.18;0.6437785246;45.22883134
wrapper@rho=5,0.0,9,-1,-1.2416945613702026,benzene_constraint,0.0,0.39974319077192066,1096.898;1116.319469;997.18;1.254896851;16.05401306
cp@rho=6,10.0,0,-1,3.488126889545889,benzene_constraint,0.0,0.3835922548472858,1096.898;812.5658127;997.18;1.156670181;13.83070908
cp@rho=6,10.0,1,-1,2.5001127582503386,benzene_constraint,0.0,0.3673309686255799,993.9270993;1076.771725;997.18;0.9617133262;17.68247142
cp@rho=6,10.0,2,-1,3.9533361117289587,benzene_constraint,0.0,0.330949429436917,1096.898;878.2346828;997.18;0.6707805734;30.50522283
cp@rho=6,10.0,3,-1,3.6598890489387443,benzene_constraint,0.0,0.38717496467949974,1096.898;940.3175876;997.18;0.6997372133;27.65986907
cp@rho=6,10.0,4,-1,3.732852693690816,benzene_constraint,0.0,0.5177821040610375,1087.710961;882.5212826;997.18;1.027113868;17.41090848
cp@rho=6,10.0,5,-1,2.351877497168765,benzene_constraint,0.0,0.2219909364367413,1038.879148;1059.809006;997.18;0.5;43.8032595
cp@rho=6,10.0,6,-1,2.2500411089591097,benzene_constraint,0.0,0.6277461515269093,1096.898;981.8511139;997.18;1;10
cp@rho=6,10.0,7,-1,2.8863456209627643,benzene_constraint,0.0,0.3256339382440774,1096.898;907.3626376;997.18;0.836863234;18.54256288
cp@rho=6,10.0,8,-1,4.064123090506747,benzene_constraint,0.0,0.5084600879668777,1096.898;817.5740464;997.18;0.9799179388;10
cp@rho=6,10.0,9,-1,2.0743139179200654,benzene_constraint,0.0,0.39077638273072707,1126.180086;970.360228;1023.800078;0.6119727536;38.32226724
cp@rho=6,3.0,0,-1,-1.4509328616170833,benzene_constraint,0.0,0.40320613541688777,1163.031239;1083.804322;1057.301126;1.260751969;12.60751969
cp@rho=6,3.0,1,-1,-4.691144418713279,benzene_constraint,0.0,0.36973421038628196,1115.904957;1316.166701;1014.459052;1.00262724;35.1314286
cp@rho=6,3.0,2,-1,-5.139183749380216,benzene_constraint,0.0,0.3133957086222853,1160.215147;1350.717871;1054.741042;0.9425196958;31.80180789
cp@rho=6,3.0,3,-1,-4.496266215678574,benzene_constraint,0.0,0.3199197717452048,1137.236943;1253.148406;1033.851766;1.03792471;25.85545051
cp@rho=6,3.0,4,-1,-3.427132761788066,benzene_constraint,0.0,0.3790573160259808,1106.372913;1194.206769;1005.793557;1.555451737;15.55451737
cp@rho=6,3.0,5,-1,-3.862550147778066,benzene_constraint,0.0,0.3845257189958565,1127.090718;1173.268897;1024.627926;1.137611201;24.46773785
cp@rho=6,3.0,6,-1,-3.843213441818115,benzene_constraint,0.0,0.26948183795017927,1111.966508;1218.458404;1010.878643;1.02797124;25.04048715
cp@rho=6,3.0,7,-1,-3.101793325495514,benzene_constraint,0.0,0.30221068583385047,1096.898;1220.642436;997.18;1.035724362;32.3384411
cp@rho=6,3.0,8,-1,-4.4539913921547765,benzene_constraint,0.0,0.40065282933246305,1155.953328;1267.357385;1050.866662;0.9797750779;36.63649964
cp@rho=6,3.0,9,-1,-3.931113144186078,benzene_constraint,0.0,0.3214011097208542,1111.644431;1272.800627;1010.585846;0.8226157995;43.16567458
cp@rho=6,1.0,0,-1,-5.289233788773856,benzene_constraint,0.0,0.37051071688569714,1159.321085;1351.164494;1053.928259;1.331316605;15.23286978
cp@rho=6,1.0,1,-1,-4.338333220434549,benzene_constraint,0.0,0.3891115391858145,1162.237947;1265.151319;1056.579952;1.083169495;33.53129124
cp@rho=6,1.0,2,-1,-5.081999759275064,benzene_constraint,0.0,0.3339183570545088,1162.464123;1371.097901;1056.785566;0.9125569041;39.04917647
cp@rho=6,1.0,3,-1,-4.716556729035247,benzene_constraint,0.0,0.45742794413861676,1136.367762;1272.156214;1033.061602;1.550523226;22.83484326
cp@rho=6,1.0,4,-1,-4.6243246446856645,benzene_constraint,0.0,0.30803011875888714,1109.927018;1378.40033;1022.781674;1.02324135;36.1607631
cp@rho=6,1.0,5,-1,-4.161295477421035,benzene_constraint,0.0,0.3979587829995415,1142.393028;1195.72498;1038.539116;1.280581769;22.6733047
cp@rho=6,1.0,6,-1,-4.561936709346426,benzene_constraint,0.0,0.4286472185045095,1128.206677;1225.941535;1025.642433;1.184742544;24.22650375
cp@rho=6,1.0,7,-1,-2.185448969028208,benzene_constraint,0.0,0.2645311022167043,1096.898;1209.498303;997.18;1.418416312;31.03982648
cp@rho=6,1.0,8,-1,-6.012161495582795,benzene_constraint,0.0,0.3857874502769083,1183.174089;1443.874058;1075.612809;1.209811569;28.78246747
cp@rho=6,1.0,9,-1,-4.528336935989387,benzene_constraint,0.0,0.33199000719232996,1101.152282;1390.61829;1001.047529;1.010737294;37.14733776
cp@rho=6,0.3,0,-1,-5.289233788773856,benzene_constraint,0.0,0.37051071688569714,1159.321085;1351.164494;1053.928259;1.331316605;15.23286978
cp@rho=6,0.3,1,-1,-4.786384377771029,benzene_constraint,0.0,0.3530919522604236,1158.20886;1325.569387;1052.917145;1.063653988;33.8012737
cp@rho=6,0.3,2,-1,-4.763591142859987,benzene_constraint,0.0,0.35465643029978794,1170.947236;1302.928709;1064.497488;1.43582338;16.34721437
cp@rho=6,0.3,3,-1,-4.6635156509434665,benzene_constraint,0.0,0.41376921267462374,1141.762724;1285.093246;1037.966113;1.536945445;22.83979259
cp@rho=6,0.3,4,-1,-4.6243246446856645,benzene_constraint,0.0,0.30803011875888714,1109.927018;1378.40033;1022.781674;1.02324135;36.1607631
cp@rho=6,0.3,5,-1,-5.309011770252859,benzene_constraint,0.0,0.34524099811137904,1158.573915;1346.261448;1053.249014;1.047807824;26.36775487
cp@rho=6,0.3,6,-1,-5.23911516864446,benzene_constraint,0.0,0.3989106522676252,1146.454848;1302.678448;1042.23168;1.254049621;18.79692548
cp@rho=6,0.3,7,-1,-2.185448969028208,benzene_constraint,0.0,0.2645311022167043,1096.898;1209.498303;997.18;1.418416312;31.03982648
cp@rho=6,0.3,8,-1,-4.880287951440216,benzene_constraint,0.0,0.37155585825818505,1177.576738;1325.652426;1070.524307;1.59614678;17.80818757
cp@rho=6,0.3,9,-1,-4.600579335800425,benzene_constraint,0.0,0.31256662755031517,1131.655052;1348.122909;1028.77732;0.886811449;43.27132177
cp@rho=6,0.1,0,-1,-5.434924204549645,benzene_constraint,0.0,0.4051098236629075,1155.706434;1359.456226;1050.642213;1.354301846;15.08964957
cp@rho=6,0.1,1,-1,-4.737894946050922,benzene_constraint,0.0,0.3052932207334397,1168.850495;1337.463301;1062.591359;1.058544108;32.58754172
cp@rho=6,0.1,2,-1,-4.763591142859987,benzene_constraint,0.0,0.35465643029978794,1170.947236;1302.928709;1064.497488;1.43582338;16.34721437
cp@rho=6,0.1,3,-1,-4.6635156509434665,benzene_constraint,0.0,0.41376921267462374,1141.762724;1285.093246;1037.966113;1.536945445;22.83979259
cp@rho=6,0.1,4,-1,-4.6243246446856645,benzene_constraint,0.0,0.30803011875888714,1109.927018;1378.40033;1022.781674;1.02324135;36.1607631
cp@rho=6,0.1,5,-1,-5.309011770252859,benzene_constraint,0.0,0.34524099811137904,1158.573915;1346.261448;1053.249014;1.047807824;26.36775487
cp@rho=6,0.1,6,-1,-5.459701076102711,benzene_constraint,0.0,0.4265416731828799,1146.996128;1312.801511;1042.723753;1.272777996;19.72623858
cp@rho=6,0.1,7,-1,-2.185448969028208,benzene_constraint,0.0,0.2645311022167043,1096.898;1209.498303;997.18;1.418416312;31.03982648
cp@rho=6,0.1,8,-1,-4.880287951440216,benzene_constraint,0.0,0.37155585825818505,1177.576738;1325.652426;1070.524307;1.59614678;17.80818757
cp@rho=6,0.1,9,-1,-4.600579335800425,benzene_constraint,0.0,0.31256662755031517,1131.655052;1348.122909;1028.77732;0.886811449;43.27132177
cp@rho=6,0.03,0,-1,-5.434924204549645,benzene_constraint,0.0,0.4051098236629075,1155.706434;1359.456226;1050.642213;1.354301846;15.08964957
cp@rho=6,0.03,1,-1,-4.737894946050922,benzene_constraint,0.0,0.3052932207334397,1168.850495;1337.463301;1062.591359;1.058544108;32.58754172
cp@rho=6,0.03,2,-1,-4.763591142859987,benzene_constraint,0.0,0.35465643029978794,1170.947236;1302.928709;1064.497488;1.43582338;16.34721437
cp@rho=6,0.03,3,-1,-4.6635156509434665,benzene_constraint,0.0,0.41376921267462374,1141.762724;1285.093246;1037.966113;1.536945445;22.83979259
cp@rho=6,0.03,4,-1,-4.6243246446856645,benzene_constraint,0.0,0.30803011875888714,1109.927018;1378.40033;1022.781674;1.02324135;36.1607631
cp@rho=6,0.03,5,-1,-5.309011770252859,benzene_constraint,0.0,0.34524099811137904,1158.573915;1346.261448;1053.249014;1.047807824;26.36775487
cp@rho=6,0.03,6,-1,-5.459701076102711,benzene_constraint,0.0,0.4265416731828799,1146.996128;1312.801511;1042.723753;1.272777996;19.72623858
cp@rho=6,0.03,7,-1,-2.185448969028208,benzene_constraint,0.0,0.2645311022167043,1096.898;1209.498303;997.18;1.418416312;31.03982648
cp@rho=6,0.03,8,-1,-4.880287951440216,benzene_constraint,0.0,0.37155585825818505,1177.576738;1325.652426;1070.524307;1.59614678;17.80818757
cp@rho=6,0.03,9,-1,-4.600579335800425,benzene_constraint,0.0,0.31256662755031517,1131.655052;1348.122909;1028.77732;0.886811449;43.27132177
cp@rho=6,0.01,0,-1,-5.434924204549645,benzene_constraint,0.0,0.4051098236629075,1155.706434;1359.456226;1050.642213;1.354301846;15.08964957
cp@rho=6,0.01,1,-1,-4.737894946050922,benzene_constraint,0.0,0.3052932207334397,1168.850495;1337.463301;1062.591359;1.058544108;32.58754172
cp@rho=6,0.01,2,-1,-4.763591142859987,benzene_constraint,0.0,0.35465643029978794,1170.947236;1302.928709;1064.497488;1.43582338;16.34721437
cp@rho=6,0.01,3,-1,-4.6635156509434665,benzene_constraint,0.0,0.41376921267462374,1141.762724;1285.093246;1037.966113;1.536945445;22.83979259
cp@rho=6,0.01,4,-1,-4.6243246446856645,benzene_constraint,0.0,0.30803011875888714,1109.927018;1378.40033;1022.781674;1.02324135;36.1607631
cp@rho=6,0.01,5,-1,-5.309011770252859,benzene_constraint,0.0,0.34524099811137904,1158.573915;1346.261448;1053.249014;1.047807824;26.36775487
cp@rho=6,0.01,6,-1,-5.459701076102711,benzene_constraint,0.0,0.4265416731828799,1146.996128;1312.801511;1042.723753;1.272777996;19.72623858
cp@rho=6,0.01,7,-1,-2.185448969028208,benzene_constraint,0.0,0.2645311022167043,1096.898;1209.498303;997.18;1.418416312;31.03982648
cp@rho=6,0.01,8,-1,-4.880287951440216,benzene_constraint,0.0,0.37155585825818505,1177.576738;1325.652426;1070.524307;1.59614678;17.80818757
cp@rho=6,0.01,9,-1,-4.600579335800425,benzene_constraint,0.0,0.31256662755031517,1131.655052;1348.122909;1028.77732;0.886811449;43.27132177
cp@rho=6,0.003,0,-1,-5.434924204549645,benzene_constraint,0.0,0.4051098236629075,1155.706434;1359.456226;1050.642213;1.354301846;15.08964957
cp@rho=6,0.003,1,-1,-4.737894946050922,benzene_constraint,0.0,0.3052932207334397,1168.850495;1337.463301;1062.591359;1.058544108;32.58754172
cp@rho=6,0.003,2,-1,-4.763591142859987,benzene_constraint,0.0,0.35465643029978794,1170.947236;1302.928709;1064.497488;1.43582338;16.34721437
cp@rho=6,0.003,3,-1,-4.6635156509434665,benzene_constraint,0.0,0.41376921267462374,1141.762724;1285.093246;1037.966113;1.536945445;22.83979259
cp@rho=6,0.003,4,-1,-4.6243246446856645,benzene_constraint,0.0,0.30803011875888714,1109.927018;1378.40033;1022.781674;1.02324135;36.1607631
cp@rho=6,0.003,5,-1,-5.309011770252859,benzene_constraint,0.0,0.34524099811137904,1158.573915;1346.261448;1053.249014;1.047807824;26.36775487
cp@rho=6,0.003,6,-1,-5.459701076102711,benzene_constraint,0.0,0.4265416731828799,1146.996128;1312.801511;1042.723753;1.272777996;19.72623858
cp@rho=6,0.003,7,-1,-2.185448969028208,benzene_constraint,0.0,0.2645311022167043,1096.898;1209.498303;997.18;1.418416312;31.03982648
cp@rho=6,0.003,8,-1,-4.880287951440216,benzene_constraint,0.0,0.37155585825818505,1177.576738;1325.652426;1070.524307;1.59614678;17.80818757
cp@rho=6,0.003,9,-1,-4.600579335800425,benzene_constraint,0.0,0.31256662755031517,1131.655052;1348.122909;1028.77732;0.886811449;43.27132177
cp@rho=6,0.001,0,-1,-5.434924204549645,benzene_constraint,0.0,0.4051098236629075,1155.706434;1359.456226;1050.642213;1.354301846;15.08964957
cp@rho=6,0.001,1,-1,-4.737894946050922,benzene_constraint,0.0,0.3052932207334397,1168.850495;1337.463301;1062.591359;1.058544108;32.58754172
cp@rho=6,0.001,2,-1,-4.763591142859987,benzene_constraint,0.0,0.35465643029978794,1170.947236;1302.928709;1064.497488;1.43582338;16.34721437
cp@rho=6,0.001,3,-1,-4.6635156509434665,benzene_constraint,0.0,0.41376921267462374,1141.762724;1285.093246;1037.966113;1.536945445;22.83979259
cp@rho=6,0.001,4,-1,-4.6243246446856645,benzene_constraint,0.0,0.30803011875888714,1109.927018;1378.40033;1022.781674;1.02324135;36.1607631
cp@rho=6,0.001,5,-1,-5.309011770252859,benzene_constraint,0.0,0.34524099811137904,1158.573915;1346.261448;1053.249014;1.047807824;26.36775487
cp@rho=6,0.001,6,-1,-5.459701076102711,benzene_constraint,0.0,0.4265416731828799,1146.996128;1312.801511;1042.723753;1.272777996;19.72623858
cp@rho=6,0.001,7,-1,-2.185448969028208,benzene_constraint,0.0,0.2645311022167043,1096.898;1209.498303;997.18;1.418416312;31.03982648
cp@rho=6,0.001,8,-1,-4.880287951440216,benzene_constraint,0.0,0.37155585825818505,1177.576738;1325.652426;1070.524307;1.59614678;17.80818757
cp@rho=6,0.001,9,-1,-4.600579335800425,benzene_constraint,0.0,0.31256662755031517,1131.655052;1348.122909;1028.77732;0.886811449;43.27132177
cp@rho=6,0.0003,0,-1,-5.434924204549645,benzene_constraint,0.0,0.4051098236629075,1155.706434;1359.456226;1050.642213;1.354301846;15.08964957
cp@rho=6,0.0003,1,-1,-4.737894946050922,benzene_constraint,0.0,0.3052932207334397,1168.850495;1337.463301;1062.591359;1.058544108;32.58754172
cp@rho=6,0.0003,2,-1,-4.763591142859987,benzene_constraint,0.0,0.35465643029978794,1170.947236;1302.928709;1064.497488;1.43582338;16.34721437
cp@rho=6,0.0003,3,-1,-4.6635156509434665,benzene_constraint,0.0,0.41376921267462374,1141.762724;1285.093246;1037.966113;1.536945445;22.83979259
cp@rho=6,0.0003,4,-1,-4.6243246446856645,benzene_constraint,0.0,0.30803011875888714,1109.927018;1378.40033;1022.781674;1.02324135;36.1607631
cp@rho=6,0.0003,5,-1,-5.309011770252859,benzene_constraint,0.0,0.34524099811137904,1158.573915;1346.261448;1053.249014;1.047807824;26.36775487
cp@rho=6,0.0003,6,-1,-5.459701076102711,benzene_constraint,0.0,0.4265416731828799,1146.996128;1312.801511;1042.723753;1.272777996;19.72623858
cp@rho=6,0.0003,7,-1,-2.185448969028208,benzene_constraint,0.0,0.2645311022167043,1096.898;1209.498303;997.18;1.418416312;31.03982648
cp@rho=6,0.0003,8,-1,-4.880287951440216,benzene_constraint,0.0,0.37155585825818505,1177.576738;1325.652426;1070.524307;1.59614678;17.80818757
cp@rho=6,0.0003,9,-1,-4.600579335800425,benzene_constraint,0.0,0.31256662755031517,1131.655052;1348.122909;1028.77732;0.886811449;43.27132177
cp@rho=6,0.0001,0,-1,-5.434924204549645,benzene_constraint,0.0,0.4051098236629075,1155.706434;1359.456226;1050.642213;1.354301846;15.08964957
cp@rho=6,0.0001,1,-1,-4.737894946050922,benzene_constraint,0.0,0.3052932207334397,1168.850495;1337.463301;1062.591359;1.058544108;32.58754172
cp@rho=6,0.0001,2,-1,-4.763591142859987,benzene_constraint,0.0,0.35465643029978794,1170.947236;1302.928709;1064.497488;1.43582338;16.34721437
cp@rho=6,0.0001,3,-1,-4.6635156509434665,benzene_constraint,0.0,0.41376921267462374,1141.762724;1285.093246;1037.966113;1.536945445;22.83979259
cp@rho=6,0.0001,4,-1,-4.6243246446856645,benzene_constraint,0.0,0.30803011875888714,1109.927018;1378.40033;1022.781674;1.02324135;36.1607631
cp@rho=6,0.0001,5,-1,-5.309011770252859,benzene_constraint,0.0,0.34524099811137904,1158.573915;1346.261448;1053.249014;1.047807824;26.36775487
cp@rho=6,0.0001,6,-1,-5.459701076102711,benzene_constraint,0.0,0.4265416731828799,1146.996128;1312.801511;1042.723753;1.272777996;19.72623858
cp@rho=6,0.0001,7,-1,-2.185448969028208,benzene_constraint,0.0,0.2645311022167043,1096.898;1209.498303;997.18;1.418416312;31.03982648
cp@rho=6,0.0001,8,-1,-4.880287951440216,benzene_constraint,0.0,0.37155585825818505,1177.576738;1325.652426;1070.524307;1.59614678;17.80818757
cp@rho=6,0.0001,9,-1,-4.600579335800425,benzene_constraint,0.0,0.31256662755031517,1131.655052;1348.122909;1028.77732;0.886811449;43.27132177
wrapper@rho=6,0.95,0,-1,28.88970146507052,benzene_constraint,0.0,1.0230248554691779,505.2543604;450;997.18;0.5;10
wrapper@rho=6,0.95,1,-1,24.345960221433195,benzene_constraint,0.0,0.20205313883492246,529.6958441;450;997.18;1.147239113;11.47239113
wrapper@rho=6,0.95,2,-1,29.646276989370744,benzene_constraint,0.0,0.9787538501544025,450;450;997.18;0.5;10
wrapper@rho=6,0.95,3,-1,26.970824984002785,benzene_constraint,0.0,0.5230275895526073,450;450;997.18;0.5986780994;10
wrapper@rho=6,0.95,4,-1,29.646276989370744,benzene_constraint,0.0,0.9787538501544025,450;450;997.18;0.5;10
wrapper@rho=6,0.95,5,-1,17.34388349941581,benzene_constraint,0.0,1.6184317901667906,1060.636257;450;997.18;0.5;10
wrapper@rho=6,0.95,6,-1,29.646276989370744,benzene_constraint,0.0,0.9787538501544025,450;450;997.18;0.5;10
wrapper@rho=6,0.95,7,-1,29.646276989370744,benzene_constraint,0.0,0.9787538501544025,450;450;997.18;0.5;10
wrapper@rho=6,0.95,8,-1,26.83093137273628,benzene_constraint,0.0,1.1518776946022453,583.5819361;450;997.18;0.5;10
wrapper@rho=6,0.95,9,-1,29.646276989370744,benzene_constraint,0.0,0.9787538501544025,450;450;997.18;0.5;10
wrapper@rho=6,0.9,0,-1,17.624548651864124,benzene_constraint,0.0,1.5669291881708025,1024.999554;450;997.18;0.5;10
wrapper@rho=6,0.9,1,-1,12.256933805860406,benzene_constraint,0.0,0.5057610014208683,1064.521183;450;997.18;0.5;32.78588749
wrapper@rho=6,0.9,2,-1,11.852217552347291,benzene_constraint,0.0,0.5379649536971098,1090.408844;450;997.18;0.5;30.97085609
wrapper@rho=6,0.9,3,-1,19.31999412816473,benzene_constraint,0.0,0.8737906305270023,826.2645476;450;997.18;0.5;18.66782484
wrapper@rho=6,0.9,4,-1,24.46894099845264,benzene_constraint,0.0,0.39720007258910217,450;598.8913608;997.18;0.7443430867;10
wrapper@rho=6,0.9,5,-1,11.389307543418688,benzene_constraint,0.0,0.9096440001582712,1096.898;562.4387094;997.18;0.717595163;10
wrapper@rho=6,0.9,6,-1,26.016985492414562,benzene_constraint,0.0,0.14575592605385349,450;450;997.18;1.077540482;10.77540482
wrapper@rho=6,0.9,7,-1,29.646276989370744,benzene_constraint,0.0,0.9787538501544025,450;450;997.18;0.5;10
wrapper@rho=6,0.9,8,-1,17.45248698183635,benzene_constraint,0.0,1.574347608112103,1034.296037;450;997.18;0.5;10
wrapper@rho=6,0.9,9,-1,29.646276989370744,benzene_constraint,0.0,0.9787538501544025,450;450;997.18;0.5;10
wrapper@rho=6,0.8,0,-1,11.911559505077648,benzene_constraint,0.0,0.7665289161930715,1096.898;557.2199901;997.18;0.5301791388;22.15945549
wrapper@rho=6,0.8,1,-1,8.67809999011336,benzene_constraint,0.0,0.4509746412679562,1084.975517;584.7045435;997.18;0.5902942127;33.1905185
wrapper@rho=6,0.8,2,-1,6.534183219544396,benzene_constraint,0.0,0.24292052634002215,1096.898;647.9892264;997.18;0.6715839312;23.80625815
wrapper@rho=6,0.8,3,-1,8.75516038232945,benzene_constraint,0.0,0.6092833080834519,1072.090033;589.928482;997.18;0.860172723;10
wrapper@rho=6,0.8,4,-1,11.145839993626566,benzene_constraint,0.0,0.2949855156245647,1037.334196;450;997.18;0.7014206715;34.00304348
wrapper@rho=6,0.8,5,-1,9.987258732361518,benzene_constraint,0.0,0.3376450240078497,1096.898;450;997.18;0.6259842454;41.88652521
wrapper@rho=6,0.8,6,-1,10.206886269797153,benzene_constraint,0.0,0.43727920794788805,1099.126617;476.431634;999.2060153;0.7438021905;19.75877728
wrapper@rho=6,0.8,7,-1,25.585276858627047,benzene_constraint,0.0,1.2111140795264685,664.9984837;450;997.18;0.5;10
wrapper@rho=6,0.8,8,-1,8.6967477598511,benzene_constraint,0.0,0.6352219764475416,1096.898;493.5927606;997.18;0.9438676612;10
wrapper@rho=6,0.8,9,-1,9.275053757611218,benzene_constraint,0.0,0.46516797146414773,1086.280954;450;997.18;1.026309382;10.26309382
wrapper@rho=6,0.7,0,-1,8.70967113601241,benzene_constraint,0.0,0.5148273917849078,1095.320117;450;997.18;1.010493066;10.10493066
wrapper@rho=6,0.7,1,-1,7.810907004601454,benzene_constraint,0.0,0.5607919150273655,966.5571821;849.3495894;997.18;0.9325535559;15.38461509
wrapper@rho=6,0.7,2,-1,7.8533267856658355,benzene_constraint,0.0,0.549981745848741,958.6550756;979.4066888;997.18;0.5;38.18253516
wrapper@rho=6,0.7,3,-1,5.652054545585074,benzene_constraint,0.0,0.5694523671468493,1080.200388;764.9192003;997.18;0.8931141993;10
wrapper@rho=6,0.7,4,-1,10.364850418057749,benzene_constraint,0.0,0.38069654171053,928.0738038;780.5015998;997.18;0.5059983786;44.57192211
wrapper@rho=6,0.7,5,-1,5.487280914458559,benzene_constraint,0.0,0.2551085433210353,1096.898;688.580386;997.18;1.007126177;11.48440568
wrapper@rho=6,0.7,6,-1,6.113793139517142,benzene_constraint,0.0,0.24481067055808567,1094.188599;713.7314859;997.18;0.5;37.70366446
wrapper@rho=6,0.7,7,-1,17.364725601565915,benzene_constraint,0.0,1.6161562364617243,1058.596434;450;997.18;0.5;10
wrapper@rho=6,0.7,8,-1,6.774615520006272,benzene_constraint,0.0,0.5030961653260866,1059.54203;720.5113221;998.2952399;0.8785990664;10
wrapper@rho=6,0.7,9,-1,9.727974719146765,benzene_constraint,0.0,0.3659398391861179,1096.19713;450;997.18;1.071641995;10.71641995
wrapper@rho=6,0.6,0,-1,5.4424898161881075,benzene_constraint,0.0,0.22457716382297443,1096.898;692.0963399;997.18;1.016005329;14.47498497
wrapper@rho=6,0.6,1,-1,4.7610088009137,benzene_constraint,0.0,0.25947193099754856,1096.898;799.5826797;997.18;0.7292963414;27.72099589
wrapper@rho=6,0.6,2,-1,3.5663918201710274,benzene_constraint,0.0,0.38259145363988517,1096.898;919.0850667;997.18;0.5906455186;33.40473872
wrapper@rho=6,0.6,3,-1,2.9391313572754285,benzene_constraint,0.0,0.3665720972205384,1114.405074;875.7980308;1013.095522;1.019625666;10.19625666
wrapper@rho=6,0.6,4,-1,7.046479012356237,benzene_constraint,0.0,0.2705709699174399,1040.781638;763.470289;997.18;0.5;42.81302167
wrapper@rho=6,0.6,5,-1,4.4761738055423095,benzene_constraint,0.0,0.3054151716473433,1096.898;726.7189412;997.18;1.072040673;12.0936176
wrapper@rho=6,0.6,6,-1,5.521679287170741,benzene_constraint,0.0,0.41539798618087637,1089.145743;832.9914152;997.18;0.5;38.23534919
wrapper@rho=6,0.6,7,-1,5.789148988222351,benzene_constraint,0.0,0.20228448693253978,1096.898;630.114172;997.18;1.018301589;11.2001121
wrapper@rho=6,0.6,8,-1,9.37925141784877,benzene_constraint,0.0,0.5143126738645868,844.8115218;1104.793492;997.18;0.8161699661;10.68157879
wrapper@rho=6,0.6,9,-1,4.352132044620575,benzene_constraint,0.0,0.4302579661572097,1096.898;828.8288958;997.18;1.08693814;10.8693814
wrapper@rho=6,0.5,0,-1,3.205894275411268,benzene_constraint,0.0,0.4474155422258145,1096.898;895.5526783;997.18;0.9698060364;10.31687067
wrapper@rho=6,0.5,1,-1,4.569609981609254,benzene_constraint,0.0,0.5444391610390621,1049.159439;937.0358865;997.18;1.021419473;10.59839215
wrapper@rho=6,0.5,2,-1,2.9726352825062534,benzene_constraint,0.0,0.5074088073560151,1096.898;929.3022277;997.18;1.095633731;10.95633731
wrapper@rho=6,0.5,3,-1,2.8787684331690713,benzene_constraint,0.0,0.43932522123940854,1096.898;853.7504087;997.18;1.217651982;13.5395094
wrapper@rho=6,0.5,4,-1,7.3115590095802006,benzene_constraint,0.0,0.5161431703821627,888.694114;1091.290608;997.18;0.6676237918;31.5941063
wrapper@rho=6,0.5,5,-1,4.598022770223267,benzene_constraint,0.0,0.5828255743460807,1086.556316;881.4069608;997.18;1.085318785;10.85318785
wrapper@rho=6,0.5,6,-1,3.68924367835848,benzene_constraint,0.0,0.36030120240990937,1093.054603;907.7765902;997.18;0.5430037103;39.75072449
wrapper@rho=6,0.5,7,-1,3.5892230285424134,benzene_constraint,0.0,0.37918687455034145,1096.898;858.2249018;997.18;1.006672165;11.67449761
wrapper@rho=6,0.5,8,-1,5.828748279186421,benzene_constraint,0.0,0.39247633614170085,1051.031727;885.0584314;997.18;0.5;44.19341882
wrapper@rho=6,0.5,9,-1,3.596574747138554,benzene_constraint,0.0,0.43481313580249925,1096.898;867.63108;997.18;1.096914011;10.96914011
wrapper@rho=6,0.4,0,-1,2.942456146914047,benzene_constraint,0.0,0.37677131815730486,1096.898;908.3869512;997.18;0.9950748849;18.28819071
wrapper@rho=6,0.4,1,-1,2.0527336368300126,benzene_constraint,0.0,0.39014425403573777,1096.898;981.8434074;997.18;0.8500256803;22.74876598
wrapper@rho=6,0.4,2,-1,2.1558405689549005,benzene_constraint,0.0,0.47703819985371726,1093.661241;933.4918214;997.18;1.137897883;13.15850229
wrapper@rho=6,0.4,3,-1,-0.3268213628003238,benzene_constraint,0.0,0.23263384822713448,1096.898;1142.60799;997.18;0.6405825311;32.65605542
wrapper@rho=6,0.4,4,-1,2.7849111963054156,benzene_constraint,0.0,0.43346640180586476,1096.898;994.5360082;997.18;0.5287762779;40.69587632
wrapper@rho=6,0.4,5,-1,3.164803134361293,benzene_constraint,0.0,0.5801181924837875,1096.898;955.3962663;997.18;1.092136065;10.92136065
wrapper@rho=6,0.4,6,-1,-0.2067296329609718,benzene_constraint,0.14285714285714285,0.2676471172965244,1096.898;1083.504106;997.18;0.8490375882;19.62891291
wrapper@rho=6,0.4,7,-1,3.3357529417087477,benzene_constraint,0.0,0.4091491865678154,1096.898;856.5625073;997.18;1.120961015;11.20961015
wrapper@rho=6,0.4,8,-1,4.434694750314854,benzene_constraint,0.0,0.31160269286647524,1096.879007;838.4674306;997.18;0.5;48.52704789
wrapper@rho=6,0.4,9,-1,2.7577025976918677,benzene_constraint,0.0,0.4707532614951351,1096.898;916.8216;997.18;1.138728431;11.38728431
wrapper@rho=6,0.3,0,-1,3.2586882404327824,benzene_constraint,0.0,0.5663323776784713,1083.258948;959.7515114;997.18;1.089424179;16.97781576
wrapper@rho=6,0.3,1,-1,0.6485231729577094,benzene_constraint,0.0,0.27225427216042786,1070.492277;1061.218517;997.18;0.881421248;20.59182451
wrapper@rho=6,0.3,2,-1,-0.08940408355258711,benzene_constraint,0.2857142857142857,0.27416578023880817,1093.371356;1049.063857;997.18;0.9327652209;21.90029001
wrapper@rho=6,0.3,3,-1,-0.4721926304688182,benzene_constraint,0.0,0.2576261296051339,1096.898;1085.99326;997.18;0.9105796331;26.96077401
wrapper@rho=6,0.3,4,-1,2.6415864010256342,benzene_constraint,0.0,0.4029519452712042,937.372653;1249.830204;997.18;0.6935398098;34.17110062
wrapper@rho=6,0.3,5,-1,1.5493225321834387,benzene_constraint,0.0,0.4635028992009661,1074.989558;1033.651576;997.18;1.132930492;11.32930492
wrapper@rho=6,0.3,6,-1,-1.0733453783180593,benzene_constraint,0.0,0.28989430557568535,1096.898;1106.11564;997.18;0.8436422203;21.62319746
wrapper@rho=6,0.3,7,-1,2.9622286136445126,benzene_constraint,0.0,0.4414985530787877,1096.898;886.725455;997.18;1.164708791;11.64708791
wrapper@rho=6,0.3,8,-1,4.887783547926766,benzene_constraint,0.0,0.46881885991218314,1057.756524;955.8625869;997.18;0.5;51.28027964
wrapper@rho=6,0.3,9,-1,2.266351976487101,benzene_constraint,0.0,0.5303196947646562,1096.898;966.0608762;997.18;1.11419577;11.1419577
wrapper@rho=6,0.2,0,-1,2.1274683097201077,benzene_constraint,0.0,0.42470219336481874,978.1661486;1157.200983;997.18;1.136845292;11.36845292
wrapper@rho=6,0.2,1,-1,-0.16466881399588118,benzene_constraint,0.2857142857142857,0.2373099814337701,1093.673589;1154.214857;997.18;0.7123348105;25.62143461
wrapper@rho=6,0.2,2,-1,-3.245450118049419,benzene_constraint,0.0,0.27262758482318794,1096.898;1203.908233;997.18;0.9570571399;17.74033658
wrapper@rho=6,0.2,3,-1,-1.3449921060368055,benzene_constraint,0.0,0.35230654050326593,1034.233697;1165.502232;997.18;1.06849418;19.50874183
wrapper@rho=6,0.2,4,-1,-1.4830425024591918,benzene_constraint,0.0,0.5610279537529421,1096.898;1214.111944;997.18;1.081903867;10.81903867
wrapper@rho=6,0.2,5,-1,1.1669689371559215,benzene_constraint,0.0,0.4163477563164909,989.2674289;1123.84477;997.18;1.244774647;12.44774647
wrapper@rho=6,0.2,6,-1,-2.7873813534946024,benzene_constraint,0.0,0.25177339140573146,1096.898;1176.04791;997.18;0.912062518;19.28888912
wrapper@rho=6,0.2,7,-1,0.6755963923222268,benzene_constraint,0.14285714285714285,0.4021349385770969,1044.43561;1148.025479;997.18;1.040544238;10.40544238
wrapper@rho=6,0.2,8,-1,-0.18351327427959774,benzene_constraint,0.2857142857142857,0.24133303960965563,1096.898;1071.271645;997.18;0.8464911833;26.21542669
wrapper@rho=6,0.2,9,-1,0.3259353807426706,benzene_constraint,0.14285714285714285,0.33138694725477696,1097.096124;1032.762597;997.3601131;1.045447272;18.42907156
wrapper@rho=6,0.15,0,-1,-0.12147104606282255,benzene_constraint,0.42857142857142855,0.3947625293981183,978.6926351;1205.26106;997.18;0.9375149015;22.86357093
wrapper@rho=6,0.15,1,-1,-0.014768926657779957,benzene_constraint,0.5714285714285714,0.20156353267184138,1067.06409;1151.969322;997.18;0.7822893587;25.7353853
wrapper@rho=6,0.15,2,-1,-0.7750143736941482,benzene_constraint,0.14285714285714285,0.4747999665049096,1114.316872;1113.560036;1013.015338;1.184212315;11.84212315
wrapper@rho=6,0.15,3,-1,-1.7067230045917157,benzene_constraint,0.0,0.4363432582324906,1096.898;1153.634174;997.18;1.070521298;17.24639848
wrapper@rho=6,0.15,4,-1,-4.057650137854353,benzene_constraint,0.0,0.4439304046623657,1096.898;1227.329471;997.18;1.122864566;12.75663026
wrapper@rho=6,0.15,5,-1,-1.2500566599666385,benzene_constraint,0.0,0.2953824176608742,1103.180206;1154.296815;1011.293523;0.6162797636;37.85369263
wrapper@rho=6,0.15,6,-1,-1.5502752216478157,benzene_constraint,0.0,0.46753745544094794,1096.898;1113.130256;997.18;1.140694357;16.02943638
wrapper@rho=6,0.15,7,-1,-0.9385744643979947,benzene_constraint,0.0,0.4278590568270699,1088.909345;1172.12758;997.18;0.9776032472;10
wrapper@rho=6,0.15,8,-1,-0.9684138392576642,benzene_constraint,0.0,0.26957472901296897,1096.898;1108.912014;997.18;0.8754911724;23.05636812
wrapper@rho=6,0.15,9,-1,-0.4545535411454935,benzene_constraint,0.14285714285714285,0.38540949960449317,1084.46443;1107.825682;997.18;1.080092781;14.69532135
wrapper@rho=6,0.1,0,-1,-2.8471149298870415,benzene_constraint,0.0,0.2921119820753261,1094.411464;1179.621011;997.18;0.9152203636;17.65359371
wrapper@rho=6,0.1,1,-1,-0.6985673464253566,benzene_constraint,0.14285714285714285,0.39097259154600017,1090.687921;1127.865106;997.18;1.076092166;15.01171423
wrapper@rho=6,0.1,2,-1,-1.2727272365478584,benzene_constraint,0.0,0.5033554592123578,1122.803635;1127.069434;1020.730578;1.165148141;11.65148141
wrapper@rho=6,0.1,3,-1,-3.1268783962341757,benzene_constraint,0.0,0.24010547790872816,1096.898;1186.477715;997.18;0.9671468198;22.16779694
wrapper@rho=6,0.1,4,-1,-3.8038948849057306,benzene_constraint,0.0,0.485381643107903,1096.898;1189.082838;997.18;1.203882645;12.50301755
wrapper@rho=6,0.1,5,-1,-2.6959402126379715,benzene_constraint,0.0,0.44857728535593133,1074.351474;1183.288894;997.18;1.147422886;13.56017632
wrapper@rho=6,0.1,6,-1,-1.2162474063656887,benzene_constraint,0.0,0.36545903994217804,1096.898;1112.458948;997.18;1.11117662;19.2112078
wrapper@rho=6,0.1,7,-1,-1.3982153362961185,benzene_constraint,0.0,0.37117203661850917,1092.797568;1202.174749;997.18;0.9557251257;10
wrapper@rho=6,0.1,8,-1,-1.3361562410765515,benzene_constraint,0.0,0.2780699033362105,1110.036405;1110.055539;1009.124005;0.8466226847;25.12297881
wrapper@rho=6,0.1,9,-1,-2.3613442451823587,benzene_constraint,0.0,0.3357402901022498,1057.432977;1213.893541;997.18;1.028776252;16.09464312
wrapper@rho=6,0.05,0,-1,-1.4475951103462492,benzene_constraint,0.0,0.3858365025212054,1096.898;1159.48432;997.18;1.006261117;15.85052883
wrapper@rho=6,0.05,1,-1,-1.0666392805758775,benzene_constraint,0.0,0.305588420477407,1096.898;1124.82332;997.18;0.9206679715;27.26890939
wrapper@rho=6,0.05,2,-1,-3.336475623880922,benzene_constraint,0.0,0.20472294563921742,1096.898;1290.822049;997.18;0.643762858;43.69608775
wrapper@rho=6,0.05,3,-1,-2.326920242933049,benzene_constraint,0.0,0.2578174012100128,1045.373679;1249.694096;997.18;0.9317878372;24.87403967
wrapper@rho=6,0.05,4,-1,-1.6116700980580845,benzene_constraint,0.0,0.4665078760205901,1085.957571;1154.249335;997.18;1.404837421;14.04837421
wrapper@rho=6,0.05,5,-1,-2.882729318536917,benzene_constraint,0.0,0.46389043776790984,1096.898;1256.035285;997.18;1.154819216;11.54819216
wrapper@rho=6,0.05,6,-1,-2.7081008899456123,benzene_constraint,0.0,0.4909475865801302,1062.317756;1194.006656;997.18;1.206872796;14.17871728
wrapper@rho=6,0.05,7,-1,-1.315549720712717,benzene_constraint,0.0,0.45488794133294097,1081.566756;1190.500166;997.18;1.038339219;10.38339219
wrapper@rho=6,0.05,8,-1,-2.910285507042758,benzene_constraint,0.0,0.3887900397965058,1096.898;1170.744122;997.18;1.250476953;13.58828797
wrapper@rho=6,0.05,9,-1,-3.5708518774118048,benzene_constraint,0.0,0.26496534433354607,1101.691449;1208.942531;1001.537681;0.9728511291;20.60465301
wrapper@rho=6,0.0,0,-1,-5.157035967627529,benzene_constraint,0.0,0.3652014009636362,1096.898;1406.811181;997.18;1.00713035;16.4698826
wrapper@rho=6,0.0,1,-1,-3.7730581372378893,benzene_constraint,0.0,0.369908466848253,1096.898;1245.024728;997.18;1.095155508;12.88310574
wrapper@rho=6,0.0,2,-1,-5.132204428953152,benzene_constraint,0.0,0.38658730234363375,1153.124281;1276.519868;1048.294801;1.05079577;19.29087834
wrapper@rho=6,0.0,3,-1,-2.94556564465784,benzene_constraint,0.0,0.24913451363004993,1055.912948;1323.676755;997.18;0.8106108194;29.68241503
wrapper@rho=6,0.0,4,-1,-2.012375904569872,benzene_constraint,0.0,0.38093361377289214,1166.876683;1157.982009;1060.796984;0.8305908885;38.92221675
wrapper@rho=6,0.0,5,-1,-4.968883975003621,benzene_constraint,0.0,0.4057436667538039,1096.898;1384.897799;997.18;1.007290823;13.2424553
wrapper@rho=6,0.0,6,-1,-2.090321101220404,benzene_constraint,0.0,0.3839249778559921,1134.082934;1153.214283;1030.984486;1.103887321;27.33445133
wrapper@rho=6,0.0,7,-1,-0.8604914304825755,benzene_constraint,0.14285714285714285,0.4972576146847707,1096.898;1149.4917;997.18;1.147702274;11.47702274
wrapper@rho=6,0.0,8,-1,-2.6854206200391033,benzene_constraint,0.0,0.4770439828670823,1118.676811;1161.339863;1016.978919;1.183011604;18.10490477
wrapper@rho=6,0.0,9,-1,-3.260839073422275,benzene_constraint,0.0,0.26307701341519474,1066.919312;1334.338569;1005.306603;0.9954817632;18.51770499
nominal,0.0,0,-1,3.9933804091916585,benzene_constraint,0.0,0.3422918909595845,1096.898;899.0369838;997.18;0.5;45.11743095
nominal,0.0,1,-1,1.994293563306563,benzene_constraint,0.0,0.5081626653476703,1096.898;1011.40829;997.18;0.9571621237;10.51689418
nominal,0.0,2,-1,4.5926918380639705,benzene_constraint,0.0,0.464120034301555,1096.898;756.0254822;997.18;0.9826054847;10
nominal,0.0,3,-1,5.036786659743335,benzene_constraint,0.0,0.29418846189185976,1096.898;811.3253129;997.18;0.5;39.09063972
nominal,0.0,4,-1,3.6973885408423826,benzene_constraint,0.0,0.3360921121447481,1096.898;896.8020003;997.18;0.72628401;28.60513603
nominal,0.0,5,-1,4.386757726279193,benzene_constraint,0.0,0.7585752501456239,1096.898;1051.598073;997.18;0.5;26.18177718
nominal,0.0,6,-1,2.2500411089591026,benzene_constraint,0.0,0.6277461515269108,1096.898;981.8511139;997.18;1;10
nominal,0.0,7,-1,3.1362216589308787,benzene_constraint,0.0,0.558224064827627,1096.898;904.3978102;997.18;0.9694963063;10
nominal,0.0,8,-1,4.064123090506747,benzene_constraint,0.0,0.5084600879668777,1096.898;817.5740464;997.18;0.9799179388;10
nominal,0.0,9,-1,3.221401166345501,benzene_constraint,0.0,0.5518161191488463,1096.898;899.6685931;997.18;0.9636483029;10
margin,0.0,0,-1,3.9933804091916585,benzene_constraint,0.0,0.3422918909595845,1096.898;899.0369838;997.18;0.5;45.11743095
margin,0.0,1,-1,1.994293563306563,benzene_constraint,0.0,0.5081626653476703,1096.898;1011.40829;997.18;0.9571621237;10.51689418
margin,0.0,2,-1,4.5926918380639705,benzene_constraint,0.0,0.464120034301555,1096.898;756.0254822;997.18;0.9826054847;10
margin,0.0,3,-1,5.036786659743335,benzene_constraint,0.0,0.29418846189185976,1096.898;811.3253129;997.18;0.5;39.09063972
margin,0.0,4,-1,3.6973885408423826,benzene_constraint,0.0,0.3360921121447481,1096.898;896.8020003;997.18;0.72628401;28.60513603
margin,0.0,5,-1,4.386757726279193,benzene_constraint,0.0,0.7585752501456239,1096.898;1051.598073;997.18;0.5;26.18177718
margin,0.0,6,-1,2.2500411089591026,benzene_constraint,0.0,0.6277461515269108,1096.898;981.8511139;997.18;1;10
margin,0.0,7,-1,3.1362216589308787,benzene_constraint,0.0,0.558224064827627,1096.898;904.3978102;997.18;0.9694963063;10
margin,0.0,8,-1,4.064123090506747,benzene_constraint,0.0,0.5084600879668777,1096.898;817.5740464;997.18;0.9799179388;10
margin,0.0,9,-1,3.221401166345501,benzene_constraint,0.0,0.5518161191488463,1096.898;899.6685931;997.18;0.9636483029;10
margin,0.1,0,-1,3.723486501300961,benzene_constraint,0.0,0.35033782999085517,1096.898;911.2364342;997.18;0.5;45.32336907
margin,0.1,1,-1,2.348614391963899,benzene_constraint,0.0,0.5437508801821288,1096.898;1023.347844;997.18;0.9560368574;10.74711974
margin,0.1,2,-1,4.521219034875195,benzene_constraint,0.0,0.47117921346523434,1096.898;766.7059687;997.18;0.9854149469;10
margin,0.1,3,-1,4.868597818497349,benzene_constraint,0.0,0.2991103124479669,1096.898;822.7898518;997.18;0.5;39.15477182
margin,0.1,4,-1,3.595550199910768,benzene_constraint,0.0,0.3436373473755294,1096.898;909.1405275;997.18;0.7261645698;28.69467219
margin,0.1,5,-1,4.30526629412315,benzene_constraint,0.0,0.7599637977744832,1096.898;1062.391286;997.18;0.5;26.35091692
margin,0.1,6,-1,2.303860867721994,benzene_constraint,0.0,0.6083454951463022,1096.898;994.6424468;997.18;1;10
margin,0.1,7,-1,3.0327458744571416,benzene_constraint,0.0,0.5668079270752426,1096.898;916.7474829;997.18;0.9725850429;10
margin,0.1,8,-1,3.9062344186520974,benzene_constraint,0.0,0.4947204557907256,1096.898;826.8890384;997.18;0.9831642477;10
margin,0.1,9,-1,3.070440976960988,benzene_constraint,0.0,0.5601779211569737,1096.898;911.9930024;997.18;0.9663046123;10
margin,0.2,0,-1,3.565757832696171,benzene_constraint,0.0,0.3520416871873767,1096.898;923.4358847;997.18;0.5;45.52930718
margin,0.2,1,-1,1.5587038160508158,benzene_constraint,0.0,0.44168803117079153,1096.898;1035.287397;997.18;0.9549115911;10.97734531
margin,0.2,2,-1,4.4038062146463375,benzene_constraint,0.0,0.47557263285650103,1096.898;777.3864552;997.18;0.988224409;10
margin,0.2,3,-1,4.98436746755997,benzene_constraint,0.0,0.3231332742447332,1096.898;834.8914492;997.18;0.5056634845;38.94322001
margin,0.2,4,-1,3.4201719339087475,benzene_constraint,0.0,0.3399177734292739,1096.898;921.4790546;997.18;0.7260451296;28.78420835
margin,0.2,5,-1,3.973614438843775,benzene_constraint,0.0,0.7438135614256676,1096.898;1073.184498;997.18;0.5;26.52005665
margin,0.2,6,-1,2.198952270810331,benzene_constraint,0.0,0.6141322174173081,1096.898;1007.43378;997.18;1;10
margin,0.2,7,-1,2.8514954949265103,benzene_constraint,0.0,0.5582971284807919,1096.898;929.0971555;997.18;0.9756737795;10
margin,0.2,8,-1,3.728780669427998,benzene_constraint,0.0,0.5024413939953245,1096.898;839.6950001;997.18;0.9876271723;10
margin,0.2,9,-1,2.8909068539727585,benzene_constraint,0.0,0.5513865488434916,1096.898;924.3174116;997.18;0.9689609218;10
margin,0.3,0,-1,3.5131523396564006,benzene_constraint,0.0,0.3611547917977812,1096.898;935.6353352;997.18;0.5;45.7352453
margin,0.3,1,-1,1.2590024063186007,benzene_constraint,0.0,0.4135990047643117,1096.898;1047.226951;997.18;0.9537863248;11.20757087
margin,0.3,2,-1,4.312748829262098,benzene_constraint,0.0,0.4854683643859455,1096.898;788.0669417;997.18;0.9910338712;10
margin,0.3,3,-1,4.157378675376648,benzene_constraint,0.0,0.34312967662786625,1096.898;847.5289191;997.18;0.5160909061;38.49977195
margin,0.3,4,-1,3.3884232082666372,benzene_constraint,0.0,0.35213332263579356,1096.898;933.8175817;997.18;0.7259256894;28.8737445
margin,0.3,5,-1,3.8743705558482944,benzene_constraint,0.0,0.7366703171604035,1096.898;1083.97771;997.18;0.5;26.68919638
margin,0.3,6,-1,1.529837978460172,benzene_constraint,0.0,0.5500205506087674,1096.898;1020.225113;997.18;1;10
margin,0.3,7,-1,2.762026676578877,benzene_constraint,0.0,0.5722704239707845,1096.898;941.4468281;997.18;0.9787625161;10
margin,0.3,8,-1,3.5263822215473155,benzene_constraint,0.0,0.5212982559996188,1096.898;852.5009618;997.18;0.992090097;10
margin,0.3,9,-1,2.7955903652560252,benzene_constraint,0.0,0.5636738486825211,1096.898;936.6418209;997.18;0.9716172312;10
margin,0.4,0,-1,3.3766265983950206,benzene_constraint,0.0,0.36909565553044005,1096.898;947.8347856;997.18;0.5;45.94118342
margin,0.4,1,-1,1.23784016173299,benzene_constraint,0.0,0.4289843794153289,1096.898;1059.166504;997.18;0.9526610585;11.43779643
margin,0.4,2,-1,4.230641323018062,benzene_constraint,0.0,0.49379530879588646,1096.898;798.7474282;997.18;0.9938433333;10
margin,0.4,3,-1,4.172924272497006,benzene_constraint,0.0,0.3903702610499687,1096.898;860.1663891;997.18;0.5265183277;38.0563239
margin,0.4,4,-1,3.311252100544884,benzene_constraint,0.0,0.36650026121276674,1096.898;946.1561088;997.18;0.7258062492;28.96328066
margin,0.4,5,-1,3.21880662971153,benzene_constraint,0.0,0.6832795549175877,1096.898;1094.770922;997.18;0.5;26.85833612
margin,0.4,6,-1,1.092788411090865,benzene_constraint,0.0,0.48711576609352564,1096.898;1033.016445;997.18;1;10
margin,0.4,7,-1,2.6579185717298444,benzene_constraint,0.0,0.5854404023837038,1096.898;953.7965008;997.18;0.9818512527;10
margin,0.4,8,-1,3.4283908442598445,benzene_constraint,0.0,0.5319952893081806,1096.898;865.3069235;997.18;0.9965530216;10
margin,0.4,9,-1,2.7034579312238023,benzene_constraint,0.0,0.5787131505369796,1096.898;948.9662302;997.18;0.9742735406;10
margin,0.5,0,-1,3.369241877463608,benzene_constraint,0.0,0.38206366698369065,1096.898;960.0342361;997.18;0.5;46.14712153
margin,0.5,1,-1,1.2795707707272115,benzene_constraint,0.0,0.44787392864883424,1096.898;1071.106058;997.18;0.9515357923;11.668022
margin,0.5,2,-1,4.18990251113545,benzene_constraint,0.0,0.4924673703848139,1096.898;809.4279146;997.18;0.9966527955;10
margin,0.5,3,-1,4.024797958505069,benzene_constraint,0.0,0.3870673454386271,1096.898;872.803859;997.18;0.5369457492;37.61287584
margin,0.5,4,-1,3.295583574907468,benzene_constraint,0.0,0.38681659827055775,1096.898;958.494636;997.18;0.725686809;29.05281682
margin,0.5,5,-1,3.226820117311945,benzene_constraint,0.0,0.6877586937371616,1096.898;1105.564134;997.18;0.5;27.02747585
margin,0.5,6,-1,0.9764156063163867,benzene_constraint,0.0,0.5027453025016241,1096.898;1045.807778;997.18;1;10
margin,0.5,7,-1,2.4602424052797502,benzene_constraint,0.0,0.6011862854658502,1096.898;966.1461734;997.18;0.9849399893;10
margin,0.5,8,-1,3.2783791111955836,benzene_constraint,0.0,0.5439208001289447,1096.898;878.1349526;997.18;1.000878657;10.00878657
margin,0.5,9,-1,2.5771923026459262,benzene_constraint,0.0,0.6087661923757283,1096.898;961.2906395;997.18;0.97692985;10
margin,0.625,0,-1,3.178232520374941,benzene_constraint,0.0,0.3995509033202332,1096.898;975.2835492;997.18;0.5;46.40454418
margin,0.625,1,-1,0.30753285367302396,benzene_constraint,0.2857142857142857,0.3705300802794137,1096.898;1086.0305;997.18;0.9501292094;11.95580395
margin,0.625,2,-1,3.890775152302247,benzene_constraint,0.0,0.49667501928389757,1096.898;822.7870391;997.18;1.000142893;10.00142893
margin,0.625,3,-1,3.8940300438016493,benzene_constraint,0.0,0.39447657229582755,1096.898;888.6006964;997.18;0.5499800262;37.05856577
margin,0.625,4,-1,3.084854428519371,benzene_constraint,0.0,0.388538579352859,1096.898;973.9177949;997.18;0.7255375088;29.16473702
margin,0.625,5,-1,3.1203477763659393,benzene_constraint,0.0,0.6890284973945386,1096.898;1119.055649;997.18;0.5;27.23890052
margin,0.625,6,-1,0.9899811457977279,benzene_constraint,0.0,0.49708707019039705,1096.898;1061.796944;997.18;1;10
margin,0.625,7,-1,2.293579092602819,benzene_constraint,0.0,0.6242043313261347,1096.898;981.5832642;997.18;0.98880091;10
margin,0.625,8,-1,2.867446971431832,benzene_constraint,0.0,0.49590224249074477,1096.898;894.2635792;997.18;1.005703447;10.05703447
margin,0.625,9,-1,2.4117336798986457,benzene_constraint,0.0,0.6125789985891271,1096.898;976.6961511;997.18;0.9802502368;10
margin,0.75,0,-1,3.0315283670856914,benzene_constraint,0.0,0.4115819409454519,1096.898;990.5328623;997.18;0.5;46.66196682
margin,0.75,1,-1,-0.30471709257772517,benzene_constraint,0.14285714285714285,0.3332080867411334,1096.898;1100.954942;997.18;0.9487226265;12.2435859
margin,0.75,2,-1,3.2265649078041108,benzene_constraint,0.0,0.4727205189248018,1096.898;836.3193214;997.18;1.003191167;10.03191167
margin,0.75,3,-1,3.637434959543448,benzene_constraint,0.0,0.39819655073520843,1096.898;904.3975338;997.18;0.5630143031;36.5042557
margin,0.75,4,-1,2.93029645194148,benzene_constraint,0.0,0.4010318011427061,1096.898;989.3409538;997.18;0.7253882086;29.27665722
margin,0.75,5,-1,3.1592668543157316,benzene_constraint,0.0,0.694836940450385,1096.898;1133.203839;997.18;0.5;27.44492231
margin,0.75,6,-1,0.9318847108148702,benzene_constraint,0.0,0.5120120793574114,1096.898;1077.786111;997.18;1;10
margin,0.75,7,-1,2.2987475810417166,benzene_constraint,0.0,0.6074413962165023,1096.898;997.020355;997.18;0.9926618307;10
margin,0.75,8,-1,2.771142317259546,benzene_constraint,0.0,0.4913619627508425,1096.898;910.3922057;997.18;1.010528237;10.10528237
margin,0.75,9,-1,2.259907246859221,benzene_constraint,0.0,0.6221555644147154,1096.898;992.1016627;997.18;0.9835706235;10
margin,0.875,0,-1,2.8014850453048012,benzene_constraint,0.0,0.4084632576726781,1096.898;1005.782175;997.18;0.5;46.91938947
margin,0.875,1,-1,-0.8485649928120225,benzene_constraint,0.0,0.3553824567409604,1096.898;1115.879384;997.18;0.9473160436;12.53136786
margin,0.875,2,-1,3.2422452430798785,benzene_constraint,0.0,0.454974318970659,1096.898;849.8516038;997.18;1.006239441;10.06239441
margin,0.875,3,-1,3.6509439364358443,benzene_constraint,0.0,0.37269198665277414,1096.898;920.1943713;997.18;0.5760485801;35.94994563
margin,0.875,4,-1,2.7472970246361044,benzene_constraint,0.0,0.40214645717691755,1096.898;1005.098464;997.18;0.7261999066;29.49808595
margin,0.875,5,-1,2.83048296280667,benzene_constraint,0.0,0.6886055144412927,1096.898;1149.457015;997.18;0.5;27.63362512
margin,0.875,6,-1,0.14552386751812918,benzene_constraint,0.42857142857142855,0.4291190773201033,1096.898;1093.775277;997.18;1;10
margin,0.875,7,-1,2.1636568964557483,benzene_constraint,0.0,0.6192588517994876,1096.898;1012.457446;997.18;0.9965227515;10
margin,0.875,8,-1,2.5643891397428504,benzene_constraint,0.0,0.4967223699976846,1096.898;926.5208323;997.18;1.015353027;10.15353027
margin,0.875,9,-1,2.237593099292667,benzene_constraint,0.0,0.609934150237283,1096.898;1007.507174;997.18;0.9868910103;10
margin,1.0,0,-1,2.0761100652213145,benzene_constraint,0.0,0.30901313270195885,1096.898;1021.031488;997.18;0.5;47.17681211
margin,1.0,1,-1,-0.7633802279728528,benzene_constraint,0.0,0.34756387435990166,1096.898;1130.803826;997.18;0.9459094608;12.81914981
margin,1.0,2,-1,3.183492274820715,benzene_constraint,0.0,0.4491802757977745,1096.898;863.3838861;997.18;1.009287715;10.09287715
margin,1.0,3,-1,3.3923215968689107,benzene_constraint,0.0,0.3919450820933428,1096.898;935.9912087;997.18;0.5890828571;35.39563556
margin,1.0,4,-1,1.9587297200872769,benzene_constraint,0.0,0.3118754342418637,1096.898;1020.95313;997.18;0.7272908518;29.75133571
margin,1.0,5,-1,1.8955684733406883,benzene_constraint,0.0,0.7919317374601238,1096.898;1165.710191;997.18;0.5;27.82232792
margin,1.0,6,-1,0.09650077137370516,benzene_constraint,0.42857142857142855,0.44430662564284984,1096.898;1109.764443;997.18;1;10
margin,1.0,7,-1,1.352061436636312,benzene_constraint,0.0,0.5326570092877834,1096.898;1027.895689;997.18;1.000332109;10.00332109
margin,1.0,8,-1,2.446606838709407,benzene_constraint,0.0,0.516233111432195,1096.898;942.6494589;997.18;1.020177817;10.20177817
margin,1.0,9,-1,1.538083912311457,benzene_constraint,0.0,0.5507168698135699,1096.898;1022.912686;997.18;0.990211397;10
margin,1.25,0,-1,1.0019503796527616,benzene_constraint,0.0,0.25089709890938383,1096.898;1051.530115;997.18;0.5;47.6916574
margin,1.25,1,-1,-1.3716171964996278,benzene_constraint,0.0,0.41291753789618774,1096.898;1160.65271;997.18;0.943096295;13.39471372
margin,1.25,2,-1,2.9727447748394553,benzene_constraint,0.0,0.48221889334039075,1096.898;890.4484509;997.18;1.015384262;10.15384262
margin,1.25,3,-1,3.2581264771572265,benzene_constraint,0.0,0.3939438084598963,1096.898;967.5848835;997.18;0.615151411;34.28701542
margin,1.25,4,-1,0.6960577662930589,benzene_constraint,0.0,0.22555023109174227,1096.898;1052.662462;997.18;0.7294727423;30.25783522
margin,1.25,5,-1,1.440488491047347,benzene_constraint,0.0,0.7717753572045293,1096.898;1198.216543;997.18;0.5;28.19973352
margin,1.25,6,-1,-0.07610774209531712,benzene_constraint,0.42857142857142855,0.46259341600829096,1096.898;1141.742775;997.18;1;10
margin,1.25,7,-1,0.7922208114095355,benzene_constraint,0.0,0.435412244107563,1096.898;1058.793069;997.18;1.007016173;10.07016173
margin,1.25,8,-1,2.292018449251863,benzene_constraint,0.0,0.5331703774089647,1096.898;974.906712;997.18;1.029827398;10.29827398
margin,1.25,9,-1,0.9066882723571013,benzene_constraint,0.0,0.5011962334541643,1096.898;1053.723709;997.18;0.9968521706;10
margin,1.5,0,-1,0.8480291182442485,benzene_constraint,0.0,0.24234691770125688,1096.898;1082.028741;997.18;0.5;48.20650269
margin,1.5,1,-1,-2.825973917705184,benzene_constraint,0.0,0.2963016436795624,1096.898;1190.501594;997.18;0.9402831293;13.97027763
margin,1.5,2,-1,2.5937732024733577,benzene_constraint,0.0,0.49372262567092473,1096.898;920.5884765;997.18;1.022173586;10.22173586
margin,1.5,3,-1,2.883078034768438,benzene_constraint,0.0,0.4317375576067842,1096.898;999.1785584;997.18;0.6412199649;33.17839529
margin,1.5,4,-1,0.31697676303287636,benzene_constraint,0.14285714285714285,0.22925977048773222,1096.898;1084.371794;997.18;0.7316546328;30.76433473
margin,1.5,5,-1,0.15940632666849552,benzene_constraint,0.42857142857142855,0.43553040559951683,1096.898;1105.631735;997.18;0.9854076451;10
margin,1.5,6,-1,-1.3758144363258467,benzene_constraint,0.0,0.43328939045957726,1096.898;1173.721107;997.18;1;10
margin,1.5,7,-1,0.0016260826001115447,benzene_constraint,0.42857142857142855,0.4137997423294372,1096.898;1089.690449;997.18;1.013700237;10.13700237
margin,1.5,8,-1,2.119370891901397,benzene_constraint,0.0,0.5465427607570315,1096.898;1007.163965;997.18;1.039476978;10.39476978
margin,1.5,9,-1,0.26199709319860176,benzene_constraint,0.2857142857142857,0.4559003505710862,1096.898;1084.714709;997.18;1.00303897;10.0303897
margin,1.75,0,-1,-0.023808515486699378,benzene_constraint,0.42857142857142855,0.2531731139501823,1096.898;1112.527367;997.18;0.5;48.72134798
margin,1.75,1,-1,-2.8654239956193592,benzene_constraint,0.0,0.2636515438460959,1096.898;1220.350478;997.18;0.9374699636;14.54584154
margin,1.75,2,-1,2.5406162416662,benzene_constraint,0.0,0.5087072288137917,1096.898;952.2428705;997.18;1.029304036;10.29304036
margin,1.75,3,-1,1.610594975360847,benzene_constraint,0.0,0.2528703817741722,1096.898;1030.772233;997.18;0.6672885188;32.06977515
margin,1.75,4,-1,-0.37413649402444804,benzene_constraint,0.0,0.21049714679091483,1096.898;1116.081126;997.18;0.7338365232;31.27083424
margin,1.75,5,-1,0.1056662843312779,benzene_constraint,0.42857142857142855,0.454961628812761,1096.898;1129.259516;997.18;0.995328629;10
margin,1.75,6,-1,-1.9254763342424397,benzene_constraint,0.0,0.4246681598024376,1096.898;1205.69944;997.18;1;10
margin,1.75,7,-1,-0.2415036612511514,benzene_constraint,0.42857142857142855,0.4303174896303462,1096.898;1120.587828;997.18;1.0203843;10.203843
margin,1.75,8,-1,0.6503635456792765,benzene_constraint,0.14285714285714285,0.4348416282168151,1096.898;1039.421218;997.18;1.049126558;10.49126558
margin,1.75,9,-1,-0.1584896352189773,benzene_constraint,0.42857142857142855,0.41988745787865583,1096.898;1115.867905;997.18;1.008816651;10.08816651
margin,2.0,0,-1,-0.3262908154516211,benzene_constraint,0.0,0.27374517179689395,1096.898;1143.025993;997.18;0.5;49.23619327
margin,2.0,1,-1,-3.2470676478531644,benzene_constraint,0.0,0.24597175680887443,1096.898;1250.199362;997.18;0.9346567978;15.12140545
margin,2.0,2,-1,2.1541317856955047,benzene_constraint,0.0,0.5452101202183206,1096.898;983.8972645;997.18;1.036434485;10.36434485
margin,2.0,3,-1,0.7893316762481817,benzene_constraint,0.0,0.24563315385777645,1096.898;1062.365908;997.18;0.6933570727;30.96115501
margin,2.0,4,-1,-2.5828644744173985,benzene_constraint,0.0,0.24364748093772817,1096.898;1173.275729;997.18;0.9374093168;17.33625635
margin,2.0,5,-1,-0.7071042736533215,benzene_constraint,0.0,0.44552102798871607,1096.898;1153.324126;997.18;1.00433731;10.0433731
margin,2.0,6,-1,-1.9924024105373022,benzene_constraint,0.0,0.42862466326264725,1096.898;1237.677772;997.18;1;10
margin,2.0,7,-1,-0.27334369125155433,benzene_constraint,0.42857142857142855,0.47019713105136857,1096.898;1151.485208;997.18;1.027068364;10.27068364
margin,2.0,8,-1,1.1509000525668185,benzene_constraint,0.0,0.5251712392062537,1096.898;1071.678471;997.18;1.058776138;10.58776138
margin,2.0,9,-1,-0.4969104510015754,benzene_constraint,0.14285714285714285,0.4453018602291289,1096.898;1147.0211;997.18;1.014594331;10.14594331
margin,2.5,0,-1,-1.9244869207855047,benzene_constraint,0.0,0.22385212223233544,1096.898;1204.023246;997.18;0.5;50.26588386
margin,2.5,1,-1,-4.1090429816416005,benzene_constraint,0.0,0.31027950391710624,1096.898;1309.89713;997.18;0.9290304664;16.27253327
margin,2.5,2,-1,0.5841226967383619,benzene_constraint,0.14285714285714285,0.4362712855161348,1096.898;1047.206053;997.18;1.050695385;10.50695385
margin,2.5,3,-1,1.0188327016142225,benzene_constraint,0.0,0.5245101964939133,1096.898;1067.817322;997.18;1.099012582;10.99012582
margin,2.5,4,-1,-1.8058131501739965,benzene_constraint,0.0,0.4788741388426695,1096.898;1195.491354;997.18;1.099840286;10.99840286
margin,2.5,5,-1,-2.0974122139180835,benzene_constraint,0.0,0.40483725322691744,1096.898;1202.230772;997.18;1.020731046;10.20731046
margin,2.5,6,-1,-2.017924576925388,benzene_constraint,0.0,0.4802894830624257,1096.898;1301.634436;997.18;1;10
margin,2.5,7,-1,-2.006690078348207,benzene_constraint,0.0,0.42825767698689177,1096.898;1213.279967;997.18;1.040436492;10.40436492
margin,2.5,8,-1,0.47492464514169086,benzene_constraint,0.2857142857142857,0.6123863990724174,1096.898;1136.192978;997.18;1.078075298;10.78075298
margin,2.5,9,-1,-1.9320373565608406,benzene_constraint,0.0,0.4288441804439309,1096.898;1209.32749;997.18;1.026149692;10.26149692
margin,3.0,0,-1,-2.7226281359267475,benzene_constraint,0.0,0.26360962734788934,1096.898;1265.020498;997.18;0.5;51.29557444
margin,3.0,1,-1,-4.602056021346009,benzene_constraint,0.0,0.3057591810382954,1096.898;1369.594897;997.18;0.9234041349;17.42366108
margin,3.0,2,-1,0.49405694829454916,benzene_constraint,0.2857142857142857,0.5391007469012205,1096.898;1110.514841;997.18;1.064956284;10.64956284
margin,3.0,3,-1,0.0421772002292613,benzene_constraint,0.42857142857142855,0.5122357881481766,1096.898;1119.735815;997.18;1.103909664;11.03909664
margin,3.0,4,-1,-2.358421400393887,benzene_constraint,0.0,0.49753009808128384,1096.898;1250.331534;997.18;1.115952544;11.15952544
margin,3.0,5,-1,-1.6125256084629314,benzene_constraint,0.0,0.5644322748208899,1096.898;1233.464214;997.18;1.064167612;10.64167612
margin,3.0,6,-1,-2.808474954649249,benzene_constraint,0.0,0.46307607650702887,1096.898;1360.787948;997.18;1.006196969;10.06196969
margin,3.0,7,-1,-2.571210256181949,benzene_constraint,0.0,0.4569307499193739,1096.898;1275.074727;997.18;1.05380462;10.5380462
margin,3.0,8,-1,-1.8079680945319083,benzene_constraint,0.0,0.4847693815848334,1096.898;1200.707484;997.18;1.097374458;10.97374458
margin,3.0,9,-1,-2.2481961227666503,benzene_constraint,0.0,0.4754417324170026,1096.898;1271.63388;997.18;1.037705053;10.37705053
margin,4.0,0,-1,-3.104178841007233,benzene_constraint,0.0,0.289415464004956,1096.898;1387.015003;997.18;0.5;53.3549556
margin,4.0,1,-1,-5.972862002932153,benzene_constraint,0.0,0.3941954630648998,1096.898;1462.530667;997.18;0.9326380798;20.92913197
margin,4.0,2,-1,-2.0210055242394134,benzene_constraint,0.0,0.5116223729394007,1096.898;1237.132417;997.18;1.093478083;10.93478083
margin,4.0,3,-1,-2.250685663803381,benzene_constraint,0.0,0.46635204615640524,1096.898;1223.572801;997.18;1.113703829;11.13703829
margin,4.0,4,-1,-4.9390479237647895,benzene_constraint,0.0,0.3081191052582608,1096.898;1429.92899;997.18;0.8130088407;25.56580294
margin,4.0,5,-1,-2.449223500981695,benzene_constraint,0.0,0.6844240290914728,1096.898;1377.803805;997.18;1.078499615;10.78499615
margin,4.0,6,-1,-3.6743264976693837,benzene_constraint,0.0,0.6014326300815058,1096.898;1462.530667;997.18;1.039961969;10.39961969
margin,4.0,7,-1,-2.617277008439828,benzene_constraint,0.0,0.6965632445513041,1096.898;1398.664245;997.18;1.080540876;10.80540876
margin,4.0,8,-1,-2.9807606499518258,benzene_constraint,0.0,0.5365402831431356,1096.898;1329.736496;997.18;1.135972778;11.35972778
margin,4.0,9,-1,-2.5789326924154707,benzene_constraint,0.0,0.6768288751133456,1096.898;1396.246661;997.18;1.060815774;10.60815774
margin,5.0,0,-1,-5.549096495145875,benzene_constraint,0.0,0.3875086266418871,1096.898;1462.530667;997.18;0.852964674;38.59751166
margin,5.0,1,-1,-6.688984720689284,benzene_constraint,0.0,0.5914792655526101,1097.619267;1463.492356;997.8356974;1.415160839;14.15160839
margin,5.0,2,-1,-3.1902994641572704,benzene_constraint,0.0,0.5493822428115087,1096.898;1363.749993;997.18;1.121999881;11.21999881
margin,5.0,3,-1,-2.9124893146471322,benzene_constraint,0.0,0.5293237500854698,1096.898;1327.409787;997.18;1.123497993;11.23497993
margin,5.0,4,-1,-5.7989661557996115,benzene_constraint,0.0,0.5687637216826512,1096.898;1462.530667;997.18;1.193449921;11.93449921
margin,5.0,5,-1,-5.18347695848189,benzene_constraint,0.0,0.5821655816545427,1096.898;1462.530667;997.18;1.173643098;11.73643098
margin,5.0,6,-1,-5.882773552589349,benzene_constraint,0.0,0.558252352697809,1096.898;1462.530667;997.18;1.204994178;12.04994178
margin,5.0,7,-1,-4.890489079089434,benzene_constraint,0.0,0.5672934361914977,1210.666954;1500;1100.606322;1.128421585;11.28421585
margin,5.0,8,-1,-4.979524946243885,benzene_constraint,0.0,0.5815412848878417,1096.898;1450.63812;997.18;1.172139835;11.72139835
margin,5.0,9,-1,-4.821433216141337,benzene_constraint,0.0,0.6181946010709347,1170.460089;1500;1064.054627;1.104032015;11.04032015
cmicl,1.0,0,-1,14.310701851775733,benzene_constraint,0.0,0.448326734856726,725.1220298;966.829373;997.18;0.5860706408;22.02785693
cmicl,1.0,1,-1,29.646276989370744,benzene_constraint,0.0,0.9787538501544025,450;450;997.18;0.5;10
cmicl,1.0,2,-1,26.310226845618228,benzene_constraint,0.0,0.17614438031934665,453.8990129;460.2637883;997.18;0.7110540926;22.69495064
cmicl,1.0,3,-1,29.646276989370744,benzene_constraint,0.0,0.9787538501544025,450;450;997.18;0.5;10
cmicl,1.0,4,-1,30.419616374652836,benzene_constraint,0.0,1.0439514921433155,450;450;997.18;0.5;12.11739853
cmicl,1.0,5,-1,21.1879356427737,benzene_constraint,0.0,0.35719940800537003,615.0884887;608.6660823;997.18;0.5;29.66021032
cmicl,1.0,6,-1,30.2887851357686,benzene_constraint,0.0,1.0218578829097855,450;450;1030.147607;0.5;10
cmicl,1.0,7,-1,29.646276989370744,benzene_constraint,0.0,0.9787538501544025,450;450;997.18;0.5;10
cmicl,1.0,8,-1,29.646276989370744,benzene_constraint,0.0,0.9787538501544025,450;450;997.18;0.5;10
cmicl,1.0,9,-1,27.18958896239746,benzene_constraint,0.0,1.15784636061288,574.2066943;450;997.18;0.5;10
cmicl,0.95,0,-1,4.04163589269649,benzene_constraint,0.0,0.45724722915909277,1096.898;854.9586851;997.18;1.078936091;10.78936091
cmicl,0.95,1,-1,2.2223961006241097,benzene_constraint,0.0,0.6316583372736974,1096.898;986.0222764;997.18;1;10
cmicl,0.95,2,-1,4.107008766195413,benzene_constraint,0.0,0.31519162322583616,1096.898;860.1137623;997.18;0.691887511;30.82077995
cmicl,0.95,3,-1,21.539535610290848,benzene_constraint,0.0,0.4534047032222674,570.8538889;475.6772614;997.18;0.9555426134;10
cmicl,0.95,4,-1,4.845547766527382,benzene_constraint,0.0,0.3601019030116617,1096.898;857.0793102;997.18;0.5;34.09092944
cmicl,0.95,5,-1,4.74385364721708,benzene_constraint,0.0,0.6358077236734562,1049.582125;892.3617591;997.18;0.9628447037;10
cmicl,0.95,6,-1,2.7574193689078967,benzene_constraint,0.0,0.5619467927868054,1096.898;982.3677621;997.18;1.061173263;10.61173263
cmicl,0.95,7,-1,3.4696405249846336,benzene_constraint,0.0,0.3699923499162883,1096.898;939.4870132;997.18;0.5;46.64012311
cmicl,0.95,8,-1,3.4047182137879233,benzene_constraint,0.0,0.558574710083578,1096.898;877.5111636;997.18;0.9448917918;10
cmicl,0.95,9,-1,3.2181832381299245,benzene_constraint,0.0,0.3345721773006683,1096.898;867.7008146;997.18;0.8408803622;16.15012459
cmicl,0.9,0,-1,3.8594982320046327,benzene_constraint,0.0,0.4676927165965342,1096.898;869.4222525;997.18;1.081077611;10.81077611
cmicl,0.9,1,-1,2.203411278643621,benzene_constraint,0.0,0.6343107989017805,1096.898;988.8641733;997.18;1;10
cmicl,0.9,2,-1,3.980693387891556,benzene_constraint,0.0,0.32738188970794235,1096.898;868.7382345;997.18;0.6896933744;31.06918797
cmicl,0.9,3,-1,3.953579451071313,benzene_constraint,0.0,0.3889190377046548,1096.898;831.312834;997.18;1.100302387;11.00302387
cmicl,0.9,4,-1,4.831297434652342,benzene_constraint,0.0,0.3617149473898706,1096.898;859.1322123;997.18;0.5;34.11445558
cmicl,0.9,5,-1,4.792925151000773,benzene_constraint,0.0,0.6248313092700942,1051.040425;893.2608011;997.18;0.9634560665;10
cmicl,0.9,6,-1,2.691713247200873,benzene_constraint,0.0,0.3577285464710977,1096.898;934.4305188;997.18;0.8328307361;29.67590923
cmicl,0.9,7,-1,3.4262295782630687,benzene_constraint,0.0,0.3737429369181553,1096.898;944.4125334;997.18;0.5;46.70921198
cmicl,0.9,8,-1,3.39203496045873,benzene_constraint,0.0,0.5648461001965911,1096.898;881.5796371;997.18;0.9460531124;10
cmicl,0.9,9,-1,3.138082387843454,benzene_constraint,0.0,0.3501238696269532,1096.898;871.645416;997.18;0.8429541025;16.09066492
cmicl,0.8,0,-1,3.7716267946212483,benzene_constraint,0.0,0.4981467785858381,1096.898;886.896398;997.18;1.083664888;10.83664888
cmicl,0.8,1,-1,2.2730681232688923,benzene_constraint,0.0,0.49143584674174334,1045.757103;1080.843577;997.18;0.9426999281;10
cmicl,0.8,2,-1,3.953887567387987,benzene_constraint,0.0,0.3383759328099704,1096.898;880.9502973;997.18;0.6865865252;31.42092825
cmicl,0.8,3,-1,3.3830886011434345,benzene_constraint,0.0,0.4025223589765575,1096.898;855.0311537;997.18;1.107729287;11.07729287
cmicl,0.8,4,-1,4.6965533787633404,benzene_constraint,0.0,0.3689314539802182,1096.898;868.8230434;997.18;0.5;34.22551195
cmicl,0.8,5,-1,4.62726329646334,benzene_constraint,0.0,0.6369331287253339,1057.615408;897.3142779;997.18;0.9662124949;10
cmicl,0.8,6,-1,2.5630953625802064,benzene_constraint,0.0,0.37498655578748535,1096.898;949.3316914;997.18;0.843410794;29.16250897
cmicl,0.8,7,-1,3.3786885267698707,benzene_constraint,0.0,0.3757718493884295,1096.898;951.8849575;997.18;0.5;46.81402553
cmicl,0.8,8,-1,3.268866473241822,benzene_constraint,0.0,0.5767837453507335,1096.898;893.9626487;997.18;0.9495877665;10
cmicl,0.8,9,-1,3.1717540540237863,benzene_constraint,0.0,0.35971560746432013,1096.898;884.274636;997.18;0.8495934862;15.90029606
cmicl,0.7,0,-1,4.134508075324803,benzene_constraint,0.0,0.6311714913995994,1085.827555;925.4974084;997.18;1.086515646;10.86515646
cmicl,0.7,1,-1,2.2730681232688923,benzene_constraint,0.0,0.4914358467417425,1045.757103;1080.843577;997.18;0.9426999281;10
cmicl,0.7,2,-1,3.882707901652985,benzene_constraint,0.0,0.34300801478982623,1096.898;889.0695253;997.18;0.6845209268;31.65478387
cmicl,0.7,3,-1,3.525166555654039,benzene_constraint,0.0,0.37264934947498507,1096.898;914.5194139;997.18;0.6902181168;32.85060457
cmicl,0.7,4,-1,4.672348032143205,benzene_constraint,0.0,0.3804305563626605,1096.898;879.2771563;997.18;0.5;34.34531549
cmicl,0.7,5,-1,4.2390754220948565,benzene_constraint,0.0,0.614899153731939,1082.350365;871.3596172;997.18;0.9769395379;10
cmicl,0.7,6,-1,2.376928032039544,benzene_constraint,0.0,0.3869009216610277,1096.898;967.5515901;997.18;0.8563471978;28.53476637
cmicl,0.7,7,-1,3.326262327534785,benzene_constraint,0.0,0.3953678904155818,1096.898;961.3723552;997.18;0.5;46.94710255
cmicl,0.7,8,-1,3.0989818995647482,benzene_constraint,0.0,0.5533008784287385,1096.898;913.5191713;997.18;0.955170055;10
cmicl,0.7,9,-1,3.277256780234417,benzene_constraint,0.0,0.3491618750198841,1096.898;893.5850952;997.18;0.8544881441;15.75995314
cmicl,0.6,0,-1,2.2020450476515165,benzene_constraint,0.0,0.4102351154338405,1096.898;959.4710179;997.18;0.9236374808;19.3231055
cmicl,0.6,1,-1,2.2730681232688923,benzene_constraint,0.0,0.4914358467417425,1045.757103;1080.843577;997.18;0.9426999281;10
cmicl,0.6,2,-1,3.575694950547799,benzene_constraint,0.0,0.36271841840639046,1096.898;905.1804159;997.18;0.6804221837;32.11882088
cmicl,0.6,3,-1,3.42147433838808,benzene_constraint,0.0,0.3619987879857811,1096.898;921.667214;997.18;0.6928412997;32.85392991
cmicl,0.6,4,-1,4.468228220608921,benzene_constraint,0.0,0.3899367515450463,1096.898;902.4707532;997.18;0.5;34.61111278
cmicl,0.6,5,-1,4.184734990423863,benzene_constraint,0.0,0.6185241820022002,1084.172729;874.319936;997.18;0.9776875937;10
cmicl,0.6,6,-1,2.1777689531407773,benzene_constraint,0.0,0.40628171645930955,1096.898;990.2914328;997.18;0.8724928302;27.75129506
cmicl,0.6,7,-1,3.194281763183575,benzene_constraint,0.0,0.4006313373515233,1096.898;975.3947691;997.18;0.5;47.14379094
cmicl,0.6,8,-1,2.7956647723118166,benzene_constraint,0.0,0.5634795032903289,1096.898;942.7591705;997.18;0.9635164319;10
cmicl,0.6,9,-1,3.1282884314897856,benzene_constraint,0.0,0.3711701967279542,1096.898;915.0129855;997.18;0.8657531301;15.43695592
cmicl,0.5,0,-1,2.001293561185335,benzene_constraint,0.0,0.4124793745657705,1096.898;977.5913328;997.18;0.925550109;19.38773095
cmicl,0.5,1,-1,2.2730681232688923,benzene_constraint,0.0,0.49143584674174334,1045.757103;1080.843577;997.18;0.9426999281;10
cmicl,0.5,2,-1,3.3675952407201564,benzene_constraint,0.0,0.36901509586385073,1096.898;926.3936208;997.18;0.6750253699;32.72981828
cmicl,0.5,3,-1,3.3297187423090833,benzene_constraint,0.0,0.3601276757690566,1096.898;929.1964571;997.18;0.6758936034;33.83303945
cmicl,0.5,4,-1,3.9897924124755377,benzene_constraint,0.0,0.420633166760621,1096.898;950.69967;997.18;0.5;35.1638134
cmicl,0.5,5,-1,4.053983008360618,benzene_constraint,0.0,0.6390958649295059,1087.443379;879.6329081;997.18;0.9790301518;10
cmicl,0.5,6,-1,1.923882221714102,benzene_constraint,0.0,0.4050349262578009,1096.898;1009.770649;997.18;0.8772801174;27.89056587
cmicl,0.5,7,-1,3.09375039124064,benzene_constraint,0.0,0.40662740732106434,1096.898;982.4033465;997.18;0.5;47.24209825
cmicl,0.5,8,-1,2.3398989572888738,benzene_constraint,0.0,0.6006763148418016,1096.898;995.6993061;997.18;0.9786278663;10
cmicl,0.5,9,-1,2.657736000729919,benzene_constraint,0.0,0.4320704229647828,1096.898;961.9392501;997.18;0.8904230209;14.72960427
cmicl,0.4,0,-1,2.0694265435322237,benzene_constraint,0.0,0.4019998608767768,1096.898;1008.963341;997.18;0.8189109725;24.89435339
cmicl,0.4,1,-1,2.2730681232688923,benzene_constraint,0.0,0.49143584674174334,1045.757103;1080.843577;997.18;0.9426999281;10
cmicl,0.4,2,-1,4.131628211478741,benzene_constraint,0.0,0.46284750940483266,1034.788208;985.8153598;997.18;0.7751850703;29.13707401
cmicl,0.4,3,-1,3.27105747802063,benzene_constraint,0.0,0.3737523827889392,1096.898;940.8667807;997.18;0.6788240556;33.90541105
cmicl,0.4,4,-1,4.2353909274564145,benzene_constraint,0.0,0.5658136454996178,1089.877365;987.8004346;997.18;0.5;35.5273872
cmicl,0.4,5,-1,4.057318856357746,benzene_constraint,0.0,0.4352824431400833,1096.898;873.1076641;997.18;0.9787308108;10.80804477
cmicl,0.4,6,-1,0.25748121185483797,benzene_constraint,0.2857142857142857,0.26646072802648313,1096.898;1043.377973;997.18;0.9101850773;25.92226827
cmicl,0.4,7,-1,3.0780325185987536,benzene_constraint,0.0,0.40810147347620046,1096.898;991.9034404;997.18;0.5;47.37535335
cmicl,0.4,8,-1,2.762840130492542,benzene_constraint,0.0,0.3245688496580391,1078.669301;1024.366729;997.18;0.5;40.78843495
cmicl,0.4,9,-1,3.1862700662359984,benzene_constraint,0.0,0.41509179274398944,1096.898;955.4125395;997.18;0.548230402;40.25498028
cmicl,0.3,0,-1,1.2735057186661933,benzene_constraint,0.0,0.23146654315996304,1096.898;1049.69745;997.18;0.5;43.03325701
cmicl,0.3,1,-1,2.2730681232688923,benzene_constraint,0.0,0.4914358467417425,1045.757103;1080.843577;997.18;0.9426999281;10
cmicl,0.3,2,-1,3.9695670415191913,benzene_constraint,0.0,0.4794211082350569,1031.782266;995.211082;997.18;0.8060517796;27.92990047
cmicl,0.3,3,-1,3.249794177120002,benzene_constraint,0.0,0.38871021187174504,1096.898;952.8298677;997.18;0.6656501788;34.78033358
cmicl,0.3,4,-1,3.5414913631243365,benzene_constraint,0.0,0.2907634734075102,979.8570119;1113.406549;997.18;0.5;36.57924206
cmicl,0.3,5,-1,3.6488468939183676,benzene_constraint,0.0,0.30044313654746435,1093.395575;882.8557616;997.18;0.7693322193;24.16332756
cmicl,0.3,6,-1,-0.9852216994986378,benzene_constraint,0.0,0.29065463082010834,1096.898;1095.350081;997.18;0.9186070209;23.75378913
cmicl,0.3,7,-1,2.9814426434774504,benzene_constraint,0.0,0.3985057968218066,1096.898;996.0730604;997.18;0.579169877;43.63141517
cmicl,0.3,8,-1,2.762840130492542,benzene_constraint,0.0,0.32456884965803817,1078.669301;1024.366729;997.18;0.5;40.78843495
cmicl,0.3,9,-1,3.1862700662360197,benzene_constraint,0.0,0.41509179274399527,1096.898;955.4125395;997.18;0.548230402;40.25498028
cmicl,0.2,0,-1,1.4383515942892657,benzene_constraint,0.0,0.2751862524031764,1096.898;1033.369963;997.18;0.5;44.87275927
cmicl,0.2,1,-1,2.2730681232688923,benzene_constraint,0.0,0.49143584674174334,1045.757103;1080.843577;997.18;0.9426999281;10
cmicl,0.2,2,-1,3.4234134039165767,benzene_constraint,0.0,0.25956748403669383,987.7075394;1019.804067;997.18;0.9961994657;19.81830507
cmicl,0.2,3,-1,3.2902888695301726,benzene_constraint,0.0,0.3952057326427083,1096.898;977.3901093;997.18;0.6372556616;36.64329744
cmicl,0.2,4,-1,5.812700574893867,benzene_constraint,0.0,0.6513796486663459,949.2022668;1146.625085;997.18;0.5;37.10737311
cmicl,0.2,5,-1,3.6488468939183605,benzene_constraint,0.0,0.3004431365474627,1093.395575;882.8557616;997.18;0.7693322193;24.16332756
cmicl,0.2,6,-1,-2.6099911358029786,benzene_constraint,0.0,0.25876925100378356,1076.714294;1256.73948;997.18;0.9074930752;15.43002902
cmicl,0.2,7,-1,2.8100753643746117,benzene_constraint,0.0,0.393228189754566,1096.898;1009.752847;997.18;0.5793996235;43.8122632
cmicl,0.2,8,-1,2.762840130492563,benzene_constraint,0.0,0.32456884965803784,1078.669301;1024.366729;997.18;0.5;40.78843495
cmicl,0.2,9,-1,3.186270029202703,benzene_constraint,0.0,0.41509177937391956,1096.898;955.4125395;997.18;0.548230402;40.25495784
cmicl,0.15,0,-1,1.360118118638816,benzene_constraint,0.0,0.2812573283745349,1096.898;1035.259416;997.18;0.5;44.91100092
cmicl,0.15,1,-1,2.2730681232688994,benzene_constraint,0.0,0.4914358467417433,1045.757103;1080.843577;997.18;0.9426999281;10
cmicl,0.15,2,-1,3.497172861693514,benzene_constraint,0.0,0.27353726802611106,989.9666997;1021.98861;997.18;0.9972626615;19.81774901
cmicl,0.15,3,-1,2.880874596056003,benzene_constraint,0.0,0.4093732716847232,1096.898;996.4908929;997.18;0.6151729177;38.09214595
cmicl,0.15,4,-1,4.806621711535115,benzene_constraint,0.0,0.26354633141539263,920.1822613;1174.50262;997.18;0.5;37.56080587
cmicl,0.15,5,-1,3.6488468939183676,benzene_constraint,0.0,0.3004431365474632,1093.395575;882.8557616;997.18;0.7693322193;24.16332756
cmicl,0.15,6,-1,-3.2592158560074083,benzene_constraint,0.0,0.27775854992188354,1082.783459;1265.479422;997.18;0.9124042335;15.44115343
cmicl,0.15,7,-1,1.8311068148479634,benzene_constraint,0.0,0.28489507715451995,1096.898;1017.683389;997.18;0.6556008451;40.26365899
cmicl,0.15,8,-1,2.762840130492563,benzene_constraint,0.0,0.3245688496580372,1078.669301;1024.366729;997.18;0.5;40.78843495
cmicl,0.15,9,-1,3.1862702638256692,benzene_constraint,0.0,0.41509175203996757,1096.898;955.4125395;997.18;0.5482300206;40.25498028
cmicl,0.1,0,-1,1.3317085470192254,benzene_constraint,0.0,0.2736274799120377,1096.898;1036.333388;997.18;0.5;44.9327302
cmicl,0.1,1,-1,2.2730681232688923,benzene_constraint,0.0,0.49143584674174334,1045.757103;1080.843577;997.18;0.9426999281;10
cmicl,0.1,2,-1,3.425114396335047,benzene_constraint,0.0,0.31702696051365875,974.0102323;1040.256131;1000.900261;0.9587506087;21.63907371
cmicl,0.1,3,-1,1.884995331540594,benzene_constraint,0.0,0.28149419234465145,1096.898;1017.64735;997.18;0.5907135743;39.69692312
cmicl,0.1,4,-1,4.586642681171689,benzene_constraint,0.0,0.27521023745527134,918.7394884;1180.707239;997.18;0.5;37.64616733
cmicl,0.1,5,-1,3.6488468939183676,benzene_constraint,0.0,0.3004431365474632,1093.395575;882.8557616;997.18;0.7693322193;24.16332756
cmicl,0.1,6,-1,-4.112398053597467,benzene_constraint,0.0,0.3302321325981352,1096.898;1303.471829;997.18;0.9171021133;16.13018756
cmicl,0.1,7,-1,1.5283058569168517,benzene_constraint,0.0,0.2611890786011079,1096.898;1027.800112;997.18;0.6777031434;39.34401928
cmicl,0.1,8,-1,2.762840130492563,benzene_constraint,0.0,0.3245688496580372,1078.669301;1024.366729;997.18;0.5;40.78843495
cmicl,0.1,9,-1,3.1862700662360197,benzene_constraint,0.0,0.41509179274399033,1096.898;955.4125395;997.18;0.548230402;40.25498028
cmicl,0.075,0,-1,1.2913428372083828,benzene_constraint,0.0,0.2624978581268174,1096.898;1037.685386;997.18;0.5;44.96008468
cmicl,0.075,1,-1,2.2730681232688923,benzene_constraint,0.0,0.49143584674174334,1045.757103;1080.843577;997.18;0.9426999281;10
cmicl,0.075,2,-1,3.6144524900030177,benzene_constraint,0.0,0.28536079160946687,977.0701758;1036.665854;1002.027839;0.957827855;21.5841787
cmicl,0.075,3,-1,0.7265681364911103,benzene_constraint,0.0,0.3075170073926099,1096.898;1044.964499;997.18;0.559131749;41.76900623
cmicl,0.075,4,-1,4.583678950415404,benzene_constraint,0.0,0.2754943677464566,918.465916;1181.883732;997.18;0.5;37.6623532
cmicl,0.075,5,-1,3.6488468939183676,benzene_constraint,0.0,0.3004431365474632,1093.395575;882.8557616;997.18;0.7693322193;24.16332756
cmicl,0.075,6,-1,2.9015064112269187,benzene_constraint,0.0,0.48975299342079864,934.4824734;1179.263098;997.18;1.337633045;16.81613128
cmicl,0.075,7,-1,0.9107119413059763,benzene_constraint,0.0,0.2625937540273609,1096.898;1036.558645;997.18;0.6968381638;38.54784305
cmicl,0.075,8,-1,2.762840130492542,benzene_constraint,0.0,0.32456884965803817,1078.669301;1024.366729;997.18;0.5;40.78843495
cmicl,0.075,9,-1,3.1862700662359984,benzene_constraint,0.0,0.41509179274398944,1096.898;955.4125395;997.18;0.548230402;40.25498028
cmicl,0.05,0,-1,2.812870484673901,benzene_constraint,0.0,0.4094707406246068,1096.898;1006.599131;997.18;0.5;47.66295758
cmicl,0.05,1,-1,2.2730681232688923,benzene_constraint,0.0,0.49143584674174334,1045.757103;1080.843577;997.18;0.9426999281;10
cmicl,0.05,2,-1,3.547697345963151,benzene_constraint,0.0,0.30195663155506247,974.1476233;1040.082349;1002.380908;0.9519044472;21.88173662
cmicl,0.05,3,-1,0.8849051574545186,benzene_constraint,0.0,0.2492928952721769,1096.898;1058.451643;997.18;0.5383600274;43.04838322
cmicl,0.05,4,-1,4.644702924717372,benzene_constraint,0.0,0.2728915232403782,915.9627024;1189.25062;997.18;0.5;37.79177181
cmicl,0.05,5,-1,3.6488468939183676,benzene_constraint,0.0,0.3004431365474632,1093.395575;882.8557616;997.18;0.7693322193;24.16332756
cmicl,0.05,6,-1,2.9015064112269187,benzene_constraint,0.0,0.48975299342079864,934.4824734;1179.263098;997.18;1.337633045;16.81613128
cmicl,0.05,7,-1,0.46130886019764006,benzene_constraint,0.0,0.2380218949076733,1096.898;1069.799213;997.18;0.7036163746;38.68855051
cmicl,0.05,8,-1,2.762840130492563,benzene_constraint,0.0,0.32456884965803784,1078.669301;1024.366729;997.18;0.5;40.78843495
cmicl,0.05,9,-1,3.1862700662360197,benzene_constraint,0.0,0.41509179274399033,1096.898;955.4125395;997.18;0.548230402;40.25498028
cmicl,0.03,0,-1,2.8128704846741144,benzene_constraint,0.0,0.4094707406245823,1096.898;1006.599131;997.18;0.5;47.66295758
cmicl,0.03,1,-1,2.2730681232688923,benzene_constraint,0.0,0.49143584674174334,1045.757103;1080.843577;997.18;0.9426999281;10
cmicl,0.03,2,-1,3.6732456571726715,benzene_constraint,0.0,0.29305905468568744,972.2775042;1043.062474;1002.744888;0.9471485266;22.12340095
cmicl,0.03,3,-1,0.11631108984260408,benzene_constraint,0.2857142857142857,0.24340071544556308,1096.898;1097.834363;997.18;0.5;45.680739
cmicl,0.03,4,-1,4.5279013519338065,benzene_constraint,0.0,0.2823499291181335,918.5257409;1193.549623;997.18;0.5;37.72436976
cmicl,0.03,5,-1,3.6488468939183676,benzene_constraint,0.0,0.30044313654746435,1093.395575;882.8557616;997.18;0.7693322193;24.16332756
cmicl,0.03,6,-1,2.9015064112269187,benzene_constraint,0.0,0.48975299342079864,934.4824734;1179.263098;997.18;1.337633045;16.81613128
cmicl,0.03,7,-1,-2.6586945396749826,benzene_constraint,0.0,0.1932972475182154,1096.898;1289.6518;997.18;0.6297435305;30.73580285
cmicl,0.03,8,-1,2.762840130492542,benzene_constraint,0.0,0.3245688496580382,1078.669301;1024.366729;997.18;0.5;40.78843495
cmicl,0.03,9,-1,3.1862700662360197,benzene_constraint,0.0,0.41509179274399,1096.898;955.4125395;997.18;0.548230402;40.25498028
cmicl,0.02,0,-1,2.8128704846741215,benzene_constraint,0.0,0.409470740624584,1096.898;1006.599131;997.18;0.5;47.66295758
cmicl,0.02,1,-1,2.273068123268885,benzene_constraint,0.0,0.49143584674174073,1045.757103;1080.843577;997.18;0.9426999281;10
cmicl,0.02,2,-1,3.6732456571726715,benzene_constraint,0.0,0.29305905468569204,972.2775042;1043.062474;1002.744888;0.9471485266;22.12340095
cmicl,0.02,3,-1,2.117203886935343,benzene_constraint,0.0,0.42847625415457846,1123.329492;962.7746046;1021.208629;0.5;50.82716354
cmicl,0.02,4,-1,4.518519684239877,benzene_constraint,0.0,0.2822952601358417,918.8236361;1194.049285;997.18;0.5;37.7165358
cmicl,0.02,5,-1,3.6488468939183605,benzene_constraint,0.0,0.3004431365474627,1093.395575;882.8557616;997.18;0.7693322193;24.16332756
cmicl,0.02,6,-1,2.9015064112269187,benzene_constraint,0.0,0.48975299342079864,934.4824734;1179.263098;997.18;1.337633045;16.81613128
cmicl,0.02,7,-1,-2.8273579648702594,benzene_constraint,0.0,0.17121613014743006,1096.898;1308.046411;997.18;0.6323180372;30.80950372
cmicl,0.02,8,-1,2.762840130492556,benzene_constraint,0.0,0.324568849658039,1078.669301;1024.366729;997.18;0.5;40.78843495
cmicl,0.02,9,-1,3.1862700662360197,benzene_constraint,0.0,0.41509179274399177,1096.898;955.4125395;997.18;0.548230402;40.25498028
cmicl,0.015,0,-1,2.8128704846741215,benzene_constraint,0.0,0.4094707406245826,1096.898;1006.599131;997.18;0.5;47.66295758
cmicl,0.015,1,-1,2.273068123268885,benzene_constraint,0.0,0.49143584674174073,1045.757103;1080.843577;997.18;0.9426999281;10
cmicl,0.015,2,-1,3.6732456571726715,benzene_constraint,0.0,0.29305905468568744,972.2775042;1043.062474;1002.744888;0.9471485266;22.12340095
cmicl,0.015,3,-1,2.1172038869353287,benzene_constraint,0.0,0.42847625415457624,1123.329492;962.7746046;1021.208629;0.5;50.82716354
cmicl,0.015,4,-1,4.491819614622727,benzene_constraint,0.0,0.2820882527974942,919.6596837;1195.451593;997.18;0.5;37.69454966
cmicl,0.015,5,-1,3.6488468939183605,benzene_constraint,0.0,0.3004431365474627,1093.395575;882.8557616;997.18;0.7693322193;24.16332756
cmicl,0.015,6,-1,2.9015064112269187,benzene_constraint,0.0,0.48975299342079864,934.4824734;1179.263098;997.18;1.337633045;16.81613128
cmicl,0.015,7,-1,-3.0772868974217644,benzene_constraint,0.0,0.23398526170268463,1096.898;1319.435942;997.18;0.6233406457;30.94138454
cmicl,0.015,8,-1,2.762840130492542,benzene_constraint,0.0,0.3245688496580391,1078.669301;1024.366729;997.18;0.5;40.78843495
cmicl,0.015,9,-1,3.1862700662360197,benzene_constraint,0.0,0.41509179274399355,1096.898;955.4125395;997.18;0.548230402;40.25498028
cmicl,0.0075,0,-1,2.8128704846741215,benzene_constraint,0.0,0.4094707406245826,1096.898;1006.599131;997.18;0.5;47.66295758
cmicl,0.0075,1,-1,2.2730681232688923,benzene_constraint,0.0,0.49143584674174334,1045.757103;1080.843577;997.18;0.9426999281;10
cmicl,0.0075,2,-1,3.6732456571726715,benzene_constraint,0.0,0.29305905468568827,972.2775042;1043.062474;1002.744888;0.9471485266;22.12340095
cmicl,0.0075,3,-1,2.117203886935343,benzene_constraint,0.0,0.42847625415457846,1123.329492;962.7746046;1021.208629;0.5;50.82716354
cmicl,0.0075,4,-1,4.478466942977619,benzene_constraint,0.0,0.28361602942004355,920.2873639;1196.504406;997.18;0.5;37.6780431
cmicl,0.0075,5,-1,3.6488468939183605,benzene_constraint,0.0,0.3004431365474622,1093.395575;882.8557616;997.18;0.7693322193;24.16332756
cmicl,0.0075,6,-1,2.9015064112269187,benzene_constraint,0.0,0.48975299342079864,934.4824734;1179.263098;997.18;1.337633045;16.81613128
cmicl,0.0075,7,-1,-3.046997636492236,benzene_constraint,0.0,0.23561714810836762,1096.898;1320.011052;997.18;0.623426675;30.97039633
cmicl,0.0075,8,-1,2.762840130492542,benzene_constraint,0.0,0.32456884965803817,1078.669301;1024.366729;997.18;0.5;40.78843495
cmicl,0.0075,9,-1,3.1862700662359984,benzene_constraint,0.0,0.41509179274398944,1096.898;955.4125395;997.18;0.548230402;40.25498028
