iteration,obj_value,violation
1,-2.0,1.20986298012315
2,-2.0,1.2938001717123933
3,-1.3297746777534485,0.14832122418901084
4,-1.3154320120811462,0.14752114799529736
5,-1.2591814696788788,0.03225753542333698
6,-1.2591814696788788,0.04793729470038932
7,-1.2567758858203888,0.09249526980059097
8,-1.2510652542114258,0.023411491039741605
9,-1.2498449981212616,0.13992493963644304
10,-1.2498449981212645,0.0030795064508921666
11,-1.2425160706043243,-0.04655324572462349
