method,objective,models_embedded,solve_time,iterations,true_feasible,true_constraint_val,feasibility_rate,worst_violation,pred_mean,pred_std
nominal,-1.3055229485034967,1,1.3149380683898926,,False,1.0673942558055702,0.01,0.11598749603310288,1.052889486350371,0.022084536821905275
robust_param,-1.2392534485885074,1,0.34881091117858887,,False,1.1768689369557472,0.83,0.045869181498332745,0.973595728079835,0.02666297842508839
robust_cls,-1.308165192604065,1,15.13419508934021,,False,1.0726693084764558,0.2,0.07878596705601959,1.0189098516850215,0.02517411816704116
wrapper,-1.2845218181610107,20,193.23298621177673,,False,1.0366736353591874,0.8,0.03984615240553624,0.9783336205042401,0.02815293799235376
cp,-1.128721922636032,28,138.87500619888306,28.0,True,0.7976808551914649,1.0,-0.17041228857229596,0.7801937185962313,0.020525439254332176
