method,objective,models_embedded,solve_time,iterations,feasibility_rate,constraint_violation_rates,worst_violation
nominal,-1.3055229485034967,1,1.8952603340148926,,0.0,[1.0],[0.06739425580557024]
robust_param,-1.2392534485885074,1,0.4980025291442871,,0.0,[1.0],[0.17686893695574724]
robust_cls,-1.308165192604065,1,17.33924126625061,,0.0,[1.0],[0.07266930847645581]
wrapper,-1.2845218181610107,1,224.81096029281616,,0.0,[1.0],[0.03667363535918744]
cp,-1.2425160706043243,1,176.70365500450134,11.0,1.0,[0.0],[0.0]
