method,objective,models_embedded,solve_time,iterations,true_feasible,true_constraint_val,feasibility_rate,worst_violation,pred_mean,pred_std
nominal,-1.3055229485034967,1,1.2146382331848145,,False,1.0673942558055702,0.01,0.11598749603310288,1.052889486350371,0.022084536821905275
cp,-1.128721922636032,28,182.71439743041992,28.0,True,0.7976808551914649,1.0,-0.17041228857229596,0.7801937185962313,0.020525439254332176
