outcome,constraint_mode,given_mean,given_sd,prescribed_mean,prescribed_sd,pct_change,n_test,n_prescribed_eval,mean_solve_time,solve_time_sd,method,n_method_feasible,realization,subsample_seed,rhs,frac,strength
Any_DLT,dlt_only,0.8541666666666666,0.35479176002615415,1.0,0.0,17.07317073170732,96,96,0.016001770893732708,0.0016481846126599692,nominal,96,0,1042,0.6,0.5,0.5
Blood,dlt_only,0.875,0.33245498310218435,0.9895833333333334,0.10206207261596574,13.0952380952381,96,96,0.016001770893732708,0.0016481846126599692,nominal,96,0,1042,0.6,0.5,0.5
Constitutional,dlt_only,0.8645833333333334,0.34396424742808945,0.96875,0.17490598978639324,12.048192771084333,96,96,0.016001770893732708,0.0016481846126599692,nominal,96,0,1042,0.6,0.5,0.5
Infection,dlt_only,0.8645833333333334,0.34396424742808945,1.0,0.0,15.662650602409633,96,96,0.016001770893732708,0.0016481846126599692,nominal,96,0,1042,0.6,0.5,0.5
Gastrointestinal,dlt_only,0.8645833333333334,0.3439642474280894,1.0,0.0,15.662650602409633,96,96,0.016001770893732708,0.0016481846126599692,nominal,96,0,1042,0.6,0.5,0.5
Overall_Survival,dlt_only,10.690597206168823,1.779425762099106,11.928525342216346,0.9582011685872592,11.579597586308823,96,96,0.016001770893732708,0.0016481846126599692,nominal,96,0,1042,0.6,0.5,0.5
all_constraints,dlt_only,0.6979166666666666,0.4615714956689105,0.96875,0.17490598978639324,38.80597014925374,96,96,0.016001770893732708,0.0016481846126599692,nominal,96,0,1042,0.6,0.5,0.5
Any_DLT,all_constraints,0.8863636363636364,0.3191878408444575,1.0,0.0,12.820512820512823,96,88,0.06296613564093907,0.015440072583986946,nominal,94,0,1042,0.6,0.5,0.5
Blood,all_constraints,0.875,0.3326141667278259,1.0,0.0,14.285714285714286,96,88,0.06296613564093907,0.015440072583986946,nominal,94,0,1042,0.6,0.5,0.5
Constitutional,all_constraints,0.9204545454545454,0.27213886368640305,0.9886363636363636,0.10660035817780522,7.407407407407414,96,88,0.06296613564093907,0.015440072583986946,nominal,94,0,1042,0.6,0.5,0.5
Infection,all_constraints,0.9090909090909091,0.28912724941310364,1.0,0.0,10.000000000000004,96,88,0.06296613564093907,0.015440072583986946,nominal,94,0,1042,0.6,0.5,0.5
Gastrointestinal,all_constraints,0.8977272727272727,0.30474306974563625,1.0,0.0,11.392405063291143,96,88,0.06296613564093907,0.015440072583986946,nominal,94,0,1042,0.6,0.5,0.5
Overall_Survival,all_constraints,10.741296636075175,1.810185479149017,11.876416620662258,1.146747871150296,10.567811531940446,96,88,0.06296613564093907,0.015440072583986946,nominal,94,0,1042,0.6,0.5,0.5
all_constraints,all_constraints,0.7613636363636364,0.4286926981732773,0.9886363636363636,0.10660035817780522,29.85074626865672,96,88,0.06296613564093907,0.015440072583986946,nominal,94,0,1042,0.6,0.5,0.5
Any_DLT,dlt_only,0.8541666666666666,0.35479176002615415,0.9895833333333334,0.10206207261596574,15.853658536585376,96,96,0.015529230237007141,0.0039423993702562415,robust_reg,96,0,1042,0.6,0.5,0.5
Blood,dlt_only,0.875,0.33245498310218435,1.0,0.0,14.285714285714286,96,96,0.015529230237007141,0.0039423993702562415,robust_reg,96,0,1042,0.6,0.5,0.5
Constitutional,dlt_only,0.8645833333333334,0.34396424742808945,0.9583333333333334,0.20087527770480484,10.843373493975903,96,96,0.015529230237007141,0.0039423993702562415,robust_reg,96,0,1042,0.6,0.5,0.5
Infection,dlt_only,0.8645833333333334,0.34396424742808945,0.9895833333333334,0.10206207261596574,14.457831325301203,96,96,0.015529230237007141,0.0039423993702562415,robust_reg,96,0,1042,0.6,0.5,0.5
Gastrointestinal,dlt_only,0.8645833333333334,0.3439642474280894,0.9895833333333334,0.10206207261596574,14.457831325301203,96,96,0.015529230237007141,0.0039423993702562415,robust_reg,96,0,1042,0.6,0.5,0.5
Overall_Survival,dlt_only,10.690597206168823,1.779425762099106,11.887039024290019,1.0348196474543265,11.191533971842189,96,96,0.015529230237007141,0.0039423993702562415,robust_reg,96,0,1042,0.6,0.5,0.5
all_constraints,dlt_only,0.6979166666666666,0.4615714956689105,0.9583333333333334,0.20087527770480484,37.31343283582091,96,96,0.015529230237007141,0.0039423993702562415,robust_reg,96,0,1042,0.6,0.5,0.5
Any_DLT,all_constraints,0.8863636363636364,0.3191878408444575,1.0,0.0,12.820512820512823,96,88,0.0541544184088707,0.014441987006470083,robust_reg,95,0,1042,0.6,0.5,0.5
Blood,all_constraints,0.875,0.3326141667278259,1.0,0.0,14.285714285714286,96,88,0.0541544184088707,0.014441987006470083,robust_reg,95,0,1042,0.6,0.5,0.5
Constitutional,all_constraints,0.9204545454545454,0.27213886368640305,0.9886363636363636,0.10660035817780522,7.407407407407414,96,88,0.0541544184088707,0.014441987006470083,robust_reg,95,0,1042,0.6,0.5,0.5
Infection,all_constraints,0.9090909090909091,0.28912724941310364,1.0,0.0,10.000000000000004,96,88,0.0541544184088707,0.014441987006470083,robust_reg,95,0,1042,0.6,0.5,0.5
Gastrointestinal,all_constraints,0.8977272727272727,0.30474306974563625,1.0,0.0,11.392405063291143,96,88,0.0541544184088707,0.014441987006470083,robust_reg,95,0,1042,0.6,0.5,0.5
Overall_Survival,all_constraints,10.741296636075175,1.810185479149017,11.917588429022482,1.080358544666306,10.951115426760238,96,88,0.0541544184088707,0.014441987006470083,robust_reg,95,0,1042,0.6,0.5,0.5
all_constraints,all_constraints,0.7613636363636364,0.4286926981732773,0.9886363636363636,0.10660035817780522,29.85074626865672,96,88,0.0541544184088707,0.014441987006470083,robust_reg,95,0,1042,0.6,0.5,0.5
Any_DLT,dlt_only,0.8541666666666666,0.35479176002615415,1.0,0.0,17.07317073170732,96,96,0.02550876885652542,0.002994826166942831,cp,96,0,1042,0.6,0.5,0.5
Blood,dlt_only,0.875,0.33245498310218435,0.9895833333333334,0.10206207261596574,13.0952380952381,96,96,0.02550876885652542,0.002994826166942831,cp,96,0,1042,0.6,0.5,0.5
Constitutional,dlt_only,0.8645833333333334,0.34396424742808945,0.96875,0.17490598978639324,12.048192771084333,96,96,0.02550876885652542,0.002994826166942831,cp,96,0,1042,0.6,0.5,0.5
Infection,dlt_only,0.8645833333333334,0.34396424742808945,1.0,0.0,15.662650602409633,96,96,0.02550876885652542,0.002994826166942831,cp,96,0,1042,0.6,0.5,0.5
Gastrointestinal,dlt_only,0.8645833333333334,0.3439642474280894,1.0,0.0,15.662650602409633,96,96,0.02550876885652542,0.002994826166942831,cp,96,0,1042,0.6,0.5,0.5
Overall_Survival,dlt_only,10.690597206168823,1.779425762099106,11.928525342222736,0.9582011685829658,11.579597586368592,96,96,0.02550876885652542,0.002994826166942831,cp,96,0,1042,0.6,0.5,0.5
all_constraints,dlt_only,0.6979166666666666,0.4615714956689105,0.96875,0.17490598978639324,38.80597014925374,96,96,0.02550876885652542,0.002994826166942831,cp,96,0,1042,0.6,0.5,0.5
Any_DLT,all_constraints,0.8863636363636364,0.3191878408444575,1.0,0.0,12.820512820512823,96,88,0.0734657347202301,0.013331730316052314,cp,94,0,1042,0.6,0.5,0.5
Blood,all_constraints,0.875,0.3326141667278259,1.0,0.0,14.285714285714286,96,88,0.0734657347202301,0.013331730316052314,cp,94,0,1042,0.6,0.5,0.5
Constitutional,all_constraints,0.9204545454545454,0.27213886368640305,0.9886363636363636,0.10660035817780522,7.407407407407414,96,88,0.0734657347202301,0.013331730316052314,cp,94,0,1042,0.6,0.5,0.5
Infection,all_constraints,0.9090909090909091,0.28912724941310364,1.0,0.0,10.000000000000004,96,88,0.0734657347202301,0.013331730316052314,cp,94,0,1042,0.6,0.5,0.5
Gastrointestinal,all_constraints,0.8977272727272727,0.30474306974563625,1.0,0.0,11.392405063291143,96,88,0.0734657347202301,0.013331730316052314,cp,94,0,1042,0.6,0.5,0.5
Overall_Survival,all_constraints,10.741296636075175,1.810185479149017,11.87710220324227,1.1440918316901403,10.574194211827612,96,88,0.0734657347202301,0.013331730316052314,cp,94,0,1042,0.6,0.5,0.5
all_constraints,all_constraints,0.7613636363636364,0.4286926981732773,0.9886363636363636,0.10660035817780522,29.85074626865672,96,88,0.0734657347202301,0.013331730316052314,cp,94,0,1042,0.6,0.5,0.5
Any_DLT,dlt_only,0.8541666666666666,0.35479176002615415,1.0,0.0,17.07317073170732,96,96,0.01512773334980011,0.0015461712509758144,nominal,96,0,1042,0.6,0.5,0.75
Blood,dlt_only,0.875,0.33245498310218435,0.9895833333333334,0.10206207261596574,13.0952380952381,96,96,0.01512773334980011,0.0015461712509758144,nominal,96,0,1042,0.6,0.5,0.75
Constitutional,dlt_only,0.8645833333333334,0.34396424742808945,0.96875,0.17490598978639324,12.048192771084333,96,96,0.01512773334980011,0.0015461712509758144,nominal,96,0,1042,0.6,0.5,0.75
Infection,dlt_only,0.8645833333333334,0.34396424742808945,1.0,0.0,15.662650602409633,96,96,0.01512773334980011,0.0015461712509758144,nominal,96,0,1042,0.6,0.5,0.75
Gastrointestinal,dlt_only,0.8645833333333334,0.3439642474280894,1.0,0.0,15.662650602409633,96,96,0.01512773334980011,0.0015461712509758144,nominal,96,0,1042,0.6,0.5,0.75
Overall_Survival,dlt_only,10.690597206168823,1.779425762099106,11.928525342216346,0.9582011685872592,11.579597586308823,96,96,0.01512773334980011,0.0015461712509758144,nominal,96,0,1042,0.6,0.5,0.75
all_constraints,dlt_only,0.6979166666666666,0.4615714956689105,0.96875,0.17490598978639324,38.80597014925374,96,96,0.01512773334980011,0.0015461712509758144,nominal,96,0,1042,0.6,0.5,0.75
Any_DLT,all_constraints,0.8863636363636364,0.3191878408444575,1.0,0.0,12.820512820512823,96,88,0.0602290133635203,0.014510735261682535,nominal,94,0,1042,0.6,0.5,0.75
Blood,all_constraints,0.875,0.3326141667278259,1.0,0.0,14.285714285714286,96,88,0.0602290133635203,0.014510735261682535,nominal,94,0,1042,0.6,0.5,0.75
Constitutional,all_constraints,0.9204545454545454,0.27213886368640305,0.9886363636363636,0.10660035817780522,7.407407407407414,96,88,0.0602290133635203,0.014510735261682535,nominal,94,0,1042,0.6,0.5,0.75
Infection,all_constraints,0.9090909090909091,0.28912724941310364,1.0,0.0,10.000000000000004,96,88,0.0602290133635203,0.014510735261682535,nominal,94,0,1042,0.6,0.5,0.75
Gastrointestinal,all_constraints,0.8977272727272727,0.30474306974563625,1.0,0.0,11.392405063291143,96,88,0.0602290133635203,0.014510735261682535,nominal,94,0,1042,0.6,0.5,0.75
Overall_Survival,all_constraints,10.741296636075175,1.810185479149017,11.876416620662258,1.146747871150296,10.567811531940446,96,88,0.0602290133635203,0.014510735261682535,nominal,94,0,1042,0.6,0.5,0.75
all_constraints,all_constraints,0.7613636363636364,0.4286926981732773,0.9886363636363636,0.10660035817780522,29.85074626865672,96,88,0.0602290133635203,0.014510735261682535,nominal,94,0,1042,0.6,0.5,0.75
Any_DLT,dlt_only,0.8541666666666666,0.35479176002615415,1.0,0.0,17.07317073170732,96,96,0.015840234855810802,0.0019081064985904455,robust_reg,96,0,1042,0.6,0.5,0.75
Blood,dlt_only,0.875,0.33245498310218435,1.0,0.0,14.285714285714286,96,96,0.015840234855810802,0.0019081064985904455,robust_reg,96,0,1042,0.6,0.5,0.75
Constitutional,dlt_only,0.8645833333333334,0.34396424742808945,0.9479166666666666,0.22336148028967082,9.63855421686746,96,96,0.015840234855810802,0.0019081064985904455,robust_reg,96,0,1042,0.6,0.5,0.75
Infection,dlt_only,0.8645833333333334,0.34396424742808945,1.0,0.0,15.662650602409633,96,96,0.015840234855810802,0.0019081064985904455,robust_reg,96,0,1042,0.6,0.5,0.75
Gastrointestinal,dlt_only,0.8645833333333334,0.3439642474280894,1.0,0.0,15.662650602409633,96,96,0.015840234855810802,0.0019081064985904455,robust_reg,96,0,1042,0.6,0.5,0.75
Overall_Survival,dlt_only,10.690597206168823,1.779425762099106,11.87512653758931,1.0233769348743251,11.08010439993918,96,96,0.015840234855810802,0.0019081064985904455,robust_reg,96,0,1042,0.6,0.5,0.75
all_constraints,dlt_only,0.6979166666666666,0.4615714956689105,0.9479166666666666,0.22336148028967082,35.820895522388064,96,96,0.015840234855810802,0.0019081064985904455,robust_reg,96,0,1042,0.6,0.5,0.75
Any_DLT,all_constraints,0.8863636363636364,0.3191878408444575,1.0,0.0,12.820512820512823,96,88,0.0713718831539154,0.057747361690723,robust_reg,94,0,1042,0.6,0.5,0.75
Blood,all_constraints,0.875,0.3326141667278259,1.0,0.0,14.285714285714286,96,88,0.0713718831539154,0.057747361690723,robust_reg,94,0,1042,0.6,0.5,0.75
Constitutional,all_constraints,0.9204545454545454,0.27213886368640305,0.9886363636363636,0.10660035817780522,7.407407407407414,96,88,0.0713718831539154,0.057747361690723,robust_reg,94,0,1042,0.6,0.5,0.75
Infection,all_constraints,0.9090909090909091,0.28912724941310364,1.0,0.0,10.000000000000004,96,88,0.0713718831539154,0.057747361690723,robust_reg,94,0,1042,0.6,0.5,0.75
Gastrointestinal,all_constraints,0.8977272727272727,0.30474306974563625,1.0,0.0,11.392405063291143,96,88,0.0713718831539154,0.057747361690723,robust_reg,94,0,1042,0.6,0.5,0.75
Overall_Survival,all_constraints,10.741296636075175,1.810185479149017,11.844224467066805,1.2117798328725784,10.268106992664116,96,88,0.0713718831539154,0.057747361690723,robust_reg,94,0,1042,0.6,0.5,0.75
all_constraints,all_constraints,0.7613636363636364,0.4286926981732773,0.9886363636363636,0.10660035817780522,29.85074626865672,96,88,0.0713718831539154,0.057747361690723,robust_reg,94,0,1042,0.6,0.5,0.75
Any_DLT,dlt_only,0.8541666666666666,0.35479176002615415,1.0,0.0,17.07317073170732,96,96,0.029576594630877178,0.02684154574665304,cp,96,0,1042,0.6,0.5,0.75
Blood,dlt_only,0.875,0.33245498310218435,0.9895833333333334,0.10206207261596574,13.0952380952381,96,96,0.029576594630877178,0.02684154574665304,cp,96,0,1042,0.6,0.5,0.75
Constitutional,dlt_only,0.8645833333333334,0.34396424742808945,0.96875,0.17490598978639324,12.048192771084333,96,96,0.029576594630877178,0.02684154574665304,cp,96,0,1042,0.6,0.5,0.75
Infection,dlt_only,0.8645833333333334,0.34396424742808945,1.0,0.0,15.662650602409633,96,96,0.029576594630877178,0.02684154574665304,cp,96,0,1042,0.6,0.5,0.75
Gastrointestinal,dlt_only,0.8645833333333334,0.3439642474280894,1.0,0.0,15.662650602409633,96,96,0.029576594630877178,0.02684154574665304,cp,96,0,1042,0.6,0.5,0.75
Overall_Survival,dlt_only,10.690597206168823,1.779425762099106,11.928525342222736,0.9582011685829658,11.579597586368592,96,96,0.029576594630877178,0.02684154574665304,cp,96,0,1042,0.6,0.5,0.75
all_constraints,dlt_only,0.6979166666666666,0.4615714956689105,0.96875,0.17490598978639324,38.80597014925374,96,96,0.029576594630877178,0.02684154574665304,cp,96,0,1042,0.6,0.5,0.75
Any_DLT,all_constraints,0.8863636363636364,0.3191878408444575,1.0,0.0,12.820512820512823,96,88,0.07290556281805038,0.013579139588098347,cp,94,0,1042,0.6,0.5,0.75
Blood,all_constraints,0.875,0.3326141667278259,1.0,0.0,14.285714285714286,96,88,0.07290556281805038,0.013579139588098347,cp,94,0,1042,0.6,0.5,0.75
Constitutional,all_constraints,0.9204545454545454,0.27213886368640305,0.9886363636363636,0.10660035817780522,7.407407407407414,96,88,0.07290556281805038,0.013579139588098347,cp,94,0,1042,0.6,0.5,0.75
Infection,all_constraints,0.9090909090909091,0.28912724941310364,1.0,0.0,10.000000000000004,96,88,0.07290556281805038,0.013579139588098347,cp,94,0,1042,0.6,0.5,0.75
Gastrointestinal,all_constraints,0.8977272727272727,0.30474306974563625,1.0,0.0,11.392405063291143,96,88,0.07290556281805038,0.013579139588098347,cp,94,0,1042,0.6,0.5,0.75
Overall_Survival,all_constraints,10.741296636075175,1.810185479149017,11.87710220324227,1.1440918316901403,10.574194211827612,96,88,0.07290556281805038,0.013579139588098347,cp,94,0,1042,0.6,0.5,0.75
all_constraints,all_constraints,0.7613636363636364,0.4286926981732773,0.9886363636363636,0.10660035817780522,29.85074626865672,96,88,0.07290556281805038,0.013579139588098347,cp,94,0,1042,0.6,0.5,0.75
Any_DLT,dlt_only,0.8541666666666666,0.35479176002615415,1.0,0.0,17.07317073170732,96,96,0.015004552900791168,0.001497733642209798,nominal,96,0,1042,0.6,0.5,1.0
Blood,dlt_only,0.875,0.33245498310218435,0.9895833333333334,0.10206207261596574,13.0952380952381,96,96,0.015004552900791168,0.001497733642209798,nominal,96,0,1042,0.6,0.5,1.0
Constitutional,dlt_only,0.8645833333333334,0.34396424742808945,0.96875,0.17490598978639324,12.048192771084333,96,96,0.015004552900791168,0.001497733642209798,nominal,96,0,1042,0.6,0.5,1.0
Infection,dlt_only,0.8645833333333334,0.34396424742808945,1.0,0.0,15.662650602409633,96,96,0.015004552900791168,0.001497733642209798,nominal,96,0,1042,0.6,0.5,1.0
Gastrointestinal,dlt_only,0.8645833333333334,0.3439642474280894,1.0,0.0,15.662650602409633,96,96,0.015004552900791168,0.001497733642209798,nominal,96,0,1042,0.6,0.5,1.0
Overall_Survival,dlt_only,10.690597206168823,1.779425762099106,11.928525342216346,0.9582011685872592,11.579597586308823,96,96,0.015004552900791168,0.001497733642209798,nominal,96,0,1042,0.6,0.5,1.0
all_constraints,dlt_only,0.6979166666666666,0.4615714956689105,0.96875,0.17490598978639324,38.80597014925374,96,96,0.015004552900791168,0.001497733642209798,nominal,96,0,1042,0.6,0.5,1.0
Any_DLT,all_constraints,0.8863636363636364,0.3191878408444575,1.0,0.0,12.820512820512823,96,88,0.0597845067580541,0.014477923574012397,nominal,94,0,1042,0.6,0.5,1.0
Blood,all_constraints,0.875,0.3326141667278259,1.0,0.0,14.285714285714286,96,88,0.0597845067580541,0.014477923574012397,nominal,94,0,1042,0.6,0.5,1.0
Constitutional,all_constraints,0.9204545454545454,0.27213886368640305,0.9886363636363636,0.10660035817780522,7.407407407407414,96,88,0.0597845067580541,0.014477923574012397,nominal,94,0,1042,0.6,0.5,1.0
Infection,all_constraints,0.9090909090909091,0.28912724941310364,1.0,0.0,10.000000000000004,96,88,0.0597845067580541,0.014477923574012397,nominal,94,0,1042,0.6,0.5,1.0
Gastrointestinal,all_constraints,0.8977272727272727,0.30474306974563625,1.0,0.0,11.392405063291143,96,88,0.0597845067580541,0.014477923574012397,nominal,94,0,1042,0.6,0.5,1.0
Overall_Survival,all_constraints,10.741296636075175,1.810185479149017,11.876416620662258,1.146747871150296,10.567811531940446,96,88,0.0597845067580541,0.014477923574012397,nominal,94,0,1042,0.6,0.5,1.0
all_constraints,all_constraints,0.7613636363636364,0.4286926981732773,0.9886363636363636,0.10660035817780522,29.85074626865672,96,88,0.0597845067580541,0.014477923574012397,nominal,94,0,1042,0.6,0.5,1.0
Any_DLT,dlt_only,0.8541666666666666,0.35479176002615415,1.0,0.0,17.07317073170732,96,96,0.018998329838116963,0.018298875367455267,robust_reg,96,0,1042,0.6,0.5,1.0
Blood,dlt_only,0.875,0.33245498310218435,1.0,0.0,14.285714285714286,96,96,0.018998329838116963,0.018298875367455267,robust_reg,96,0,1042,0.6,0.5,1.0
Constitutional,dlt_only,0.8645833333333334,0.34396424742808945,0.9479166666666666,0.22336148028967082,9.63855421686746,96,96,0.018998329838116963,0.018298875367455267,robust_reg,96,0,1042,0.6,0.5,1.0
Infection,dlt_only,0.8645833333333334,0.34396424742808945,1.0,0.0,15.662650602409633,96,96,0.018998329838116963,0.018298875367455267,robust_reg,96,0,1042,0.6,0.5,1.0
Gastrointestinal,dlt_only,0.8645833333333334,0.3439642474280894,1.0,0.0,15.662650602409633,96,96,0.018998329838116963,0.018298875367455267,robust_reg,96,0,1042,0.6,0.5,1.0
Overall_Survival,dlt_only,10.690597206168823,1.779425762099106,11.865559167065703,1.050626877034212,10.99061107848015,96,96,0.018998329838116963,0.018298875367455267,robust_reg,96,0,1042,0.6,0.5,1.0
all_constraints,dlt_only,0.6979166666666666,0.4615714956689105,0.9479166666666666,0.22336148028967082,35.820895522388064,96,96,0.018998329838116963,0.018298875367455267,robust_reg,96,0,1042,0.6,0.5,1.0
Any_DLT,all_constraints,0.8863636363636364,0.3191878408444575,1.0,0.0,12.820512820512823,96,88,0.059288290639718376,0.02489886159848471,robust_reg,94,0,1042,0.6,0.5,1.0
Blood,all_constraints,0.875,0.3326141667278259,1.0,0.0,14.285714285714286,96,88,0.059288290639718376,0.02489886159848471,robust_reg,94,0,1042,0.6,0.5,1.0
Constitutional,all_constraints,0.9204545454545454,0.27213886368640305,1.0,0.0,8.64197530864198,96,88,0.059288290639718376,0.02489886159848471,robust_reg,94,0,1042,0.6,0.5,1.0
Infection,all_constraints,0.9090909090909091,0.28912724941310364,1.0,0.0,10.000000000000004,96,88,0.059288290639718376,0.02489886159848471,robust_reg,94,0,1042,0.6,0.5,1.0
Gastrointestinal,all_constraints,0.8977272727272727,0.30474306974563625,1.0,0.0,11.392405063291143,96,88,0.059288290639718376,0.02489886159848471,robust_reg,94,0,1042,0.6,0.5,1.0
Overall_Survival,all_constraints,10.741296636075175,1.810185479149017,11.881755048846303,1.1571497425488984,10.617511566907503,96,88,0.059288290639718376,0.02489886159848471,robust_reg,94,0,1042,0.6,0.5,1.0
all_constraints,all_constraints,0.7613636363636364,0.4286926981732773,1.0,0.0,31.34328358208955,96,88,0.059288290639718376,0.02489886159848471,robust_reg,94,0,1042,0.6,0.5,1.0
Any_DLT,dlt_only,0.8541666666666666,0.35479176002615415,1.0,0.0,17.07317073170732,96,96,0.0258324791987737,0.0029656982193290173,cp,96,0,1042,0.6,0.5,1.0
Blood,dlt_only,0.875,0.33245498310218435,0.9895833333333334,0.10206207261596574,13.0952380952381,96,96,0.0258324791987737,0.0029656982193290173,cp,96,0,1042,0.6,0.5,1.0
Constitutional,dlt_only,0.8645833333333334,0.34396424742808945,0.96875,0.17490598978639324,12.048192771084333,96,96,0.0258324791987737,0.0029656982193290173,cp,96,0,1042,0.6,0.5,1.0
Infection,dlt_only,0.8645833333333334,0.34396424742808945,1.0,0.0,15.662650602409633,96,96,0.0258324791987737,0.0029656982193290173,cp,96,0,1042,0.6,0.5,1.0
Gastrointestinal,dlt_only,0.8645833333333334,0.3439642474280894,1.0,0.0,15.662650602409633,96,96,0.0258324791987737,0.0029656982193290173,cp,96,0,1042,0.6,0.5,1.0
Overall_Survival,dlt_only,10.690597206168823,1.779425762099106,11.928525342222736,0.9582011685829658,11.579597586368592,96,96,0.0258324791987737,0.0029656982193290173,cp,96,0,1042,0.6,0.5,1.0
all_constraints,dlt_only,0.6979166666666666,0.4615714956689105,0.96875,0.17490598978639324,38.80597014925374,96,96,0.0258324791987737,0.0029656982193290173,cp,96,0,1042,0.6,0.5,1.0
Any_DLT,all_constraints,0.8863636363636364,0.3191878408444575,1.0,0.0,12.820512820512823,96,88,0.07388584812482198,0.013491419998850479,cp,94,0,1042,0.6,0.5,1.0
Blood,all_constraints,0.875,0.3326141667278259,1.0,0.0,14.285714285714286,96,88,0.07388584812482198,0.013491419998850479,cp,94,0,1042,0.6,0.5,1.0
Constitutional,all_constraints,0.9204545454545454,0.27213886368640305,0.9886363636363636,0.10660035817780522,7.407407407407414,96,88,0.07388584812482198,0.013491419998850479,cp,94,0,1042,0.6,0.5,1.0
Infection,all_constraints,0.9090909090909091,0.28912724941310364,1.0,0.0,10.000000000000004,96,88,0.07388584812482198,0.013491419998850479,cp,94,0,1042,0.6,0.5,1.0
Gastrointestinal,all_constraints,0.8977272727272727,0.30474306974563625,1.0,0.0,11.392405063291143,96,88,0.07388584812482198,0.013491419998850479,cp,94,0,1042,0.6,0.5,1.0
Overall_Survival,all_constraints,10.741296636075175,1.810185479149017,11.87710220324227,1.1440918316901403,10.574194211827612,96,88,0.07388584812482198,0.013491419998850479,cp,94,0,1042,0.6,0.5,1.0
all_constraints,all_constraints,0.7613636363636364,0.4286926981732773,0.9886363636363636,0.10660035817780522,29.85074626865672,96,88,0.07388584812482198,0.013491419998850479,cp,94,0,1042,0.6,0.5,1.0
Any_DLT,dlt_only,0.8541666666666666,0.35479176002615415,1.0,0.0,17.07317073170732,96,96,0.015169801811377207,0.001545957453006609,nominal,96,0,1042,0.6,0.5,1.5
Blood,dlt_only,0.875,0.33245498310218435,0.9895833333333334,0.10206207261596574,13.0952380952381,96,96,0.015169801811377207,0.001545957453006609,nominal,96,0,1042,0.6,0.5,1.5
Constitutional,dlt_only,0.8645833333333334,0.34396424742808945,0.96875,0.17490598978639324,12.048192771084333,96,96,0.015169801811377207,0.001545957453006609,nominal,96,0,1042,0.6,0.5,1.5
Infection,dlt_only,0.8645833333333334,0.34396424742808945,1.0,0.0,15.662650602409633,96,96,0.015169801811377207,0.001545957453006609,nominal,96,0,1042,0.6,0.5,1.5
Gastrointestinal,dlt_only,0.8645833333333334,0.3439642474280894,1.0,0.0,15.662650602409633,96,96,0.015169801811377207,0.001545957453006609,nominal,96,0,1042,0.6,0.5,1.5
Overall_Survival,dlt_only,10.690597206168823,1.779425762099106,11.928525342216346,0.9582011685872592,11.579597586308823,96,96,0.015169801811377207,0.001545957453006609,nominal,96,0,1042,0.6,0.5,1.5
all_constraints,dlt_only,0.6979166666666666,0.4615714956689105,0.96875,0.17490598978639324,38.80597014925374,96,96,0.015169801811377207,0.001545957453006609,nominal,96,0,1042,0.6,0.5,1.5
Any_DLT,all_constraints,0.8863636363636364,0.3191878408444575,1.0,0.0,12.820512820512823,96,88,0.060535343984762825,0.014625717966489066,nominal,94,0,1042,0.6,0.5,1.5
Blood,all_constraints,0.875,0.3326141667278259,1.0,0.0,14.285714285714286,96,88,0.060535343984762825,0.014625717966489066,nominal,94,0,1042,0.6,0.5,1.5
Constitutional,all_constraints,0.9204545454545454,0.27213886368640305,0.9886363636363636,0.10660035817780522,7.407407407407414,96,88,0.060535343984762825,0.014625717966489066,nominal,94,0,1042,0.6,0.5,1.5
Infection,all_constraints,0.9090909090909091,0.28912724941310364,1.0,0.0,10.000000000000004,96,88,0.060535343984762825,0.014625717966489066,nominal,94,0,1042,0.6,0.5,1.5
Gastrointestinal,all_constraints,0.8977272727272727,0.30474306974563625,1.0,0.0,11.392405063291143,96,88,0.060535343984762825,0.014625717966489066,nominal,94,0,1042,0.6,0.5,1.5
Overall_Survival,all_constraints,10.741296636075175,1.810185479149017,11.876416620662258,1.146747871150296,10.567811531940446,96,88,0.060535343984762825,0.014625717966489066,nominal,94,0,1042,0.6,0.5,1.5
all_constraints,all_constraints,0.7613636363636364,0.4286926981732773,0.9886363636363636,0.10660035817780522,29.85074626865672,96,88,0.060535343984762825,0.014625717966489066,nominal,94,0,1042,0.6,0.5,1.5
Any_DLT,dlt_only,0.8541666666666666,0.35479176002615415,0.9895833333333334,0.10206207261596574,15.853658536585376,96,96,0.015710992117722828,0.007020335267177742,robust_reg,96,0,1042,0.6,0.5,1.5
Blood,dlt_only,0.875,0.33245498310218435,1.0,0.0,14.285714285714286,96,96,0.015710992117722828,0.007020335267177742,robust_reg,96,0,1042,0.6,0.5,1.5
Constitutional,dlt_only,0.8645833333333334,0.34396424742808945,0.9375,0.2433321316961438,8.43373493975903,96,96,0.015710992117722828,0.007020335267177742,robust_reg,96,0,1042,0.6,0.5,1.5
Infection,dlt_only,0.8645833333333334,0.34396424742808945,0.9895833333333334,0.10206207261596574,14.457831325301203,96,96,0.015710992117722828,0.007020335267177742,robust_reg,96,0,1042,0.6,0.5,1.5
Gastrointestinal,dlt_only,0.8645833333333334,0.3439642474280894,0.9895833333333334,0.10206207261596574,14.457831325301203,96,96,0.015710992117722828,0.007020335267177742,robust_reg,96,0,1042,0.6,0.5,1.5
Overall_Survival,dlt_only,10.690597206168823,1.779425762099106,11.857470144933314,1.0550494005459408,10.914946249131601,96,96,0.015710992117722828,0.007020335267177742,robust_reg,96,0,1042,0.6,0.5,1.5
all_constraints,dlt_only,0.6979166666666666,0.4615714956689105,0.9375,0.2433321316961438,34.32835820895523,96,96,0.015710992117722828,0.007020335267177742,robust_reg,96,0,1042,0.6,0.5,1.5
Any_DLT,all_constraints,0.8863636363636364,0.3191878408444575,1.0,0.0,12.820512820512823,96,88,0.05637125174204508,0.015249871414968585,robust_reg,95,0,1042,0.6,0.5,1.5
Blood,all_constraints,0.875,0.3326141667278259,1.0,0.0,14.285714285714286,96,88,0.05637125174204508,0.015249871414968585,robust_reg,95,0,1042,0.6,0.5,1.5
Constitutional,all_constraints,0.9204545454545454,0.27213886368640305,0.9886363636363636,0.10660035817780522,7.407407407407414,96,88,0.05637125174204508,0.015249871414968585,robust_reg,95,0,1042,0.6,0.5,1.5
Infection,all_constraints,0.9090909090909091,0.28912724941310364,1.0,0.0,10.000000000000004,96,88,0.05637125174204508,0.015249871414968585,robust_reg,95,0,1042,0.6,0.5,1.5
Gastrointestinal,all_constraints,0.8977272727272727,0.30474306974563625,1.0,0.0,11.392405063291143,96,88,0.05637125174204508,0.015249871414968585,robust_reg,95,0,1042,0.6,0.5,1.5
Overall_Survival,all_constraints,10.741296636075175,1.810185479149017,11.885547633500634,1.1118932141767404,10.652820010411366,96,88,0.05637125174204508,0.015249871414968585,robust_reg,95,0,1042,0.6,0.5,1.5
all_constraints,all_constraints,0.7613636363636364,0.4286926981732773,0.9886363636363636,0.10660035817780522,29.85074626865672,96,88,0.05637125174204508,0.015249871414968585,robust_reg,95,0,1042,0.6,0.5,1.5
Any_DLT,dlt_only,0.8541666666666666,0.35479176002615415,1.0,0.0,17.07317073170732,96,96,0.030671752989292145,0.019027077293323306,cp,96,0,1042,0.6,0.5,1.5
Blood,dlt_only,0.875,0.33245498310218435,0.9895833333333334,0.10206207261596574,13.0952380952381,96,96,0.030671752989292145,0.019027077293323306,cp,96,0,1042,0.6,0.5,1.5
Constitutional,dlt_only,0.8645833333333334,0.34396424742808945,0.9479166666666666,0.22336148028967082,9.63855421686746,96,96,0.030671752989292145,0.019027077293323306,cp,96,0,1042,0.6,0.5,1.5
Infection,dlt_only,0.8645833333333334,0.34396424742808945,1.0,0.0,15.662650602409633,96,96,0.030671752989292145,0.019027077293323306,cp,96,0,1042,0.6,0.5,1.5
Gastrointestinal,dlt_only,0.8645833333333334,0.3439642474280894,1.0,0.0,15.662650602409633,96,96,0.030671752989292145,0.019027077293323306,cp,96,0,1042,0.6,0.5,1.5
Overall_Survival,dlt_only,10.690597206168823,1.779425762099106,11.63850718814607,1.0838064125630569,8.866763602600912,96,96,0.030671752989292145,0.019027077293323306,cp,96,0,1042,0.6,0.5,1.5
all_constraints,dlt_only,0.6979166666666666,0.4615714956689105,0.9479166666666666,0.22336148028967082,35.820895522388064,96,96,0.030671752989292145,0.019027077293323306,cp,96,0,1042,0.6,0.5,1.5
Any_DLT,all_constraints,0.8863636363636364,0.3191878408444575,1.0,0.0,12.820512820512823,96,88,0.09248609592517217,0.02334900870982631,cp,89,0,1042,0.6,0.5,1.5
Blood,all_constraints,0.875,0.3326141667278259,1.0,0.0,14.285714285714286,96,88,0.09248609592517217,0.02334900870982631,cp,89,0,1042,0.6,0.5,1.5
Constitutional,all_constraints,0.9204545454545454,0.27213886368640305,1.0,0.0,8.64197530864198,96,88,0.09248609592517217,0.02334900870982631,cp,89,0,1042,0.6,0.5,1.5
Infection,all_constraints,0.9090909090909091,0.28912724941310364,1.0,0.0,10.000000000000004,96,88,0.09248609592517217,0.02334900870982631,cp,89,0,1042,0.6,0.5,1.5
Gastrointestinal,all_constraints,0.8977272727272727,0.30474306974563625,1.0,0.0,11.392405063291143,96,88,0.09248609592517217,0.02334900870982631,cp,89,0,1042,0.6,0.5,1.5
Overall_Survival,all_constraints,10.741296636075175,1.810185479149017,11.851176752374556,1.1682477507568023,10.332831816335785,96,88,0.09248609592517217,0.02334900870982631,cp,89,0,1042,0.6,0.5,1.5
all_constraints,all_constraints,0.7613636363636364,0.4286926981732773,1.0,0.0,31.34328358208955,96,88,0.09248609592517217,0.02334900870982631,cp,89,0,1042,0.6,0.5,1.5
Any_DLT,dlt_only,0.8541666666666666,0.35479176002615415,1.0,0.0,17.07317073170732,96,96,0.015288914243380228,0.0015273302228347163,nominal,96,0,1042,0.6,0.5,2.0
Blood,dlt_only,0.875,0.33245498310218435,0.9895833333333334,0.10206207261596574,13.0952380952381,96,96,0.015288914243380228,0.0015273302228347163,nominal,96,0,1042,0.6,0.5,2.0
Constitutional,dlt_only,0.8645833333333334,0.34396424742808945,0.96875,0.17490598978639324,12.048192771084333,96,96,0.015288914243380228,0.0015273302228347163,nominal,96,0,1042,0.6,0.5,2.0
Infection,dlt_only,0.8645833333333334,0.34396424742808945,1.0,0.0,15.662650602409633,96,96,0.015288914243380228,0.0015273302228347163,nominal,96,0,1042,0.6,0.5,2.0
Gastrointestinal,dlt_only,0.8645833333333334,0.3439642474280894,1.0,0.0,15.662650602409633,96,96,0.015288914243380228,0.0015273302228347163,nominal,96,0,1042,0.6,0.5,2.0
Overall_Survival,dlt_only,10.690597206168823,1.779425762099106,11.928525342216346,0.9582011685872592,11.579597586308823,96,96,0.015288914243380228,0.0015273302228347163,nominal,96,0,1042,0.6,0.5,2.0
all_constraints,dlt_only,0.6979166666666666,0.4615714956689105,0.96875,0.17490598978639324,38.80597014925374,96,96,0.015288914243380228,0.0015273302228347163,nominal,96,0,1042,0.6,0.5,2.0
Any_DLT,all_constraints,0.8863636363636364,0.3191878408444575,1.0,0.0,12.820512820512823,96,88,0.061390094459056854,0.014633051535573862,nominal,94,0,1042,0.6,0.5,2.0
Blood,all_constraints,0.875,0.3326141667278259,1.0,0.0,14.285714285714286,96,88,0.061390094459056854,0.014633051535573862,nominal,94,0,1042,0.6,0.5,2.0
Constitutional,all_constraints,0.9204545454545454,0.27213886368640305,0.9886363636363636,0.10660035817780522,7.407407407407414,96,88,0.061390094459056854,0.014633051535573862,nominal,94,0,1042,0.6,0.5,2.0
Infection,all_constraints,0.9090909090909091,0.28912724941310364,1.0,0.0,10.000000000000004,96,88,0.061390094459056854,0.014633051535573862,nominal,94,0,1042,0.6,0.5,2.0
Gastrointestinal,all_constraints,0.8977272727272727,0.30474306974563625,1.0,0.0,11.392405063291143,96,88,0.061390094459056854,0.014633051535573862,nominal,94,0,1042,0.6,0.5,2.0
Overall_Survival,all_constraints,10.741296636075175,1.810185479149017,11.876416620662258,1.146747871150296,10.567811531940446,96,88,0.061390094459056854,0.014633051535573862,nominal,94,0,1042,0.6,0.5,2.0
all_constraints,all_constraints,0.7613636363636364,0.4286926981732773,0.9886363636363636,0.10660035817780522,29.85074626865672,96,88,0.061390094459056854,0.014633051535573862,nominal,94,0,1042,0.6,0.5,2.0
Any_DLT,dlt_only,0.8541666666666666,0.35479176002615415,1.0,0.0,17.07317073170732,96,96,0.01683903733889262,0.019968267567966855,robust_reg,96,0,1042,0.6,0.5,2.0
Blood,dlt_only,0.875,0.33245498310218435,1.0,0.0,14.285714285714286,96,96,0.01683903733889262,0.019968267567966855,robust_reg,96,0,1042,0.6,0.5,2.0
Constitutional,dlt_only,0.8645833333333334,0.34396424742808945,0.9791666666666666,0.143575886163796,13.253012048192762,96,96,0.01683903733889262,0.019968267567966855,robust_reg,96,0,1042,0.6,0.5,2.0
Infection,dlt_only,0.8645833333333334,0.34396424742808945,1.0,0.0,15.662650602409633,96,96,0.01683903733889262,0.019968267567966855,robust_reg,96,0,1042,0.6,0.5,2.0
Gastrointestinal,dlt_only,0.8645833333333334,0.3439642474280894,1.0,0.0,15.662650602409633,96,96,0.01683903733889262,0.019968267567966855,robust_reg,96,0,1042,0.6,0.5,2.0
Overall_Survival,dlt_only,10.690597206168823,1.779425762099106,11.872721650253297,0.9509867551046777,11.057609049215227,96,96,0.01683903733889262,0.019968267567966855,robust_reg,96,0,1042,0.6,0.5,2.0
all_constraints,dlt_only,0.6979166666666666,0.4615714956689105,0.9791666666666666,0.143575886163796,40.29850746268657,96,96,0.01683903733889262,0.019968267567966855,robust_reg,96,0,1042,0.6,0.5,2.0
Any_DLT,all_constraints,0.8863636363636364,0.3191878408444575,1.0,0.0,12.820512820512823,96,88,0.061051174998283386,0.02616537557263308,robust_reg,94,0,1042,0.6,0.5,2.0
Blood,all_constraints,0.875,0.3326141667278259,1.0,0.0,14.285714285714286,96,88,0.061051174998283386,0.02616537557263308,robust_reg,94,0,1042,0.6,0.5,2.0
Constitutional,all_constraints,0.9204545454545454,0.27213886368640305,1.0,0.0,8.64197530864198,96,88,0.061051174998283386,0.02616537557263308,robust_reg,94,0,1042,0.6,0.5,2.0
Infection,all_constraints,0.9090909090909091,0.28912724941310364,1.0,0.0,10.000000000000004,96,88,0.061051174998283386,0.02616537557263308,robust_reg,94,0,1042,0.6,0.5,2.0
Gastrointestinal,all_constraints,0.8977272727272727,0.30474306974563625,1.0,0.0,11.392405063291143,96,88,0.061051174998283386,0.02616537557263308,robust_reg,94,0,1042,0.6,0.5,2.0
Overall_Survival,all_constraints,10.741296636075175,1.810185479149017,11.804242261484934,1.1205743157306585,9.89587813672144,96,88,0.061051174998283386,0.02616537557263308,robust_reg,94,0,1042,0.6,0.5,2.0
all_constraints,all_constraints,0.7613636363636364,0.4286926981732773,1.0,0.0,31.34328358208955,96,88,0.061051174998283386,0.02616537557263308,robust_reg,94,0,1042,0.6,0.5,2.0
Any_DLT,dlt_only,0.8541666666666666,0.35479176002615415,1.0,0.0,17.07317073170732,96,96,0.031165950000286102,0.02300140366478397,cp,96,0,1042,0.6,0.5,2.0
Blood,dlt_only,0.875,0.33245498310218435,0.9895833333333334,0.10206207261596574,13.0952380952381,96,96,0.031165950000286102,0.02300140366478397,cp,96,0,1042,0.6,0.5,2.0
Constitutional,dlt_only,0.8645833333333334,0.34396424742808945,0.9479166666666666,0.22336148028967082,9.63855421686746,96,96,0.031165950000286102,0.02300140366478397,cp,96,0,1042,0.6,0.5,2.0
Infection,dlt_only,0.8645833333333334,0.34396424742808945,1.0,0.0,15.662650602409633,96,96,0.031165950000286102,0.02300140366478397,cp,96,0,1042,0.6,0.5,2.0
Gastrointestinal,dlt_only,0.8645833333333334,0.3439642474280894,1.0,0.0,15.662650602409633,96,96,0.031165950000286102,0.02300140366478397,cp,96,0,1042,0.6,0.5,2.0
Overall_Survival,dlt_only,10.690597206168823,1.779425762099106,11.63850718814607,1.0838064125630569,8.866763602600912,96,96,0.031165950000286102,0.02300140366478397,cp,96,0,1042,0.6,0.5,2.0
all_constraints,dlt_only,0.6979166666666666,0.4615714956689105,0.9479166666666666,0.22336148028967082,35.820895522388064,96,96,0.031165950000286102,0.02300140366478397,cp,96,0,1042,0.6,0.5,2.0
Any_DLT,all_constraints,0.8863636363636364,0.3191878408444575,1.0,0.0,12.820512820512823,96,88,0.07679635286331177,0.029534181623417505,cp,94,0,1042,0.6,0.5,2.0
Blood,all_constraints,0.875,0.3326141667278259,1.0,0.0,14.285714285714286,96,88,0.07679635286331177,0.029534181623417505,cp,94,0,1042,0.6,0.5,2.0
Constitutional,all_constraints,0.9204545454545454,0.27213886368640305,0.9886363636363636,0.10660035817780522,7.407407407407414,96,88,0.07679635286331177,0.029534181623417505,cp,94,0,1042,0.6,0.5,2.0
Infection,all_constraints,0.9090909090909091,0.28912724941310364,1.0,0.0,10.000000000000004,96,88,0.07679635286331177,0.029534181623417505,cp,94,0,1042,0.6,0.5,2.0
Gastrointestinal,all_constraints,0.8977272727272727,0.30474306974563625,1.0,0.0,11.392405063291143,96,88,0.07679635286331177,0.029534181623417505,cp,94,0,1042,0.6,0.5,2.0
Overall_Survival,all_constraints,10.741296636075175,1.810185479149017,11.87710220324227,1.1440918316901403,10.574194211827612,96,88,0.07679635286331177,0.029534181623417505,cp,94,0,1042,0.6,0.5,2.0
all_constraints,all_constraints,0.7613636363636364,0.4286926981732773,0.9886363636363636,0.10660035817780522,29.85074626865672,96,88,0.07679635286331177,0.029534181623417505,cp,94,0,1042,0.6,0.5,2.0
Any_DLT,dlt_only,0.8541666666666666,0.35479176002615415,1.0,0.0,17.07317073170732,96,96,0.016380739708741505,0.001520698244620473,nominal,96,1,2042,0.6,0.5,0.5
Blood,dlt_only,0.875,0.33245498310218435,1.0,0.0,14.285714285714286,96,96,0.016380739708741505,0.001520698244620473,nominal,96,1,2042,0.6,0.5,0.5
Constitutional,dlt_only,0.8645833333333334,0.34396424742808945,0.9791666666666666,0.143575886163796,13.253012048192762,96,96,0.016380739708741505,0.001520698244620473,nominal,96,1,2042,0.6,0.5,0.5
Infection,dlt_only,0.8645833333333334,0.34396424742808945,1.0,0.0,15.662650602409633,96,96,0.016380739708741505,0.001520698244620473,nominal,96,1,2042,0.6,0.5,0.5
Gastrointestinal,dlt_only,0.8645833333333334,0.3439642474280894,1.0,0.0,15.662650602409633,96,96,0.016380739708741505,0.001520698244620473,nominal,96,1,2042,0.6,0.5,0.5
Overall_Survival,dlt_only,10.690597206168823,1.779425762099106,11.94812450417013,0.9642490522635561,11.762928429065427,96,96,0.016380739708741505,0.001520698244620473,nominal,96,1,2042,0.6,0.5,0.5
all_constraints,dlt_only,0.6979166666666666,0.4615714956689105,0.9791666666666666,0.143575886163796,40.29850746268657,96,96,0.016380739708741505,0.001520698244620473,nominal,96,1,2042,0.6,0.5,0.5
Any_DLT,all_constraints,0.851063829787234,0.3579345410363401,0.9893617021276596,0.10314212462587934,16.250000000000004,96,94,0.0613679438829422,0.019817759298748332,nominal,96,1,2042,0.6,0.5,0.5
Blood,all_constraints,0.8723404255319149,0.3354997092507591,0.9893617021276596,0.10314212462587934,13.414634146341463,96,94,0.0613679438829422,0.019817759298748332,nominal,96,1,2042,0.6,0.5,0.5
Constitutional,all_constraints,0.8829787234042553,0.32316921825641187,0.9680851063829787,0.1767160202664313,9.638554216867472,96,94,0.0613679438829422,0.019817759298748332,nominal,96,1,2042,0.6,0.5,0.5
Infection,all_constraints,0.8723404255319149,0.3354997092507591,0.9893617021276596,0.10314212462587934,13.414634146341463,96,94,0.0613679438829422,0.019817759298748332,nominal,96,1,2042,0.6,0.5,0.5
Gastrointestinal,all_constraints,0.8617021276595744,0.34706337402097365,1.0,0.0,16.049382716049386,96,94,0.0613679438829422,0.019817759298748332,nominal,96,1,2042,0.6,0.5,0.5
Overall_Survival,all_constraints,10.702768052144574,1.7958453819983016,11.870785493612665,1.0839276372480233,10.913227641460931,96,94,0.0613679438829422,0.019817759298748332,nominal,96,1,2042,0.6,0.5,0.5
all_constraints,all_constraints,0.7127659574468085,0.45489784805160016,0.9468085106382979,0.2256184464259304,32.83582089552239,96,94,0.0613679438829422,0.019817759298748332,nominal,96,1,2042,0.6,0.5,0.5
Any_DLT,dlt_only,0.8541666666666666,0.35479176002615415,1.0,0.0,17.07317073170732,96,96,0.01709909240404765,0.000996945483783372,robust_reg,96,1,2042,0.6,0.5,0.5
Blood,dlt_only,0.875,0.33245498310218435,1.0,0.0,14.285714285714286,96,96,0.01709909240404765,0.000996945483783372,robust_reg,96,1,2042,0.6,0.5,0.5
Constitutional,dlt_only,0.8645833333333334,0.34396424742808945,0.9791666666666666,0.143575886163796,13.253012048192762,96,96,0.01709909240404765,0.000996945483783372,robust_reg,96,1,2042,0.6,0.5,0.5
Infection,dlt_only,0.8645833333333334,0.34396424742808945,1.0,0.0,15.662650602409633,96,96,0.01709909240404765,0.000996945483783372,robust_reg,96,1,2042,0.6,0.5,0.5
Gastrointestinal,dlt_only,0.8645833333333334,0.3439642474280894,1.0,0.0,15.662650602409633,96,96,0.01709909240404765,0.000996945483783372,robust_reg,96,1,2042,0.6,0.5,0.5
Overall_Survival,dlt_only,10.690597206168823,1.779425762099106,11.94812450417013,0.9642490522635561,11.762928429065427,96,96,0.01709909240404765,0.000996945483783372,robust_reg,96,1,2042,0.6,0.5,0.5
all_constraints,dlt_only,0.6979166666666666,0.4615714956689105,0.9791666666666666,0.143575886163796,40.29850746268657,96,96,0.01709909240404765,0.000996945483783372,robust_reg,96,1,2042,0.6,0.5,0.5
Any_DLT,all_constraints,0.851063829787234,0.3579345410363401,0.9680851063829787,0.1767160202664313,13.75,96,94,0.059688667456309,0.016653256404914017,robust_reg,95,1,2042,0.6,0.5,0.5
Blood,all_constraints,0.8723404255319149,0.3354997092507591,0.9893617021276596,0.10314212462587934,13.414634146341463,96,94,0.059688667456309,0.016653256404914017,robust_reg,95,1,2042,0.6,0.5,0.5
Constitutional,all_constraints,0.8829787234042553,0.32316921825641187,0.9574468085106383,0.2029298102618999,8.433734939759042,96,94,0.059688667456309,0.016653256404914017,robust_reg,95,1,2042,0.6,0.5,0.5
Infection,all_constraints,0.8723404255319149,0.3354997092507591,0.9787234042553191,0.14507865158346242,12.195121951219503,96,94,0.059688667456309,0.016653256404914017,robust_reg,95,1,2042,0.6,0.5,0.5
Gastrointestinal,all_constraints,0.8617021276595744,0.34706337402097365,1.0,0.0,16.049382716049386,96,94,0.059688667456309,0.016653256404914017,robust_reg,95,1,2042,0.6,0.5,0.5
Overall_Survival,all_constraints,10.702768052144574,1.7958453819983016,11.87332020780988,1.0759203336005594,10.936910432537639,96,94,0.059688667456309,0.016653256404914017,robust_reg,95,1,2042,0.6,0.5,0.5
all_constraints,all_constraints,0.7127659574468085,0.45489784805160016,0.925531914893617,0.26393880449618323,29.850746268656714,96,94,0.059688667456309,0.016653256404914017,robust_reg,95,1,2042,0.6,0.5,0.5
Any_DLT,dlt_only,0.8541666666666666,0.35479176002615415,1.0,0.0,17.07317073170732,96,96,0.015148145457108816,0.0017662694077473097,cp,96,1,2042,0.6,0.5,0.5
Blood,dlt_only,0.875,0.33245498310218435,1.0,0.0,14.285714285714286,96,96,0.015148145457108816,0.0017662694077473097,cp,96,1,2042,0.6,0.5,0.5
Constitutional,dlt_only,0.8645833333333334,0.34396424742808945,0.9791666666666666,0.143575886163796,13.253012048192762,96,96,0.015148145457108816,0.0017662694077473097,cp,96,1,2042,0.6,0.5,0.5
Infection,dlt_only,0.8645833333333334,0.34396424742808945,1.0,0.0,15.662650602409633,96,96,0.015148145457108816,0.0017662694077473097,cp,96,1,2042,0.6,0.5,0.5
Gastrointestinal,dlt_only,0.8645833333333334,0.3439642474280894,1.0,0.0,15.662650602409633,96,96,0.015148145457108816,0.0017662694077473097,cp,96,1,2042,0.6,0.5,0.5
Overall_Survival,dlt_only,10.690597206168823,1.779425762099106,11.94812450417013,0.9642490522635561,11.762928429065427,96,96,0.015148145457108816,0.0017662694077473097,cp,96,1,2042,0.6,0.5,0.5
all_constraints,dlt_only,0.6979166666666666,0.4615714956689105,0.9791666666666666,0.143575886163796,40.29850746268657,96,96,0.015148145457108816,0.0017662694077473097,cp,96,1,2042,0.6,0.5,0.5
Any_DLT,all_constraints,0.851063829787234,0.3579345410363401,0.9787234042553191,0.14507865158346242,14.999999999999995,96,94,0.13008825232585272,0.03540164683926564,cp,95,1,2042,0.6,0.5,0.5
Blood,all_constraints,0.8723404255319149,0.3354997092507591,0.9893617021276596,0.10314212462587934,13.414634146341463,96,94,0.13008825232585272,0.03540164683926564,cp,95,1,2042,0.6,0.5,0.5
Constitutional,all_constraints,0.8829787234042553,0.32316921825641187,0.9787234042553191,0.14507865158346242,10.8433734939759,96,94,0.13008825232585272,0.03540164683926564,cp,95,1,2042,0.6,0.5,0.5
Infection,all_constraints,0.8723404255319149,0.3354997092507591,0.9893617021276596,0.10314212462587934,13.414634146341463,96,94,0.13008825232585272,0.03540164683926564,cp,95,1,2042,0.6,0.5,0.5
Gastrointestinal,all_constraints,0.8617021276595744,0.34706337402097365,1.0,0.0,16.049382716049386,96,94,0.13008825232585272,0.03540164683926564,cp,95,1,2042,0.6,0.5,0.5
Overall_Survival,all_constraints,10.702768052144574,1.7958453819983016,11.738788472359847,1.1735179649076035,9.67992967022844,96,94,0.13008825232585272,0.03540164683926564,cp,95,1,2042,0.6,0.5,0.5
all_constraints,all_constraints,0.7127659574468085,0.45489784805160016,0.9787234042553191,0.14507865158346242,37.3134328358209,96,94,0.13008825232585272,0.03540164683926564,cp,95,1,2042,0.6,0.5,0.5
Any_DLT,dlt_only,0.8541666666666666,0.35479176002615415,1.0,0.0,17.07317073170732,96,96,0.016447678208351135,0.0015047064931670128,nominal,96,1,2042,0.6,0.5,0.75
Blood,dlt_only,0.875,0.33245498310218435,1.0,0.0,14.285714285714286,96,96,0.016447678208351135,0.0015047064931670128,nominal,96,1,2042,0.6,0.5,0.75
Constitutional,dlt_only,0.8645833333333334,0.34396424742808945,0.9791666666666666,0.143575886163796,13.253012048192762,96,96,0.016447678208351135,0.0015047064931670128,nominal,96,1,2042,0.6,0.5,0.75
Infection,dlt_only,0.8645833333333334,0.34396424742808945,1.0,0.0,15.662650602409633,96,96,0.016447678208351135,0.0015047064931670128,nominal,96,1,2042,0.6,0.5,0.75
Gastrointestinal,dlt_only,0.8645833333333334,0.3439642474280894,1.0,0.0,15.662650602409633,96,96,0.016447678208351135,0.0015047064931670128,nominal,96,1,2042,0.6,0.5,0.75
Overall_Survival,dlt_only,10.690597206168823,1.779425762099106,11.94812450417013,0.9642490522635561,11.762928429065427,96,96,0.016447678208351135,0.0015047064931670128,nominal,96,1,2042,0.6,0.5,0.75
all_constraints,dlt_only,0.6979166666666666,0.4615714956689105,0.9791666666666666,0.143575886163796,40.29850746268657,96,96,0.016447678208351135,0.0015047064931670128,nominal,96,1,2042,0.6,0.5,0.75
Any_DLT,all_constraints,0.851063829787234,0.3579345410363401,0.9893617021276596,0.10314212462587934,16.250000000000004,96,94,0.06284461170434952,0.028801181413172686,nominal,96,1,2042,0.6,0.5,0.75
Blood,all_constraints,0.8723404255319149,0.3354997092507591,0.9893617021276596,0.10314212462587934,13.414634146341463,96,94,0.06284461170434952,0.028801181413172686,nominal,96,1,2042,0.6,0.5,0.75
Constitutional,all_constraints,0.8829787234042553,0.32316921825641187,0.9680851063829787,0.1767160202664313,9.638554216867472,96,94,0.06284461170434952,0.028801181413172686,nominal,96,1,2042,0.6,0.5,0.75
Infection,all_constraints,0.8723404255319149,0.3354997092507591,0.9893617021276596,0.10314212462587934,13.414634146341463,96,94,0.06284461170434952,0.028801181413172686,nominal,96,1,2042,0.6,0.5,0.75
Gastrointestinal,all_constraints,0.8617021276595744,0.34706337402097365,1.0,0.0,16.049382716049386,96,94,0.06284461170434952,0.028801181413172686,nominal,96,1,2042,0.6,0.5,0.75
Overall_Survival,all_constraints,10.702768052144574,1.7958453819983016,11.870785493612665,1.0839276372480233,10.913227641460931,96,94,0.06284461170434952,0.028801181413172686,nominal,96,1,2042,0.6,0.5,0.75
all_constraints,all_constraints,0.7127659574468085,0.45489784805160016,0.9468085106382979,0.2256184464259304,32.83582089552239,96,94,0.06284461170434952,0.028801181413172686,nominal,96,1,2042,0.6,0.5,0.75
Any_DLT,dlt_only,0.8541666666666666,0.35479176002615415,1.0,0.0,17.07317073170732,96,96,0.017055923740069073,0.0009999942817567485,robust_reg,96,1,2042,0.6,0.5,0.75
Blood,dlt_only,0.875,0.33245498310218435,1.0,0.0,14.285714285714286,96,96,0.017055923740069073,0.0009999942817567485,robust_reg,96,1,2042,0.6,0.5,0.75
Constitutional,dlt_only,0.8645833333333334,0.34396424742808945,0.9791666666666666,0.143575886163796,13.253012048192762,96,96,0.017055923740069073,0.0009999942817567485,robust_reg,96,1,2042,0.6,0.5,0.75
Infection,dlt_only,0.8645833333333334,0.34396424742808945,1.0,0.0,15.662650602409633,96,96,0.017055923740069073,0.0009999942817567485,robust_reg,96,1,2042,0.6,0.5,0.75
Gastrointestinal,dlt_only,0.8645833333333334,0.3439642474280894,1.0,0.0,15.662650602409633,96,96,0.017055923740069073,0.0009999942817567485,robust_reg,96,1,2042,0.6,0.5,0.75
Overall_Survival,dlt_only,10.690597206168823,1.779425762099106,11.94812450417013,0.9642490522635561,11.762928429065427,96,96,0.017055923740069073,0.0009999942817567485,robust_reg,96,1,2042,0.6,0.5,0.75
all_constraints,dlt_only,0.6979166666666666,0.4615714956689105,0.9791666666666666,0.143575886163796,40.29850746268657,96,96,0.017055923740069073,0.0009999942817567485,robust_reg,96,1,2042,0.6,0.5,0.75
Any_DLT,all_constraints,0.851063829787234,0.3579345410363401,0.9680851063829787,0.1767160202664313,13.75,96,94,0.06218021363019943,0.03403678040298991,robust_reg,96,1,2042,0.6,0.5,0.75
Blood,all_constraints,0.8723404255319149,0.3354997092507591,0.9787234042553191,0.14507865158346242,12.195121951219503,96,94,0.06218021363019943,0.03403678040298991,robust_reg,96,1,2042,0.6,0.5,0.75
Constitutional,all_constraints,0.8829787234042553,0.32316921825641187,0.9680851063829787,0.1767160202664313,9.638554216867472,96,94,0.06218021363019943,0.03403678040298991,robust_reg,96,1,2042,0.6,0.5,0.75
Infection,all_constraints,0.8723404255319149,0.3354997092507591,0.9787234042553191,0.14507865158346242,12.195121951219503,96,94,0.06218021363019943,0.03403678040298991,robust_reg,96,1,2042,0.6,0.5,0.75
Gastrointestinal,all_constraints,0.8617021276595744,0.34706337402097365,1.0,0.0,16.049382716049386,96,94,0.06218021363019943,0.03403678040298991,robust_reg,96,1,2042,0.6,0.5,0.75
Overall_Survival,all_constraints,10.702768052144574,1.7958453819983016,11.899014508678633,1.0094328190932302,11.1769819798567,96,94,0.06218021363019943,0.03403678040298991,robust_reg,96,1,2042,0.6,0.5,0.75
all_constraints,all_constraints,0.7127659574468085,0.45489784805160016,0.925531914893617,0.2639388044961832,29.850746268656714,96,94,0.06218021363019943,0.03403678040298991,robust_reg,96,1,2042,0.6,0.5,0.75
Any_DLT,dlt_only,0.8541666666666666,0.35479176002615415,0.96875,0.17490598978639324,13.414634146341468,96,96,0.03675742447376251,0.030682885258196006,cp,96,1,2042,0.6,0.5,0.75
Blood,dlt_only,0.875,0.33245498310218435,0.9375,0.2433321316961438,7.142857142857143,96,96,0.03675742447376251,0.030682885258196006,cp,96,1,2042,0.6,0.5,0.75
Constitutional,dlt_only,0.8645833333333334,0.34396424742808945,0.9791666666666666,0.143575886163796,13.253012048192762,96,96,0.03675742447376251,0.030682885258196006,cp,96,1,2042,0.6,0.5,0.75
Infection,dlt_only,0.8645833333333334,0.34396424742808945,0.9479166666666666,0.22336148028967082,9.63855421686746,96,96,0.03675742447376251,0.030682885258196006,cp,96,1,2042,0.6,0.5,0.75
Gastrointestinal,dlt_only,0.8645833333333334,0.3439642474280894,1.0,0.0,15.662650602409633,96,96,0.03675742447376251,0.030682885258196006,cp,96,1,2042,0.6,0.5,0.75
Overall_Survival,dlt_only,10.690597206168823,1.779425762099106,11.780252961650461,1.0482665617552773,10.19265560630113,96,96,0.03675742447376251,0.030682885258196006,cp,96,1,2042,0.6,0.5,0.75
all_constraints,dlt_only,0.6979166666666666,0.4615714956689105,0.9166666666666666,0.2778362511554969,31.343283582089555,96,96,0.03675742447376251,0.030682885258196006,cp,96,1,2042,0.6,0.5,0.75
Any_DLT,all_constraints,0.851063829787234,0.3579345410363401,0.9787234042553191,0.14507865158346242,14.999999999999995,96,94,0.12750202169020972,0.03473891253400332,cp,95,1,2042,0.6,0.5,0.75
Blood,all_constraints,0.8723404255319149,0.3354997092507591,0.9893617021276596,0.10314212462587934,13.414634146341463,96,94,0.12750202169020972,0.03473891253400332,cp,95,1,2042,0.6,0.5,0.75
Constitutional,all_constraints,0.8829787234042553,0.32316921825641187,0.9787234042553191,0.14507865158346242,10.8433734939759,96,94,0.12750202169020972,0.03473891253400332,cp,95,1,2042,0.6,0.5,0.75
Infection,all_constraints,0.8723404255319149,0.3354997092507591,0.9893617021276596,0.10314212462587934,13.414634146341463,96,94,0.12750202169020972,0.03473891253400332,cp,95,1,2042,0.6,0.5,0.75
Gastrointestinal,all_constraints,0.8617021276595744,0.34706337402097365,1.0,0.0,16.049382716049386,96,94,0.12750202169020972,0.03473891253400332,cp,95,1,2042,0.6,0.5,0.75
Overall_Survival,all_constraints,10.702768052144574,1.7958453819983016,11.738788472359847,1.1735179649076035,9.67992967022844,96,94,0.12750202169020972,0.03473891253400332,cp,95,1,2042,0.6,0.5,0.75
all_constraints,all_constraints,0.7127659574468085,0.45489784805160016,0.9787234042553191,0.14507865158346242,37.3134328358209,96,94,0.12750202169020972,0.03473891253400332,cp,95,1,2042,0.6,0.5,0.75
Any_DLT,dlt_only,0.8541666666666666,0.35479176002615415,1.0,0.0,17.07317073170732,96,96,0.016222300628821056,0.001469548910369054,nominal,96,1,2042,0.6,0.5,1.0
Blood,dlt_only,0.875,0.33245498310218435,1.0,0.0,14.285714285714286,96,96,0.016222300628821056,0.001469548910369054,nominal,96,1,2042,0.6,0.5,1.0
Constitutional,dlt_only,0.8645833333333334,0.34396424742808945,0.9791666666666666,0.143575886163796,13.253012048192762,96,96,0.016222300628821056,0.001469548910369054,nominal,96,1,2042,0.6,0.5,1.0
Infection,dlt_only,0.8645833333333334,0.34396424742808945,1.0,0.0,15.662650602409633,96,96,0.016222300628821056,0.001469548910369054,nominal,96,1,2042,0.6,0.5,1.0
Gastrointestinal,dlt_only,0.8645833333333334,0.3439642474280894,1.0,0.0,15.662650602409633,96,96,0.016222300628821056,0.001469548910369054,nominal,96,1,2042,0.6,0.5,1.0
Overall_Survival,dlt_only,10.690597206168823,1.779425762099106,11.94812450417013,0.9642490522635561,11.762928429065427,96,96,0.016222300628821056,0.001469548910369054,nominal,96,1,2042,0.6,0.5,1.0
all_constraints,dlt_only,0.6979166666666666,0.4615714956689105,0.9791666666666666,0.143575886163796,40.29850746268657,96,96,0.016222300628821056,0.001469548910369054,nominal,96,1,2042,0.6,0.5,1.0
Any_DLT,all_constraints,0.851063829787234,0.3579345410363401,0.9893617021276596,0.10314212462587934,16.250000000000004,96,94,0.0618821382522583,0.0255862975868617,nominal,96,1,2042,0.6,0.5,1.0
Blood,all_constraints,0.8723404255319149,0.3354997092507591,0.9893617021276596,0.10314212462587934,13.414634146341463,96,94,0.0618821382522583,0.0255862975868617,nominal,96,1,2042,0.6,0.5,1.0
Constitutional,all_constraints,0.8829787234042553,0.32316921825641187,0.9680851063829787,0.1767160202664313,9.638554216867472,96,94,0.0618821382522583,0.0255862975868617,nominal,96,1,2042,0.6,0.5,1.0
Infection,all_constraints,0.8723404255319149,0.3354997092507591,0.9893617021276596,0.10314212462587934,13.414634146341463,96,94,0.0618821382522583,0.0255862975868617,nominal,96,1,2042,0.6,0.5,1.0
Gastrointestinal,all_constraints,0.8617021276595744,0.34706337402097365,1.0,0.0,16.049382716049386,96,94,0.0618821382522583,0.0255862975868617,nominal,96,1,2042,0.6,0.5,1.0
Overall_Survival,all_constraints,10.702768052144574,1.7958453819983016,11.870785493612665,1.0839276372480233,10.913227641460931,96,94,0.0618821382522583,0.0255862975868617,nominal,96,1,2042,0.6,0.5,1.0
all_constraints,all_constraints,0.7127659574468085,0.45489784805160016,0.9468085106382979,0.2256184464259304,32.83582089552239,96,94,0.0618821382522583,0.0255862975868617,nominal,96,1,2042,0.6,0.5,1.0
Any_DLT,dlt_only,0.8541666666666666,0.35479176002615415,1.0,0.0,17.07317073170732,96,96,0.014929041266441345,0.0009317143651138435,robust_reg,96,1,2042,0.6,0.5,1.0
Blood,dlt_only,0.875,0.33245498310218435,1.0,0.0,14.285714285714286,96,96,0.014929041266441345,0.0009317143651138435,robust_reg,96,1,2042,0.6,0.5,1.0
Constitutional,dlt_only,0.8645833333333334,0.34396424742808945,0.9791666666666666,0.143575886163796,13.253012048192762,96,96,0.014929041266441345,0.0009317143651138435,robust_reg,96,1,2042,0.6,0.5,1.0
Infection,dlt_only,0.8645833333333334,0.34396424742808945,1.0,0.0,15.662650602409633,96,96,0.014929041266441345,0.0009317143651138435,robust_reg,96,1,2042,0.6,0.5,1.0
Gastrointestinal,dlt_only,0.8645833333333334,0.3439642474280894,1.0,0.0,15.662650602409633,96,96,0.014929041266441345,0.0009317143651138435,robust_reg,96,1,2042,0.6,0.5,1.0
Overall_Survival,dlt_only,10.690597206168823,1.779425762099106,11.94812450417013,0.9642490522635561,11.762928429065427,96,96,0.014929041266441345,0.0009317143651138435,robust_reg,96,1,2042,0.6,0.5,1.0
all_constraints,dlt_only,0.6979166666666666,0.4615714956689105,0.9791666666666666,0.143575886163796,40.29850746268657,96,96,0.014929041266441345,0.0009317143651138435,robust_reg,96,1,2042,0.6,0.5,1.0
Any_DLT,all_constraints,0.851063829787234,0.3579345410363401,0.9893617021276596,0.10314212462587934,16.250000000000004,96,94,0.06051085392634074,0.017397494914429226,robust_reg,96,1,2042,0.6,0.5,1.0
Blood,all_constraints,0.8723404255319149,0.3354997092507591,0.9893617021276596,0.10314212462587934,13.414634146341463,96,94,0.06051085392634074,0.017397494914429226,robust_reg,96,1,2042,0.6,0.5,1.0
Constitutional,all_constraints,0.8829787234042553,0.32316921825641187,0.9680851063829787,0.1767160202664313,9.638554216867472,96,94,0.06051085392634074,0.017397494914429226,robust_reg,96,1,2042,0.6,0.5,1.0
Infection,all_constraints,0.8723404255319149,0.3354997092507591,0.9893617021276596,0.10314212462587934,13.414634146341463,96,94,0.06051085392634074,0.017397494914429226,robust_reg,96,1,2042,0.6,0.5,1.0
Gastrointestinal,all_constraints,0.8617021276595744,0.34706337402097365,1.0,0.0,16.049382716049386,96,94,0.06051085392634074,0.017397494914429226,robust_reg,96,1,2042,0.6,0.5,1.0
Overall_Survival,all_constraints,10.702768052144574,1.7958453819983016,11.905456612290836,1.0119694271612887,11.237172984471737,96,94,0.06051085392634074,0.017397494914429226,robust_reg,96,1,2042,0.6,0.5,1.0
all_constraints,all_constraints,0.7127659574468085,0.45489784805160016,0.9680851063829787,0.1767160202664313,35.820895522388064,96,94,0.06051085392634074,0.017397494914429226,robust_reg,96,1,2042,0.6,0.5,1.0
Any_DLT,dlt_only,0.8541666666666666,0.35479176002615415,1.0,0.0,17.07317073170732,96,96,0.03137652079264323,0.005737374881016445,cp,96,1,2042,0.6,0.5,1.0
Blood,dlt_only,0.875,0.33245498310218435,1.0,0.0,14.285714285714286,96,96,0.03137652079264323,0.005737374881016445,cp,96,1,2042,0.6,0.5,1.0
Constitutional,dlt_only,0.8645833333333334,0.34396424742808945,0.96875,0.17490598978639324,12.048192771084333,96,96,0.03137652079264323,0.005737374881016445,cp,96,1,2042,0.6,0.5,1.0
Infection,dlt_only,0.8645833333333334,0.34396424742808945,0.9895833333333334,0.10206207261596574,14.457831325301203,96,96,0.03137652079264323,0.005737374881016445,cp,96,1,2042,0.6,0.5,1.0
Gastrointestinal,dlt_only,0.8645833333333334,0.3439642474280894,1.0,0.0,15.662650602409633,96,96,0.03137652079264323,0.005737374881016445,cp,96,1,2042,0.6,0.5,1.0
Overall_Survival,dlt_only,10.690597206168823,1.779425762099106,11.913405700821592,1.000507413081807,11.438168243278016,96,96,0.03137652079264323,0.005737374881016445,cp,96,1,2042,0.6,0.5,1.0
all_constraints,dlt_only,0.6979166666666666,0.4615714956689105,0.96875,0.17490598978639324,38.80597014925374,96,96,0.03137652079264323,0.005737374881016445,cp,96,1,2042,0.6,0.5,1.0
Any_DLT,all_constraints,0.851063829787234,0.3579345410363401,0.9787234042553191,0.14507865158346242,14.999999999999995,96,94,0.1271526242295901,0.03454699191851769,cp,95,1,2042,0.6,0.5,1.0
Blood,all_constraints,0.8723404255319149,0.3354997092507591,0.9893617021276596,0.10314212462587934,13.414634146341463,96,94,0.1271526242295901,0.03454699191851769,cp,95,1,2042,0.6,0.5,1.0
Constitutional,all_constraints,0.8829787234042553,0.32316921825641187,0.9787234042553191,0.14507865158346242,10.8433734939759,96,94,0.1271526242295901,0.03454699191851769,cp,95,1,2042,0.6,0.5,1.0
Infection,all_constraints,0.8723404255319149,0.3354997092507591,0.9893617021276596,0.10314212462587934,13.414634146341463,96,94,0.1271526242295901,0.03454699191851769,cp,95,1,2042,0.6,0.5,1.0
Gastrointestinal,all_constraints,0.8617021276595744,0.34706337402097365,1.0,0.0,16.049382716049386,96,94,0.1271526242295901,0.03454699191851769,cp,95,1,2042,0.6,0.5,1.0
Overall_Survival,all_constraints,10.702768052144574,1.7958453819983016,11.738788472359847,1.1735179649076035,9.67992967022844,96,94,0.1271526242295901,0.03454699191851769,cp,95,1,2042,0.6,0.5,1.0
all_constraints,all_constraints,0.7127659574468085,0.45489784805160016,0.9787234042553191,0.14507865158346242,37.3134328358209,96,94,0.1271526242295901,0.03454699191851769,cp,95,1,2042,0.6,0.5,1.0
Any_DLT,dlt_only,0.8541666666666666,0.35479176002615415,1.0,0.0,17.07317073170732,96,96,0.016115027169386547,0.0014603007511637051,nominal,96,1,2042,0.6,0.5,1.5
Blood,dlt_only,0.875,0.33245498310218435,1.0,0.0,14.285714285714286,96,96,0.016115027169386547,0.0014603007511637051,nominal,96,1,2042,0.6,0.5,1.5
Constitutional,dlt_only,0.8645833333333334,0.34396424742808945,0.9791666666666666,0.143575886163796,13.253012048192762,96,96,0.016115027169386547,0.0014603007511637051,nominal,96,1,2042,0.6,0.5,1.5
Infection,dlt_only,0.8645833333333334,0.34396424742808945,1.0,0.0,15.662650602409633,96,96,0.016115027169386547,0.0014603007511637051,nominal,96,1,2042,0.6,0.5,1.5
Gastrointestinal,dlt_only,0.8645833333333334,0.3439642474280894,1.0,0.0,15.662650602409633,96,96,0.016115027169386547,0.0014603007511637051,nominal,96,1,2042,0.6,0.5,1.5
Overall_Survival,dlt_only,10.690597206168823,1.779425762099106,11.94812450417013,0.9642490522635561,11.762928429065427,96,96,0.016115027169386547,0.0014603007511637051,nominal,96,1,2042,0.6,0.5,1.5
all_constraints,dlt_only,0.6979166666666666,0.4615714956689105,0.9791666666666666,0.143575886163796,40.29850746268657,96,96,0.016115027169386547,0.0014603007511637051,nominal,96,1,2042,0.6,0.5,1.5
Any_DLT,all_constraints,0.851063829787234,0.3579345410363401,0.9893617021276596,0.10314212462587934,16.250000000000004,96,94,0.06118276466925939,0.02345963879823171,nominal,96,1,2042,0.6,0.5,1.5
Blood,all_constraints,0.8723404255319149,0.3354997092507591,0.9893617021276596,0.10314212462587934,13.414634146341463,96,94,0.06118276466925939,0.02345963879823171,nominal,96,1,2042,0.6,0.5,1.5
Constitutional,all_constraints,0.8829787234042553,0.32316921825641187,0.9680851063829787,0.1767160202664313,9.638554216867472,96,94,0.06118276466925939,0.02345963879823171,nominal,96,1,2042,0.6,0.5,1.5
Infection,all_constraints,0.8723404255319149,0.3354997092507591,0.9893617021276596,0.10314212462587934,13.414634146341463,96,94,0.06118276466925939,0.02345963879823171,nominal,96,1,2042,0.6,0.5,1.5
Gastrointestinal,all_constraints,0.8617021276595744,0.34706337402097365,1.0,0.0,16.049382716049386,96,94,0.06118276466925939,0.02345963879823171,nominal,96,1,2042,0.6,0.5,1.5
Overall_Survival,all_constraints,10.702768052144574,1.7958453819983016,11.870785493612665,1.0839276372480233,10.913227641460931,96,94,0.06118276466925939,0.02345963879823171,nominal,96,1,2042,0.6,0.5,1.5
all_constraints,all_constraints,0.7127659574468085,0.45489784805160016,0.9468085106382979,0.2256184464259304,32.83582089552239,96,94,0.06118276466925939,0.02345963879823171,nominal,96,1,2042,0.6,0.5,1.5
Any_DLT,dlt_only,0.8541666666666666,0.35479176002615415,1.0,0.0,17.07317073170732,96,96,0.01617732395728429,0.001411763426618356,robust_reg,96,1,2042,0.6,0.5,1.5
Blood,dlt_only,0.875,0.33245498310218435,1.0,0.0,14.285714285714286,96,96,0.01617732395728429,0.001411763426618356,robust_reg,96,1,2042,0.6,0.5,1.5
Constitutional,dlt_only,0.8645833333333334,0.34396424742808945,0.9791666666666666,0.143575886163796,13.253012048192762,96,96,0.01617732395728429,0.001411763426618356,robust_reg,96,1,2042,0.6,0.5,1.5
Infection,dlt_only,0.8645833333333334,0.34396424742808945,1.0,0.0,15.662650602409633,96,96,0.01617732395728429,0.001411763426618356,robust_reg,96,1,2042,0.6,0.5,1.5
Gastrointestinal,dlt_only,0.8645833333333334,0.3439642474280894,1.0,0.0,15.662650602409633,96,96,0.01617732395728429,0.001411763426618356,robust_reg,96,1,2042,0.6,0.5,1.5
Overall_Survival,dlt_only,10.690597206168823,1.779425762099106,11.94812450417013,0.9642490522635561,11.762928429065427,96,96,0.01617732395728429,0.001411763426618356,robust_reg,96,1,2042,0.6,0.5,1.5
all_constraints,dlt_only,0.6979166666666666,0.4615714956689105,0.9791666666666666,0.143575886163796,40.29850746268657,96,96,0.01617732395728429,0.001411763426618356,robust_reg,96,1,2042,0.6,0.5,1.5
Any_DLT,all_constraints,0.851063829787234,0.3579345410363401,0.9893617021276596,0.10314212462587934,16.250000000000004,96,94,0.06708236038684845,0.02139689487695339,robust_reg,96,1,2042,0.6,0.5,1.5
Blood,all_constraints,0.8723404255319149,0.3354997092507591,0.9680851063829787,0.1767160202664313,10.975609756097557,96,94,0.06708236038684845,0.02139689487695339,robust_reg,96,1,2042,0.6,0.5,1.5
Constitutional,all_constraints,0.8829787234042553,0.32316921825641187,0.9574468085106383,0.2029298102618999,8.433734939759042,96,94,0.06708236038684845,0.02139689487695339,robust_reg,96,1,2042,0.6,0.5,1.5
Infection,all_constraints,0.8723404255319149,0.3354997092507591,1.0,0.0,14.63414634146341,96,94,0.06708236038684845,0.02139689487695339,robust_reg,96,1,2042,0.6,0.5,1.5
Gastrointestinal,all_constraints,0.8617021276595744,0.34706337402097365,1.0,0.0,16.049382716049386,96,94,0.06708236038684845,0.02139689487695339,robust_reg,96,1,2042,0.6,0.5,1.5
Overall_Survival,all_constraints,10.702768052144574,1.7958453819983016,11.9392832001922,1.0292758643308002,11.553227557798554,96,94,0.06708236038684845,0.02139689487695339,robust_reg,96,1,2042,0.6,0.5,1.5
all_constraints,all_constraints,0.7127659574468085,0.45489784805160016,0.925531914893617,0.26393880449618323,29.850746268656714,96,94,0.06708236038684845,0.02139689487695339,robust_reg,96,1,2042,0.6,0.5,1.5
Any_DLT,dlt_only,0.8541666666666666,0.35479176002615415,1.0,0.0,17.07317073170732,96,96,0.014939559002717337,0.0017833042180495197,cp,96,1,2042,0.6,0.5,1.5
Blood,dlt_only,0.875,0.33245498310218435,1.0,0.0,14.285714285714286,96,96,0.014939559002717337,0.0017833042180495197,cp,96,1,2042,0.6,0.5,1.5
Constitutional,dlt_only,0.8645833333333334,0.34396424742808945,0.9791666666666666,0.143575886163796,13.253012048192762,96,96,0.014939559002717337,0.0017833042180495197,cp,96,1,2042,0.6,0.5,1.5
Infection,dlt_only,0.8645833333333334,0.34396424742808945,1.0,0.0,15.662650602409633,96,96,0.014939559002717337,0.0017833042180495197,cp,96,1,2042,0.6,0.5,1.5
Gastrointestinal,dlt_only,0.8645833333333334,0.3439642474280894,1.0,0.0,15.662650602409633,96,96,0.014939559002717337,0.0017833042180495197,cp,96,1,2042,0.6,0.5,1.5
Overall_Survival,dlt_only,10.690597206168823,1.779425762099106,11.94812450417013,0.9642490522635561,11.762928429065427,96,96,0.014939559002717337,0.0017833042180495197,cp,96,1,2042,0.6,0.5,1.5
all_constraints,dlt_only,0.6979166666666666,0.4615714956689105,0.9791666666666666,0.143575886163796,40.29850746268657,96,96,0.014939559002717337,0.0017833042180495197,cp,96,1,2042,0.6,0.5,1.5
Any_DLT,all_constraints,0.851063829787234,0.3579345410363401,0.9042553191489362,0.2958184904168057,6.250000000000003,96,94,0.08187934011220932,0.026123721029372788,cp,94,1,2042,0.6,0.5,1.5
Blood,all_constraints,0.8723404255319149,0.3354997092507591,0.8617021276595744,0.3470633740209737,-1.2195121951219592,96,94,0.08187934011220932,0.026123721029372788,cp,94,1,2042,0.6,0.5,1.5
Constitutional,all_constraints,0.8829787234042553,0.32316921825641187,0.925531914893617,0.2639388044961832,4.819277108433729,96,94,0.08187934011220932,0.026123721029372788,cp,94,1,2042,0.6,0.5,1.5
Infection,all_constraints,0.8723404255319149,0.3354997092507591,0.8723404255319149,0.3354997092507591,0.0,96,94,0.08187934011220932,0.026123721029372788,cp,94,1,2042,0.6,0.5,1.5
Gastrointestinal,all_constraints,0.8617021276595744,0.34706337402097365,0.9893617021276596,0.10314212462587934,14.814814814814824,96,94,0.08187934011220932,0.026123721029372788,cp,94,1,2042,0.6,0.5,1.5
Overall_Survival,all_constraints,10.702768052144574,1.7958453819983016,11.764731140741558,1.3387828505325632,9.922321808928606,96,94,0.08187934011220932,0.026123721029372788,cp,94,1,2042,0.6,0.5,1.5
all_constraints,all_constraints,0.7127659574468085,0.45489784805160016,0.8191489361702128,0.38695852789502394,14.925373134328366,96,94,0.08187934011220932,0.026123721029372788,cp,94,1,2042,0.6,0.5,1.5
Any_DLT,dlt_only,0.8541666666666666,0.35479176002615415,1.0,0.0,17.07317073170732,96,96,0.0164353350798289,0.0015370955252835808,nominal,96,1,2042,0.6,0.5,2.0
Blood,dlt_only,0.875,0.33245498310218435,1.0,0.0,14.285714285714286,96,96,0.0164353350798289,0.0015370955252835808,nominal,96,1,2042,0.6,0.5,2.0
Constitutional,dlt_only,0.8645833333333334,0.34396424742808945,0.9791666666666666,0.143575886163796,13.253012048192762,96,96,0.0164353350798289,0.0015370955252835808,nominal,96,1,2042,0.6,0.5,2.0
Infection,dlt_only,0.8645833333333334,0.34396424742808945,1.0,0.0,15.662650602409633,96,96,0.0164353350798289,0.0015370955252835808,nominal,96,1,2042,0.6,0.5,2.0
Gastrointestinal,dlt_only,0.8645833333333334,0.3439642474280894,1.0,0.0,15.662650602409633,96,96,0.0164353350798289,0.0015370955252835808,nominal,96,1,2042,0.6,0.5,2.0
Overall_Survival,dlt_only,10.690597206168823,1.779425762099106,11.94812450417013,0.9642490522635561,11.762928429065427,96,96,0.0164353350798289,0.0015370955252835808,nominal,96,1,2042,0.6,0.5,2.0
all_constraints,dlt_only,0.6979166666666666,0.4615714956689105,0.9791666666666666,0.143575886163796,40.29850746268657,96,96,0.0164353350798289,0.0015370955252835808,nominal,96,1,2042,0.6,0.5,2.0
Any_DLT,all_constraints,0.851063829787234,0.3579345410363401,0.9893617021276596,0.10314212462587934,16.250000000000004,96,94,0.061739238599936165,0.022018278919209544,nominal,96,1,2042,0.6,0.5,2.0
Blood,all_constraints,0.8723404255319149,0.3354997092507591,0.9893617021276596,0.10314212462587934,13.414634146341463,96,94,0.061739238599936165,0.022018278919209544,nominal,96,1,2042,0.6,0.5,2.0
Constitutional,all_constraints,0.8829787234042553,0.32316921825641187,0.9680851063829787,0.1767160202664313,9.638554216867472,96,94,0.061739238599936165,0.022018278919209544,nominal,96,1,2042,0.6,0.5,2.0
Infection,all_constraints,0.8723404255319149,0.3354997092507591,0.9893617021276596,0.10314212462587934,13.414634146341463,96,94,0.061739238599936165,0.022018278919209544,nominal,96,1,2042,0.6,0.5,2.0
Gastrointestinal,all_constraints,0.8617021276595744,0.34706337402097365,1.0,0.0,16.049382716049386,96,94,0.061739238599936165,0.022018278919209544,nominal,96,1,2042,0.6,0.5,2.0
Overall_Survival,all_constraints,10.702768052144574,1.7958453819983016,11.870785493612665,1.0839276372480233,10.913227641460931,96,94,0.061739238599936165,0.022018278919209544,nominal,96,1,2042,0.6,0.5,2.0
all_constraints,all_constraints,0.7127659574468085,0.45489784805160016,0.9468085106382979,0.2256184464259304,32.83582089552239,96,94,0.061739238599936165,0.022018278919209544,nominal,96,1,2042,0.6,0.5,2.0
Any_DLT,dlt_only,0.8541666666666666,0.35479176002615415,1.0,0.0,17.07317073170732,96,96,0.017295904457569122,0.0010652998095355068,robust_reg,96,1,2042,0.6,0.5,2.0
Blood,dlt_only,0.875,0.33245498310218435,1.0,0.0,14.285714285714286,96,96,0.017295904457569122,0.0010652998095355068,robust_reg,96,1,2042,0.6,0.5,2.0
Constitutional,dlt_only,0.8645833333333334,0.34396424742808945,0.9791666666666666,0.143575886163796,13.253012048192762,96,96,0.017295904457569122,0.0010652998095355068,robust_reg,96,1,2042,0.6,0.5,2.0
Infection,dlt_only,0.8645833333333334,0.34396424742808945,1.0,0.0,15.662650602409633,96,96,0.017295904457569122,0.0010652998095355068,robust_reg,96,1,2042,0.6,0.5,2.0
Gastrointestinal,dlt_only,0.8645833333333334,0.3439642474280894,1.0,0.0,15.662650602409633,96,96,0.017295904457569122,0.0010652998095355068,robust_reg,96,1,2042,0.6,0.5,2.0
Overall_Survival,dlt_only,10.690597206168823,1.779425762099106,11.94812450417013,0.9642490522635561,11.762928429065427,96,96,0.017295904457569122,0.0010652998095355068,robust_reg,96,1,2042,0.6,0.5,2.0
all_constraints,dlt_only,0.6979166666666666,0.4615714956689105,0.9791666666666666,0.143575886163796,40.29850746268657,96,96,0.017295904457569122,0.0010652998095355068,robust_reg,96,1,2042,0.6,0.5,2.0
Any_DLT,all_constraints,0.851063829787234,0.3579345410363401,0.9574468085106383,0.2029298102618999,12.500000000000005,96,94,0.06854905933141708,0.03722188296971338,robust_reg,96,1,2042,0.6,0.5,2.0
Blood,all_constraints,0.8723404255319149,0.3354997092507591,0.9468085106382979,0.22561844642593043,8.53658536585365,96,94,0.06854905933141708,0.03722188296971338,robust_reg,96,1,2042,0.6,0.5,2.0
Constitutional,all_constraints,0.8829787234042553,0.32316921825641187,0.9574468085106383,0.2029298102618999,8.433734939759042,96,94,0.06854905933141708,0.03722188296971338,robust_reg,96,1,2042,0.6,0.5,2.0
Infection,all_constraints,0.8723404255319149,0.3354997092507591,0.9787234042553191,0.14507865158346242,12.195121951219503,96,94,0.06854905933141708,0.03722188296971338,robust_reg,96,1,2042,0.6,0.5,2.0
Gastrointestinal,all_constraints,0.8617021276595744,0.34706337402097365,1.0,0.0,16.049382716049386,96,94,0.06854905933141708,0.03722188296971338,robust_reg,96,1,2042,0.6,0.5,2.0
Overall_Survival,all_constraints,10.702768052144574,1.7958453819983016,11.777998706244047,1.2324551870499223,10.04628567918953,96,94,0.06854905933141708,0.03722188296971338,robust_reg,96,1,2042,0.6,0.5,2.0
all_constraints,all_constraints,0.7127659574468085,0.45489784805160016,0.925531914893617,0.2639388044961832,29.850746268656714,96,94,0.06854905933141708,0.03722188296971338,robust_reg,96,1,2042,0.6,0.5,2.0
Any_DLT,dlt_only,0.8541666666666666,0.35479176002615415,1.0,0.0,17.07317073170732,96,96,0.015192980567614237,0.001760675851745648,cp,96,1,2042,0.6,0.5,2.0
Blood,dlt_only,0.875,0.33245498310218435,1.0,0.0,14.285714285714286,96,96,0.015192980567614237,0.001760675851745648,cp,96,1,2042,0.6,0.5,2.0
Constitutional,dlt_only,0.8645833333333334,0.34396424742808945,0.9791666666666666,0.143575886163796,13.253012048192762,96,96,0.015192980567614237,0.001760675851745648,cp,96,1,2042,0.6,0.5,2.0
Infection,dlt_only,0.8645833333333334,0.34396424742808945,1.0,0.0,15.662650602409633,96,96,0.015192980567614237,0.001760675851745648,cp,96,1,2042,0.6,0.5,2.0
Gastrointestinal,dlt_only,0.8645833333333334,0.3439642474280894,1.0,0.0,15.662650602409633,96,96,0.015192980567614237,0.001760675851745648,cp,96,1,2042,0.6,0.5,2.0
Overall_Survival,dlt_only,10.690597206168823,1.779425762099106,11.94812450417013,0.9642490522635561,11.762928429065427,96,96,0.015192980567614237,0.001760675851745648,cp,96,1,2042,0.6,0.5,2.0
all_constraints,dlt_only,0.6979166666666666,0.4615714956689105,0.9791666666666666,0.143575886163796,40.29850746268657,96,96,0.015192980567614237,0.001760675851745648,cp,96,1,2042,0.6,0.5,2.0
Any_DLT,all_constraints,0.851063829787234,0.3579345410363401,0.9787234042553191,0.14507865158346242,14.999999999999995,96,94,0.15499051908651987,0.02870143843325422,cp,95,1,2042,0.6,0.5,2.0
Blood,all_constraints,0.8723404255319149,0.3354997092507591,1.0,0.0,14.63414634146341,96,94,0.15499051908651987,0.02870143843325422,cp,95,1,2042,0.6,0.5,2.0
Constitutional,all_constraints,0.8829787234042553,0.32316921825641187,0.9468085106382979,0.22561844642593043,7.2289156626506,96,94,0.15499051908651987,0.02870143843325422,cp,95,1,2042,0.6,0.5,2.0
Infection,all_constraints,0.8723404255319149,0.3354997092507591,0.9893617021276596,0.10314212462587934,13.414634146341463,96,94,0.15499051908651987,0.02870143843325422,cp,95,1,2042,0.6,0.5,2.0
Gastrointestinal,all_constraints,0.8617021276595744,0.34706337402097365,1.0,0.0,16.049382716049386,96,94,0.15499051908651987,0.02870143843325422,cp,95,1,2042,0.6,0.5,2.0
Overall_Survival,all_constraints,10.702768052144574,1.7958453819983016,10.881202295245357,1.2594732606139019,1.667178455437324,96,94,0.15499051908651987,0.02870143843325422,cp,95,1,2042,0.6,0.5,2.0
all_constraints,all_constraints,0.7127659574468085,0.45489784805160016,0.9361702127659575,0.24576020475855118,31.343283582089562,96,94,0.15499051908651987,0.02870143843325422,cp,95,1,2042,0.6,0.5,2.0
Any_DLT,dlt_only,0.8541666666666666,0.35479176002615415,1.0,0.0,17.07317073170732,96,96,0.03149698426326116,0.03411547419240498,nominal,96,2,3042,0.6,0.5,0.5
Blood,dlt_only,0.875,0.33245498310218435,1.0,0.0,14.285714285714286,96,96,0.03149698426326116,0.03411547419240498,nominal,96,2,3042,0.6,0.5,0.5
Constitutional,dlt_only,0.8645833333333334,0.34396424742808945,0.9583333333333334,0.20087527770480484,10.843373493975903,96,96,0.03149698426326116,0.03411547419240498,nominal,96,2,3042,0.6,0.5,0.5
Infection,dlt_only,0.8645833333333334,0.34396424742808945,1.0,0.0,15.662650602409633,96,96,0.03149698426326116,0.03411547419240498,nominal,96,2,3042,0.6,0.5,0.5
Gastrointestinal,dlt_only,0.8645833333333334,0.3439642474280894,1.0,0.0,15.662650602409633,96,96,0.03149698426326116,0.03411547419240498,nominal,96,2,3042,0.6,0.5,0.5
Overall_Survival,dlt_only,10.690597206168823,1.779425762099106,10.972600188573972,1.0204463370463992,2.6378599526921156,96,96,0.03149698426326116,0.03411547419240498,nominal,96,2,3042,0.6,0.5,0.5
all_constraints,dlt_only,0.6979166666666666,0.4615714956689105,0.9583333333333334,0.20087527770480484,37.31343283582091,96,96,0.03149698426326116,0.03411547419240498,nominal,96,2,3042,0.6,0.5,0.5
Any_DLT,all_constraints,0.8791208791208791,0.3277927812629611,1.0,0.0,13.750000000000002,96,91,0.08008532226085663,0.04034003030538985,nominal,95,2,3042,0.6,0.5,0.5
Blood,all_constraints,0.8681318681318682,0.3402218625410715,1.0,0.0,15.189873417721516,96,91,0.08008532226085663,0.04034003030538985,nominal,95,2,3042,0.6,0.5,0.5
Constitutional,all_constraints,0.9010989010989011,0.3001830943106058,0.989010989010989,0.1048284836721918,9.756097560975613,96,91,0.08008532226085663,0.04034003030538985,nominal,95,2,3042,0.6,0.5,0.5
Infection,all_constraints,0.9010989010989011,0.3001830943106058,1.0,0.0,10.97560975609756,96,91,0.08008532226085663,0.04034003030538985,nominal,95,2,3042,0.6,0.5,0.5
Gastrointestinal,all_constraints,0.8901098901098901,0.3144854510165755,1.0,0.0,12.345679012345686,96,91,0.08008532226085663,0.04034003030538985,nominal,95,2,3042,0.6,0.5,0.5
Overall_Survival,all_constraints,10.687001742519305,1.8187040567662964,10.980661563478543,1.0467139516547685,2.7478223362768186,96,91,0.08008532226085663,0.04034003030538985,nominal,95,2,3042,0.6,0.5,0.5
all_constraints,all_constraints,0.7362637362637363,0.4430993075338713,0.989010989010989,0.1048284836721918,34.32835820895522,96,91,0.08008532226085663,0.04034003030538985,nominal,95,2,3042,0.6,0.5,0.5
Any_DLT,dlt_only,0.8541666666666666,0.35479176002615415,1.0,0.0,17.07317073170732,96,96,0.03176199893156687,0.0349612192392542,robust_reg,96,2,3042,0.6,0.5,0.5
Blood,dlt_only,0.875,0.33245498310218435,1.0,0.0,14.285714285714286,96,96,0.03176199893156687,0.0349612192392542,robust_reg,96,2,3042,0.6,0.5,0.5
Constitutional,dlt_only,0.8645833333333334,0.34396424742808945,0.9583333333333334,0.20087527770480484,10.843373493975903,96,96,0.03176199893156687,0.0349612192392542,robust_reg,96,2,3042,0.6,0.5,0.5
Infection,dlt_only,0.8645833333333334,0.34396424742808945,1.0,0.0,15.662650602409633,96,96,0.03176199893156687,0.0349612192392542,robust_reg,96,2,3042,0.6,0.5,0.5
Gastrointestinal,dlt_only,0.8645833333333334,0.3439642474280894,1.0,0.0,15.662650602409633,96,96,0.03176199893156687,0.0349612192392542,robust_reg,96,2,3042,0.6,0.5,0.5
Overall_Survival,dlt_only,10.690597206168823,1.779425762099106,10.9711813601821,1.0217770105838038,2.624588211511436,96,96,0.03176199893156687,0.0349612192392542,robust_reg,96,2,3042,0.6,0.5,0.5
all_constraints,dlt_only,0.6979166666666666,0.4615714956689105,0.9583333333333334,0.20087527770480484,37.31343283582091,96,96,0.03176199893156687,0.0349612192392542,robust_reg,96,2,3042,0.6,0.5,0.5
Any_DLT,all_constraints,0.8791208791208791,0.3277927812629611,1.0,0.0,13.750000000000002,96,91,0.08538851638634999,0.03896670554173425,robust_reg,96,2,3042,0.6,0.5,0.5
Blood,all_constraints,0.8681318681318682,0.3402218625410715,1.0,0.0,15.189873417721516,96,91,0.08538851638634999,0.03896670554173425,robust_reg,96,2,3042,0.6,0.5,0.5
Constitutional,all_constraints,0.9010989010989011,0.3001830943106058,0.989010989010989,0.1048284836721918,9.756097560975613,96,91,0.08538851638634999,0.03896670554173425,robust_reg,96,2,3042,0.6,0.5,0.5
Infection,all_constraints,0.9010989010989011,0.3001830943106058,1.0,0.0,10.97560975609756,96,91,0.08538851638634999,0.03896670554173425,robust_reg,96,2,3042,0.6,0.5,0.5
Gastrointestinal,all_constraints,0.8901098901098901,0.3144854510165755,1.0,0.0,12.345679012345686,96,91,0.08538851638634999,0.03896670554173425,robust_reg,96,2,3042,0.6,0.5,0.5
Overall_Survival,all_constraints,10.687001742519305,1.8187040567662964,10.969823660926702,1.0407391538279618,2.6464103330512363,96,91,0.08538851638634999,0.03896670554173425,robust_reg,96,2,3042,0.6,0.5,0.5
all_constraints,all_constraints,0.7362637362637363,0.4430993075338713,0.989010989010989,0.1048284836721918,34.32835820895522,96,91,0.08538851638634999,0.03896670554173425,robust_reg,96,2,3042,0.6,0.5,0.5
Any_DLT,dlt_only,0.8541666666666666,0.35479176002615415,1.0,0.0,17.07317073170732,96,96,0.10158842305342357,0.051926669110850136,cp,96,2,3042,0.6,0.5,0.5
Blood,dlt_only,0.875,0.33245498310218435,1.0,0.0,14.285714285714286,96,96,0.10158842305342357,0.051926669110850136,cp,96,2,3042,0.6,0.5,0.5
Constitutional,dlt_only,0.8645833333333334,0.34396424742808945,0.9583333333333334,0.20087527770480484,10.843373493975903,96,96,0.10158842305342357,0.051926669110850136,cp,96,2,3042,0.6,0.5,0.5
Infection,dlt_only,0.8645833333333334,0.34396424742808945,1.0,0.0,15.662650602409633,96,96,0.10158842305342357,0.051926669110850136,cp,96,2,3042,0.6,0.5,0.5
Gastrointestinal,dlt_only,0.8645833333333334,0.3439642474280894,1.0,0.0,15.662650602409633,96,96,0.10158842305342357,0.051926669110850136,cp,96,2,3042,0.6,0.5,0.5
Overall_Survival,dlt_only,10.690597206168823,1.779425762099106,11.01530070613245,1.0321087823280886,3.03728120797838,96,96,0.10158842305342357,0.051926669110850136,cp,96,2,3042,0.6,0.5,0.5
all_constraints,dlt_only,0.6979166666666666,0.4615714956689105,0.9583333333333334,0.20087527770480484,37.31343283582091,96,96,0.10158842305342357,0.051926669110850136,cp,96,2,3042,0.6,0.5,0.5
Any_DLT,all_constraints,0.8791208791208791,0.3277927812629611,1.0,0.0,13.750000000000002,96,91,0.10890176395575206,0.039032803519854734,cp,95,2,3042,0.6,0.5,0.5
Blood,all_constraints,0.8681318681318682,0.3402218625410715,1.0,0.0,15.189873417721516,96,91,0.10890176395575206,0.039032803519854734,cp,95,2,3042,0.6,0.5,0.5
Constitutional,all_constraints,0.9010989010989011,0.3001830943106058,0.989010989010989,0.1048284836721918,9.756097560975613,96,91,0.10890176395575206,0.039032803519854734,cp,95,2,3042,0.6,0.5,0.5
Infection,all_constraints,0.9010989010989011,0.3001830943106058,1.0,0.0,10.97560975609756,96,91,0.10890176395575206,0.039032803519854734,cp,95,2,3042,0.6,0.5,0.5
Gastrointestinal,all_constraints,0.8901098901098901,0.3144854510165755,1.0,0.0,12.345679012345686,96,91,0.10890176395575206,0.039032803519854734,cp,95,2,3042,0.6,0.5,0.5
Overall_Survival,all_constraints,10.687001742519305,1.8187040567662964,10.980123827906391,1.0470264634407802,2.742790657747071,96,91,0.10890176395575206,0.039032803519854734,cp,95,2,3042,0.6,0.5,0.5
all_constraints,all_constraints,0.7362637362637363,0.4430993075338713,0.989010989010989,0.1048284836721918,34.32835820895522,96,91,0.10890176395575206,0.039032803519854734,cp,95,2,3042,0.6,0.5,0.5
Any_DLT,dlt_only,0.8541666666666666,0.35479176002615415,1.0,0.0,17.07317073170732,96,96,0.03099856774012248,0.03243102622966467,nominal,96,2,3042,0.6,0.5,0.75
Blood,dlt_only,0.875,0.33245498310218435,1.0,0.0,14.285714285714286,96,96,0.03099856774012248,0.03243102622966467,nominal,96,2,3042,0.6,0.5,0.75
Constitutional,dlt_only,0.8645833333333334,0.34396424742808945,0.9583333333333334,0.20087527770480484,10.843373493975903,96,96,0.03099856774012248,0.03243102622966467,nominal,96,2,3042,0.6,0.5,0.75
Infection,dlt_only,0.8645833333333334,0.34396424742808945,1.0,0.0,15.662650602409633,96,96,0.03099856774012248,0.03243102622966467,nominal,96,2,3042,0.6,0.5,0.75
Gastrointestinal,dlt_only,0.8645833333333334,0.3439642474280894,1.0,0.0,15.662650602409633,96,96,0.03099856774012248,0.03243102622966467,nominal,96,2,3042,0.6,0.5,0.75
Overall_Survival,dlt_only,10.690597206168823,1.779425762099106,10.972600188573972,1.0204463370463992,2.6378599526921156,96,96,0.03099856774012248,0.03243102622966467,nominal,96,2,3042,0.6,0.5,0.75
all_constraints,dlt_only,0.6979166666666666,0.4615714956689105,0.9583333333333334,0.20087527770480484,37.31343283582091,96,96,0.03099856774012248,0.03243102622966467,nominal,96,2,3042,0.6,0.5,0.75
Any_DLT,all_constraints,0.8791208791208791,0.3277927812629611,1.0,0.0,13.750000000000002,96,91,0.07718461255232494,0.03298206203454918,nominal,95,2,3042,0.6,0.5,0.75
Blood,all_constraints,0.8681318681318682,0.3402218625410715,1.0,0.0,15.189873417721516,96,91,0.07718461255232494,0.03298206203454918,nominal,95,2,3042,0.6,0.5,0.75
Constitutional,all_constraints,0.9010989010989011,0.3001830943106058,0.989010989010989,0.1048284836721918,9.756097560975613,96,91,0.07718461255232494,0.03298206203454918,nominal,95,2,3042,0.6,0.5,0.75
Infection,all_constraints,0.9010989010989011,0.3001830943106058,1.0,0.0,10.97560975609756,96,91,0.07718461255232494,0.03298206203454918,nominal,95,2,3042,0.6,0.5,0.75
Gastrointestinal,all_constraints,0.8901098901098901,0.3144854510165755,1.0,0.0,12.345679012345686,96,91,0.07718461255232494,0.03298206203454918,nominal,95,2,3042,0.6,0.5,0.75
Overall_Survival,all_constraints,10.687001742519305,1.8187040567662964,10.980661563478543,1.0467139516547685,2.7478223362768186,96,91,0.07718461255232494,0.03298206203454918,nominal,95,2,3042,0.6,0.5,0.75
all_constraints,all_constraints,0.7362637362637363,0.4430993075338713,0.989010989010989,0.1048284836721918,34.32835820895522,96,91,0.07718461255232494,0.03298206203454918,nominal,95,2,3042,0.6,0.5,0.75
Any_DLT,dlt_only,0.8541666666666666,0.35479176002615415,1.0,0.0,17.07317073170732,96,96,0.03395086030165354,0.034174115598364085,robust_reg,96,2,3042,0.6,0.5,0.75
Blood,dlt_only,0.875,0.33245498310218435,1.0,0.0,14.285714285714286,96,96,0.03395086030165354,0.034174115598364085,robust_reg,96,2,3042,0.6,0.5,0.75
Constitutional,dlt_only,0.8645833333333334,0.34396424742808945,0.9583333333333334,0.20087527770480484,10.843373493975903,96,96,0.03395086030165354,0.034174115598364085,robust_reg,96,2,3042,0.6,0.5,0.75
Infection,dlt_only,0.8645833333333334,0.34396424742808945,1.0,0.0,15.662650602409633,96,96,0.03395086030165354,0.034174115598364085,robust_reg,96,2,3042,0.6,0.5,0.75
Gastrointestinal,dlt_only,0.8645833333333334,0.3439642474280894,1.0,0.0,15.662650602409633,96,96,0.03395086030165354,0.034174115598364085,robust_reg,96,2,3042,0.6,0.5,0.75
Overall_Survival,dlt_only,10.690597206168823,1.779425762099106,10.97411791912576,1.0210789819735626,2.652056826098888,96,96,0.03395086030165354,0.034174115598364085,robust_reg,96,2,3042,0.6,0.5,0.75
all_constraints,dlt_only,0.6979166666666666,0.4615714956689105,0.9583333333333334,0.20087527770480484,37.31343283582091,96,96,0.03395086030165354,0.034174115598364085,robust_reg,96,2,3042,0.6,0.5,0.75
Any_DLT,all_constraints,0.8791208791208791,0.3277927812629611,1.0,0.0,13.750000000000002,96,91,0.09042532990376155,0.04711435661492796,robust_reg,95,2,3042,0.6,0.5,0.75
Blood,all_constraints,0.8681318681318682,0.3402218625410715,1.0,0.0,15.189873417721516,96,91,0.09042532990376155,0.04711435661492796,robust_reg,95,2,3042,0.6,0.5,0.75
Constitutional,all_constraints,0.9010989010989011,0.3001830943106058,0.989010989010989,0.1048284836721918,9.756097560975613,96,91,0.09042532990376155,0.04711435661492796,robust_reg,95,2,3042,0.6,0.5,0.75
Infection,all_constraints,0.9010989010989011,0.3001830943106058,1.0,0.0,10.97560975609756,96,91,0.09042532990376155,0.04711435661492796,robust_reg,95,2,3042,0.6,0.5,0.75
Gastrointestinal,all_constraints,0.8901098901098901,0.3144854510165755,1.0,0.0,12.345679012345686,96,91,0.09042532990376155,0.04711435661492796,robust_reg,95,2,3042,0.6,0.5,0.75
Overall_Survival,all_constraints,10.687001742519305,1.8187040567662964,10.98999198742941,1.0776157494221341,2.8351286189523774,96,91,0.09042532990376155,0.04711435661492796,robust_reg,95,2,3042,0.6,0.5,0.75
all_constraints,all_constraints,0.7362637362637363,0.4430993075338713,0.989010989010989,0.1048284836721918,34.32835820895522,96,91,0.09042532990376155,0.04711435661492796,robust_reg,95,2,3042,0.6,0.5,0.75
Any_DLT,dlt_only,0.8541666666666666,0.35479176002615415,1.0,0.0,17.07317073170732,96,96,0.09996039668718974,0.04897683659339103,cp,96,2,3042,0.6,0.5,0.75
Blood,dlt_only,0.875,0.33245498310218435,1.0,0.0,14.285714285714286,96,96,0.09996039668718974,0.04897683659339103,cp,96,2,3042,0.6,0.5,0.75
Constitutional,dlt_only,0.8645833333333334,0.34396424742808945,0.9583333333333334,0.20087527770480484,10.843373493975903,96,96,0.09996039668718974,0.04897683659339103,cp,96,2,3042,0.6,0.5,0.75
Infection,dlt_only,0.8645833333333334,0.34396424742808945,1.0,0.0,15.662650602409633,96,96,0.09996039668718974,0.04897683659339103,cp,96,2,3042,0.6,0.5,0.75
Gastrointestinal,dlt_only,0.8645833333333334,0.3439642474280894,1.0,0.0,15.662650602409633,96,96,0.09996039668718974,0.04897683659339103,cp,96,2,3042,0.6,0.5,0.75
Overall_Survival,dlt_only,10.690597206168823,1.779425762099106,11.01530070613245,1.0321087823280886,3.03728120797838,96,96,0.09996039668718974,0.04897683659339103,cp,96,2,3042,0.6,0.5,0.75
all_constraints,dlt_only,0.6979166666666666,0.4615714956689105,0.9583333333333334,0.20087527770480484,37.31343283582091,96,96,0.09996039668718974,0.04897683659339103,cp,96,2,3042,0.6,0.5,0.75
Any_DLT,all_constraints,0.8791208791208791,0.3277927812629611,1.0,0.0,13.750000000000002,96,91,0.11327267438173294,0.05639334460539732,cp,94,2,3042,0.6,0.5,0.75
Blood,all_constraints,0.8681318681318682,0.3402218625410715,1.0,0.0,15.189873417721516,96,91,0.11327267438173294,0.05639334460539732,cp,94,2,3042,0.6,0.5,0.75
Constitutional,all_constraints,0.9010989010989011,0.3001830943106058,0.989010989010989,0.1048284836721918,9.756097560975613,96,91,0.11327267438173294,0.05639334460539732,cp,94,2,3042,0.6,0.5,0.75
Infection,all_constraints,0.9010989010989011,0.3001830943106058,1.0,0.0,10.97560975609756,96,91,0.11327267438173294,0.05639334460539732,cp,94,2,3042,0.6,0.5,0.75
Gastrointestinal,all_constraints,0.8901098901098901,0.3144854510165755,1.0,0.0,12.345679012345686,96,91,0.11327267438173294,0.05639334460539732,cp,94,2,3042,0.6,0.5,0.75
Overall_Survival,all_constraints,10.687001742519305,1.8187040567662964,10.894736910850584,1.0929899797880318,1.9438114949002394,96,91,0.11327267438173294,0.05639334460539732,cp,94,2,3042,0.6,0.5,0.75
all_constraints,all_constraints,0.7362637362637363,0.4430993075338713,0.989010989010989,0.1048284836721918,34.32835820895522,96,91,0.11327267438173294,0.05639334460539732,cp,94,2,3042,0.6,0.5,0.75
Any_DLT,dlt_only,0.8541666666666666,0.35479176002615415,1.0,0.0,17.07317073170732,96,96,0.029752095540364582,0.030252141805204004,nominal,96,2,3042,0.6,0.5,1.0
Blood,dlt_only,0.875,0.33245498310218435,1.0,0.0,14.285714285714286,96,96,0.029752095540364582,0.030252141805204004,nominal,96,2,3042,0.6,0.5,1.0
Constitutional,dlt_only,0.8645833333333334,0.34396424742808945,0.9583333333333334,0.20087527770480484,10.843373493975903,96,96,0.029752095540364582,0.030252141805204004,nominal,96,2,3042,0.6,0.5,1.0
Infection,dlt_only,0.8645833333333334,0.34396424742808945,1.0,0.0,15.662650602409633,96,96,0.029752095540364582,0.030252141805204004,nominal,96,2,3042,0.6,0.5,1.0
Gastrointestinal,dlt_only,0.8645833333333334,0.3439642474280894,1.0,0.0,15.662650602409633,96,96,0.029752095540364582,0.030252141805204004,nominal,96,2,3042,0.6,0.5,1.0
Overall_Survival,dlt_only,10.690597206168823,1.779425762099106,10.972600188573972,1.0204463370463992,2.6378599526921156,96,96,0.029752095540364582,0.030252141805204004,nominal,96,2,3042,0.6,0.5,1.0
all_constraints,dlt_only,0.6979166666666666,0.4615714956689105,0.9583333333333334,0.20087527770480484,37.31343283582091,96,96,0.029752095540364582,0.030252141805204004,nominal,96,2,3042,0.6,0.5,1.0
Any_DLT,all_constraints,0.8791208791208791,0.3277927812629611,1.0,0.0,13.750000000000002,96,91,0.07915601382652919,0.03866550958444378,nominal,95,2,3042,0.6,0.5,1.0
Blood,all_constraints,0.8681318681318682,0.3402218625410715,1.0,0.0,15.189873417721516,96,91,0.07915601382652919,0.03866550958444378,nominal,95,2,3042,0.6,0.5,1.0
Constitutional,all_constraints,0.9010989010989011,0.3001830943106058,0.989010989010989,0.1048284836721918,9.756097560975613,96,91,0.07915601382652919,0.03866550958444378,nominal,95,2,3042,0.6,0.5,1.0
Infection,all_constraints,0.9010989010989011,0.3001830943106058,1.0,0.0,10.97560975609756,96,91,0.07915601382652919,0.03866550958444378,nominal,95,2,3042,0.6,0.5,1.0
Gastrointestinal,all_constraints,0.8901098901098901,0.3144854510165755,1.0,0.0,12.345679012345686,96,91,0.07915601382652919,0.03866550958444378,nominal,95,2,3042,0.6,0.5,1.0
Overall_Survival,all_constraints,10.687001742519305,1.8187040567662964,10.980661563478543,1.0467139516547685,2.7478223362768186,96,91,0.07915601382652919,0.03866550958444378,nominal,95,2,3042,0.6,0.5,1.0
all_constraints,all_constraints,0.7362637362637363,0.4430993075338713,0.989010989010989,0.1048284836721918,34.32835820895522,96,91,0.07915601382652919,0.03866550958444378,nominal,95,2,3042,0.6,0.5,1.0
Any_DLT,dlt_only,0.8541666666666666,0.35479176002615415,1.0,0.0,17.07317073170732,96,96,0.05039854099353155,0.04104629180879378,robust_reg,96,2,3042,0.6,0.5,1.0
Blood,dlt_only,0.875,0.33245498310218435,1.0,0.0,14.285714285714286,96,96,0.05039854099353155,0.04104629180879378,robust_reg,96,2,3042,0.6,0.5,1.0
Constitutional,dlt_only,0.8645833333333334,0.34396424742808945,0.9583333333333334,0.20087527770480484,10.843373493975903,96,96,0.05039854099353155,0.04104629180879378,robust_reg,96,2,3042,0.6,0.5,1.0
Infection,dlt_only,0.8645833333333334,0.34396424742808945,1.0,0.0,15.662650602409633,96,96,0.05039854099353155,0.04104629180879378,robust_reg,96,2,3042,0.6,0.5,1.0
Gastrointestinal,dlt_only,0.8645833333333334,0.3439642474280894,1.0,0.0,15.662650602409633,96,96,0.05039854099353155,0.04104629180879378,robust_reg,96,2,3042,0.6,0.5,1.0
Overall_Survival,dlt_only,10.690597206168823,1.779425762099106,10.986076859347506,1.0212430101326118,2.763920924905688,96,96,0.05039854099353155,0.04104629180879378,robust_reg,96,2,3042,0.6,0.5,1.0
all_constraints,dlt_only,0.6979166666666666,0.4615714956689105,0.9583333333333334,0.20087527770480484,37.31343283582091,96,96,0.05039854099353155,0.04104629180879378,robust_reg,96,2,3042,0.6,0.5,1.0
Any_DLT,all_constraints,0.8791208791208791,0.3277927812629611,1.0,0.0,13.750000000000002,96,91,0.07594180355469386,0.039571018497650906,robust_reg,96,2,3042,0.6,0.5,1.0
Blood,all_constraints,0.8681318681318682,0.3402218625410715,1.0,0.0,15.189873417721516,96,91,0.07594180355469386,0.039571018497650906,robust_reg,96,2,3042,0.6,0.5,1.0
Constitutional,all_constraints,0.9010989010989011,0.3001830943106058,0.989010989010989,0.1048284836721918,9.756097560975613,96,91,0.07594180355469386,0.039571018497650906,robust_reg,96,2,3042,0.6,0.5,1.0
Infection,all_constraints,0.9010989010989011,0.3001830943106058,1.0,0.0,10.97560975609756,96,91,0.07594180355469386,0.039571018497650906,robust_reg,96,2,3042,0.6,0.5,1.0
Gastrointestinal,all_constraints,0.8901098901098901,0.3144854510165755,1.0,0.0,12.345679012345686,96,91,0.07594180355469386,0.039571018497650906,robust_reg,96,2,3042,0.6,0.5,1.0
Overall_Survival,all_constraints,10.687001742519305,1.8187040567662964,10.99736791733134,1.0491503995071647,2.9041463853908844,96,91,0.07594180355469386,0.039571018497650906,robust_reg,96,2,3042,0.6,0.5,1.0
all_constraints,all_constraints,0.7362637362637363,0.4430993075338713,0.989010989010989,0.1048284836721918,34.32835820895522,96,91,0.07594180355469386,0.039571018497650906,robust_reg,96,2,3042,0.6,0.5,1.0
Any_DLT,dlt_only,0.8541666666666666,0.35479176002615415,1.0,0.0,17.07317073170732,96,96,0.10277288407087326,0.05239133216805205,cp,96,2,3042,0.6,0.5,1.0
Blood,dlt_only,0.875,0.33245498310218435,1.0,0.0,14.285714285714286,96,96,0.10277288407087326,0.05239133216805205,cp,96,2,3042,0.6,0.5,1.0
Constitutional,dlt_only,0.8645833333333334,0.34396424742808945,0.9583333333333334,0.20087527770480484,10.843373493975903,96,96,0.10277288407087326,0.05239133216805205,cp,96,2,3042,0.6,0.5,1.0
Infection,dlt_only,0.8645833333333334,0.34396424742808945,1.0,0.0,15.662650602409633,96,96,0.10277288407087326,0.05239133216805205,cp,96,2,3042,0.6,0.5,1.0
Gastrointestinal,dlt_only,0.8645833333333334,0.3439642474280894,1.0,0.0,15.662650602409633,96,96,0.10277288407087326,0.05239133216805205,cp,96,2,3042,0.6,0.5,1.0
Overall_Survival,dlt_only,10.690597206168823,1.779425762099106,11.01530070613245,1.0321087823280886,3.03728120797838,96,96,0.10277288407087326,0.05239133216805205,cp,96,2,3042,0.6,0.5,1.0
all_constraints,dlt_only,0.6979166666666666,0.4615714956689105,0.9583333333333334,0.20087527770480484,37.31343283582091,96,96,0.10277288407087326,0.05239133216805205,cp,96,2,3042,0.6,0.5,1.0
Any_DLT,all_constraints,0.8791208791208791,0.3277927812629611,1.0,0.0,13.750000000000002,96,91,0.1137464592854182,0.05689317143985074,cp,94,2,3042,0.6,0.5,1.0
Blood,all_constraints,0.8681318681318682,0.3402218625410715,1.0,0.0,15.189873417721516,96,91,0.1137464592854182,0.05689317143985074,cp,94,2,3042,0.6,0.5,1.0
Constitutional,all_constraints,0.9010989010989011,0.3001830943106058,0.989010989010989,0.1048284836721918,9.756097560975613,96,91,0.1137464592854182,0.05689317143985074,cp,94,2,3042,0.6,0.5,1.0
Infection,all_constraints,0.9010989010989011,0.3001830943106058,1.0,0.0,10.97560975609756,96,91,0.1137464592854182,0.05689317143985074,cp,94,2,3042,0.6,0.5,1.0
Gastrointestinal,all_constraints,0.8901098901098901,0.3144854510165755,1.0,0.0,12.345679012345686,96,91,0.1137464592854182,0.05689317143985074,cp,94,2,3042,0.6,0.5,1.0
Overall_Survival,all_constraints,10.687001742519305,1.8187040567662964,10.894736910850584,1.0929899797880318,1.9438114949002394,96,91,0.1137464592854182,0.05689317143985074,cp,94,2,3042,0.6,0.5,1.0
all_constraints,all_constraints,0.7362637362637363,0.4430993075338713,0.989010989010989,0.1048284836721918,34.32835820895522,96,91,0.1137464592854182,0.05689317143985074,cp,94,2,3042,0.6,0.5,1.0
Any_DLT,dlt_only,0.8541666666666666,0.35479176002615415,1.0,0.0,17.07317073170732,96,96,0.030320050815741222,0.03195758164243209,nominal,96,2,3042,0.6,0.5,1.5
Blood,dlt_only,0.875,0.33245498310218435,1.0,0.0,14.285714285714286,96,96,0.030320050815741222,0.03195758164243209,nominal,96,2,3042,0.6,0.5,1.5
Constitutional,dlt_only,0.8645833333333334,0.34396424742808945,0.9583333333333334,0.20087527770480484,10.843373493975903,96,96,0.030320050815741222,0.03195758164243209,nominal,96,2,3042,0.6,0.5,1.5
Infection,dlt_only,0.8645833333333334,0.34396424742808945,1.0,0.0,15.662650602409633,96,96,0.030320050815741222,0.03195758164243209,nominal,96,2,3042,0.6,0.5,1.5
Gastrointestinal,dlt_only,0.8645833333333334,0.3439642474280894,1.0,0.0,15.662650602409633,96,96,0.030320050815741222,0.03195758164243209,nominal,96,2,3042,0.6,0.5,1.5
Overall_Survival,dlt_only,10.690597206168823,1.779425762099106,10.972600188573972,1.0204463370463992,2.6378599526921156,96,96,0.030320050815741222,0.03195758164243209,nominal,96,2,3042,0.6,0.5,1.5
all_constraints,dlt_only,0.6979166666666666,0.4615714956689105,0.9583333333333334,0.20087527770480484,37.31343283582091,96,96,0.030320050815741222,0.03195758164243209,nominal,96,2,3042,0.6,0.5,1.5
Any_DLT,all_constraints,0.8791208791208791,0.3277927812629611,1.0,0.0,13.750000000000002,96,91,0.07999022305011749,0.040138987493080036,nominal,95,2,3042,0.6,0.5,1.5
Blood,all_constraints,0.8681318681318682,0.3402218625410715,1.0,0.0,15.189873417721516,96,91,0.07999022305011749,0.040138987493080036,nominal,95,2,3042,0.6,0.5,1.5
Constitutional,all_constraints,0.9010989010989011,0.3001830943106058,0.989010989010989,0.1048284836721918,9.756097560975613,96,91,0.07999022305011749,0.040138987493080036,nominal,95,2,3042,0.6,0.5,1.5
Infection,all_constraints,0.9010989010989011,0.3001830943106058,1.0,0.0,10.97560975609756,96,91,0.07999022305011749,0.040138987493080036,nominal,95,2,3042,0.6,0.5,1.5
Gastrointestinal,all_constraints,0.8901098901098901,0.3144854510165755,1.0,0.0,12.345679012345686,96,91,0.07999022305011749,0.040138987493080036,nominal,95,2,3042,0.6,0.5,1.5
Overall_Survival,all_constraints,10.687001742519305,1.8187040567662964,10.980661563478543,1.0467139516547685,2.7478223362768186,96,91,0.07999022305011749,0.040138987493080036,nominal,95,2,3042,0.6,0.5,1.5
all_constraints,all_constraints,0.7362637362637363,0.4430993075338713,0.989010989010989,0.1048284836721918,34.32835820895522,96,91,0.07999022305011749,0.040138987493080036,nominal,95,2,3042,0.6,0.5,1.5
Any_DLT,dlt_only,0.8541666666666666,0.35479176002615415,1.0,0.0,17.07317073170732,96,96,0.03433102866013845,0.035877037483032594,robust_reg,96,2,3042,0.6,0.5,1.5
Blood,dlt_only,0.875,0.33245498310218435,1.0,0.0,14.285714285714286,96,96,0.03433102866013845,0.035877037483032594,robust_reg,96,2,3042,0.6,0.5,1.5
Constitutional,dlt_only,0.8645833333333334,0.34396424742808945,0.9479166666666666,0.22336148028967082,9.63855421686746,96,96,0.03433102866013845,0.035877037483032594,robust_reg,96,2,3042,0.6,0.5,1.5
Infection,dlt_only,0.8645833333333334,0.34396424742808945,1.0,0.0,15.662650602409633,96,96,0.03433102866013845,0.035877037483032594,robust_reg,96,2,3042,0.6,0.5,1.5
Gastrointestinal,dlt_only,0.8645833333333334,0.3439642474280894,1.0,0.0,15.662650602409633,96,96,0.03433102866013845,0.035877037483032594,robust_reg,96,2,3042,0.6,0.5,1.5
Overall_Survival,dlt_only,10.690597206168823,1.779425762099106,10.967360726316953,1.0135983727978581,2.5888499473951576,96,96,0.03433102866013845,0.035877037483032594,robust_reg,96,2,3042,0.6,0.5,1.5
all_constraints,dlt_only,0.6979166666666666,0.4615714956689105,0.9479166666666666,0.22336148028967082,35.820895522388064,96,96,0.03433102866013845,0.035877037483032594,robust_reg,96,2,3042,0.6,0.5,1.5
Any_DLT,all_constraints,0.8791208791208791,0.3277927812629611,1.0,0.0,13.750000000000002,96,91,0.0868425543109576,0.04225256827287726,robust_reg,92,2,3042,0.6,0.5,1.5
Blood,all_constraints,0.8681318681318682,0.3402218625410715,1.0,0.0,15.189873417721516,96,91,0.0868425543109576,0.04225256827287726,robust_reg,92,2,3042,0.6,0.5,1.5
Constitutional,all_constraints,0.9010989010989011,0.3001830943106058,0.967032967032967,0.17953950048508055,7.317073170731706,96,91,0.0868425543109576,0.04225256827287726,robust_reg,92,2,3042,0.6,0.5,1.5
Infection,all_constraints,0.9010989010989011,0.3001830943106058,1.0,0.0,10.97560975609756,96,91,0.0868425543109576,0.04225256827287726,robust_reg,92,2,3042,0.6,0.5,1.5
Gastrointestinal,all_constraints,0.8901098901098901,0.3144854510165755,1.0,0.0,12.345679012345686,96,91,0.0868425543109576,0.04225256827287726,robust_reg,92,2,3042,0.6,0.5,1.5
Overall_Survival,all_constraints,10.687001742519305,1.8187040567662964,10.99906998597864,1.052773503576002,2.9200729164077868,96,91,0.0868425543109576,0.04225256827287726,robust_reg,92,2,3042,0.6,0.5,1.5
all_constraints,all_constraints,0.7362637362637363,0.4430993075338713,0.967032967032967,0.17953950048508055,31.343283582089544,96,91,0.0868425543109576,0.04225256827287726,robust_reg,92,2,3042,0.6,0.5,1.5
Any_DLT,dlt_only,0.8541666666666666,0.35479176002615415,1.0,0.0,17.07317073170732,96,96,0.10745000590880711,0.057935502492954004,cp,96,2,3042,0.6,0.5,1.5
Blood,dlt_only,0.875,0.33245498310218435,1.0,0.0,14.285714285714286,96,96,0.10745000590880711,0.057935502492954004,cp,96,2,3042,0.6,0.5,1.5
Constitutional,dlt_only,0.8645833333333334,0.34396424742808945,0.9583333333333334,0.20087527770480484,10.843373493975903,96,96,0.10745000590880711,0.057935502492954004,cp,96,2,3042,0.6,0.5,1.5
Infection,dlt_only,0.8645833333333334,0.34396424742808945,1.0,0.0,15.662650602409633,96,96,0.10745000590880711,0.057935502492954004,cp,96,2,3042,0.6,0.5,1.5
Gastrointestinal,dlt_only,0.8645833333333334,0.3439642474280894,1.0,0.0,15.662650602409633,96,96,0.10745000590880711,0.057935502492954004,cp,96,2,3042,0.6,0.5,1.5
Overall_Survival,dlt_only,10.690597206168823,1.779425762099106,11.01530070613245,1.0321087823280886,3.03728120797838,96,96,0.10745000590880711,0.057935502492954004,cp,96,2,3042,0.6,0.5,1.5
all_constraints,dlt_only,0.6979166666666666,0.4615714956689105,0.9583333333333334,0.20087527770480484,37.31343283582091,96,96,0.10745000590880711,0.057935502492954004,cp,96,2,3042,0.6,0.5,1.5
Any_DLT,all_constraints,0.8791208791208791,0.3277927812629611,1.0,0.0,13.750000000000002,96,91,0.11662138501803081,0.06306178295151404,cp,94,2,3042,0.6,0.5,1.5
Blood,all_constraints,0.8681318681318682,0.3402218625410715,1.0,0.0,15.189873417721516,96,91,0.11662138501803081,0.06306178295151404,cp,94,2,3042,0.6,0.5,1.5
Constitutional,all_constraints,0.9010989010989011,0.3001830943106058,0.989010989010989,0.1048284836721918,9.756097560975613,96,91,0.11662138501803081,0.06306178295151404,cp,94,2,3042,0.6,0.5,1.5
Infection,all_constraints,0.9010989010989011,0.3001830943106058,1.0,0.0,10.97560975609756,96,91,0.11662138501803081,0.06306178295151404,cp,94,2,3042,0.6,0.5,1.5
Gastrointestinal,all_constraints,0.8901098901098901,0.3144854510165755,1.0,0.0,12.345679012345686,96,91,0.11662138501803081,0.06306178295151404,cp,94,2,3042,0.6,0.5,1.5
Overall_Survival,all_constraints,10.687001742519305,1.8187040567662964,10.894736910850584,1.0929899797880318,1.9438114949002394,96,91,0.11662138501803081,0.06306178295151404,cp,94,2,3042,0.6,0.5,1.5
all_constraints,all_constraints,0.7362637362637363,0.4430993075338713,0.989010989010989,0.1048284836721918,34.32835820895522,96,91,0.11662138501803081,0.06306178295151404,cp,94,2,3042,0.6,0.5,1.5
Any_DLT,dlt_only,0.8541666666666666,0.35479176002615415,1.0,0.0,17.07317073170732,96,96,0.03128092736005783,0.03400917631606432,nominal,96,2,3042,0.6,0.5,2.0
Blood,dlt_only,0.875,0.33245498310218435,1.0,0.0,14.285714285714286,96,96,0.03128092736005783,0.03400917631606432,nominal,96,2,3042,0.6,0.5,2.0
Constitutional,dlt_only,0.8645833333333334,0.34396424742808945,0.9583333333333334,0.20087527770480484,10.843373493975903,96,96,0.03128092736005783,0.03400917631606432,nominal,96,2,3042,0.6,0.5,2.0
Infection,dlt_only,0.8645833333333334,0.34396424742808945,1.0,0.0,15.662650602409633,96,96,0.03128092736005783,0.03400917631606432,nominal,96,2,3042,0.6,0.5,2.0
Gastrointestinal,dlt_only,0.8645833333333334,0.3439642474280894,1.0,0.0,15.662650602409633,96,96,0.03128092736005783,0.03400917631606432,nominal,96,2,3042,0.6,0.5,2.0
Overall_Survival,dlt_only,10.690597206168823,1.779425762099106,10.972600188573972,1.0204463370463992,2.6378599526921156,96,96,0.03128092736005783,0.03400917631606432,nominal,96,2,3042,0.6,0.5,2.0
all_constraints,dlt_only,0.6979166666666666,0.4615714956689105,0.9583333333333334,0.20087527770480484,37.31343283582091,96,96,0.03128092736005783,0.03400917631606432,nominal,96,2,3042,0.6,0.5,2.0
Any_DLT,all_constraints,0.8791208791208791,0.3277927812629611,1.0,0.0,13.750000000000002,96,91,0.07816506922245026,0.039804095963845314,nominal,95,2,3042,0.6,0.5,2.0
Blood,all_constraints,0.8681318681318682,0.3402218625410715,1.0,0.0,15.189873417721516,96,91,0.07816506922245026,0.039804095963845314,nominal,95,2,3042,0.6,0.5,2.0
Constitutional,all_constraints,0.9010989010989011,0.3001830943106058,0.989010989010989,0.1048284836721918,9.756097560975613,96,91,0.07816506922245026,0.039804095963845314,nominal,95,2,3042,0.6,0.5,2.0
Infection,all_constraints,0.9010989010989011,0.3001830943106058,1.0,0.0,10.97560975609756,96,91,0.07816506922245026,0.039804095963845314,nominal,95,2,3042,0.6,0.5,2.0
Gastrointestinal,all_constraints,0.8901098901098901,0.3144854510165755,1.0,0.0,12.345679012345686,96,91,0.07816506922245026,0.039804095963845314,nominal,95,2,3042,0.6,0.5,2.0
Overall_Survival,all_constraints,10.687001742519305,1.8187040567662964,10.980661563478543,1.0467139516547685,2.7478223362768186,96,91,0.07816506922245026,0.039804095963845314,nominal,95,2,3042,0.6,0.5,2.0
all_constraints,all_constraints,0.7362637362637363,0.4430993075338713,0.989010989010989,0.1048284836721918,34.32835820895522,96,91,0.07816506922245026,0.039804095963845314,nominal,95,2,3042,0.6,0.5,2.0
Any_DLT,dlt_only,0.8541666666666666,0.35479176002615415,1.0,0.0,17.07317073170732,96,96,0.03573178251584371,0.035175663653206,robust_reg,96,2,3042,0.6,0.5,2.0
Blood,dlt_only,0.875,0.33245498310218435,0.9895833333333334,0.10206207261596574,13.0952380952381,96,96,0.03573178251584371,0.035175663653206,robust_reg,96,2,3042,0.6,0.5,2.0
Constitutional,dlt_only,0.8645833333333334,0.34396424742808945,0.9375,0.2433321316961438,8.43373493975903,96,96,0.03573178251584371,0.035175663653206,robust_reg,96,2,3042,0.6,0.5,2.0
Infection,dlt_only,0.8645833333333334,0.34396424742808945,1.0,0.0,15.662650602409633,96,96,0.03573178251584371,0.035175663653206,robust_reg,96,2,3042,0.6,0.5,2.0
Gastrointestinal,dlt_only,0.8645833333333334,0.3439642474280894,0.9895833333333334,0.10206207261596574,14.457831325301203,96,96,0.03573178251584371,0.035175663653206,robust_reg,96,2,3042,0.6,0.5,2.0
Overall_Survival,dlt_only,10.690597206168823,1.779425762099106,10.942436054692726,1.0298854273278306,2.355704210599046,96,96,0.03573178251584371,0.035175663653206,robust_reg,96,2,3042,0.6,0.5,2.0
all_constraints,dlt_only,0.6979166666666666,0.4615714956689105,0.9270833333333334,0.2613645031536837,32.8358208955224,96,96,0.03573178251584371,0.035175663653206,robust_reg,96,2,3042,0.6,0.5,2.0
Any_DLT,all_constraints,0.8791208791208791,0.3277927812629611,1.0,0.0,13.750000000000002,96,91,0.09996723135312398,0.06409830703653949,robust_reg,95,2,3042,0.6,0.5,2.0
Blood,all_constraints,0.8681318681318682,0.3402218625410715,0.989010989010989,0.1048284836721918,13.924050632911394,96,91,0.09996723135312398,0.06409830703653949,robust_reg,95,2,3042,0.6,0.5,2.0
Constitutional,all_constraints,0.9010989010989011,0.3001830943106058,0.978021978021978,0.14742395237484895,8.536585365853652,96,91,0.09996723135312398,0.06409830703653949,robust_reg,95,2,3042,0.6,0.5,2.0
Infection,all_constraints,0.9010989010989011,0.3001830943106058,1.0,0.0,10.97560975609756,96,91,0.09996723135312398,0.06409830703653949,robust_reg,95,2,3042,0.6,0.5,2.0
Gastrointestinal,all_constraints,0.8901098901098901,0.3144854510165755,1.0,0.0,12.345679012345686,96,91,0.09996723135312398,0.06409830703653949,robust_reg,95,2,3042,0.6,0.5,2.0
Overall_Survival,all_constraints,10.687001742519305,1.8187040567662964,10.953401328625457,1.0557986761371367,2.4927439194311583,96,91,0.09996723135312398,0.06409830703653949,robust_reg,95,2,3042,0.6,0.5,2.0
all_constraints,all_constraints,0.7362637362637363,0.4430993075338713,0.967032967032967,0.17953950048508055,31.343283582089544,96,91,0.09996723135312398,0.06409830703653949,robust_reg,95,2,3042,0.6,0.5,2.0
Any_DLT,dlt_only,0.8541666666666666,0.35479176002615415,1.0,0.0,17.07317073170732,96,96,0.10283137112855911,0.054945953745721685,cp,96,2,3042,0.6,0.5,2.0
Blood,dlt_only,0.875,0.33245498310218435,1.0,0.0,14.285714285714286,96,96,0.10283137112855911,0.054945953745721685,cp,96,2,3042,0.6,0.5,2.0
Constitutional,dlt_only,0.8645833333333334,0.34396424742808945,0.9583333333333334,0.20087527770480484,10.843373493975903,96,96,0.10283137112855911,0.054945953745721685,cp,96,2,3042,0.6,0.5,2.0
Infection,dlt_only,0.8645833333333334,0.34396424742808945,1.0,0.0,15.662650602409633,96,96,0.10283137112855911,0.054945953745721685,cp,96,2,3042,0.6,0.5,2.0
Gastrointestinal,dlt_only,0.8645833333333334,0.3439642474280894,1.0,0.0,15.662650602409633,96,96,0.10283137112855911,0.054945953745721685,cp,96,2,3042,0.6,0.5,2.0
Overall_Survival,dlt_only,10.690597206168823,1.779425762099106,11.01530070613245,1.0321087823280886,3.03728120797838,96,96,0.10283137112855911,0.054945953745721685,cp,96,2,3042,0.6,0.5,2.0
all_constraints,dlt_only,0.6979166666666666,0.4615714956689105,0.9583333333333334,0.20087527770480484,37.31343283582091,96,96,0.10283137112855911,0.054945953745721685,cp,96,2,3042,0.6,0.5,2.0
Any_DLT,all_constraints,0.8791208791208791,0.3277927812629611,1.0,0.0,13.750000000000002,96,91,0.11579500883817673,0.06005221727777381,cp,94,2,3042,0.6,0.5,2.0
Blood,all_constraints,0.8681318681318682,0.3402218625410715,1.0,0.0,15.189873417721516,96,91,0.11579500883817673,0.06005221727777381,cp,94,2,3042,0.6,0.5,2.0
Constitutional,all_constraints,0.9010989010989011,0.3001830943106058,0.989010989010989,0.1048284836721918,9.756097560975613,96,91,0.11579500883817673,0.06005221727777381,cp,94,2,3042,0.6,0.5,2.0
Infection,all_constraints,0.9010989010989011,0.3001830943106058,1.0,0.0,10.97560975609756,96,91,0.11579500883817673,0.06005221727777381,cp,94,2,3042,0.6,0.5,2.0
Gastrointestinal,all_constraints,0.8901098901098901,0.3144854510165755,1.0,0.0,12.345679012345686,96,91,0.11579500883817673,0.06005221727777381,cp,94,2,3042,0.6,0.5,2.0
Overall_Survival,all_constraints,10.687001742519305,1.8187040567662964,10.894736910850584,1.0929899797880318,1.9438114949002394,96,91,0.11579500883817673,0.06005221727777381,cp,94,2,3042,0.6,0.5,2.0
all_constraints,all_constraints,0.7362637362637363,0.4430993075338713,0.989010989010989,0.1048284836721918,34.32835820895522,96,91,0.11579500883817673,0.06005221727777381,cp,94,2,3042,0.6,0.5,2.0
Any_DLT,dlt_only,0.8526315789473684,0.35635331059341196,0.9263157894736842,0.2626422720087394,8.641975308641976,96,95,0.016743938128153484,0.007281846090639647,nominal,96,3,4042,0.6,0.5,0.5
Blood,dlt_only,0.8736842105263158,0.33396729560733096,0.6736842105263158,0.4713517289748865,-22.89156626506025,96,95,0.016743938128153484,0.007281846090639647,nominal,96,3,4042,0.6,0.5,0.5
Constitutional,dlt_only,0.8736842105263158,0.333967295607331,0.9368421052631579,0.24453717969020553,7.228915662650599,96,95,0.016743938128153484,0.007281846090639647,nominal,96,3,4042,0.6,0.5,0.5
Infection,dlt_only,0.8631578947368421,0.34550383548659225,0.9157894736842105,0.27917652063748477,6.097560975609749,96,95,0.016743938128153484,0.007281846090639647,nominal,96,3,4042,0.6,0.5,0.5
Gastrointestinal,dlt_only,0.8631578947368421,0.3455038354865923,1.0,0.0,15.853658536585364,96,95,0.016743938128153484,0.007281846090639647,nominal,96,3,4042,0.6,0.5,0.5
Overall_Survival,dlt_only,10.693736232232505,1.7885985250798564,12.28930736445896,1.0520463045951864,14.920614250959057,96,95,0.016743938128153484,0.007281846090639647,nominal,96,3,4042,0.6,0.5,0.5
all_constraints,dlt_only,0.7052631578947368,0.4583430892442982,0.6,0.49249689490326914,-14.925373134328357,96,95,0.016743938128153484,0.007281846090639647,nominal,96,3,4042,0.6,0.5,0.5
Any_DLT,all_constraints,0.8804347826086957,0.32623025995934074,0.9456521739130435,0.22794497286530102,7.407407407407402,96,92,0.05201440552870432,0.022984669370909528,nominal,96,3,4042,0.6,0.5,0.5
Blood,all_constraints,0.8913043478260869,0.31296251010007803,0.6413043478260869,0.4822457022551119,-28.04878048780488,96,92,0.05201440552870432,0.022984669370909528,nominal,96,3,4042,0.6,0.5,0.5
Constitutional,all_constraints,0.8804347826086957,0.32623025995934074,0.9456521739130435,0.22794497286530102,7.407407407407402,96,92,0.05201440552870432,0.022984669370909528,nominal,96,3,4042,0.6,0.5,0.5
Infection,all_constraints,0.8913043478260869,0.31296251010007803,0.9130434782608695,0.28331529878993134,2.439024390243901,96,92,0.05201440552870432,0.022984669370909528,nominal,96,3,4042,0.6,0.5,0.5
Gastrointestinal,all_constraints,0.8804347826086957,0.32623025995934074,1.0,0.0,13.580246913580243,96,92,0.05201440552870432,0.022984669370909528,nominal,96,3,4042,0.6,0.5,0.5
Overall_Survival,all_constraints,10.747481127722239,1.7526778839061437,12.318010961047605,1.1449294236613372,14.613003871896222,96,92,0.05201440552870432,0.022984669370909528,nominal,96,3,4042,0.6,0.5,0.5
all_constraints,all_constraints,0.7282608695652174,0.4472937149826407,0.5652173913043478,0.4984447862792268,-22.38805970149254,96,92,0.05201440552870432,0.022984669370909528,nominal,96,3,4042,0.6,0.5,0.5
Any_DLT,dlt_only,0.8526315789473684,0.35635331059341196,0.8210526315789474,0.38534172091962604,-3.7037037037037024,96,95,0.01696650932232539,0.01463090706718537,robust_reg,96,3,4042,0.6,0.5,0.5
Blood,dlt_only,0.8736842105263158,0.33396729560733096,0.6526315789473685,0.4786599435354423,-25.30120481927711,96,95,0.01696650932232539,0.01463090706718537,robust_reg,96,3,4042,0.6,0.5,0.5
Constitutional,dlt_only,0.8736842105263158,0.333967295607331,0.9263157894736842,0.26264227200873946,6.024096385542162,96,95,0.01696650932232539,0.01463090706718537,robust_reg,96,3,4042,0.6,0.5,0.5
Infection,dlt_only,0.8631578947368421,0.34550383548659225,0.8315789473684211,0.37622513571472205,-3.658536585365852,96,95,0.01696650932232539,0.01463090706718537,robust_reg,96,3,4042,0.6,0.5,0.5
Gastrointestinal,dlt_only,0.8631578947368421,0.3455038354865923,1.0,0.0,15.853658536585364,96,95,0.01696650932232539,0.01463090706718537,robust_reg,96,3,4042,0.6,0.5,0.5
Overall_Survival,dlt_only,10.693736232232505,1.7885985250798564,12.21175835273662,1.017193989594991,14.195432611556022,96,95,0.01696650932232539,0.01463090706718537,robust_reg,96,3,4042,0.6,0.5,0.5
all_constraints,dlt_only,0.7052631578947368,0.4583430892442982,0.5578947368421052,0.4992715858742276,-20.895522388059703,96,95,0.01696650932232539,0.01463090706718537,robust_reg,96,3,4042,0.6,0.5,0.5
Any_DLT,all_constraints,0.8804347826086957,0.32623025995934074,0.9239130434782609,0.26659001127895315,4.938271604938268,96,92,0.053019861380259194,0.02040729314160387,robust_reg,96,3,4042,0.6,0.5,0.5
Blood,all_constraints,0.8913043478260869,0.31296251010007803,0.717391304347826,0.4527349601029049,-19.51219512195122,96,92,0.053019861380259194,0.02040729314160387,robust_reg,96,3,4042,0.6,0.5,0.5
Constitutional,all_constraints,0.8804347826086957,0.32623025995934074,0.9347826086956522,0.24826199498867582,6.172839506172841,96,92,0.053019861380259194,0.02040729314160387,robust_reg,96,3,4042,0.6,0.5,0.5
Infection,all_constraints,0.8913043478260869,0.31296251010007803,0.9021739130434783,0.29870720011393176,1.2195121951219567,96,92,0.053019861380259194,0.02040729314160387,robust_reg,96,3,4042,0.6,0.5,0.5
Gastrointestinal,all_constraints,0.8804347826086957,0.32623025995934074,1.0,0.0,13.580246913580243,96,92,0.053019861380259194,0.02040729314160387,robust_reg,96,3,4042,0.6,0.5,0.5
Overall_Survival,all_constraints,10.747481127722239,1.7526778839061437,12.226515001383412,1.1147204251468423,13.761679188681034,96,92,0.053019861380259194,0.02040729314160387,robust_reg,96,3,4042,0.6,0.5,0.5
all_constraints,all_constraints,0.7282608695652174,0.4472937149826407,0.6304347826086957,0.485331908732589,-13.43283582089552,96,92,0.053019861380259194,0.02040729314160387,robust_reg,96,3,4042,0.6,0.5,0.5
Any_DLT,dlt_only,0.8526315789473684,0.35635331059341196,0.9157894736842105,0.27917652063748477,7.407407407407405,96,95,0.024958657721678417,0.009735887427547142,cp,96,3,4042,0.6,0.5,0.5
Blood,dlt_only,0.8736842105263158,0.33396729560733096,0.6210526315789474,0.48769862006054376,-28.915662650602407,96,95,0.024958657721678417,0.009735887427547142,cp,96,3,4042,0.6,0.5,0.5
Constitutional,dlt_only,0.8736842105263158,0.333967295607331,0.9368421052631579,0.2445371796902055,7.228915662650599,96,95,0.024958657721678417,0.009735887427547142,cp,96,3,4042,0.6,0.5,0.5
Infection,dlt_only,0.8631578947368421,0.34550383548659225,0.8631578947368421,0.3455038354865923,0.0,96,95,0.024958657721678417,0.009735887427547142,cp,96,3,4042,0.6,0.5,0.5
Gastrointestinal,dlt_only,0.8631578947368421,0.3455038354865923,1.0,0.0,15.853658536585364,96,95,0.024958657721678417,0.009735887427547142,cp,96,3,4042,0.6,0.5,0.5
Overall_Survival,dlt_only,10.693736232232505,1.7885985250798564,12.236622147529488,1.1263638722207117,14.427940635439432,96,95,0.024958657721678417,0.009735887427547142,cp,96,3,4042,0.6,0.5,0.5
all_constraints,dlt_only,0.7052631578947368,0.4583430892442982,0.5368421052631579,0.5012861397973891,-23.880597014925367,96,95,0.024958657721678417,0.009735887427547142,cp,96,3,4042,0.6,0.5,0.5
Any_DLT,all_constraints,0.8804347826086957,0.32623025995934074,0.967391304347826,0.17858337274913308,9.876543209876536,96,92,0.14172990868488947,0.0810932544795838,cp,96,3,4042,0.6,0.5,0.5
Blood,all_constraints,0.8913043478260869,0.31296251010007803,0.6630434782608695,0.47525988062619356,-25.60975609756098,96,92,0.14172990868488947,0.0810932544795838,cp,96,3,4042,0.6,0.5,0.5
Constitutional,all_constraints,0.8804347826086957,0.32623025995934074,0.967391304347826,0.17858337274913305,9.876543209876536,96,92,0.14172990868488947,0.0810932544795838,cp,96,3,4042,0.6,0.5,0.5
Infection,all_constraints,0.8913043478260869,0.31296251010007803,0.9456521739130435,0.22794497286530102,6.097560975609759,96,92,0.14172990868488947,0.0810932544795838,cp,96,3,4042,0.6,0.5,0.5
Gastrointestinal,all_constraints,0.8804347826086957,0.32623025995934074,1.0,0.0,13.580246913580243,96,92,0.14172990868488947,0.0810932544795838,cp,96,3,4042,0.6,0.5,0.5
Overall_Survival,all_constraints,10.747481127722239,1.7526778839061437,12.185363608238642,1.4296333176840927,13.378785814357048,96,92,0.14172990868488947,0.0810932544795838,cp,96,3,4042,0.6,0.5,0.5
all_constraints,all_constraints,0.7282608695652174,0.4472937149826407,0.6195652173913043,0.4881539863416777,-14.925373134328364,96,92,0.14172990868488947,0.0810932544795838,cp,96,3,4042,0.6,0.5,0.5
Any_DLT,dlt_only,0.8526315789473684,0.35635331059341196,0.9263157894736842,0.2626422720087394,8.641975308641976,96,95,0.015301913022994995,0.007051505033292151,nominal,96,3,4042,0.6,0.5,0.75
Blood,dlt_only,0.8736842105263158,0.33396729560733096,0.6736842105263158,0.4713517289748865,-22.89156626506025,96,95,0.015301913022994995,0.007051505033292151,nominal,96,3,4042,0.6,0.5,0.75
Constitutional,dlt_only,0.8736842105263158,0.333967295607331,0.9368421052631579,0.24453717969020553,7.228915662650599,96,95,0.015301913022994995,0.007051505033292151,nominal,96,3,4042,0.6,0.5,0.75
Infection,dlt_only,0.8631578947368421,0.34550383548659225,0.9157894736842105,0.27917652063748477,6.097560975609749,96,95,0.015301913022994995,0.007051505033292151,nominal,96,3,4042,0.6,0.5,0.75
Gastrointestinal,dlt_only,0.8631578947368421,0.3455038354865923,1.0,0.0,15.853658536585364,96,95,0.015301913022994995,0.007051505033292151,nominal,96,3,4042,0.6,0.5,0.75
Overall_Survival,dlt_only,10.693736232232505,1.7885985250798564,12.28930736445896,1.0520463045951864,14.920614250959057,96,95,0.015301913022994995,0.007051505033292151,nominal,96,3,4042,0.6,0.5,0.75
all_constraints,dlt_only,0.7052631578947368,0.4583430892442982,0.6,0.49249689490326914,-14.925373134328357,96,95,0.015301913022994995,0.007051505033292151,nominal,96,3,4042,0.6,0.5,0.75
Any_DLT,all_constraints,0.8804347826086957,0.32623025995934074,0.9456521739130435,0.22794497286530102,7.407407407407402,96,92,0.048554033041000366,0.0216803320144885,nominal,96,3,4042,0.6,0.5,0.75
Blood,all_constraints,0.8913043478260869,0.31296251010007803,0.6413043478260869,0.4822457022551119,-28.04878048780488,96,92,0.048554033041000366,0.0216803320144885,nominal,96,3,4042,0.6,0.5,0.75
Constitutional,all_constraints,0.8804347826086957,0.32623025995934074,0.9456521739130435,0.22794497286530102,7.407407407407402,96,92,0.048554033041000366,0.0216803320144885,nominal,96,3,4042,0.6,0.5,0.75
Infection,all_constraints,0.8913043478260869,0.31296251010007803,0.9130434782608695,0.28331529878993134,2.439024390243901,96,92,0.048554033041000366,0.0216803320144885,nominal,96,3,4042,0.6,0.5,0.75
Gastrointestinal,all_constraints,0.8804347826086957,0.32623025995934074,1.0,0.0,13.580246913580243,96,92,0.048554033041000366,0.0216803320144885,nominal,96,3,4042,0.6,0.5,0.75
Overall_Survival,all_constraints,10.747481127722239,1.7526778839061437,12.318010961047605,1.1449294236613372,14.613003871896222,96,92,0.048554033041000366,0.0216803320144885,nominal,96,3,4042,0.6,0.5,0.75
all_constraints,all_constraints,0.7282608695652174,0.4472937149826407,0.5652173913043478,0.4984447862792268,-22.38805970149254,96,92,0.048554033041000366,0.0216803320144885,nominal,96,3,4042,0.6,0.5,0.75
Any_DLT,dlt_only,0.8526315789473684,0.35635331059341196,0.8631578947368421,0.34550383548659225,1.2345679012345718,96,95,0.01512905458609263,0.01921978093788221,robust_reg,96,3,4042,0.6,0.5,0.75
Blood,dlt_only,0.8736842105263158,0.33396729560733096,0.5368421052631579,0.5012861397973891,-38.55421686746988,96,95,0.01512905458609263,0.01921978093788221,robust_reg,96,3,4042,0.6,0.5,0.75
Constitutional,dlt_only,0.8736842105263158,0.333967295607331,0.9263157894736842,0.26264227200873946,6.024096385542162,96,95,0.01512905458609263,0.01921978093788221,robust_reg,96,3,4042,0.6,0.5,0.75
Infection,dlt_only,0.8631578947368421,0.34550383548659225,0.8210526315789474,0.38534172091962604,-4.878048780487807,96,95,0.01512905458609263,0.01921978093788221,robust_reg,96,3,4042,0.6,0.5,0.75
Gastrointestinal,dlt_only,0.8631578947368421,0.3455038354865923,1.0,0.0,15.853658536585364,96,95,0.01512905458609263,0.01921978093788221,robust_reg,96,3,4042,0.6,0.5,0.75
Overall_Survival,dlt_only,10.693736232232505,1.7885985250798564,12.319102396713042,1.0228313396941582,15.199235600944066,96,95,0.01512905458609263,0.01921978093788221,robust_reg,96,3,4042,0.6,0.5,0.75
all_constraints,dlt_only,0.7052631578947368,0.4583430892442982,0.45263157894736844,0.5003917837954911,-35.82089552238806,96,95,0.01512905458609263,0.01921978093788221,robust_reg,96,3,4042,0.6,0.5,0.75
Any_DLT,all_constraints,0.8804347826086957,0.32623025995934074,0.8913043478260869,0.31296251010007803,1.2345679012345607,96,92,0.04505881667137146,0.01613327615424334,robust_reg,95,3,4042,0.6,0.5,0.75
Blood,all_constraints,0.8913043478260869,0.31296251010007803,0.5217391304347826,0.5022643424142053,-41.46341463414634,96,92,0.04505881667137146,0.01613327615424334,robust_reg,95,3,4042,0.6,0.5,0.75
Constitutional,all_constraints,0.8804347826086957,0.32623025995934074,0.9347826086956522,0.24826199498867582,6.172839506172841,96,92,0.04505881667137146,0.01613327615424334,robust_reg,95,3,4042,0.6,0.5,0.75
Infection,all_constraints,0.8913043478260869,0.31296251010007803,0.8043478260869565,0.3988756294854575,-9.756097560975604,96,92,0.04505881667137146,0.01613327615424334,robust_reg,95,3,4042,0.6,0.5,0.75
Gastrointestinal,all_constraints,0.8804347826086957,0.32623025995934074,1.0,0.0,13.580246913580243,96,92,0.04505881667137146,0.01613327615424334,robust_reg,95,3,4042,0.6,0.5,0.75
Overall_Survival,all_constraints,10.747481127722239,1.7526778839061437,12.386903917693784,1.0598641605430479,15.254018783459784,96,92,0.04505881667137146,0.01613327615424334,robust_reg,95,3,4042,0.6,0.5,0.75
all_constraints,all_constraints,0.7282608695652174,0.4472937149826407,0.43478260869565216,0.49844478627922684,-40.298507462686565,96,92,0.04505881667137146,0.01613327615424334,robust_reg,95,3,4042,0.6,0.5,0.75
Any_DLT,dlt_only,0.8526315789473684,0.35635331059341196,0.9789473684210527,0.14432140317088757,14.814814814814822,96,95,0.06024921933809916,0.018311936520014636,cp,95,3,4042,0.6,0.5,0.75
Blood,dlt_only,0.8736842105263158,0.33396729560733096,0.8315789473684211,0.3762251357147221,-4.819277108433737,96,95,0.06024921933809916,0.018311936520014636,cp,95,3,4042,0.6,0.5,0.75
Constitutional,dlt_only,0.8736842105263158,0.333967295607331,0.9263157894736842,0.26264227200873946,6.024096385542162,96,95,0.06024921933809916,0.018311936520014636,cp,95,3,4042,0.6,0.5,0.75
Infection,dlt_only,0.8631578947368421,0.34550383548659225,0.9578947368421052,0.2018947204943553,10.975609756097557,96,95,0.06024921933809916,0.018311936520014636,cp,95,3,4042,0.6,0.5,0.75
Gastrointestinal,dlt_only,0.8631578947368421,0.3455038354865923,1.0,0.0,15.853658536585364,96,95,0.06024921933809916,0.018311936520014636,cp,95,3,4042,0.6,0.5,0.75
Overall_Survival,dlt_only,10.693736232232505,1.7885985250798564,12.043733009122866,1.2142092956270198,12.624182489383559,96,95,0.06024921933809916,0.018311936520014636,cp,95,3,4042,0.6,0.5,0.75
all_constraints,dlt_only,0.7052631578947368,0.4583430892442982,0.7578947368421053,0.4306301536438475,7.462686567164187,96,95,0.06024921933809916,0.018311936520014636,cp,95,3,4042,0.6,0.5,0.75
Any_DLT,all_constraints,0.8804347826086957,0.32623025995934074,0.967391304347826,0.17858337274913308,9.876543209876536,96,92,0.14331615716218948,0.08491038987473697,cp,96,3,4042,0.6,0.5,0.75
Blood,all_constraints,0.8913043478260869,0.31296251010007803,0.6630434782608695,0.47525988062619356,-25.60975609756098,96,92,0.14331615716218948,0.08491038987473697,cp,96,3,4042,0.6,0.5,0.75
Constitutional,all_constraints,0.8804347826086957,0.32623025995934074,0.967391304347826,0.17858337274913305,9.876543209876536,96,92,0.14331615716218948,0.08491038987473697,cp,96,3,4042,0.6,0.5,0.75
Infection,all_constraints,0.8913043478260869,0.31296251010007803,0.9456521739130435,0.22794497286530102,6.097560975609759,96,92,0.14331615716218948,0.08491038987473697,cp,96,3,4042,0.6,0.5,0.75
Gastrointestinal,all_constraints,0.8804347826086957,0.32623025995934074,1.0,0.0,13.580246913580243,96,92,0.14331615716218948,0.08491038987473697,cp,96,3,4042,0.6,0.5,0.75
Overall_Survival,all_constraints,10.747481127722239,1.7526778839061437,12.185363608238642,1.4296333176840927,13.378785814357048,96,92,0.14331615716218948,0.08491038987473697,cp,96,3,4042,0.6,0.5,0.75
all_constraints,all_constraints,0.7282608695652174,0.4472937149826407,0.6195652173913043,0.4881539863416777,-14.925373134328364,96,92,0.14331615716218948,0.08491038987473697,cp,96,3,4042,0.6,0.5,0.75
Any_DLT,dlt_only,0.8526315789473684,0.35635331059341196,0.9263157894736842,0.2626422720087394,8.641975308641976,96,95,0.017569767932097118,0.022405696516308537,nominal,96,3,4042,0.6,0.5,1.0
Blood,dlt_only,0.8736842105263158,0.33396729560733096,0.6736842105263158,0.4713517289748865,-22.89156626506025,96,95,0.017569767932097118,0.022405696516308537,nominal,96,3,4042,0.6,0.5,1.0
Constitutional,dlt_only,0.8736842105263158,0.333967295607331,0.9368421052631579,0.24453717969020553,7.228915662650599,96,95,0.017569767932097118,0.022405696516308537,nominal,96,3,4042,0.6,0.5,1.0
Infection,dlt_only,0.8631578947368421,0.34550383548659225,0.9157894736842105,0.27917652063748477,6.097560975609749,96,95,0.017569767932097118,0.022405696516308537,nominal,96,3,4042,0.6,0.5,1.0
Gastrointestinal,dlt_only,0.8631578947368421,0.3455038354865923,1.0,0.0,15.853658536585364,96,95,0.017569767932097118,0.022405696516308537,nominal,96,3,4042,0.6,0.5,1.0
Overall_Survival,dlt_only,10.693736232232505,1.7885985250798564,12.28930736445896,1.0520463045951864,14.920614250959057,96,95,0.017569767932097118,0.022405696516308537,nominal,96,3,4042,0.6,0.5,1.0
all_constraints,dlt_only,0.7052631578947368,0.4583430892442982,0.6,0.49249689490326914,-14.925373134328357,96,95,0.017569767932097118,0.022405696516308537,nominal,96,3,4042,0.6,0.5,1.0
Any_DLT,all_constraints,0.8804347826086957,0.32623025995934074,0.9456521739130435,0.22794497286530102,7.407407407407402,96,92,0.0487682968378067,0.021489607296494795,nominal,96,3,4042,0.6,0.5,1.0
Blood,all_constraints,0.8913043478260869,0.31296251010007803,0.6413043478260869,0.4822457022551119,-28.04878048780488,96,92,0.0487682968378067,0.021489607296494795,nominal,96,3,4042,0.6,0.5,1.0
Constitutional,all_constraints,0.8804347826086957,0.32623025995934074,0.9456521739130435,0.22794497286530102,7.407407407407402,96,92,0.0487682968378067,0.021489607296494795,nominal,96,3,4042,0.6,0.5,1.0
Infection,all_constraints,0.8913043478260869,0.31296251010007803,0.9130434782608695,0.28331529878993134,2.439024390243901,96,92,0.0487682968378067,0.021489607296494795,nominal,96,3,4042,0.6,0.5,1.0
Gastrointestinal,all_constraints,0.8804347826086957,0.32623025995934074,1.0,0.0,13.580246913580243,96,92,0.0487682968378067,0.021489607296494795,nominal,96,3,4042,0.6,0.5,1.0
Overall_Survival,all_constraints,10.747481127722239,1.7526778839061437,12.318010961047605,1.1449294236613372,14.613003871896222,96,92,0.0487682968378067,0.021489607296494795,nominal,96,3,4042,0.6,0.5,1.0
all_constraints,all_constraints,0.7282608695652174,0.4472937149826407,0.5652173913043478,0.4984447862792268,-22.38805970149254,96,92,0.0487682968378067,0.021489607296494795,nominal,96,3,4042,0.6,0.5,1.0
Any_DLT,dlt_only,0.8526315789473684,0.35635331059341196,0.9157894736842105,0.27917652063748477,7.407407407407405,96,95,0.016021634141604107,0.012734221330268325,robust_reg,96,3,4042,0.6,0.5,1.0
Blood,dlt_only,0.8736842105263158,0.33396729560733096,0.5894736842105263,0.4945390469729999,-32.530120481927725,96,95,0.016021634141604107,0.012734221330268325,robust_reg,96,3,4042,0.6,0.5,1.0
Constitutional,dlt_only,0.8736842105263158,0.333967295607331,0.9157894736842105,0.27917652063748477,4.819277108433724,96,95,0.016021634141604107,0.012734221330268325,robust_reg,96,3,4042,0.6,0.5,1.0
Infection,dlt_only,0.8631578947368421,0.34550383548659225,0.8842105263157894,0.3216697756533384,2.439024390243897,96,95,0.016021634141604107,0.012734221330268325,robust_reg,96,3,4042,0.6,0.5,1.0
Gastrointestinal,dlt_only,0.8631578947368421,0.3455038354865923,1.0,0.0,15.853658536585364,96,95,0.016021634141604107,0.012734221330268325,robust_reg,96,3,4042,0.6,0.5,1.0
Overall_Survival,dlt_only,10.693736232232505,1.7885985250798564,12.259484218815114,1.0183675104509162,14.641730005114704,96,95,0.016021634141604107,0.012734221330268325,robust_reg,96,3,4042,0.6,0.5,1.0
all_constraints,dlt_only,0.7052631578947368,0.4583430892442982,0.5157894736842106,0.502401845917822,-26.865671641791035,96,95,0.016021634141604107,0.012734221330268325,robust_reg,96,3,4042,0.6,0.5,1.0
Any_DLT,all_constraints,0.8804347826086957,0.32623025995934074,0.8804347826086957,0.32623025995934074,0.0,96,92,0.05970963587363561,0.030833946989932855,robust_reg,94,3,4042,0.6,0.5,1.0
Blood,all_constraints,0.8913043478260869,0.31296251010007803,0.5869565217391305,0.49507850222322614,-34.14634146341462,96,92,0.05970963587363561,0.030833946989932855,robust_reg,94,3,4042,0.6,0.5,1.0
Constitutional,all_constraints,0.8804347826086957,0.32623025995934074,0.9347826086956522,0.24826199498867582,6.172839506172841,96,92,0.05970963587363561,0.030833946989932855,robust_reg,94,3,4042,0.6,0.5,1.0
Infection,all_constraints,0.8913043478260869,0.31296251010007803,0.8043478260869565,0.3988756294854575,-9.756097560975604,96,92,0.05970963587363561,0.030833946989932855,robust_reg,94,3,4042,0.6,0.5,1.0
Gastrointestinal,all_constraints,0.8804347826086957,0.32623025995934074,1.0,0.0,13.580246913580243,96,92,0.05970963587363561,0.030833946989932855,robust_reg,94,3,4042,0.6,0.5,1.0
Overall_Survival,all_constraints,10.747481127722239,1.7526778839061437,12.220196898361086,1.2051661599496002,13.702892362751857,96,92,0.05970963587363561,0.030833946989932855,robust_reg,94,3,4042,0.6,0.5,1.0
all_constraints,all_constraints,0.7282608695652174,0.4472937149826407,0.4891304347826087,0.5026209376614081,-32.83582089552239,96,92,0.05970963587363561,0.030833946989932855,robust_reg,94,3,4042,0.6,0.5,1.0
Any_DLT,dlt_only,0.8526315789473684,0.35635331059341196,0.968421052631579,0.1758040240472914,13.58024691358025,96,95,0.043471078077952065,0.016243393581917218,cp,96,3,4042,0.6,0.5,1.0
Blood,dlt_only,0.8736842105263158,0.33396729560733096,0.7578947368421053,0.4306301536438475,-13.253012048192772,96,95,0.043471078077952065,0.016243393581917218,cp,96,3,4042,0.6,0.5,1.0
Constitutional,dlt_only,0.8736842105263158,0.333967295607331,0.9263157894736842,0.26264227200873946,6.024096385542162,96,95,0.043471078077952065,0.016243393581917218,cp,96,3,4042,0.6,0.5,1.0
Infection,dlt_only,0.8631578947368421,0.34550383548659225,0.9473684210526315,0.22448148540588725,9.7560975609756,96,95,0.043471078077952065,0.016243393581917218,cp,96,3,4042,0.6,0.5,1.0
Gastrointestinal,dlt_only,0.8631578947368421,0.3455038354865923,1.0,0.0,15.853658536585364,96,95,0.043471078077952065,0.016243393581917218,cp,96,3,4042,0.6,0.5,1.0
Overall_Survival,dlt_only,10.693736232232505,1.7885985250798564,12.202619313096463,1.057489431618296,14.109970997002536,96,95,0.043471078077952065,0.016243393581917218,cp,96,3,4042,0.6,0.5,1.0
all_constraints,dlt_only,0.7052631578947368,0.4583430892442982,0.6736842105263158,0.4713517289748865,-4.477611940298506,96,95,0.043471078077952065,0.016243393581917218,cp,96,3,4042,0.6,0.5,1.0
Any_DLT,all_constraints,0.8804347826086957,0.32623025995934074,0.9782608695652174,0.14662959759729013,11.111111111111109,96,92,0.1210474173227946,0.048286815754959606,cp,95,3,4042,0.6,0.5,1.0
Blood,all_constraints,0.8913043478260869,0.31296251010007803,0.8043478260869565,0.3988756294854575,-9.756097560975604,96,92,0.1210474173227946,0.048286815754959606,cp,95,3,4042,0.6,0.5,1.0
Constitutional,all_constraints,0.8804347826086957,0.32623025995934074,0.9565217391304348,0.20504855915155562,8.641975308641976,96,92,0.1210474173227946,0.048286815754959606,cp,95,3,4042,0.6,0.5,1.0
Infection,all_constraints,0.8913043478260869,0.31296251010007803,0.9565217391304348,0.2050485591515556,7.317073170731716,96,92,0.1210474173227946,0.048286815754959606,cp,95,3,4042,0.6,0.5,1.0
Gastrointestinal,all_constraints,0.8804347826086957,0.32623025995934074,0.9782608695652174,0.14662959759729013,11.111111111111109,96,92,0.1210474173227946,0.048286815754959606,cp,95,3,4042,0.6,0.5,1.0
Overall_Survival,all_constraints,10.747481127722239,1.7526778839061437,12.067911826536088,1.227951233805265,12.285955035621395,96,92,0.1210474173227946,0.048286815754959606,cp,95,3,4042,0.6,0.5,1.0
all_constraints,all_constraints,0.7282608695652174,0.4472937149826407,0.75,0.4353853919924732,2.9850746268656696,96,92,0.1210474173227946,0.048286815754959606,cp,95,3,4042,0.6,0.5,1.0
Any_DLT,dlt_only,0.8526315789473684,0.35635331059341196,0.9263157894736842,0.2626422720087394,8.641975308641976,96,95,0.0185892457763354,0.029407627379786368,nominal,96,3,4042,0.6,0.5,1.5
Blood,dlt_only,0.8736842105263158,0.33396729560733096,0.6736842105263158,0.4713517289748865,-22.89156626506025,96,95,0.0185892457763354,0.029407627379786368,nominal,96,3,4042,0.6,0.5,1.5
Constitutional,dlt_only,0.8736842105263158,0.333967295607331,0.9368421052631579,0.24453717969020553,7.228915662650599,96,95,0.0185892457763354,0.029407627379786368,nominal,96,3,4042,0.6,0.5,1.5
Infection,dlt_only,0.8631578947368421,0.34550383548659225,0.9157894736842105,0.27917652063748477,6.097560975609749,96,95,0.0185892457763354,0.029407627379786368,nominal,96,3,4042,0.6,0.5,1.5
Gastrointestinal,dlt_only,0.8631578947368421,0.3455038354865923,1.0,0.0,15.853658536585364,96,95,0.0185892457763354,0.029407627379786368,nominal,96,3,4042,0.6,0.5,1.5
Overall_Survival,dlt_only,10.693736232232505,1.7885985250798564,12.28930736445896,1.0520463045951864,14.920614250959057,96,95,0.0185892457763354,0.029407627379786368,nominal,96,3,4042,0.6,0.5,1.5
all_constraints,dlt_only,0.7052631578947368,0.4583430892442982,0.6,0.49249689490326914,-14.925373134328357,96,95,0.0185892457763354,0.029407627379786368,nominal,96,3,4042,0.6,0.5,1.5
Any_DLT,all_constraints,0.8804347826086957,0.32623025995934074,0.9456521739130435,0.22794497286530102,7.407407407407402,96,92,0.048347984751065574,0.020807091972352487,nominal,96,3,4042,0.6,0.5,1.5
Blood,all_constraints,0.8913043478260869,0.31296251010007803,0.6413043478260869,0.4822457022551119,-28.04878048780488,96,92,0.048347984751065574,0.020807091972352487,nominal,96,3,4042,0.6,0.5,1.5
Constitutional,all_constraints,0.8804347826086957,0.32623025995934074,0.9456521739130435,0.22794497286530102,7.407407407407402,96,92,0.048347984751065574,0.020807091972352487,nominal,96,3,4042,0.6,0.5,1.5
Infection,all_constraints,0.8913043478260869,0.31296251010007803,0.9130434782608695,0.28331529878993134,2.439024390243901,96,92,0.048347984751065574,0.020807091972352487,nominal,96,3,4042,0.6,0.5,1.5
Gastrointestinal,all_constraints,0.8804347826086957,0.32623025995934074,1.0,0.0,13.580246913580243,96,92,0.048347984751065574,0.020807091972352487,nominal,96,3,4042,0.6,0.5,1.5
Overall_Survival,all_constraints,10.747481127722239,1.7526778839061437,12.318010961047605,1.1449294236613372,14.613003871896222,96,92,0.048347984751065574,0.020807091972352487,nominal,96,3,4042,0.6,0.5,1.5
all_constraints,all_constraints,0.7282608695652174,0.4472937149826407,0.5652173913043478,0.4984447862792268,-22.38805970149254,96,92,0.048347984751065574,0.020807091972352487,nominal,96,3,4042,0.6,0.5,1.5
Any_DLT,dlt_only,0.8526315789473684,0.35635331059341196,0.8,0.4021220308060408,-6.172839506172833,96,95,0.01410034050544103,0.004247393349578918,robust_reg,96,3,4042,0.6,0.5,1.5
Blood,dlt_only,0.8736842105263158,0.33396729560733096,0.5368421052631579,0.5012861397973891,-38.55421686746988,96,95,0.01410034050544103,0.004247393349578918,robust_reg,96,3,4042,0.6,0.5,1.5
Constitutional,dlt_only,0.8736842105263158,0.333967295607331,0.9052631578947369,0.29440470807862057,3.6144578313252995,96,95,0.01410034050544103,0.004247393349578918,robust_reg,96,3,4042,0.6,0.5,1.5
Infection,dlt_only,0.8631578947368421,0.34550383548659225,0.7684210526315789,0.42407926745360525,-10.975609756097569,96,95,0.01410034050544103,0.004247393349578918,robust_reg,96,3,4042,0.6,0.5,1.5
Gastrointestinal,dlt_only,0.8631578947368421,0.3455038354865923,1.0,0.0,15.853658536585364,96,95,0.01410034050544103,0.004247393349578918,robust_reg,96,3,4042,0.6,0.5,1.5
Overall_Survival,dlt_only,10.693736232232505,1.7885985250798564,12.321032932754958,0.9904024532407503,15.217288562041958,96,95,0.01410034050544103,0.004247393349578918,robust_reg,96,3,4042,0.6,0.5,1.5
all_constraints,dlt_only,0.7052631578947368,0.4583430892442982,0.4631578947368421,0.5012861397973892,-34.32835820895522,96,95,0.01410034050544103,0.004247393349578918,robust_reg,96,3,4042,0.6,0.5,1.5
Any_DLT,all_constraints,0.8804347826086957,0.32623025995934074,0.9130434782608695,0.28331529878993134,3.703703703703695,96,92,0.05893222242593765,0.04745086844836097,robust_reg,96,3,4042,0.6,0.5,1.5
Blood,all_constraints,0.8913043478260869,0.31296251010007803,0.6739130434782609,0.47134821015106604,-24.39024390243902,96,92,0.05893222242593765,0.04745086844836097,robust_reg,96,3,4042,0.6,0.5,1.5
Constitutional,all_constraints,0.8804347826086957,0.32623025995934074,0.9347826086956522,0.24826199498867582,6.172839506172841,96,92,0.05893222242593765,0.04745086844836097,robust_reg,96,3,4042,0.6,0.5,1.5
Infection,all_constraints,0.8913043478260869,0.31296251010007803,0.8260869565217391,0.38111160870476846,-7.317073170731702,96,92,0.05893222242593765,0.04745086844836097,robust_reg,96,3,4042,0.6,0.5,1.5
Gastrointestinal,all_constraints,0.8804347826086957,0.32623025995934074,0.9891304347826086,0.10425720702853736,12.345679012345672,96,92,0.05893222242593765,0.04745086844836097,robust_reg,96,3,4042,0.6,0.5,1.5
Overall_Survival,all_constraints,10.747481127722239,1.7526778839061437,12.194337271969408,1.1463908708861983,13.462281320179512,96,92,0.05893222242593765,0.04745086844836097,robust_reg,96,3,4042,0.6,0.5,1.5
all_constraints,all_constraints,0.7282608695652174,0.4472937149826407,0.5760869565217391,0.4968847048741672,-20.895522388059703,96,92,0.05893222242593765,0.04745086844836097,robust_reg,96,3,4042,0.6,0.5,1.5
Any_DLT,dlt_only,0.8526315789473684,0.35635331059341196,0.9789473684210527,0.14432140317088757,14.814814814814822,96,95,0.059453219175338745,0.018968207654425754,cp,95,3,4042,0.6,0.5,1.5
Blood,dlt_only,0.8736842105263158,0.33396729560733096,0.8315789473684211,0.3762251357147221,-4.819277108433737,96,95,0.059453219175338745,0.018968207654425754,cp,95,3,4042,0.6,0.5,1.5
Constitutional,dlt_only,0.8736842105263158,0.333967295607331,0.9263157894736842,0.26264227200873946,6.024096385542162,96,95,0.059453219175338745,0.018968207654425754,cp,95,3,4042,0.6,0.5,1.5
Infection,dlt_only,0.8631578947368421,0.34550383548659225,0.9578947368421052,0.2018947204943553,10.975609756097557,96,95,0.059453219175338745,0.018968207654425754,cp,95,3,4042,0.6,0.5,1.5
Gastrointestinal,dlt_only,0.8631578947368421,0.3455038354865923,1.0,0.0,15.853658536585364,96,95,0.059453219175338745,0.018968207654425754,cp,95,3,4042,0.6,0.5,1.5
Overall_Survival,dlt_only,10.693736232232505,1.7885985250798564,12.043733009122866,1.2142092956270198,12.624182489383559,96,95,0.059453219175338745,0.018968207654425754,cp,95,3,4042,0.6,0.5,1.5
all_constraints,dlt_only,0.7052631578947368,0.4583430892442982,0.7578947368421053,0.4306301536438475,7.462686567164187,96,95,0.059453219175338745,0.018968207654425754,cp,95,3,4042,0.6,0.5,1.5
Any_DLT,all_constraints,0.8804347826086957,0.32623025995934074,0.967391304347826,0.17858337274913308,9.876543209876536,96,92,0.14543239523967108,0.09131127668201225,cp,96,3,4042,0.6,0.5,1.5
Blood,all_constraints,0.8913043478260869,0.31296251010007803,0.6630434782608695,0.47525988062619356,-25.60975609756098,96,92,0.14543239523967108,0.09131127668201225,cp,96,3,4042,0.6,0.5,1.5
Constitutional,all_constraints,0.8804347826086957,0.32623025995934074,0.967391304347826,0.17858337274913305,9.876543209876536,96,92,0.14543239523967108,0.09131127668201225,cp,96,3,4042,0.6,0.5,1.5
Infection,all_constraints,0.8913043478260869,0.31296251010007803,0.9456521739130435,0.22794497286530102,6.097560975609759,96,92,0.14543239523967108,0.09131127668201225,cp,96,3,4042,0.6,0.5,1.5
Gastrointestinal,all_constraints,0.8804347826086957,0.32623025995934074,1.0,0.0,13.580246913580243,96,92,0.14543239523967108,0.09131127668201225,cp,96,3,4042,0.6,0.5,1.5
Overall_Survival,all_constraints,10.747481127722239,1.7526778839061437,12.185363608238642,1.4296333176840927,13.378785814357048,96,92,0.14543239523967108,0.09131127668201225,cp,96,3,4042,0.6,0.5,1.5
all_constraints,all_constraints,0.7282608695652174,0.4472937149826407,0.6195652173913043,0.4881539863416777,-14.925373134328364,96,92,0.14543239523967108,0.09131127668201225,cp,96,3,4042,0.6,0.5,1.5
Any_DLT,dlt_only,0.8526315789473684,0.35635331059341196,0.9263157894736842,0.2626422720087394,8.641975308641976,96,95,0.016237201790014904,0.007811307020393306,nominal,96,3,4042,0.6,0.5,2.0
Blood,dlt_only,0.8736842105263158,0.33396729560733096,0.6736842105263158,0.4713517289748865,-22.89156626506025,96,95,0.016237201790014904,0.007811307020393306,nominal,96,3,4042,0.6,0.5,2.0
Constitutional,dlt_only,0.8736842105263158,0.333967295607331,0.9368421052631579,0.24453717969020553,7.228915662650599,96,95,0.016237201790014904,0.007811307020393306,nominal,96,3,4042,0.6,0.5,2.0
Infection,dlt_only,0.8631578947368421,0.34550383548659225,0.9157894736842105,0.27917652063748477,6.097560975609749,96,95,0.016237201790014904,0.007811307020393306,nominal,96,3,4042,0.6,0.5,2.0
Gastrointestinal,dlt_only,0.8631578947368421,0.3455038354865923,1.0,0.0,15.853658536585364,96,95,0.016237201790014904,0.007811307020393306,nominal,96,3,4042,0.6,0.5,2.0
Overall_Survival,dlt_only,10.693736232232505,1.7885985250798564,12.28930736445896,1.0520463045951864,14.920614250959057,96,95,0.016237201790014904,0.007811307020393306,nominal,96,3,4042,0.6,0.5,2.0
all_constraints,dlt_only,0.7052631578947368,0.4583430892442982,0.6,0.49249689490326914,-14.925373134328357,96,95,0.016237201790014904,0.007811307020393306,nominal,96,3,4042,0.6,0.5,2.0
Any_DLT,all_constraints,0.8804347826086957,0.32623025995934074,0.9456521739130435,0.22794497286530102,7.407407407407402,96,92,0.05104876061280569,0.022414244998937804,nominal,96,3,4042,0.6,0.5,2.0
Blood,all_constraints,0.8913043478260869,0.31296251010007803,0.6413043478260869,0.4822457022551119,-28.04878048780488,96,92,0.05104876061280569,0.022414244998937804,nominal,96,3,4042,0.6,0.5,2.0
Constitutional,all_constraints,0.8804347826086957,0.32623025995934074,0.9456521739130435,0.22794497286530102,7.407407407407402,96,92,0.05104876061280569,0.022414244998937804,nominal,96,3,4042,0.6,0.5,2.0
Infection,all_constraints,0.8913043478260869,0.31296251010007803,0.9130434782608695,0.28331529878993134,2.439024390243901,96,92,0.05104876061280569,0.022414244998937804,nominal,96,3,4042,0.6,0.5,2.0
Gastrointestinal,all_constraints,0.8804347826086957,0.32623025995934074,1.0,0.0,13.580246913580243,96,92,0.05104876061280569,0.022414244998937804,nominal,96,3,4042,0.6,0.5,2.0
Overall_Survival,all_constraints,10.747481127722239,1.7526778839061437,12.318010961047605,1.1449294236613372,14.613003871896222,96,92,0.05104876061280569,0.022414244998937804,nominal,96,3,4042,0.6,0.5,2.0
all_constraints,all_constraints,0.7282608695652174,0.4472937149826407,0.5652173913043478,0.4984447862792268,-22.38805970149254,96,92,0.05104876061280569,0.022414244998937804,nominal,96,3,4042,0.6,0.5,2.0
Any_DLT,dlt_only,0.8526315789473684,0.35635331059341196,0.7263157894736842,0.4482140745926371,-14.81481481481481,96,95,0.012779136498769125,0.011535027971119589,robust_reg,96,3,4042,0.6,0.5,2.0
Blood,dlt_only,0.8736842105263158,0.33396729560733096,0.3684210526315789,0.48493543283632795,-57.831325301204814,96,95,0.012779136498769125,0.011535027971119589,robust_reg,96,3,4042,0.6,0.5,2.0
Constitutional,dlt_only,0.8736842105263158,0.333967295607331,0.9157894736842105,0.27917652063748477,4.819277108433724,96,95,0.012779136498769125,0.011535027971119589,robust_reg,96,3,4042,0.6,0.5,2.0
Infection,dlt_only,0.8631578947368421,0.34550383548659225,0.6947368421052632,0.46296188461572396,-19.512195121951216,96,95,0.012779136498769125,0.011535027971119589,robust_reg,96,3,4042,0.6,0.5,2.0
Gastrointestinal,dlt_only,0.8631578947368421,0.3455038354865923,1.0,0.0,15.853658536585364,96,95,0.012779136498769125,0.011535027971119589,robust_reg,96,3,4042,0.6,0.5,2.0
Overall_Survival,dlt_only,10.693736232232505,1.7885985250798564,12.471295718033739,0.9860700622261589,16.622436229943716,96,95,0.012779136498769125,0.011535027971119589,robust_reg,96,3,4042,0.6,0.5,2.0
all_constraints,dlt_only,0.7052631578947368,0.4583430892442982,0.3157894736842105,0.4672954756790886,-55.223880597014926,96,95,0.012779136498769125,0.011535027971119589,robust_reg,96,3,4042,0.6,0.5,2.0
Any_DLT,all_constraints,0.8804347826086957,0.32623025995934074,0.8913043478260869,0.31296251010007803,1.2345679012345607,96,92,0.05146357913812002,0.04878690281425354,robust_reg,94,3,4042,0.6,0.5,2.0
Blood,all_constraints,0.8913043478260869,0.31296251010007803,0.4782608695652174,0.5022643424142053,-46.34146341463415,96,92,0.05146357913812002,0.04878690281425354,robust_reg,94,3,4042,0.6,0.5,2.0
Constitutional,all_constraints,0.8804347826086957,0.32623025995934074,0.9347826086956522,0.24826199498867582,6.172839506172841,96,92,0.05146357913812002,0.04878690281425354,robust_reg,94,3,4042,0.6,0.5,2.0
Infection,all_constraints,0.8913043478260869,0.31296251010007803,0.8260869565217391,0.38111160870476846,-7.317073170731702,96,92,0.05146357913812002,0.04878690281425354,robust_reg,94,3,4042,0.6,0.5,2.0
Gastrointestinal,all_constraints,0.8804347826086957,0.32623025995934074,1.0,0.0,13.580246913580243,96,92,0.05146357913812002,0.04878690281425354,robust_reg,94,3,4042,0.6,0.5,2.0
Overall_Survival,all_constraints,10.747481127722239,1.7526778839061437,12.42158738739359,1.141965646095257,15.57673132687,96,92,0.05146357913812002,0.04878690281425354,robust_reg,94,3,4042,0.6,0.5,2.0
all_constraints,all_constraints,0.7282608695652174,0.4472937149826407,0.3804347826086957,0.48815398634167767,-47.76119402985074,96,92,0.05146357913812002,0.04878690281425354,robust_reg,94,3,4042,0.6,0.5,2.0
Any_DLT,dlt_only,0.8526315789473684,0.35635331059341196,0.9473684210526315,0.22448148540588725,11.111111111111105,96,95,0.031643872459729515,0.011096919604112378,cp,96,3,4042,0.6,0.5,2.0
Blood,dlt_only,0.8736842105263158,0.33396729560733096,0.6947368421052632,0.4629618846157239,-20.481927710843372,96,95,0.031643872459729515,0.011096919604112378,cp,96,3,4042,0.6,0.5,2.0
Constitutional,dlt_only,0.8736842105263158,0.333967295607331,0.9263157894736842,0.2626422720087394,6.024096385542162,96,95,0.031643872459729515,0.011096919604112378,cp,96,3,4042,0.6,0.5,2.0
Infection,dlt_only,0.8631578947368421,0.34550383548659225,0.9052631578947369,0.2944047080786205,4.878048780487807,96,95,0.031643872459729515,0.011096919604112378,cp,96,3,4042,0.6,0.5,2.0
Gastrointestinal,dlt_only,0.8631578947368421,0.3455038354865923,1.0,0.0,15.853658536585364,96,95,0.031643872459729515,0.011096919604112378,cp,96,3,4042,0.6,0.5,2.0
Overall_Survival,dlt_only,10.693736232232505,1.7885985250798564,12.169296199307022,1.1881146951720232,13.7983576088866,96,95,0.031643872459729515,0.011096919604112378,cp,96,3,4042,0.6,0.5,2.0
all_constraints,dlt_only,0.7052631578947368,0.4583430892442982,0.6210526315789474,0.48769862006054376,-11.940298507462677,96,95,0.031643872459729515,0.011096919604112378,cp,96,3,4042,0.6,0.5,2.0
Any_DLT,all_constraints,0.8804347826086957,0.32623025995934074,0.967391304347826,0.17858337274913308,9.876543209876536,96,92,0.14282310009002686,0.08602281729578957,cp,96,3,4042,0.6,0.5,2.0
Blood,all_constraints,0.8913043478260869,0.31296251010007803,0.6630434782608695,0.47525988062619356,-25.60975609756098,96,92,0.14282310009002686,0.08602281729578957,cp,96,3,4042,0.6,0.5,2.0
Constitutional,all_constraints,0.8804347826086957,0.32623025995934074,0.967391304347826,0.17858337274913305,9.876543209876536,96,92,0.14282310009002686,0.08602281729578957,cp,96,3,4042,0.6,0.5,2.0
Infection,all_constraints,0.8913043478260869,0.31296251010007803,0.9456521739130435,0.22794497286530102,6.097560975609759,96,92,0.14282310009002686,0.08602281729578957,cp,96,3,4042,0.6,0.5,2.0
Gastrointestinal,all_constraints,0.8804347826086957,0.32623025995934074,1.0,0.0,13.580246913580243,96,92,0.14282310009002686,0.08602281729578957,cp,96,3,4042,0.6,0.5,2.0
Overall_Survival,all_constraints,10.747481127722239,1.7526778839061437,12.185363608238642,1.4296333176840927,13.378785814357048,96,92,0.14282310009002686,0.08602281729578957,cp,96,3,4042,0.6,0.5,2.0
all_constraints,all_constraints,0.7282608695652174,0.4472937149826407,0.6195652173913043,0.4881539863416777,-14.925373134328364,96,92,0.14282310009002686,0.08602281729578957,cp,96,3,4042,0.6,0.5,2.0
Any_DLT,dlt_only,0.8541666666666666,0.35479176002615415,1.0,0.0,17.07317073170732,96,96,0.011843425532182058,0.00192141317455064,nominal,96,4,5042,0.6,0.5,0.5
Blood,dlt_only,0.875,0.33245498310218435,1.0,0.0,14.285714285714286,96,96,0.011843425532182058,0.00192141317455064,nominal,96,4,5042,0.6,0.5,0.5
Constitutional,dlt_only,0.8645833333333334,0.34396424742808945,0.9166666666666666,0.27783625115549687,6.02409638554216,96,96,0.011843425532182058,0.00192141317455064,nominal,96,4,5042,0.6,0.5,0.5
Infection,dlt_only,0.8645833333333334,0.34396424742808945,1.0,0.0,15.662650602409633,96,96,0.011843425532182058,0.00192141317455064,nominal,96,4,5042,0.6,0.5,0.5
Gastrointestinal,dlt_only,0.8645833333333334,0.3439642474280894,1.0,0.0,15.662650602409633,96,96,0.011843425532182058,0.00192141317455064,nominal,96,4,5042,0.6,0.5,0.5
Overall_Survival,dlt_only,10.690597206168823,1.779425762099106,10.991495814130841,1.0167800073389321,2.8146099058749527,96,96,0.011843425532182058,0.00192141317455064,nominal,96,4,5042,0.6,0.5,0.5
all_constraints,dlt_only,0.6979166666666666,0.4615714956689105,0.9166666666666666,0.27783625115549687,31.343283582089555,96,96,0.011843425532182058,0.00192141317455064,nominal,96,4,5042,0.6,0.5,0.5
Any_DLT,all_constraints,0.8586956521739131,0.3502439256481347,1.0,0.0,16.45569620253164,96,92,0.0964192474881808,0.1520494174884437,nominal,96,4,5042,0.6,0.5,0.5
Blood,all_constraints,0.8913043478260869,0.31296251010007803,1.0,0.0,12.195121951219518,96,92,0.0964192474881808,0.1520494174884437,nominal,96,4,5042,0.6,0.5,0.5
Constitutional,all_constraints,0.8913043478260869,0.312962510100078,0.9347826086956522,0.24826199498867582,4.8780487804878145,96,92,0.0964192474881808,0.1520494174884437,nominal,96,4,5042,0.6,0.5,0.5
Infection,all_constraints,0.8913043478260869,0.312962510100078,1.0,0.0,12.195121951219518,96,92,0.0964192474881808,0.1520494174884437,nominal,96,4,5042,0.6,0.5,0.5
Gastrointestinal,all_constraints,0.8586956521739131,0.3502439256481348,1.0,0.0,16.45569620253164,96,92,0.0964192474881808,0.1520494174884437,nominal,96,4,5042,0.6,0.5,0.5
Overall_Survival,all_constraints,10.71703690985075,1.8052018412616921,10.954689965265151,1.0680218015264957,2.2175257714747527,96,92,0.0964192474881808,0.1520494174884437,nominal,96,4,5042,0.6,0.5,0.5
all_constraints,all_constraints,0.7282608695652174,0.4472937149826407,0.9347826086956522,0.24826199498867582,28.358208955223883,96,92,0.0964192474881808,0.1520494174884437,nominal,96,4,5042,0.6,0.5,0.5
Any_DLT,dlt_only,0.8541666666666666,0.35479176002615415,1.0,0.0,17.07317073170732,96,96,0.01429289827744166,0.019091696371983907,robust_reg,96,4,5042,0.6,0.5,0.5
Blood,dlt_only,0.875,0.33245498310218435,1.0,0.0,14.285714285714286,96,96,0.01429289827744166,0.019091696371983907,robust_reg,96,4,5042,0.6,0.5,0.5
Constitutional,dlt_only,0.8645833333333334,0.34396424742808945,0.9166666666666666,0.27783625115549687,6.02409638554216,96,96,0.01429289827744166,0.019091696371983907,robust_reg,96,4,5042,0.6,0.5,0.5
Infection,dlt_only,0.8645833333333334,0.34396424742808945,1.0,0.0,15.662650602409633,96,96,0.01429289827744166,0.019091696371983907,robust_reg,96,4,5042,0.6,0.5,0.5
Gastrointestinal,dlt_only,0.8645833333333334,0.3439642474280894,1.0,0.0,15.662650602409633,96,96,0.01429289827744166,0.019091696371983907,robust_reg,96,4,5042,0.6,0.5,0.5
Overall_Survival,dlt_only,10.690597206168823,1.779425762099106,10.997745587926566,1.0132776504124432,2.873070379833493,96,96,0.01429289827744166,0.019091696371983907,robust_reg,96,4,5042,0.6,0.5,0.5
all_constraints,dlt_only,0.6979166666666666,0.4615714956689105,0.9166666666666666,0.27783625115549687,31.343283582089555,96,96,0.01429289827744166,0.019091696371983907,robust_reg,96,4,5042,0.6,0.5,0.5
Any_DLT,all_constraints,0.8586956521739131,0.3502439256481347,1.0,0.0,16.45569620253164,96,92,0.0629826361934344,0.09678212549995321,robust_reg,96,4,5042,0.6,0.5,0.5
Blood,all_constraints,0.8913043478260869,0.31296251010007803,1.0,0.0,12.195121951219518,96,92,0.0629826361934344,0.09678212549995321,robust_reg,96,4,5042,0.6,0.5,0.5
Constitutional,all_constraints,0.8913043478260869,0.312962510100078,0.9239130434782609,0.2665900112789531,3.658536585365858,96,92,0.0629826361934344,0.09678212549995321,robust_reg,96,4,5042,0.6,0.5,0.5
Infection,all_constraints,0.8913043478260869,0.312962510100078,1.0,0.0,12.195121951219518,96,92,0.0629826361934344,0.09678212549995321,robust_reg,96,4,5042,0.6,0.5,0.5
Gastrointestinal,all_constraints,0.8586956521739131,0.3502439256481348,1.0,0.0,16.45569620253164,96,92,0.0629826361934344,0.09678212549995321,robust_reg,96,4,5042,0.6,0.5,0.5
Overall_Survival,all_constraints,10.71703690985075,1.8052018412616921,10.967732335025948,1.068486427518901,2.3392233066284156,96,92,0.0629826361934344,0.09678212549995321,robust_reg,96,4,5042,0.6,0.5,0.5
all_constraints,all_constraints,0.7282608695652174,0.4472937149826407,0.9239130434782609,0.2665900112789531,26.86567164179104,96,92,0.0629826361934344,0.09678212549995321,robust_reg,96,4,5042,0.6,0.5,0.5
Any_DLT,dlt_only,0.8541666666666666,0.35479176002615415,1.0,0.0,17.07317073170732,96,96,0.32005196064710617,0.30028685363466895,cp,96,4,5042,0.6,0.5,0.5
Blood,dlt_only,0.875,0.33245498310218435,1.0,0.0,14.285714285714286,96,96,0.32005196064710617,0.30028685363466895,cp,96,4,5042,0.6,0.5,0.5
Constitutional,dlt_only,0.8645833333333334,0.34396424742808945,0.9479166666666666,0.22336148028967082,9.63855421686746,96,96,0.32005196064710617,0.30028685363466895,cp,96,4,5042,0.6,0.5,0.5
Infection,dlt_only,0.8645833333333334,0.34396424742808945,1.0,0.0,15.662650602409633,96,96,0.32005196064710617,0.30028685363466895,cp,96,4,5042,0.6,0.5,0.5
Gastrointestinal,dlt_only,0.8645833333333334,0.3439642474280894,1.0,0.0,15.662650602409633,96,96,0.32005196064710617,0.30028685363466895,cp,96,4,5042,0.6,0.5,0.5
Overall_Survival,dlt_only,10.690597206168823,1.779425762099106,10.73677586600271,0.9350646625069797,0.43195584814700416,96,96,0.32005196064710617,0.30028685363466895,cp,96,4,5042,0.6,0.5,0.5
all_constraints,dlt_only,0.6979166666666666,0.4615714956689105,0.9479166666666666,0.22336148028967082,35.820895522388064,96,96,0.32005196064710617,0.30028685363466895,cp,96,4,5042,0.6,0.5,0.5
Any_DLT,all_constraints,0.8586956521739131,0.3502439256481347,1.0,0.0,16.45569620253164,96,92,0.15992512553930283,0.16993104158086142,cp,96,4,5042,0.6,0.5,0.5
Blood,all_constraints,0.8913043478260869,0.31296251010007803,1.0,0.0,12.195121951219518,96,92,0.15992512553930283,0.16993104158086142,cp,96,4,5042,0.6,0.5,0.5
Constitutional,all_constraints,0.8913043478260869,0.312962510100078,0.9347826086956522,0.24826199498867582,4.8780487804878145,96,92,0.15992512553930283,0.16993104158086142,cp,96,4,5042,0.6,0.5,0.5
Infection,all_constraints,0.8913043478260869,0.312962510100078,1.0,0.0,12.195121951219518,96,92,0.15992512553930283,0.16993104158086142,cp,96,4,5042,0.6,0.5,0.5
Gastrointestinal,all_constraints,0.8586956521739131,0.3502439256481348,1.0,0.0,16.45569620253164,96,92,0.15992512553930283,0.16993104158086142,cp,96,4,5042,0.6,0.5,0.5
Overall_Survival,all_constraints,10.71703690985075,1.8052018412616921,10.933218858797503,1.0835679077053866,2.0171802221567936,96,92,0.15992512553930283,0.16993104158086142,cp,96,4,5042,0.6,0.5,0.5
all_constraints,all_constraints,0.7282608695652174,0.4472937149826407,0.9347826086956522,0.24826199498867582,28.358208955223883,96,92,0.15992512553930283,0.16993104158086142,cp,96,4,5042,0.6,0.5,0.5
Any_DLT,dlt_only,0.8541666666666666,0.35479176002615415,1.0,0.0,17.07317073170732,96,96,0.012609139084815979,0.002030005765970954,nominal,96,4,5042,0.6,0.5,0.75
Blood,dlt_only,0.875,0.33245498310218435,1.0,0.0,14.285714285714286,96,96,0.012609139084815979,0.002030005765970954,nominal,96,4,5042,0.6,0.5,0.75
Constitutional,dlt_only,0.8645833333333334,0.34396424742808945,0.9166666666666666,0.27783625115549687,6.02409638554216,96,96,0.012609139084815979,0.002030005765970954,nominal,96,4,5042,0.6,0.5,0.75
Infection,dlt_only,0.8645833333333334,0.34396424742808945,1.0,0.0,15.662650602409633,96,96,0.012609139084815979,0.002030005765970954,nominal,96,4,5042,0.6,0.5,0.75
Gastrointestinal,dlt_only,0.8645833333333334,0.3439642474280894,1.0,0.0,15.662650602409633,96,96,0.012609139084815979,0.002030005765970954,nominal,96,4,5042,0.6,0.5,0.75
Overall_Survival,dlt_only,10.690597206168823,1.779425762099106,10.991495814130841,1.0167800073389321,2.8146099058749527,96,96,0.012609139084815979,0.002030005765970954,nominal,96,4,5042,0.6,0.5,0.75
all_constraints,dlt_only,0.6979166666666666,0.4615714956689105,0.9166666666666666,0.27783625115549687,31.343283582089555,96,96,0.012609139084815979,0.002030005765970954,nominal,96,4,5042,0.6,0.5,0.75
Any_DLT,all_constraints,0.8586956521739131,0.3502439256481347,1.0,0.0,16.45569620253164,96,92,0.087205670773983,0.11948406671733909,nominal,96,4,5042,0.6,0.5,0.75
Blood,all_constraints,0.8913043478260869,0.31296251010007803,1.0,0.0,12.195121951219518,96,92,0.087205670773983,0.11948406671733909,nominal,96,4,5042,0.6,0.5,0.75
Constitutional,all_constraints,0.8913043478260869,0.312962510100078,0.9347826086956522,0.24826199498867582,4.8780487804878145,96,92,0.087205670773983,0.11948406671733909,nominal,96,4,5042,0.6,0.5,0.75
Infection,all_constraints,0.8913043478260869,0.312962510100078,1.0,0.0,12.195121951219518,96,92,0.087205670773983,0.11948406671733909,nominal,96,4,5042,0.6,0.5,0.75
Gastrointestinal,all_constraints,0.8586956521739131,0.3502439256481348,1.0,0.0,16.45569620253164,96,92,0.087205670773983,0.11948406671733909,nominal,96,4,5042,0.6,0.5,0.75
Overall_Survival,all_constraints,10.71703690985075,1.8052018412616921,10.954689965265151,1.0680218015264957,2.2175257714747527,96,92,0.087205670773983,0.11948406671733909,nominal,96,4,5042,0.6,0.5,0.75
all_constraints,all_constraints,0.7282608695652174,0.4472937149826407,0.9347826086956522,0.24826199498867582,28.358208955223883,96,92,0.087205670773983,0.11948406671733909,nominal,96,4,5042,0.6,0.5,0.75
Any_DLT,dlt_only,0.8541666666666666,0.35479176002615415,1.0,0.0,17.07317073170732,96,96,0.012595613797505697,0.012529999659110487,robust_reg,96,4,5042,0.6,0.5,0.75
Blood,dlt_only,0.875,0.33245498310218435,1.0,0.0,14.285714285714286,96,96,0.012595613797505697,0.012529999659110487,robust_reg,96,4,5042,0.6,0.5,0.75
Constitutional,dlt_only,0.8645833333333334,0.34396424742808945,0.9166666666666666,0.27783625115549687,6.02409638554216,96,96,0.012595613797505697,0.012529999659110487,robust_reg,96,4,5042,0.6,0.5,0.75
Infection,dlt_only,0.8645833333333334,0.34396424742808945,1.0,0.0,15.662650602409633,96,96,0.012595613797505697,0.012529999659110487,robust_reg,96,4,5042,0.6,0.5,0.75
Gastrointestinal,dlt_only,0.8645833333333334,0.3439642474280894,1.0,0.0,15.662650602409633,96,96,0.012595613797505697,0.012529999659110487,robust_reg,96,4,5042,0.6,0.5,0.75
Overall_Survival,dlt_only,10.690597206168823,1.779425762099106,10.996648034583572,1.0125180842323587,2.86280385008003,96,96,0.012595613797505697,0.012529999659110487,robust_reg,96,4,5042,0.6,0.5,0.75
all_constraints,dlt_only,0.6979166666666666,0.4615714956689105,0.9166666666666666,0.27783625115549687,31.343283582089555,96,96,0.012595613797505697,0.012529999659110487,robust_reg,96,4,5042,0.6,0.5,0.75
Any_DLT,all_constraints,0.8586956521739131,0.3502439256481347,1.0,0.0,16.45569620253164,96,92,0.04376448690891266,0.02939327420638858,robust_reg,96,4,5042,0.6,0.5,0.75
Blood,all_constraints,0.8913043478260869,0.31296251010007803,1.0,0.0,12.195121951219518,96,92,0.04376448690891266,0.02939327420638858,robust_reg,96,4,5042,0.6,0.5,0.75
Constitutional,all_constraints,0.8913043478260869,0.312962510100078,0.9239130434782609,0.2665900112789531,3.658536585365858,96,92,0.04376448690891266,0.02939327420638858,robust_reg,96,4,5042,0.6,0.5,0.75
Infection,all_constraints,0.8913043478260869,0.312962510100078,1.0,0.0,12.195121951219518,96,92,0.04376448690891266,0.02939327420638858,robust_reg,96,4,5042,0.6,0.5,0.75
Gastrointestinal,all_constraints,0.8586956521739131,0.3502439256481348,1.0,0.0,16.45569620253164,96,92,0.04376448690891266,0.02939327420638858,robust_reg,96,4,5042,0.6,0.5,0.75
Overall_Survival,all_constraints,10.71703690985075,1.8052018412616921,10.985547733898128,1.0640173937826478,2.5054576773974944,96,92,0.04376448690891266,0.02939327420638858,robust_reg,96,4,5042,0.6,0.5,0.75
all_constraints,all_constraints,0.7282608695652174,0.4472937149826407,0.9239130434782609,0.2665900112789531,26.86567164179104,96,92,0.04376448690891266,0.02939327420638858,robust_reg,96,4,5042,0.6,0.5,0.75
Any_DLT,dlt_only,0.8541666666666666,0.35479176002615415,1.0,0.0,17.07317073170732,96,96,0.32628127932548523,0.2990388195811786,cp,96,4,5042,0.6,0.5,0.75
Blood,dlt_only,0.875,0.33245498310218435,1.0,0.0,14.285714285714286,96,96,0.32628127932548523,0.2990388195811786,cp,96,4,5042,0.6,0.5,0.75
Constitutional,dlt_only,0.8645833333333334,0.34396424742808945,0.9479166666666666,0.22336148028967082,9.63855421686746,96,96,0.32628127932548523,0.2990388195811786,cp,96,4,5042,0.6,0.5,0.75
Infection,dlt_only,0.8645833333333334,0.34396424742808945,1.0,0.0,15.662650602409633,96,96,0.32628127932548523,0.2990388195811786,cp,96,4,5042,0.6,0.5,0.75
Gastrointestinal,dlt_only,0.8645833333333334,0.3439642474280894,1.0,0.0,15.662650602409633,96,96,0.32628127932548523,0.2990388195811786,cp,96,4,5042,0.6,0.5,0.75
Overall_Survival,dlt_only,10.690597206168823,1.779425762099106,10.73677586600271,0.9350646625069797,0.43195584814700416,96,96,0.32628127932548523,0.2990388195811786,cp,96,4,5042,0.6,0.5,0.75
all_constraints,dlt_only,0.6979166666666666,0.4615714956689105,0.9479166666666666,0.22336148028967082,35.820895522388064,96,96,0.32628127932548523,0.2990388195811786,cp,96,4,5042,0.6,0.5,0.75
Any_DLT,all_constraints,0.8586956521739131,0.3502439256481347,1.0,0.0,16.45569620253164,96,92,0.14667866379022598,0.19575943905518786,cp,95,4,5042,0.6,0.5,0.75
Blood,all_constraints,0.8913043478260869,0.31296251010007803,1.0,0.0,12.195121951219518,96,92,0.14667866379022598,0.19575943905518786,cp,95,4,5042,0.6,0.5,0.75
Constitutional,all_constraints,0.8913043478260869,0.312962510100078,0.9347826086956522,0.24826199498867577,4.8780487804878145,96,92,0.14667866379022598,0.19575943905518786,cp,95,4,5042,0.6,0.5,0.75
Infection,all_constraints,0.8913043478260869,0.312962510100078,1.0,0.0,12.195121951219518,96,92,0.14667866379022598,0.19575943905518786,cp,95,4,5042,0.6,0.5,0.75
Gastrointestinal,all_constraints,0.8586956521739131,0.3502439256481348,1.0,0.0,16.45569620253164,96,92,0.14667866379022598,0.19575943905518786,cp,95,4,5042,0.6,0.5,0.75
Overall_Survival,all_constraints,10.71703690985075,1.8052018412616921,10.92608190668129,1.0969920904862553,1.950585769079446,96,92,0.14667866379022598,0.19575943905518786,cp,95,4,5042,0.6,0.5,0.75
all_constraints,all_constraints,0.7282608695652174,0.4472937149826407,0.9347826086956522,0.24826199498867577,28.358208955223883,96,92,0.14667866379022598,0.19575943905518786,cp,95,4,5042,0.6,0.5,0.75
Any_DLT,dlt_only,0.8541666666666666,0.35479176002615415,1.0,0.0,17.07317073170732,96,96,0.012404647966225943,0.0018629951956026204,nominal,96,4,5042,0.6,0.5,1.0
Blood,dlt_only,0.875,0.33245498310218435,1.0,0.0,14.285714285714286,96,96,0.012404647966225943,0.0018629951956026204,nominal,96,4,5042,0.6,0.5,1.0
Constitutional,dlt_only,0.8645833333333334,0.34396424742808945,0.9166666666666666,0.27783625115549687,6.02409638554216,96,96,0.012404647966225943,0.0018629951956026204,nominal,96,4,5042,0.6,0.5,1.0
Infection,dlt_only,0.8645833333333334,0.34396424742808945,1.0,0.0,15.662650602409633,96,96,0.012404647966225943,0.0018629951956026204,nominal,96,4,5042,0.6,0.5,1.0
Gastrointestinal,dlt_only,0.8645833333333334,0.3439642474280894,1.0,0.0,15.662650602409633,96,96,0.012404647966225943,0.0018629951956026204,nominal,96,4,5042,0.6,0.5,1.0
Overall_Survival,dlt_only,10.690597206168823,1.779425762099106,10.991495814130841,1.0167800073389321,2.8146099058749527,96,96,0.012404647966225943,0.0018629951956026204,nominal,96,4,5042,0.6,0.5,1.0
all_constraints,dlt_only,0.6979166666666666,0.4615714956689105,0.9166666666666666,0.27783625115549687,31.343283582089555,96,96,0.012404647966225943,0.0018629951956026204,nominal,96,4,5042,0.6,0.5,1.0
Any_DLT,all_constraints,0.8586956521739131,0.3502439256481347,1.0,0.0,16.45569620253164,96,92,0.08922263731559117,0.1253635317145654,nominal,96,4,5042,0.6,0.5,1.0
Blood,all_constraints,0.8913043478260869,0.31296251010007803,1.0,0.0,12.195121951219518,96,92,0.08922263731559117,0.1253635317145654,nominal,96,4,5042,0.6,0.5,1.0
Constitutional,all_constraints,0.8913043478260869,0.312962510100078,0.9347826086956522,0.24826199498867582,4.8780487804878145,96,92,0.08922263731559117,0.1253635317145654,nominal,96,4,5042,0.6,0.5,1.0
Infection,all_constraints,0.8913043478260869,0.312962510100078,1.0,0.0,12.195121951219518,96,92,0.08922263731559117,0.1253635317145654,nominal,96,4,5042,0.6,0.5,1.0
Gastrointestinal,all_constraints,0.8586956521739131,0.3502439256481348,1.0,0.0,16.45569620253164,96,92,0.08922263731559117,0.1253635317145654,nominal,96,4,5042,0.6,0.5,1.0
Overall_Survival,all_constraints,10.71703690985075,1.8052018412616921,10.954689965265151,1.0680218015264957,2.2175257714747527,96,92,0.08922263731559117,0.1253635317145654,nominal,96,4,5042,0.6,0.5,1.0
all_constraints,all_constraints,0.7282608695652174,0.4472937149826407,0.9347826086956522,0.24826199498867582,28.358208955223883,96,92,0.08922263731559117,0.1253635317145654,nominal,96,4,5042,0.6,0.5,1.0
Any_DLT,dlt_only,0.8541666666666666,0.35479176002615415,1.0,0.0,17.07317073170732,96,96,0.010781459510326385,0.0004468216601307044,robust_reg,96,4,5042,0.6,0.5,1.0
Blood,dlt_only,0.875,0.33245498310218435,1.0,0.0,14.285714285714286,96,96,0.010781459510326385,0.0004468216601307044,robust_reg,96,4,5042,0.6,0.5,1.0
Constitutional,dlt_only,0.8645833333333334,0.34396424742808945,0.90625,0.2930106877878258,4.81927710843373,96,96,0.010781459510326385,0.0004468216601307044,robust_reg,96,4,5042,0.6,0.5,1.0
Infection,dlt_only,0.8645833333333334,0.34396424742808945,1.0,0.0,15.662650602409633,96,96,0.010781459510326385,0.0004468216601307044,robust_reg,96,4,5042,0.6,0.5,1.0
Gastrointestinal,dlt_only,0.8645833333333334,0.3439642474280894,1.0,0.0,15.662650602409633,96,96,0.010781459510326385,0.0004468216601307044,robust_reg,96,4,5042,0.6,0.5,1.0
Overall_Survival,dlt_only,10.690597206168823,1.779425762099106,10.998024342438649,1.0133304840149577,2.8756778535480763,96,96,0.010781459510326385,0.0004468216601307044,robust_reg,96,4,5042,0.6,0.5,1.0
all_constraints,dlt_only,0.6979166666666666,0.4615714956689105,0.90625,0.2930106877878258,29.85074626865672,96,96,0.010781459510326385,0.0004468216601307044,robust_reg,96,4,5042,0.6,0.5,1.0
Any_DLT,all_constraints,0.8586956521739131,0.3502439256481347,1.0,0.0,16.45569620253164,96,92,0.04743227114280065,0.04965462312368319,robust_reg,96,4,5042,0.6,0.5,1.0
Blood,all_constraints,0.8913043478260869,0.31296251010007803,1.0,0.0,12.195121951219518,96,92,0.04743227114280065,0.04965462312368319,robust_reg,96,4,5042,0.6,0.5,1.0
Constitutional,all_constraints,0.8913043478260869,0.312962510100078,0.9130434782608695,0.28331529878993134,2.439024390243901,96,92,0.04743227114280065,0.04965462312368319,robust_reg,96,4,5042,0.6,0.5,1.0
Infection,all_constraints,0.8913043478260869,0.312962510100078,1.0,0.0,12.195121951219518,96,92,0.04743227114280065,0.04965462312368319,robust_reg,96,4,5042,0.6,0.5,1.0
Gastrointestinal,all_constraints,0.8586956521739131,0.3502439256481348,1.0,0.0,16.45569620253164,96,92,0.04743227114280065,0.04965462312368319,robust_reg,96,4,5042,0.6,0.5,1.0
Overall_Survival,all_constraints,10.71703690985075,1.8052018412616921,11.000314263275715,1.0531305941813818,2.6432432379194895,96,92,0.04743227114280065,0.04965462312368319,robust_reg,96,4,5042,0.6,0.5,1.0
all_constraints,all_constraints,0.7282608695652174,0.4472937149826407,0.9130434782608695,0.28331529878993134,25.3731343283582,96,92,0.04743227114280065,0.04965462312368319,robust_reg,96,4,5042,0.6,0.5,1.0
Any_DLT,dlt_only,0.8541666666666666,0.35479176002615415,1.0,0.0,17.07317073170732,96,96,0.31051047146320343,0.2850214682395049,cp,96,4,5042,0.6,0.5,1.0
Blood,dlt_only,0.875,0.33245498310218435,1.0,0.0,14.285714285714286,96,96,0.31051047146320343,0.2850214682395049,cp,96,4,5042,0.6,0.5,1.0
Constitutional,dlt_only,0.8645833333333334,0.34396424742808945,0.9479166666666666,0.22336148028967082,9.63855421686746,96,96,0.31051047146320343,0.2850214682395049,cp,96,4,5042,0.6,0.5,1.0
Infection,dlt_only,0.8645833333333334,0.34396424742808945,1.0,0.0,15.662650602409633,96,96,0.31051047146320343,0.2850214682395049,cp,96,4,5042,0.6,0.5,1.0
Gastrointestinal,dlt_only,0.8645833333333334,0.3439642474280894,1.0,0.0,15.662650602409633,96,96,0.31051047146320343,0.2850214682395049,cp,96,4,5042,0.6,0.5,1.0
Overall_Survival,dlt_only,10.690597206168823,1.779425762099106,10.73677586600271,0.9350646625069797,0.43195584814700416,96,96,0.31051047146320343,0.2850214682395049,cp,96,4,5042,0.6,0.5,1.0
all_constraints,dlt_only,0.6979166666666666,0.4615714956689105,0.9479166666666666,0.22336148028967082,35.820895522388064,96,96,0.31051047146320343,0.2850214682395049,cp,96,4,5042,0.6,0.5,1.0
Any_DLT,all_constraints,0.8586956521739131,0.3502439256481347,1.0,0.0,16.45569620253164,96,92,0.18160332491000494,0.18525765930764196,cp,94,4,5042,0.6,0.5,1.0
Blood,all_constraints,0.8913043478260869,0.31296251010007803,1.0,0.0,12.195121951219518,96,92,0.18160332491000494,0.18525765930764196,cp,94,4,5042,0.6,0.5,1.0
Constitutional,all_constraints,0.8913043478260869,0.312962510100078,0.9347826086956522,0.2482619949886758,4.8780487804878145,96,92,0.18160332491000494,0.18525765930764196,cp,94,4,5042,0.6,0.5,1.0
Infection,all_constraints,0.8913043478260869,0.312962510100078,1.0,0.0,12.195121951219518,96,92,0.18160332491000494,0.18525765930764196,cp,94,4,5042,0.6,0.5,1.0
Gastrointestinal,all_constraints,0.8586956521739131,0.3502439256481348,1.0,0.0,16.45569620253164,96,92,0.18160332491000494,0.18525765930764196,cp,94,4,5042,0.6,0.5,1.0
Overall_Survival,all_constraints,10.71703690985075,1.8052018412616921,10.893123784962926,1.0879635016458644,1.6430556001008352,96,92,0.18160332491000494,0.18525765930764196,cp,94,4,5042,0.6,0.5,1.0
all_constraints,all_constraints,0.7282608695652174,0.4472937149826407,0.9347826086956522,0.2482619949886758,28.358208955223883,96,92,0.18160332491000494,0.18525765930764196,cp,94,4,5042,0.6,0.5,1.0
Any_DLT,dlt_only,0.8541666666666666,0.35479176002615415,1.0,0.0,17.07317073170732,96,96,0.012315953771273295,0.001992751452400805,nominal,96,4,5042,0.6,0.5,1.5
Blood,dlt_only,0.875,0.33245498310218435,1.0,0.0,14.285714285714286,96,96,0.012315953771273295,0.001992751452400805,nominal,96,4,5042,0.6,0.5,1.5
Constitutional,dlt_only,0.8645833333333334,0.34396424742808945,0.9166666666666666,0.27783625115549687,6.02409638554216,96,96,0.012315953771273295,0.001992751452400805,nominal,96,4,5042,0.6,0.5,1.5
Infection,dlt_only,0.8645833333333334,0.34396424742808945,1.0,0.0,15.662650602409633,96,96,0.012315953771273295,0.001992751452400805,nominal,96,4,5042,0.6,0.5,1.5
Gastrointestinal,dlt_only,0.8645833333333334,0.3439642474280894,1.0,0.0,15.662650602409633,96,96,0.012315953771273295,0.001992751452400805,nominal,96,4,5042,0.6,0.5,1.5
Overall_Survival,dlt_only,10.690597206168823,1.779425762099106,10.991495814130841,1.0167800073389321,2.8146099058749527,96,96,0.012315953771273295,0.001992751452400805,nominal,96,4,5042,0.6,0.5,1.5
all_constraints,dlt_only,0.6979166666666666,0.4615714956689105,0.9166666666666666,0.27783625115549687,31.343283582089555,96,96,0.012315953771273295,0.001992751452400805,nominal,96,4,5042,0.6,0.5,1.5
Any_DLT,all_constraints,0.8586956521739131,0.3502439256481347,1.0,0.0,16.45569620253164,96,92,0.08742693811655045,0.12185460899404456,nominal,96,4,5042,0.6,0.5,1.5
Blood,all_constraints,0.8913043478260869,0.31296251010007803,1.0,0.0,12.195121951219518,96,92,0.08742693811655045,0.12185460899404456,nominal,96,4,5042,0.6,0.5,1.5
Constitutional,all_constraints,0.8913043478260869,0.312962510100078,0.9347826086956522,0.24826199498867582,4.8780487804878145,96,92,0.08742693811655045,0.12185460899404456,nominal,96,4,5042,0.6,0.5,1.5
Infection,all_constraints,0.8913043478260869,0.312962510100078,1.0,0.0,12.195121951219518,96,92,0.08742693811655045,0.12185460899404456,nominal,96,4,5042,0.6,0.5,1.5
Gastrointestinal,all_constraints,0.8586956521739131,0.3502439256481348,1.0,0.0,16.45569620253164,96,92,0.08742693811655045,0.12185460899404456,nominal,96,4,5042,0.6,0.5,1.5
Overall_Survival,all_constraints,10.71703690985075,1.8052018412616921,10.954689965265151,1.0680218015264957,2.2175257714747527,96,92,0.08742693811655045,0.12185460899404456,nominal,96,4,5042,0.6,0.5,1.5
all_constraints,all_constraints,0.7282608695652174,0.4472937149826407,0.9347826086956522,0.24826199498867582,28.358208955223883,96,92,0.08742693811655045,0.12185460899404456,nominal,96,4,5042,0.6,0.5,1.5
Any_DLT,dlt_only,0.8541666666666666,0.35479176002615415,1.0,0.0,17.07317073170732,96,96,0.011551367739836374,0.0022331807203280585,robust_reg,96,4,5042,0.6,0.5,1.5
Blood,dlt_only,0.875,0.33245498310218435,1.0,0.0,14.285714285714286,96,96,0.011551367739836374,0.0022331807203280585,robust_reg,96,4,5042,0.6,0.5,1.5
Constitutional,dlt_only,0.8645833333333334,0.34396424742808945,0.90625,0.2930106877878258,4.81927710843373,96,96,0.011551367739836374,0.0022331807203280585,robust_reg,96,4,5042,0.6,0.5,1.5
Infection,dlt_only,0.8645833333333334,0.34396424742808945,1.0,0.0,15.662650602409633,96,96,0.011551367739836374,0.0022331807203280585,robust_reg,96,4,5042,0.6,0.5,1.5
Gastrointestinal,dlt_only,0.8645833333333334,0.3439642474280894,0.9895833333333334,0.10206207261596574,14.457831325301203,96,96,0.011551367739836374,0.0022331807203280585,robust_reg,96,4,5042,0.6,0.5,1.5
Overall_Survival,dlt_only,10.690597206168823,1.779425762099106,11.00963097541902,1.0272215125875872,2.984246465352788,96,96,0.011551367739836374,0.0022331807203280585,robust_reg,96,4,5042,0.6,0.5,1.5
all_constraints,dlt_only,0.6979166666666666,0.4615714956689105,0.90625,0.2930106877878258,29.85074626865672,96,96,0.011551367739836374,0.0022331807203280585,robust_reg,96,4,5042,0.6,0.5,1.5
Any_DLT,all_constraints,0.8586956521739131,0.3502439256481347,1.0,0.0,16.45569620253164,96,92,0.04675436019897461,0.04798193588931012,robust_reg,96,4,5042,0.6,0.5,1.5
Blood,all_constraints,0.8913043478260869,0.31296251010007803,1.0,0.0,12.195121951219518,96,92,0.04675436019897461,0.04798193588931012,robust_reg,96,4,5042,0.6,0.5,1.5
Constitutional,all_constraints,0.8913043478260869,0.312962510100078,0.9130434782608695,0.28331529878993134,2.439024390243901,96,92,0.04675436019897461,0.04798193588931012,robust_reg,96,4,5042,0.6,0.5,1.5
Infection,all_constraints,0.8913043478260869,0.312962510100078,1.0,0.0,12.195121951219518,96,92,0.04675436019897461,0.04798193588931012,robust_reg,96,4,5042,0.6,0.5,1.5
Gastrointestinal,all_constraints,0.8586956521739131,0.3502439256481348,1.0,0.0,16.45569620253164,96,92,0.04675436019897461,0.04798193588931012,robust_reg,96,4,5042,0.6,0.5,1.5
Overall_Survival,all_constraints,10.71703690985075,1.8052018412616921,10.992799514580412,1.054338660197011,2.573123588631016,96,92,0.04675436019897461,0.04798193588931012,robust_reg,96,4,5042,0.6,0.5,1.5
all_constraints,all_constraints,0.7282608695652174,0.4472937149826407,0.9130434782608695,0.28331529878993134,25.3731343283582,96,92,0.04675436019897461,0.04798193588931012,robust_reg,96,4,5042,0.6,0.5,1.5
Any_DLT,dlt_only,0.8541666666666666,0.35479176002615415,1.0,0.0,17.07317073170732,96,96,0.32152217129866284,0.3001752058486552,cp,96,4,5042,0.6,0.5,1.5
Blood,dlt_only,0.875,0.33245498310218435,1.0,0.0,14.285714285714286,96,96,0.32152217129866284,0.3001752058486552,cp,96,4,5042,0.6,0.5,1.5
Constitutional,dlt_only,0.8645833333333334,0.34396424742808945,0.9479166666666666,0.22336148028967082,9.63855421686746,96,96,0.32152217129866284,0.3001752058486552,cp,96,4,5042,0.6,0.5,1.5
Infection,dlt_only,0.8645833333333334,0.34396424742808945,1.0,0.0,15.662650602409633,96,96,0.32152217129866284,0.3001752058486552,cp,96,4,5042,0.6,0.5,1.5
Gastrointestinal,dlt_only,0.8645833333333334,0.3439642474280894,1.0,0.0,15.662650602409633,96,96,0.32152217129866284,0.3001752058486552,cp,96,4,5042,0.6,0.5,1.5
Overall_Survival,dlt_only,10.690597206168823,1.779425762099106,10.73677586600271,0.9350646625069797,0.43195584814700416,96,96,0.32152217129866284,0.3001752058486552,cp,96,4,5042,0.6,0.5,1.5
all_constraints,dlt_only,0.6979166666666666,0.4615714956689105,0.9479166666666666,0.22336148028967082,35.820895522388064,96,96,0.32152217129866284,0.3001752058486552,cp,96,4,5042,0.6,0.5,1.5
Any_DLT,all_constraints,0.8586956521739131,0.3502439256481347,1.0,0.0,16.45569620253164,96,92,0.17404465625683466,0.16803811432172194,cp,94,4,5042,0.6,0.5,1.5
Blood,all_constraints,0.8913043478260869,0.31296251010007803,1.0,0.0,12.195121951219518,96,92,0.17404465625683466,0.16803811432172194,cp,94,4,5042,0.6,0.5,1.5
Constitutional,all_constraints,0.8913043478260869,0.312962510100078,0.9347826086956522,0.2482619949886758,4.8780487804878145,96,92,0.17404465625683466,0.16803811432172194,cp,94,4,5042,0.6,0.5,1.5
Infection,all_constraints,0.8913043478260869,0.312962510100078,1.0,0.0,12.195121951219518,96,92,0.17404465625683466,0.16803811432172194,cp,94,4,5042,0.6,0.5,1.5
Gastrointestinal,all_constraints,0.8586956521739131,0.3502439256481348,1.0,0.0,16.45569620253164,96,92,0.17404465625683466,0.16803811432172194,cp,94,4,5042,0.6,0.5,1.5
Overall_Survival,all_constraints,10.71703690985075,1.8052018412616921,10.893123784962926,1.0879635016458644,1.6430556001008352,96,92,0.17404465625683466,0.16803811432172194,cp,94,4,5042,0.6,0.5,1.5
all_constraints,all_constraints,0.7282608695652174,0.4472937149826407,0.9347826086956522,0.2482619949886758,28.358208955223883,96,92,0.17404465625683466,0.16803811432172194,cp,94,4,5042,0.6,0.5,1.5
Any_DLT,dlt_only,0.8541666666666666,0.35479176002615415,1.0,0.0,17.07317073170732,96,96,0.012231335043907166,0.001935216326611199,nominal,96,4,5042,0.6,0.5,2.0
Blood,dlt_only,0.875,0.33245498310218435,1.0,0.0,14.285714285714286,96,96,0.012231335043907166,0.001935216326611199,nominal,96,4,5042,0.6,0.5,2.0
Constitutional,dlt_only,0.8645833333333334,0.34396424742808945,0.9166666666666666,0.27783625115549687,6.02409638554216,96,96,0.012231335043907166,0.001935216326611199,nominal,96,4,5042,0.6,0.5,2.0
Infection,dlt_only,0.8645833333333334,0.34396424742808945,1.0,0.0,15.662650602409633,96,96,0.012231335043907166,0.001935216326611199,nominal,96,4,5042,0.6,0.5,2.0
Gastrointestinal,dlt_only,0.8645833333333334,0.3439642474280894,1.0,0.0,15.662650602409633,96,96,0.012231335043907166,0.001935216326611199,nominal,96,4,5042,0.6,0.5,2.0
Overall_Survival,dlt_only,10.690597206168823,1.779425762099106,10.991495814130841,1.0167800073389321,2.8146099058749527,96,96,0.012231335043907166,0.001935216326611199,nominal,96,4,5042,0.6,0.5,2.0
all_constraints,dlt_only,0.6979166666666666,0.4615714956689105,0.9166666666666666,0.27783625115549687,31.343283582089555,96,96,0.012231335043907166,0.001935216326611199,nominal,96,4,5042,0.6,0.5,2.0
Any_DLT,all_constraints,0.8586956521739131,0.3502439256481347,1.0,0.0,16.45569620253164,96,92,0.0919066568215688,0.13219797697035304,nominal,96,4,5042,0.6,0.5,2.0
Blood,all_constraints,0.8913043478260869,0.31296251010007803,1.0,0.0,12.195121951219518,96,92,0.0919066568215688,0.13219797697035304,nominal,96,4,5042,0.6,0.5,2.0
Constitutional,all_constraints,0.8913043478260869,0.312962510100078,0.9347826086956522,0.24826199498867582,4.8780487804878145,96,92,0.0919066568215688,0.13219797697035304,nominal,96,4,5042,0.6,0.5,2.0
Infection,all_constraints,0.8913043478260869,0.312962510100078,1.0,0.0,12.195121951219518,96,92,0.0919066568215688,0.13219797697035304,nominal,96,4,5042,0.6,0.5,2.0
Gastrointestinal,all_constraints,0.8586956521739131,0.3502439256481348,1.0,0.0,16.45569620253164,96,92,0.0919066568215688,0.13219797697035304,nominal,96,4,5042,0.6,0.5,2.0
Overall_Survival,all_constraints,10.71703690985075,1.8052018412616921,10.954689965265151,1.0680218015264957,2.2175257714747527,96,92,0.0919066568215688,0.13219797697035304,nominal,96,4,5042,0.6,0.5,2.0
all_constraints,all_constraints,0.7282608695652174,0.4472937149826407,0.9347826086956522,0.24826199498867582,28.358208955223883,96,92,0.0919066568215688,0.13219797697035304,nominal,96,4,5042,0.6,0.5,2.0
Any_DLT,dlt_only,0.8541666666666666,0.35479176002615415,1.0,0.0,17.07317073170732,96,96,0.012529219190279642,0.011654020415703166,robust_reg,96,4,5042,0.6,0.5,2.0
Blood,dlt_only,0.875,0.33245498310218435,1.0,0.0,14.285714285714286,96,96,0.012529219190279642,0.011654020415703166,robust_reg,96,4,5042,0.6,0.5,2.0
Constitutional,dlt_only,0.8645833333333334,0.34396424742808945,0.9166666666666666,0.27783625115549687,6.02409638554216,96,96,0.012529219190279642,0.011654020415703166,robust_reg,96,4,5042,0.6,0.5,2.0
Infection,dlt_only,0.8645833333333334,0.34396424742808945,1.0,0.0,15.662650602409633,96,96,0.012529219190279642,0.011654020415703166,robust_reg,96,4,5042,0.6,0.5,2.0
Gastrointestinal,dlt_only,0.8645833333333334,0.3439642474280894,1.0,0.0,15.662650602409633,96,96,0.012529219190279642,0.011654020415703166,robust_reg,96,4,5042,0.6,0.5,2.0
Overall_Survival,dlt_only,10.690597206168823,1.779425762099106,10.997787366341482,1.013177858341187,2.873461175727402,96,96,0.012529219190279642,0.011654020415703166,robust_reg,96,4,5042,0.6,0.5,2.0
all_constraints,dlt_only,0.6979166666666666,0.4615714956689105,0.9166666666666666,0.27783625115549687,31.343283582089555,96,96,0.012529219190279642,0.011654020415703166,robust_reg,96,4,5042,0.6,0.5,2.0
Any_DLT,all_constraints,0.8586956521739131,0.3502439256481347,1.0,0.0,16.45569620253164,96,92,0.06380478541056316,0.09622637928875066,robust_reg,95,4,5042,0.6,0.5,2.0
Blood,all_constraints,0.8913043478260869,0.31296251010007803,1.0,0.0,12.195121951219518,96,92,0.06380478541056316,0.09622637928875066,robust_reg,95,4,5042,0.6,0.5,2.0
Constitutional,all_constraints,0.8913043478260869,0.312962510100078,0.9239130434782609,0.2665900112789531,3.658536585365858,96,92,0.06380478541056316,0.09622637928875066,robust_reg,95,4,5042,0.6,0.5,2.0
Infection,all_constraints,0.8913043478260869,0.312962510100078,1.0,0.0,12.195121951219518,96,92,0.06380478541056316,0.09622637928875066,robust_reg,95,4,5042,0.6,0.5,2.0
Gastrointestinal,all_constraints,0.8586956521739131,0.3502439256481348,1.0,0.0,16.45569620253164,96,92,0.06380478541056316,0.09622637928875066,robust_reg,95,4,5042,0.6,0.5,2.0
Overall_Survival,all_constraints,10.71703690985075,1.8052018412616921,10.990658022612944,1.0552522164825162,2.553141461243742,96,92,0.06380478541056316,0.09622637928875066,robust_reg,95,4,5042,0.6,0.5,2.0
all_constraints,all_constraints,0.7282608695652174,0.4472937149826407,0.9239130434782609,0.2665900112789531,26.86567164179104,96,92,0.06380478541056316,0.09622637928875066,robust_reg,95,4,5042,0.6,0.5,2.0
Any_DLT,dlt_only,0.8541666666666666,0.35479176002615415,1.0,0.0,17.07317073170732,96,96,0.308626522620519,0.2809914096877832,cp,96,4,5042,0.6,0.5,2.0
Blood,dlt_only,0.875,0.33245498310218435,1.0,0.0,14.285714285714286,96,96,0.308626522620519,0.2809914096877832,cp,96,4,5042,0.6,0.5,2.0
Constitutional,dlt_only,0.8645833333333334,0.34396424742808945,0.9479166666666666,0.22336148028967082,9.63855421686746,96,96,0.308626522620519,0.2809914096877832,cp,96,4,5042,0.6,0.5,2.0
Infection,dlt_only,0.8645833333333334,0.34396424742808945,1.0,0.0,15.662650602409633,96,96,0.308626522620519,0.2809914096877832,cp,96,4,5042,0.6,0.5,2.0
Gastrointestinal,dlt_only,0.8645833333333334,0.3439642474280894,1.0,0.0,15.662650602409633,96,96,0.308626522620519,0.2809914096877832,cp,96,4,5042,0.6,0.5,2.0
Overall_Survival,dlt_only,10.690597206168823,1.779425762099106,10.73677586600271,0.9350646625069797,0.43195584814700416,96,96,0.308626522620519,0.2809914096877832,cp,96,4,5042,0.6,0.5,2.0
all_constraints,dlt_only,0.6979166666666666,0.4615714956689105,0.9479166666666666,0.22336148028967082,35.820895522388064,96,96,0.308626522620519,0.2809914096877832,cp,96,4,5042,0.6,0.5,2.0
Any_DLT,all_constraints,0.8586956521739131,0.3502439256481347,1.0,0.0,16.45569620253164,96,92,0.17620519051949182,0.1712136737298009,cp,94,4,5042,0.6,0.5,2.0
Blood,all_constraints,0.8913043478260869,0.31296251010007803,1.0,0.0,12.195121951219518,96,92,0.17620519051949182,0.1712136737298009,cp,94,4,5042,0.6,0.5,2.0
Constitutional,all_constraints,0.8913043478260869,0.312962510100078,0.9347826086956522,0.2482619949886758,4.8780487804878145,96,92,0.17620519051949182,0.1712136737298009,cp,94,4,5042,0.6,0.5,2.0
Infection,all_constraints,0.8913043478260869,0.312962510100078,1.0,0.0,12.195121951219518,96,92,0.17620519051949182,0.1712136737298009,cp,94,4,5042,0.6,0.5,2.0
Gastrointestinal,all_constraints,0.8586956521739131,0.3502439256481348,1.0,0.0,16.45569620253164,96,92,0.17620519051949182,0.1712136737298009,cp,94,4,5042,0.6,0.5,2.0
Overall_Survival,all_constraints,10.71703690985075,1.8052018412616921,10.893123784962926,1.0879635016458644,1.6430556001008352,96,92,0.17620519051949182,0.1712136737298009,cp,94,4,5042,0.6,0.5,2.0
all_constraints,all_constraints,0.7282608695652174,0.4472937149826407,0.9347826086956522,0.2482619949886758,28.358208955223883,96,92,0.17620519051949182,0.1712136737298009,cp,94,4,5042,0.6,0.5,2.0
Any_DLT,dlt_only,0.8526315789473684,0.3563533105934119,1.0,0.0,17.283950617283953,96,95,0.008618541061878204,0.000644746055198001,nominal,96,5,6042,0.6,0.5,0.5
Blood,dlt_only,0.8736842105263158,0.33396729560733096,1.0,0.0,14.457831325301198,96,95,0.008618541061878204,0.000644746055198001,nominal,96,5,6042,0.6,0.5,0.5
Constitutional,dlt_only,0.8631578947368421,0.34550383548659225,0.968421052631579,0.17580402404729137,12.19512195121951,96,95,0.008618541061878204,0.000644746055198001,nominal,96,5,6042,0.6,0.5,0.5
Infection,dlt_only,0.8631578947368421,0.3455038354865923,1.0,0.0,15.853658536585364,96,95,0.008618541061878204,0.000644746055198001,nominal,96,5,6042,0.6,0.5,0.5
Gastrointestinal,dlt_only,0.8631578947368421,0.3455038354865923,1.0,0.0,15.853658536585364,96,95,0.008618541061878204,0.000644746055198001,nominal,96,5,6042,0.6,0.5,0.5
Overall_Survival,dlt_only,10.692743200623422,1.7887408616809621,11.972816591722736,0.9819016020801629,11.971421805254634,96,95,0.008618541061878204,0.000644746055198001,nominal,96,5,6042,0.6,0.5,0.5
all_constraints,dlt_only,0.6947368421052632,0.462961884615724,0.968421052631579,0.17580402404729137,39.393939393939384,96,95,0.008618541061878204,0.000644746055198001,nominal,96,5,6042,0.6,0.5,0.5
Any_DLT,all_constraints,0.8541666666666666,0.35479176002615415,0.9895833333333334,0.10206207261596574,15.853658536585376,96,96,0.037991203367710114,0.02558866553375103,nominal,96,5,6042,0.6,0.5,0.5
Blood,all_constraints,0.875,0.33245498310218435,0.9895833333333334,0.10206207261596574,13.0952380952381,96,96,0.037991203367710114,0.02558866553375103,nominal,96,5,6042,0.6,0.5,0.5
Constitutional,all_constraints,0.8645833333333334,0.34396424742808945,0.9270833333333334,0.2613645031536837,7.228915662650602,96,96,0.037991203367710114,0.02558866553375103,nominal,96,5,6042,0.6,0.5,0.5
Infection,all_constraints,0.8645833333333334,0.34396424742808945,1.0,0.0,15.662650602409633,96,96,0.037991203367710114,0.02558866553375103,nominal,96,5,6042,0.6,0.5,0.5
Gastrointestinal,all_constraints,0.8645833333333334,0.3439642474280894,1.0,0.0,15.662650602409633,96,96,0.037991203367710114,0.02558866553375103,nominal,96,5,6042,0.6,0.5,0.5
Overall_Survival,all_constraints,10.690597206168823,1.779425762099106,11.958598173740397,0.9617007090412867,11.860899284839727,96,96,0.037991203367710114,0.02558866553375103,nominal,96,5,6042,0.6,0.5,0.5
all_constraints,all_constraints,0.6979166666666666,0.4615714956689105,0.9270833333333334,0.2613645031536837,32.8358208955224,96,96,0.037991203367710114,0.02558866553375103,nominal,96,5,6042,0.6,0.5,0.5
Any_DLT,dlt_only,0.8526315789473684,0.3563533105934119,1.0,0.0,17.283950617283953,96,95,0.009371794760227203,0.0006980637501615703,robust_reg,96,5,6042,0.6,0.5,0.5
Blood,dlt_only,0.8736842105263158,0.33396729560733096,1.0,0.0,14.457831325301198,96,95,0.009371794760227203,0.0006980637501615703,robust_reg,96,5,6042,0.6,0.5,0.5
Constitutional,dlt_only,0.8631578947368421,0.34550383548659225,0.9473684210526315,0.22448148540588725,9.7560975609756,96,95,0.009371794760227203,0.0006980637501615703,robust_reg,96,5,6042,0.6,0.5,0.5
Infection,dlt_only,0.8631578947368421,0.3455038354865923,1.0,0.0,15.853658536585364,96,95,0.009371794760227203,0.0006980637501615703,robust_reg,96,5,6042,0.6,0.5,0.5
Gastrointestinal,dlt_only,0.8631578947368421,0.3455038354865923,1.0,0.0,15.853658536585364,96,95,0.009371794760227203,0.0006980637501615703,robust_reg,96,5,6042,0.6,0.5,0.5
Overall_Survival,dlt_only,10.692743200623422,1.7887408616809621,11.973835351347056,0.9625638446805219,11.98094938489631,96,95,0.009371794760227203,0.0006980637501615703,robust_reg,96,5,6042,0.6,0.5,0.5
all_constraints,dlt_only,0.6947368421052632,0.462961884615724,0.9473684210526315,0.22448148540588725,36.363636363636346,96,95,0.009371794760227203,0.0006980637501615703,robust_reg,96,5,6042,0.6,0.5,0.5
Any_DLT,all_constraints,0.8541666666666666,0.35479176002615415,0.9895833333333334,0.10206207261596574,15.853658536585376,96,96,0.03882765273253123,0.010028252774318267,robust_reg,96,5,6042,0.6,0.5,0.5
Blood,all_constraints,0.875,0.33245498310218435,0.9895833333333334,0.10206207261596574,13.0952380952381,96,96,0.03882765273253123,0.010028252774318267,robust_reg,96,5,6042,0.6,0.5,0.5
Constitutional,all_constraints,0.8645833333333334,0.34396424742808945,0.9375,0.2433321316961438,8.43373493975903,96,96,0.03882765273253123,0.010028252774318267,robust_reg,96,5,6042,0.6,0.5,0.5
Infection,all_constraints,0.8645833333333334,0.34396424742808945,0.9895833333333334,0.10206207261596574,14.457831325301203,96,96,0.03882765273253123,0.010028252774318267,robust_reg,96,5,6042,0.6,0.5,0.5
Gastrointestinal,all_constraints,0.8645833333333334,0.3439642474280894,1.0,0.0,15.662650602409633,96,96,0.03882765273253123,0.010028252774318267,robust_reg,96,5,6042,0.6,0.5,0.5
Overall_Survival,all_constraints,10.690597206168823,1.779425762099106,11.942603660268858,0.9870062048879339,11.711286375821802,96,96,0.03882765273253123,0.010028252774318267,robust_reg,96,5,6042,0.6,0.5,0.5
all_constraints,all_constraints,0.6979166666666666,0.4615714956689105,0.9375,0.2433321316961438,34.32835820895523,96,96,0.03882765273253123,0.010028252774318267,robust_reg,96,5,6042,0.6,0.5,0.5
Any_DLT,dlt_only,0.8526315789473684,0.3563533105934119,1.0,0.0,17.283950617283953,96,95,0.05834596355756124,0.011685391883799773,cp,95,5,6042,0.6,0.5,0.5
Blood,dlt_only,0.8736842105263158,0.33396729560733096,1.0,0.0,14.457831325301198,96,95,0.05834596355756124,0.011685391883799773,cp,95,5,6042,0.6,0.5,0.5
Constitutional,dlt_only,0.8631578947368421,0.34550383548659225,0.9157894736842105,0.27917652063748477,6.097560975609749,96,95,0.05834596355756124,0.011685391883799773,cp,95,5,6042,0.6,0.5,0.5
Infection,dlt_only,0.8631578947368421,0.3455038354865923,1.0,0.0,15.853658536585364,96,95,0.05834596355756124,0.011685391883799773,cp,95,5,6042,0.6,0.5,0.5
Gastrointestinal,dlt_only,0.8631578947368421,0.3455038354865923,1.0,0.0,15.853658536585364,96,95,0.05834596355756124,0.011685391883799773,cp,95,5,6042,0.6,0.5,0.5
Overall_Survival,dlt_only,10.692743200623422,1.7887408616809621,11.922253278497573,1.0059627164882001,11.498546769574215,96,95,0.05834596355756124,0.011685391883799773,cp,95,5,6042,0.6,0.5,0.5
all_constraints,dlt_only,0.6947368421052632,0.462961884615724,0.9157894736842105,0.27917652063748477,31.818181818181806,96,95,0.05834596355756124,0.011685391883799773,cp,95,5,6042,0.6,0.5,0.5
Any_DLT,all_constraints,0.8541666666666666,0.35479176002615415,1.0,0.0,17.07317073170732,96,96,0.060039274394512177,0.01692890267371768,cp,96,5,6042,0.6,0.5,0.5
Blood,all_constraints,0.875,0.33245498310218435,1.0,0.0,14.285714285714286,96,96,0.060039274394512177,0.01692890267371768,cp,96,5,6042,0.6,0.5,0.5
Constitutional,all_constraints,0.8645833333333334,0.34396424742808945,0.9479166666666666,0.22336148028967082,9.63855421686746,96,96,0.060039274394512177,0.01692890267371768,cp,96,5,6042,0.6,0.5,0.5
Infection,all_constraints,0.8645833333333334,0.34396424742808945,1.0,0.0,15.662650602409633,96,96,0.060039274394512177,0.01692890267371768,cp,96,5,6042,0.6,0.5,0.5
Gastrointestinal,all_constraints,0.8645833333333334,0.3439642474280894,1.0,0.0,15.662650602409633,96,96,0.060039274394512177,0.01692890267371768,cp,96,5,6042,0.6,0.5,0.5
Overall_Survival,all_constraints,10.690597206168823,1.779425762099106,11.927789025672046,1.038858645717681,11.572710070765025,96,96,0.060039274394512177,0.01692890267371768,cp,96,5,6042,0.6,0.5,0.5
all_constraints,all_constraints,0.6979166666666666,0.4615714956689105,0.9479166666666666,0.22336148028967082,35.820895522388064,96,96,0.060039274394512177,0.01692890267371768,cp,96,5,6042,0.6,0.5,0.5
Any_DLT,dlt_only,0.8526315789473684,0.3563533105934119,1.0,0.0,17.283950617283953,96,95,0.008440119524796804,0.000630744588015286,nominal,96,5,6042,0.6,0.5,0.75
Blood,dlt_only,0.8736842105263158,0.33396729560733096,1.0,0.0,14.457831325301198,96,95,0.008440119524796804,0.000630744588015286,nominal,96,5,6042,0.6,0.5,0.75
Constitutional,dlt_only,0.8631578947368421,0.34550383548659225,0.968421052631579,0.17580402404729137,12.19512195121951,96,95,0.008440119524796804,0.000630744588015286,nominal,96,5,6042,0.6,0.5,0.75
Infection,dlt_only,0.8631578947368421,0.3455038354865923,1.0,0.0,15.853658536585364,96,95,0.008440119524796804,0.000630744588015286,nominal,96,5,6042,0.6,0.5,0.75
Gastrointestinal,dlt_only,0.8631578947368421,0.3455038354865923,1.0,0.0,15.853658536585364,96,95,0.008440119524796804,0.000630744588015286,nominal,96,5,6042,0.6,0.5,0.75
Overall_Survival,dlt_only,10.692743200623422,1.7887408616809621,11.972816591722736,0.9819016020801629,11.971421805254634,96,95,0.008440119524796804,0.000630744588015286,nominal,96,5,6042,0.6,0.5,0.75
all_constraints,dlt_only,0.6947368421052632,0.462961884615724,0.968421052631579,0.17580402404729137,39.393939393939384,96,95,0.008440119524796804,0.000630744588015286,nominal,96,5,6042,0.6,0.5,0.75
Any_DLT,all_constraints,0.8541666666666666,0.35479176002615415,0.9895833333333334,0.10206207261596574,15.853658536585376,96,96,0.0375672255953153,0.024410696377041262,nominal,96,5,6042,0.6,0.5,0.75
Blood,all_constraints,0.875,0.33245498310218435,0.9895833333333334,0.10206207261596574,13.0952380952381,96,96,0.0375672255953153,0.024410696377041262,nominal,96,5,6042,0.6,0.5,0.75
Constitutional,all_constraints,0.8645833333333334,0.34396424742808945,0.9270833333333334,0.2613645031536837,7.228915662650602,96,96,0.0375672255953153,0.024410696377041262,nominal,96,5,6042,0.6,0.5,0.75
Infection,all_constraints,0.8645833333333334,0.34396424742808945,1.0,0.0,15.662650602409633,96,96,0.0375672255953153,0.024410696377041262,nominal,96,5,6042,0.6,0.5,0.75
Gastrointestinal,all_constraints,0.8645833333333334,0.3439642474280894,1.0,0.0,15.662650602409633,96,96,0.0375672255953153,0.024410696377041262,nominal,96,5,6042,0.6,0.5,0.75
Overall_Survival,all_constraints,10.690597206168823,1.779425762099106,11.958598173740397,0.9617007090412867,11.860899284839727,96,96,0.0375672255953153,0.024410696377041262,nominal,96,5,6042,0.6,0.5,0.75
all_constraints,all_constraints,0.6979166666666666,0.4615714956689105,0.9270833333333334,0.2613645031536837,32.8358208955224,96,96,0.0375672255953153,0.024410696377041262,nominal,96,5,6042,0.6,0.5,0.75
Any_DLT,dlt_only,0.8526315789473684,0.3563533105934119,1.0,0.0,17.283950617283953,96,95,0.009045739968617758,0.00078575393584022,robust_reg,96,5,6042,0.6,0.5,0.75
Blood,dlt_only,0.8736842105263158,0.33396729560733096,1.0,0.0,14.457831325301198,96,95,0.009045739968617758,0.00078575393584022,robust_reg,96,5,6042,0.6,0.5,0.75
Constitutional,dlt_only,0.8631578947368421,0.34550383548659225,0.9263157894736842,0.26264227200873946,7.317073170731704,96,95,0.009045739968617758,0.00078575393584022,robust_reg,96,5,6042,0.6,0.5,0.75
Infection,dlt_only,0.8631578947368421,0.3455038354865923,1.0,0.0,15.853658536585364,96,95,0.009045739968617758,0.00078575393584022,robust_reg,96,5,6042,0.6,0.5,0.75
Gastrointestinal,dlt_only,0.8631578947368421,0.3455038354865923,1.0,0.0,15.853658536585364,96,95,0.009045739968617758,0.00078575393584022,robust_reg,96,5,6042,0.6,0.5,0.75
Overall_Survival,dlt_only,10.692743200623422,1.7887408616809621,11.980055128526772,0.9808196880301847,12.039117593587163,96,95,0.009045739968617758,0.00078575393584022,robust_reg,96,5,6042,0.6,0.5,0.75
all_constraints,dlt_only,0.6947368421052632,0.462961884615724,0.9263157894736842,0.26264227200873946,33.33333333333332,96,95,0.009045739968617758,0.00078575393584022,robust_reg,96,5,6042,0.6,0.5,0.75
Any_DLT,all_constraints,0.8541666666666666,0.35479176002615415,1.0,0.0,17.07317073170732,96,96,0.0366036593914032,0.010147102464387006,robust_reg,96,5,6042,0.6,0.5,0.75
Blood,all_constraints,0.875,0.33245498310218435,1.0,0.0,14.285714285714286,96,96,0.0366036593914032,0.010147102464387006,robust_reg,96,5,6042,0.6,0.5,0.75
Constitutional,all_constraints,0.8645833333333334,0.34396424742808945,0.9791666666666666,0.143575886163796,13.253012048192762,96,96,0.0366036593914032,0.010147102464387006,robust_reg,96,5,6042,0.6,0.5,0.75
Infection,all_constraints,0.8645833333333334,0.34396424742808945,1.0,0.0,15.662650602409633,96,96,0.0366036593914032,0.010147102464387006,robust_reg,96,5,6042,0.6,0.5,0.75
Gastrointestinal,all_constraints,0.8645833333333334,0.3439642474280894,1.0,0.0,15.662650602409633,96,96,0.0366036593914032,0.010147102464387006,robust_reg,96,5,6042,0.6,0.5,0.75
Overall_Survival,all_constraints,10.690597206168823,1.779425762099106,11.931997305752342,1.0237374445288658,11.612074383152239,96,96,0.0366036593914032,0.010147102464387006,robust_reg,96,5,6042,0.6,0.5,0.75
all_constraints,all_constraints,0.6979166666666666,0.4615714956689105,0.9791666666666666,0.143575886163796,40.29850746268657,96,96,0.0366036593914032,0.010147102464387006,robust_reg,96,5,6042,0.6,0.5,0.75
Any_DLT,dlt_only,0.8526315789473684,0.3563533105934119,1.0,0.0,17.283950617283953,96,95,0.06037451575199763,0.01271582831156834,cp,95,5,6042,0.6,0.5,0.75
Blood,dlt_only,0.8736842105263158,0.33396729560733096,1.0,0.0,14.457831325301198,96,95,0.06037451575199763,0.01271582831156834,cp,95,5,6042,0.6,0.5,0.75
Constitutional,dlt_only,0.8631578947368421,0.34550383548659225,0.9157894736842105,0.27917652063748477,6.097560975609749,96,95,0.06037451575199763,0.01271582831156834,cp,95,5,6042,0.6,0.5,0.75
Infection,dlt_only,0.8631578947368421,0.3455038354865923,1.0,0.0,15.853658536585364,96,95,0.06037451575199763,0.01271582831156834,cp,95,5,6042,0.6,0.5,0.75
Gastrointestinal,dlt_only,0.8631578947368421,0.3455038354865923,1.0,0.0,15.853658536585364,96,95,0.06037451575199763,0.01271582831156834,cp,95,5,6042,0.6,0.5,0.75
Overall_Survival,dlt_only,10.692743200623422,1.7887408616809621,11.922253278497573,1.0059627164882001,11.498546769574215,96,95,0.06037451575199763,0.01271582831156834,cp,95,5,6042,0.6,0.5,0.75
all_constraints,dlt_only,0.6947368421052632,0.462961884615724,0.9157894736842105,0.27917652063748477,31.818181818181806,96,95,0.06037451575199763,0.01271582831156834,cp,95,5,6042,0.6,0.5,0.75
Any_DLT,all_constraints,0.8541666666666666,0.35479176002615415,0.9895833333333334,0.10206207261596574,15.853658536585376,96,96,0.07424754152695338,0.02532425464657441,cp,96,5,6042,0.6,0.5,0.75
Blood,all_constraints,0.875,0.33245498310218435,0.9895833333333334,0.10206207261596574,13.0952380952381,96,96,0.07424754152695338,0.02532425464657441,cp,96,5,6042,0.6,0.5,0.75
Constitutional,all_constraints,0.8645833333333334,0.34396424742808945,0.96875,0.17490598978639324,12.048192771084333,96,96,0.07424754152695338,0.02532425464657441,cp,96,5,6042,0.6,0.5,0.75
Infection,all_constraints,0.8645833333333334,0.34396424742808945,1.0,0.0,15.662650602409633,96,96,0.07424754152695338,0.02532425464657441,cp,96,5,6042,0.6,0.5,0.75
Gastrointestinal,all_constraints,0.8645833333333334,0.3439642474280894,1.0,0.0,15.662650602409633,96,96,0.07424754152695338,0.02532425464657441,cp,96,5,6042,0.6,0.5,0.75
Overall_Survival,all_constraints,10.690597206168823,1.779425762099106,11.931661646596181,1.0263599356120396,11.60893462257865,96,96,0.07424754152695338,0.02532425464657441,cp,96,5,6042,0.6,0.5,0.75
all_constraints,all_constraints,0.6979166666666666,0.4615714956689105,0.96875,0.17490598978639324,38.80597014925374,96,96,0.07424754152695338,0.02532425464657441,cp,96,5,6042,0.6,0.5,0.75
Any_DLT,dlt_only,0.8526315789473684,0.3563533105934119,1.0,0.0,17.283950617283953,96,95,0.008368216454982758,0.0006447630280609213,nominal,96,5,6042,0.6,0.5,1.0
Blood,dlt_only,0.8736842105263158,0.33396729560733096,1.0,0.0,14.457831325301198,96,95,0.008368216454982758,0.0006447630280609213,nominal,96,5,6042,0.6,0.5,1.0
Constitutional,dlt_only,0.8631578947368421,0.34550383548659225,0.968421052631579,0.17580402404729137,12.19512195121951,96,95,0.008368216454982758,0.0006447630280609213,nominal,96,5,6042,0.6,0.5,1.0
Infection,dlt_only,0.8631578947368421,0.3455038354865923,1.0,0.0,15.853658536585364,96,95,0.008368216454982758,0.0006447630280609213,nominal,96,5,6042,0.6,0.5,1.0
Gastrointestinal,dlt_only,0.8631578947368421,0.3455038354865923,1.0,0.0,15.853658536585364,96,95,0.008368216454982758,0.0006447630280609213,nominal,96,5,6042,0.6,0.5,1.0
Overall_Survival,dlt_only,10.692743200623422,1.7887408616809621,11.972816591722736,0.9819016020801629,11.971421805254634,96,95,0.008368216454982758,0.0006447630280609213,nominal,96,5,6042,0.6,0.5,1.0
all_constraints,dlt_only,0.6947368421052632,0.462961884615724,0.968421052631579,0.17580402404729137,39.393939393939384,96,95,0.008368216454982758,0.0006447630280609213,nominal,96,5,6042,0.6,0.5,1.0
Any_DLT,all_constraints,0.8541666666666666,0.35479176002615415,0.9895833333333334,0.10206207261596574,15.853658536585376,96,96,0.03735365718603134,0.02698645042351612,nominal,96,5,6042,0.6,0.5,1.0
Blood,all_constraints,0.875,0.33245498310218435,0.9895833333333334,0.10206207261596574,13.0952380952381,96,96,0.03735365718603134,0.02698645042351612,nominal,96,5,6042,0.6,0.5,1.0
Constitutional,all_constraints,0.8645833333333334,0.34396424742808945,0.9270833333333334,0.2613645031536837,7.228915662650602,96,96,0.03735365718603134,0.02698645042351612,nominal,96,5,6042,0.6,0.5,1.0
Infection,all_constraints,0.8645833333333334,0.34396424742808945,1.0,0.0,15.662650602409633,96,96,0.03735365718603134,0.02698645042351612,nominal,96,5,6042,0.6,0.5,1.0
Gastrointestinal,all_constraints,0.8645833333333334,0.3439642474280894,1.0,0.0,15.662650602409633,96,96,0.03735365718603134,0.02698645042351612,nominal,96,5,6042,0.6,0.5,1.0
Overall_Survival,all_constraints,10.690597206168823,1.779425762099106,11.958598173740397,0.9617007090412867,11.860899284839727,96,96,0.03735365718603134,0.02698645042351612,nominal,96,5,6042,0.6,0.5,1.0
all_constraints,all_constraints,0.6979166666666666,0.4615714956689105,0.9270833333333334,0.2613645031536837,32.8358208955224,96,96,0.03735365718603134,0.02698645042351612,nominal,96,5,6042,0.6,0.5,1.0
Any_DLT,dlt_only,0.8526315789473684,0.3563533105934119,1.0,0.0,17.283950617283953,96,95,0.009647682309150696,0.0009357886337072634,robust_reg,96,5,6042,0.6,0.5,1.0
Blood,dlt_only,0.8736842105263158,0.33396729560733096,1.0,0.0,14.457831325301198,96,95,0.009647682309150696,0.0009357886337072634,robust_reg,96,5,6042,0.6,0.5,1.0
Constitutional,dlt_only,0.8631578947368421,0.34550383548659225,0.968421052631579,0.1758040240472914,12.19512195121951,96,95,0.009647682309150696,0.0009357886337072634,robust_reg,96,5,6042,0.6,0.5,1.0
Infection,dlt_only,0.8631578947368421,0.3455038354865923,1.0,0.0,15.853658536585364,96,95,0.009647682309150696,0.0009357886337072634,robust_reg,96,5,6042,0.6,0.5,1.0
Gastrointestinal,dlt_only,0.8631578947368421,0.3455038354865923,1.0,0.0,15.853658536585364,96,95,0.009647682309150696,0.0009357886337072634,robust_reg,96,5,6042,0.6,0.5,1.0
Overall_Survival,dlt_only,10.692743200623422,1.7887408616809621,11.966150680831602,0.965903626716226,11.909081292945816,96,95,0.009647682309150696,0.0009357886337072634,robust_reg,96,5,6042,0.6,0.5,1.0
all_constraints,dlt_only,0.6947368421052632,0.462961884615724,0.968421052631579,0.1758040240472914,39.393939393939384,96,95,0.009647682309150696,0.0009357886337072634,robust_reg,96,5,6042,0.6,0.5,1.0
Any_DLT,all_constraints,0.8541666666666666,0.35479176002615415,1.0,0.0,17.07317073170732,96,96,0.03479735553264618,0.0067894093587479035,robust_reg,96,5,6042,0.6,0.5,1.0
Blood,all_constraints,0.875,0.33245498310218435,0.9895833333333334,0.10206207261596574,13.0952380952381,96,96,0.03479735553264618,0.0067894093587479035,robust_reg,96,5,6042,0.6,0.5,1.0
Constitutional,all_constraints,0.8645833333333334,0.34396424742808945,0.96875,0.17490598978639324,12.048192771084333,96,96,0.03479735553264618,0.0067894093587479035,robust_reg,96,5,6042,0.6,0.5,1.0
Infection,all_constraints,0.8645833333333334,0.34396424742808945,1.0,0.0,15.662650602409633,96,96,0.03479735553264618,0.0067894093587479035,robust_reg,96,5,6042,0.6,0.5,1.0
Gastrointestinal,all_constraints,0.8645833333333334,0.3439642474280894,1.0,0.0,15.662650602409633,96,96,0.03479735553264618,0.0067894093587479035,robust_reg,96,5,6042,0.6,0.5,1.0
Overall_Survival,all_constraints,10.690597206168823,1.779425762099106,11.955595410183049,0.966511170831696,11.832811391343798,96,96,0.03479735553264618,0.0067894093587479035,robust_reg,96,5,6042,0.6,0.5,1.0
all_constraints,all_constraints,0.6979166666666666,0.4615714956689105,0.9583333333333334,0.20087527770480487,37.31343283582091,96,96,0.03479735553264618,0.0067894093587479035,robust_reg,96,5,6042,0.6,0.5,1.0
Any_DLT,dlt_only,0.8526315789473684,0.3563533105934119,1.0,0.0,17.283950617283953,96,95,0.05696847786506017,0.011594969932913946,cp,95,5,6042,0.6,0.5,1.0
Blood,dlt_only,0.8736842105263158,0.33396729560733096,1.0,0.0,14.457831325301198,96,95,0.05696847786506017,0.011594969932913946,cp,95,5,6042,0.6,0.5,1.0
Constitutional,dlt_only,0.8631578947368421,0.34550383548659225,0.9157894736842105,0.27917652063748477,6.097560975609749,96,95,0.05696847786506017,0.011594969932913946,cp,95,5,6042,0.6,0.5,1.0
Infection,dlt_only,0.8631578947368421,0.3455038354865923,1.0,0.0,15.853658536585364,96,95,0.05696847786506017,0.011594969932913946,cp,95,5,6042,0.6,0.5,1.0
Gastrointestinal,dlt_only,0.8631578947368421,0.3455038354865923,1.0,0.0,15.853658536585364,96,95,0.05696847786506017,0.011594969932913946,cp,95,5,6042,0.6,0.5,1.0
Overall_Survival,dlt_only,10.692743200623422,1.7887408616809621,11.922253278497573,1.0059627164882001,11.498546769574215,96,95,0.05696847786506017,0.011594969932913946,cp,95,5,6042,0.6,0.5,1.0
all_constraints,dlt_only,0.6947368421052632,0.462961884615724,0.9157894736842105,0.27917652063748477,31.818181818181806,96,95,0.05696847786506017,0.011594969932913946,cp,95,5,6042,0.6,0.5,1.0
Any_DLT,all_constraints,0.8541666666666666,0.35479176002615415,1.0,0.0,17.07317073170732,96,96,0.05921921133995056,0.016739854561397,cp,96,5,6042,0.6,0.5,1.0
Blood,all_constraints,0.875,0.33245498310218435,1.0,0.0,14.285714285714286,96,96,0.05921921133995056,0.016739854561397,cp,96,5,6042,0.6,0.5,1.0
Constitutional,all_constraints,0.8645833333333334,0.34396424742808945,0.9479166666666666,0.22336148028967082,9.63855421686746,96,96,0.05921921133995056,0.016739854561397,cp,96,5,6042,0.6,0.5,1.0
Infection,all_constraints,0.8645833333333334,0.34396424742808945,1.0,0.0,15.662650602409633,96,96,0.05921921133995056,0.016739854561397,cp,96,5,6042,0.6,0.5,1.0
Gastrointestinal,all_constraints,0.8645833333333334,0.3439642474280894,1.0,0.0,15.662650602409633,96,96,0.05921921133995056,0.016739854561397,cp,96,5,6042,0.6,0.5,1.0
Overall_Survival,all_constraints,10.690597206168823,1.779425762099106,11.927789025672046,1.038858645717681,11.572710070765025,96,96,0.05921921133995056,0.016739854561397,cp,96,5,6042,0.6,0.5,1.0
all_constraints,all_constraints,0.6979166666666666,0.4615714956689105,0.9479166666666666,0.22336148028967082,35.820895522388064,96,96,0.05921921133995056,0.016739854561397,cp,96,5,6042,0.6,0.5,1.0
Any_DLT,dlt_only,0.8526315789473684,0.3563533105934119,1.0,0.0,17.283950617283953,96,95,0.008357269068559011,0.0006212001938426889,nominal,96,5,6042,0.6,0.5,1.5
Blood,dlt_only,0.8736842105263158,0.33396729560733096,1.0,0.0,14.457831325301198,96,95,0.008357269068559011,0.0006212001938426889,nominal,96,5,6042,0.6,0.5,1.5
Constitutional,dlt_only,0.8631578947368421,0.34550383548659225,0.968421052631579,0.17580402404729137,12.19512195121951,96,95,0.008357269068559011,0.0006212001938426889,nominal,96,5,6042,0.6,0.5,1.5
Infection,dlt_only,0.8631578947368421,0.3455038354865923,1.0,0.0,15.853658536585364,96,95,0.008357269068559011,0.0006212001938426889,nominal,96,5,6042,0.6,0.5,1.5
Gastrointestinal,dlt_only,0.8631578947368421,0.3455038354865923,1.0,0.0,15.853658536585364,96,95,0.008357269068559011,0.0006212001938426889,nominal,96,5,6042,0.6,0.5,1.5
Overall_Survival,dlt_only,10.692743200623422,1.7887408616809621,11.972816591722736,0.9819016020801629,11.971421805254634,96,95,0.008357269068559011,0.0006212001938426889,nominal,96,5,6042,0.6,0.5,1.5
all_constraints,dlt_only,0.6947368421052632,0.462961884615724,0.968421052631579,0.17580402404729137,39.393939393939384,96,95,0.008357269068559011,0.0006212001938426889,nominal,96,5,6042,0.6,0.5,1.5
Any_DLT,all_constraints,0.8541666666666666,0.35479176002615415,0.9895833333333334,0.10206207261596574,15.853658536585376,96,96,0.03644310186306635,0.019257050441481897,nominal,96,5,6042,0.6,0.5,1.5
Blood,all_constraints,0.875,0.33245498310218435,0.9895833333333334,0.10206207261596574,13.0952380952381,96,96,0.03644310186306635,0.019257050441481897,nominal,96,5,6042,0.6,0.5,1.5
Constitutional,all_constraints,0.8645833333333334,0.34396424742808945,0.9270833333333334,0.2613645031536837,7.228915662650602,96,96,0.03644310186306635,0.019257050441481897,nominal,96,5,6042,0.6,0.5,1.5
Infection,all_constraints,0.8645833333333334,0.34396424742808945,1.0,0.0,15.662650602409633,96,96,0.03644310186306635,0.019257050441481897,nominal,96,5,6042,0.6,0.5,1.5
Gastrointestinal,all_constraints,0.8645833333333334,0.3439642474280894,1.0,0.0,15.662650602409633,96,96,0.03644310186306635,0.019257050441481897,nominal,96,5,6042,0.6,0.5,1.5
Overall_Survival,all_constraints,10.690597206168823,1.779425762099106,11.958598173740397,0.9617007090412867,11.860899284839727,96,96,0.03644310186306635,0.019257050441481897,nominal,96,5,6042,0.6,0.5,1.5
all_constraints,all_constraints,0.6979166666666666,0.4615714956689105,0.9270833333333334,0.2613645031536837,32.8358208955224,96,96,0.03644310186306635,0.019257050441481897,nominal,96,5,6042,0.6,0.5,1.5
Any_DLT,dlt_only,0.8526315789473684,0.3563533105934119,1.0,0.0,17.283950617283953,96,95,0.008963055908679962,0.0008192413287350591,robust_reg,96,5,6042,0.6,0.5,1.5
Blood,dlt_only,0.8736842105263158,0.33396729560733096,1.0,0.0,14.457831325301198,96,95,0.008963055908679962,0.0008192413287350591,robust_reg,96,5,6042,0.6,0.5,1.5
Constitutional,dlt_only,0.8631578947368421,0.34550383548659225,0.9578947368421052,0.20189472049435528,10.975609756097557,96,95,0.008963055908679962,0.0008192413287350591,robust_reg,96,5,6042,0.6,0.5,1.5
Infection,dlt_only,0.8631578947368421,0.3455038354865923,1.0,0.0,15.853658536585364,96,95,0.008963055908679962,0.0008192413287350591,robust_reg,96,5,6042,0.6,0.5,1.5
Gastrointestinal,dlt_only,0.8631578947368421,0.3455038354865923,1.0,0.0,15.853658536585364,96,95,0.008963055908679962,0.0008192413287350591,robust_reg,96,5,6042,0.6,0.5,1.5
Overall_Survival,dlt_only,10.692743200623422,1.7887408616809621,11.97075288614995,0.9712082489571959,11.95212174787866,96,95,0.008963055908679962,0.0008192413287350591,robust_reg,96,5,6042,0.6,0.5,1.5
all_constraints,dlt_only,0.6947368421052632,0.462961884615724,0.9578947368421052,0.20189472049435528,37.87878787878787,96,95,0.008963055908679962,0.0008192413287350591,robust_reg,96,5,6042,0.6,0.5,1.5
Any_DLT,all_constraints,0.8541666666666666,0.35479176002615415,1.0,0.0,17.07317073170732,96,96,0.03618848572174708,0.008428373953864872,robust_reg,96,5,6042,0.6,0.5,1.5
Blood,all_constraints,0.875,0.33245498310218435,1.0,0.0,14.285714285714286,96,96,0.03618848572174708,0.008428373953864872,robust_reg,96,5,6042,0.6,0.5,1.5
Constitutional,all_constraints,0.8645833333333334,0.34396424742808945,0.9583333333333334,0.20087527770480484,10.843373493975903,96,96,0.03618848572174708,0.008428373953864872,robust_reg,96,5,6042,0.6,0.5,1.5
Infection,all_constraints,0.8645833333333334,0.34396424742808945,1.0,0.0,15.662650602409633,96,96,0.03618848572174708,0.008428373953864872,robust_reg,96,5,6042,0.6,0.5,1.5
Gastrointestinal,all_constraints,0.8645833333333334,0.3439642474280894,1.0,0.0,15.662650602409633,96,96,0.03618848572174708,0.008428373953864872,robust_reg,96,5,6042,0.6,0.5,1.5
Overall_Survival,all_constraints,10.690597206168823,1.779425762099106,11.93510748761588,1.0258004104247365,11.641167069028985,96,96,0.03618848572174708,0.008428373953864872,robust_reg,96,5,6042,0.6,0.5,1.5
all_constraints,all_constraints,0.6979166666666666,0.4615714956689105,0.9583333333333334,0.20087527770480484,37.31343283582091,96,96,0.03618848572174708,0.008428373953864872,robust_reg,96,5,6042,0.6,0.5,1.5
Any_DLT,dlt_only,0.8526315789473684,0.3563533105934119,1.0,0.0,17.283950617283953,96,95,0.057075731456279755,0.011572222251814498,cp,95,5,6042,0.6,0.5,1.5
Blood,dlt_only,0.8736842105263158,0.33396729560733096,1.0,0.0,14.457831325301198,96,95,0.057075731456279755,0.011572222251814498,cp,95,5,6042,0.6,0.5,1.5
Constitutional,dlt_only,0.8631578947368421,0.34550383548659225,0.9157894736842105,0.27917652063748477,6.097560975609749,96,95,0.057075731456279755,0.011572222251814498,cp,95,5,6042,0.6,0.5,1.5
Infection,dlt_only,0.8631578947368421,0.3455038354865923,1.0,0.0,15.853658536585364,96,95,0.057075731456279755,0.011572222251814498,cp,95,5,6042,0.6,0.5,1.5
Gastrointestinal,dlt_only,0.8631578947368421,0.3455038354865923,1.0,0.0,15.853658536585364,96,95,0.057075731456279755,0.011572222251814498,cp,95,5,6042,0.6,0.5,1.5
Overall_Survival,dlt_only,10.692743200623422,1.7887408616809621,11.922253278497573,1.0059627164882001,11.498546769574215,96,95,0.057075731456279755,0.011572222251814498,cp,95,5,6042,0.6,0.5,1.5
all_constraints,dlt_only,0.6947368421052632,0.462961884615724,0.9157894736842105,0.27917652063748477,31.818181818181806,96,95,0.057075731456279755,0.011572222251814498,cp,95,5,6042,0.6,0.5,1.5
Any_DLT,all_constraints,0.8541666666666666,0.35479176002615415,1.0,0.0,17.07317073170732,96,96,0.05915175875027975,0.016893586014781775,cp,96,5,6042,0.6,0.5,1.5
Blood,all_constraints,0.875,0.33245498310218435,1.0,0.0,14.285714285714286,96,96,0.05915175875027975,0.016893586014781775,cp,96,5,6042,0.6,0.5,1.5
Constitutional,all_constraints,0.8645833333333334,0.34396424742808945,0.9479166666666666,0.22336148028967082,9.63855421686746,96,96,0.05915175875027975,0.016893586014781775,cp,96,5,6042,0.6,0.5,1.5
Infection,all_constraints,0.8645833333333334,0.34396424742808945,1.0,0.0,15.662650602409633,96,96,0.05915175875027975,0.016893586014781775,cp,96,5,6042,0.6,0.5,1.5
Gastrointestinal,all_constraints,0.8645833333333334,0.3439642474280894,1.0,0.0,15.662650602409633,96,96,0.05915175875027975,0.016893586014781775,cp,96,5,6042,0.6,0.5,1.5
Overall_Survival,all_constraints,10.690597206168823,1.779425762099106,11.927789025672046,1.038858645717681,11.572710070765025,96,96,0.05915175875027975,0.016893586014781775,cp,96,5,6042,0.6,0.5,1.5
all_constraints,all_constraints,0.6979166666666666,0.4615714956689105,0.9479166666666666,0.22336148028967082,35.820895522388064,96,96,0.05915175875027975,0.016893586014781775,cp,96,5,6042,0.6,0.5,1.5
Any_DLT,dlt_only,0.8526315789473684,0.3563533105934119,1.0,0.0,17.283950617283953,96,95,0.008469772835572561,0.0006802467897032584,nominal,96,5,6042,0.6,0.5,2.0
Blood,dlt_only,0.8736842105263158,0.33396729560733096,1.0,0.0,14.457831325301198,96,95,0.008469772835572561,0.0006802467897032584,nominal,96,5,6042,0.6,0.5,2.0
Constitutional,dlt_only,0.8631578947368421,0.34550383548659225,0.968421052631579,0.17580402404729137,12.19512195121951,96,95,0.008469772835572561,0.0006802467897032584,nominal,96,5,6042,0.6,0.5,2.0
Infection,dlt_only,0.8631578947368421,0.3455038354865923,1.0,0.0,15.853658536585364,96,95,0.008469772835572561,0.0006802467897032584,nominal,96,5,6042,0.6,0.5,2.0
Gastrointestinal,dlt_only,0.8631578947368421,0.3455038354865923,1.0,0.0,15.853658536585364,96,95,0.008469772835572561,0.0006802467897032584,nominal,96,5,6042,0.6,0.5,2.0
Overall_Survival,dlt_only,10.692743200623422,1.7887408616809621,11.972816591722736,0.9819016020801629,11.971421805254634,96,95,0.008469772835572561,0.0006802467897032584,nominal,96,5,6042,0.6,0.5,2.0
all_constraints,dlt_only,0.6947368421052632,0.462961884615724,0.968421052631579,0.17580402404729137,39.393939393939384,96,95,0.008469772835572561,0.0006802467897032584,nominal,96,5,6042,0.6,0.5,2.0
Any_DLT,all_constraints,0.8541666666666666,0.35479176002615415,0.9895833333333334,0.10206207261596574,15.853658536585376,96,96,0.036658632258574166,0.020782982038284728,nominal,96,5,6042,0.6,0.5,2.0
Blood,all_constraints,0.875,0.33245498310218435,0.9895833333333334,0.10206207261596574,13.0952380952381,96,96,0.036658632258574166,0.020782982038284728,nominal,96,5,6042,0.6,0.5,2.0
Constitutional,all_constraints,0.8645833333333334,0.34396424742808945,0.9270833333333334,0.2613645031536837,7.228915662650602,96,96,0.036658632258574166,0.020782982038284728,nominal,96,5,6042,0.6,0.5,2.0
Infection,all_constraints,0.8645833333333334,0.34396424742808945,1.0,0.0,15.662650602409633,96,96,0.036658632258574166,0.020782982038284728,nominal,96,5,6042,0.6,0.5,2.0
Gastrointestinal,all_constraints,0.8645833333333334,0.3439642474280894,1.0,0.0,15.662650602409633,96,96,0.036658632258574166,0.020782982038284728,nominal,96,5,6042,0.6,0.5,2.0
Overall_Survival,all_constraints,10.690597206168823,1.779425762099106,11.958598173740397,0.9617007090412867,11.860899284839727,96,96,0.036658632258574166,0.020782982038284728,nominal,96,5,6042,0.6,0.5,2.0
all_constraints,all_constraints,0.6979166666666666,0.4615714956689105,0.9270833333333334,0.2613645031536837,32.8358208955224,96,96,0.036658632258574166,0.020782982038284728,nominal,96,5,6042,0.6,0.5,2.0
Any_DLT,dlt_only,0.8526315789473684,0.3563533105934119,1.0,0.0,17.283950617283953,96,95,0.009309728940327963,0.0007885083166326791,robust_reg,96,5,6042,0.6,0.5,2.0
Blood,dlt_only,0.8736842105263158,0.33396729560733096,1.0,0.0,14.457831325301198,96,95,0.009309728940327963,0.0007885083166326791,robust_reg,96,5,6042,0.6,0.5,2.0
Constitutional,dlt_only,0.8631578947368421,0.34550383548659225,0.9473684210526315,0.22448148540588725,9.7560975609756,96,95,0.009309728940327963,0.0007885083166326791,robust_reg,96,5,6042,0.6,0.5,2.0
Infection,dlt_only,0.8631578947368421,0.3455038354865923,1.0,0.0,15.853658536585364,96,95,0.009309728940327963,0.0007885083166326791,robust_reg,96,5,6042,0.6,0.5,2.0
Gastrointestinal,dlt_only,0.8631578947368421,0.3455038354865923,1.0,0.0,15.853658536585364,96,95,0.009309728940327963,0.0007885083166326791,robust_reg,96,5,6042,0.6,0.5,2.0
Overall_Survival,dlt_only,10.692743200623422,1.7887408616809621,11.975500395970329,0.9740312524675929,11.996521110430463,96,95,0.009309728940327963,0.0007885083166326791,robust_reg,96,5,6042,0.6,0.5,2.0
all_constraints,dlt_only,0.6947368421052632,0.462961884615724,0.9473684210526315,0.22448148540588725,36.363636363636346,96,95,0.009309728940327963,0.0007885083166326791,robust_reg,96,5,6042,0.6,0.5,2.0
Any_DLT,all_constraints,0.8541666666666666,0.35479176002615415,1.0,0.0,17.07317073170732,96,96,0.03996485471725464,0.039209728982935094,robust_reg,96,5,6042,0.6,0.5,2.0
Blood,all_constraints,0.875,0.33245498310218435,1.0,0.0,14.285714285714286,96,96,0.03996485471725464,0.039209728982935094,robust_reg,96,5,6042,0.6,0.5,2.0
Constitutional,all_constraints,0.8645833333333334,0.34396424742808945,0.9583333333333334,0.20087527770480484,10.843373493975903,96,96,0.03996485471725464,0.039209728982935094,robust_reg,96,5,6042,0.6,0.5,2.0
Infection,all_constraints,0.8645833333333334,0.34396424742808945,1.0,0.0,15.662650602409633,96,96,0.03996485471725464,0.039209728982935094,robust_reg,96,5,6042,0.6,0.5,2.0
Gastrointestinal,all_constraints,0.8645833333333334,0.3439642474280894,1.0,0.0,15.662650602409633,96,96,0.03996485471725464,0.039209728982935094,robust_reg,96,5,6042,0.6,0.5,2.0
Overall_Survival,all_constraints,10.690597206168823,1.779425762099106,11.921765956391171,1.0506540773362938,11.516370194098455,96,96,0.03996485471725464,0.039209728982935094,robust_reg,96,5,6042,0.6,0.5,2.0
all_constraints,all_constraints,0.6979166666666666,0.4615714956689105,0.9583333333333334,0.20087527770480484,37.31343283582091,96,96,0.03996485471725464,0.039209728982935094,robust_reg,96,5,6042,0.6,0.5,2.0
Any_DLT,dlt_only,0.8526315789473684,0.3563533105934119,1.0,0.0,17.283950617283953,96,95,0.05697136869033178,0.011551055688666363,cp,95,5,6042,0.6,0.5,2.0
Blood,dlt_only,0.8736842105263158,0.33396729560733096,1.0,0.0,14.457831325301198,96,95,0.05697136869033178,0.011551055688666363,cp,95,5,6042,0.6,0.5,2.0
Constitutional,dlt_only,0.8631578947368421,0.34550383548659225,0.9157894736842105,0.27917652063748477,6.097560975609749,96,95,0.05697136869033178,0.011551055688666363,cp,95,5,6042,0.6,0.5,2.0
Infection,dlt_only,0.8631578947368421,0.3455038354865923,1.0,0.0,15.853658536585364,96,95,0.05697136869033178,0.011551055688666363,cp,95,5,6042,0.6,0.5,2.0
Gastrointestinal,dlt_only,0.8631578947368421,0.3455038354865923,1.0,0.0,15.853658536585364,96,95,0.05697136869033178,0.011551055688666363,cp,95,5,6042,0.6,0.5,2.0
Overall_Survival,dlt_only,10.692743200623422,1.7887408616809621,11.922253278497573,1.0059627164882001,11.498546769574215,96,95,0.05697136869033178,0.011551055688666363,cp,95,5,6042,0.6,0.5,2.0
all_constraints,dlt_only,0.6947368421052632,0.462961884615724,0.9157894736842105,0.27917652063748477,31.818181818181806,96,95,0.05697136869033178,0.011551055688666363,cp,95,5,6042,0.6,0.5,2.0
Any_DLT,all_constraints,0.8541666666666666,0.35479176002615415,1.0,0.0,17.07317073170732,96,96,0.05909103651841482,0.016725281985053735,cp,96,5,6042,0.6,0.5,2.0
Blood,all_constraints,0.875,0.33245498310218435,1.0,0.0,14.285714285714286,96,96,0.05909103651841482,0.016725281985053735,cp,96,5,6042,0.6,0.5,2.0
Constitutional,all_constraints,0.8645833333333334,0.34396424742808945,0.9479166666666666,0.22336148028967082,9.63855421686746,96,96,0.05909103651841482,0.016725281985053735,cp,96,5,6042,0.6,0.5,2.0
Infection,all_constraints,0.8645833333333334,0.34396424742808945,1.0,0.0,15.662650602409633,96,96,0.05909103651841482,0.016725281985053735,cp,96,5,6042,0.6,0.5,2.0
Gastrointestinal,all_constraints,0.8645833333333334,0.3439642474280894,1.0,0.0,15.662650602409633,96,96,0.05909103651841482,0.016725281985053735,cp,96,5,6042,0.6,0.5,2.0
Overall_Survival,all_constraints,10.690597206168823,1.779425762099106,11.927789025672046,1.038858645717681,11.572710070765025,96,96,0.05909103651841482,0.016725281985053735,cp,96,5,6042,0.6,0.5,2.0
all_constraints,all_constraints,0.6979166666666666,0.4615714956689105,0.9479166666666666,0.22336148028967082,35.820895522388064,96,96,0.05909103651841482,0.016725281985053735,cp,96,5,6042,0.6,0.5,2.0
Any_DLT,dlt_only,0.8478260869565217,0.3611575592573076,0.6086956521739131,0.4907164920657184,-28.205128205128197,96,92,0.011604830622673035,0.008551235042849638,nominal,96,6,7042,0.6,0.5,0.5
Blood,dlt_only,0.8804347826086957,0.32623025995934074,0.21739130434782608,0.41473113113479426,-75.30864197530865,96,92,0.011604830622673035,0.008551235042849638,nominal,96,6,7042,0.6,0.5,0.5
Constitutional,dlt_only,0.8804347826086957,0.32623025995934074,0.9021739130434783,0.29870720011393176,2.469135802469134,96,92,0.011604830622673035,0.008551235042849638,nominal,96,6,7042,0.6,0.5,0.5
Infection,dlt_only,0.8804347826086957,0.32623025995934074,0.33695652173913043,0.4752598806261935,-61.728395061728385,96,92,0.011604830622673035,0.008551235042849638,nominal,96,6,7042,0.6,0.5,0.5
Gastrointestinal,dlt_only,0.8586956521739131,0.3502439256481347,0.9891304347826086,0.10425720702853734,15.189873417721508,96,92,0.011604830622673035,0.008551235042849638,nominal,96,6,7042,0.6,0.5,0.5
Overall_Survival,dlt_only,10.733162505157084,1.805430863714398,12.310393195743954,1.2566162864477608,14.694929754664944,96,92,0.011604830622673035,0.008551235042849638,nominal,96,6,7042,0.6,0.5,0.5
all_constraints,dlt_only,0.7065217391304348,0.45785077175051975,0.17391304347826086,0.38111160870476846,-75.38461538461539,96,92,0.011604830622673035,0.008551235042849638,nominal,96,6,7042,0.6,0.5,0.5
Any_DLT,all_constraints,0.8526315789473684,0.3563533105934119,0.7263157894736842,0.4482140745926371,-14.81481481481481,96,95,0.07839356114466985,0.04841538309014719,nominal,95,6,7042,0.6,0.5,0.5
Blood,all_constraints,0.8736842105263158,0.33396729560733096,0.30526315789473685,0.46296188461572396,-65.0602409638554,96,95,0.07839356114466985,0.04841538309014719,nominal,95,6,7042,0.6,0.5,0.5
Constitutional,all_constraints,0.8736842105263158,0.333967295607331,0.9789473684210527,0.1443214031708876,12.048192771084336,96,95,0.07839356114466985,0.04841538309014719,nominal,95,6,7042,0.6,0.5,0.5
Infection,all_constraints,0.8736842105263158,0.333967295607331,0.4421052631578947,0.49927158587422754,-49.397590361445786,96,95,0.07839356114466985,0.04841538309014719,nominal,95,6,7042,0.6,0.5,0.5
Gastrointestinal,all_constraints,0.8631578947368421,0.34550383548659225,1.0,0.0,15.853658536585364,96,95,0.07839356114466985,0.04841538309014719,nominal,95,6,7042,0.6,0.5,0.5
Overall_Survival,all_constraints,10.6999871958255,1.7864730982355768,12.113773329748236,1.4581448155685701,13.212970333967421,96,95,0.07839356114466985,0.04841538309014719,nominal,95,6,7042,0.6,0.5,0.5
all_constraints,all_constraints,0.7052631578947368,0.4583430892442982,0.25263157894736843,0.4368265893978148,-64.17910447761193,96,95,0.07839356114466985,0.04841538309014719,nominal,95,6,7042,0.6,0.5,0.5
Any_DLT,dlt_only,0.8478260869565217,0.3611575592573076,0.6413043478260869,0.4822457022551119,-24.35897435897436,96,92,0.015767256418863933,0.019967758848104387,robust_reg,96,6,7042,0.6,0.5,0.5
Blood,dlt_only,0.8804347826086957,0.32623025995934074,0.31521739130434784,0.46714818285974724,-64.19753086419753,96,92,0.015767256418863933,0.019967758848104387,robust_reg,96,6,7042,0.6,0.5,0.5
Constitutional,dlt_only,0.8804347826086957,0.32623025995934074,0.9456521739130435,0.22794497286530102,7.407407407407402,96,92,0.015767256418863933,0.019967758848104387,robust_reg,96,6,7042,0.6,0.5,0.5
Infection,dlt_only,0.8804347826086957,0.32623025995934074,0.43478260869565216,0.49844478627922684,-50.617283950617285,96,92,0.015767256418863933,0.019967758848104387,robust_reg,96,6,7042,0.6,0.5,0.5
Gastrointestinal,dlt_only,0.8586956521739131,0.3502439256481347,0.9891304347826086,0.10425720702853734,15.189873417721508,96,92,0.015767256418863933,0.019967758848104387,robust_reg,96,6,7042,0.6,0.5,0.5
Overall_Survival,dlt_only,10.733162505157084,1.805430863714398,12.119886926598964,1.3962177717888793,12.919998376765326,96,92,0.015767256418863933,0.019967758848104387,robust_reg,96,6,7042,0.6,0.5,0.5
all_constraints,dlt_only,0.7065217391304348,0.45785077175051975,0.2717391304347826,0.4472937149826407,-61.53846153846154,96,92,0.015767256418863933,0.019967758848104387,robust_reg,96,6,7042,0.6,0.5,0.5
Any_DLT,all_constraints,0.8526315789473684,0.3563533105934119,0.7578947368421053,0.43063015364384744,-11.111111111111105,96,95,0.07834251473347346,0.04363772304238814,robust_reg,96,6,7042,0.6,0.5,0.5
Blood,all_constraints,0.8736842105263158,0.33396729560733096,0.37894736842105264,0.48769862006054365,-56.626506024096386,96,95,0.07834251473347346,0.04363772304238814,robust_reg,96,6,7042,0.6,0.5,0.5
Constitutional,all_constraints,0.8736842105263158,0.333967295607331,0.968421052631579,0.1758040240472914,10.843373493975898,96,95,0.07834251473347346,0.04363772304238814,robust_reg,96,6,7042,0.6,0.5,0.5
Infection,all_constraints,0.8736842105263158,0.333967295607331,0.49473684210526314,0.5026246899500345,-43.373493975903614,96,95,0.07834251473347346,0.04363772304238814,robust_reg,96,6,7042,0.6,0.5,0.5
Gastrointestinal,all_constraints,0.8631578947368421,0.34550383548659225,0.9894736842105263,0.10259783520851543,14.634146341463408,96,95,0.07834251473347346,0.04363772304238814,robust_reg,96,6,7042,0.6,0.5,0.5
Overall_Survival,all_constraints,10.6999871958255,1.7864730982355768,11.980219461850275,1.4944952137864258,11.964801850643765,96,95,0.07834251473347346,0.04363772304238814,robust_reg,96,6,7042,0.6,0.5,0.5
all_constraints,all_constraints,0.7052631578947368,0.4583430892442982,0.3157894736842105,0.46729547567908863,-55.223880597014926,96,95,0.07834251473347346,0.04363772304238814,robust_reg,96,6,7042,0.6,0.5,0.5
Any_DLT,dlt_only,0.8478260869565217,0.3611575592573076,0.9239130434782609,0.26659001127895315,8.974358974358976,96,92,0.06321996947129567,0.037036403221280545,cp,96,6,7042,0.6,0.5,0.5
Blood,dlt_only,0.8804347826086957,0.32623025995934074,0.782608695652174,0.41473113113479426,-11.111111111111109,96,92,0.06321996947129567,0.037036403221280545,cp,96,6,7042,0.6,0.5,0.5
Constitutional,dlt_only,0.8804347826086957,0.32623025995934074,0.9347826086956522,0.2482619949886758,6.172839506172841,96,92,0.06321996947129567,0.037036403221280545,cp,96,6,7042,0.6,0.5,0.5
Infection,dlt_only,0.8804347826086957,0.32623025995934074,0.8478260869565217,0.3611575592573076,-3.7037037037037073,96,92,0.06321996947129567,0.037036403221280545,cp,96,6,7042,0.6,0.5,0.5
Gastrointestinal,dlt_only,0.8586956521739131,0.3502439256481347,1.0,0.0,16.45569620253164,96,92,0.06321996947129567,0.037036403221280545,cp,96,6,7042,0.6,0.5,0.5
Overall_Survival,dlt_only,10.733162505157084,1.805430863714398,11.036707239656,1.031856945385522,2.8281015437255137,96,92,0.06321996947129567,0.037036403221280545,cp,96,6,7042,0.6,0.5,0.5
all_constraints,dlt_only,0.7065217391304348,0.45785077175051975,0.7065217391304348,0.4578507717505198,0.0,96,92,0.06321996947129567,0.037036403221280545,cp,96,6,7042,0.6,0.5,0.5
Any_DLT,all_constraints,0.8526315789473684,0.3563533105934119,0.968421052631579,0.17580402404729137,13.58024691358025,96,95,0.1032620370388031,0.03132328374819314,cp,95,6,7042,0.6,0.5,0.5
Blood,all_constraints,0.8736842105263158,0.33396729560733096,0.6421052631578947,0.4819241017687551,-26.506024096385545,96,95,0.1032620370388031,0.03132328374819314,cp,95,6,7042,0.6,0.5,0.5
Constitutional,all_constraints,0.8736842105263158,0.333967295607331,0.9789473684210527,0.1443214031708876,12.048192771084336,96,95,0.1032620370388031,0.03132328374819314,cp,95,6,7042,0.6,0.5,0.5
Infection,all_constraints,0.8736842105263158,0.333967295607331,0.7789473684210526,0.41715723267721977,-10.84337349397591,96,95,0.1032620370388031,0.03132328374819314,cp,95,6,7042,0.6,0.5,0.5
Gastrointestinal,all_constraints,0.8631578947368421,0.34550383548659225,1.0,0.0,15.853658536585364,96,95,0.1032620370388031,0.03132328374819314,cp,95,6,7042,0.6,0.5,0.5
Overall_Survival,all_constraints,10.6999871958255,1.7864730982355768,11.26373434031397,1.5496530151206893,5.268671206526406,96,95,0.1032620370388031,0.03132328374819314,cp,95,6,7042,0.6,0.5,0.5
all_constraints,all_constraints,0.7052631578947368,0.4583430892442982,0.631578947368421,0.48493543283632795,-10.447761194029852,96,95,0.1032620370388031,0.03132328374819314,cp,95,6,7042,0.6,0.5,0.5
Any_DLT,dlt_only,0.8478260869565217,0.3611575592573076,0.6086956521739131,0.4907164920657184,-28.205128205128197,96,92,0.012491675714651743,0.014959508506358844,nominal,96,6,7042,0.6,0.5,0.75
Blood,dlt_only,0.8804347826086957,0.32623025995934074,0.21739130434782608,0.41473113113479426,-75.30864197530865,96,92,0.012491675714651743,0.014959508506358844,nominal,96,6,7042,0.6,0.5,0.75
Constitutional,dlt_only,0.8804347826086957,0.32623025995934074,0.9021739130434783,0.29870720011393176,2.469135802469134,96,92,0.012491675714651743,0.014959508506358844,nominal,96,6,7042,0.6,0.5,0.75
Infection,dlt_only,0.8804347826086957,0.32623025995934074,0.33695652173913043,0.4752598806261935,-61.728395061728385,96,92,0.012491675714651743,0.014959508506358844,nominal,96,6,7042,0.6,0.5,0.75
Gastrointestinal,dlt_only,0.8586956521739131,0.3502439256481347,0.9891304347826086,0.10425720702853734,15.189873417721508,96,92,0.012491675714651743,0.014959508506358844,nominal,96,6,7042,0.6,0.5,0.75
Overall_Survival,dlt_only,10.733162505157084,1.805430863714398,12.310393195743954,1.2566162864477608,14.694929754664944,96,92,0.012491675714651743,0.014959508506358844,nominal,96,6,7042,0.6,0.5,0.75
all_constraints,dlt_only,0.7065217391304348,0.45785077175051975,0.17391304347826086,0.38111160870476846,-75.38461538461539,96,92,0.012491675714651743,0.014959508506358844,nominal,96,6,7042,0.6,0.5,0.75
Any_DLT,all_constraints,0.8526315789473684,0.3563533105934119,0.7263157894736842,0.4482140745926371,-14.81481481481481,96,95,0.0754456768433253,0.046081404920600595,nominal,95,6,7042,0.6,0.5,0.75
Blood,all_constraints,0.8736842105263158,0.33396729560733096,0.30526315789473685,0.46296188461572396,-65.0602409638554,96,95,0.0754456768433253,0.046081404920600595,nominal,95,6,7042,0.6,0.5,0.75
Constitutional,all_constraints,0.8736842105263158,0.333967295607331,0.9789473684210527,0.1443214031708876,12.048192771084336,96,95,0.0754456768433253,0.046081404920600595,nominal,95,6,7042,0.6,0.5,0.75
Infection,all_constraints,0.8736842105263158,0.333967295607331,0.4421052631578947,0.49927158587422754,-49.397590361445786,96,95,0.0754456768433253,0.046081404920600595,nominal,95,6,7042,0.6,0.5,0.75
Gastrointestinal,all_constraints,0.8631578947368421,0.34550383548659225,1.0,0.0,15.853658536585364,96,95,0.0754456768433253,0.046081404920600595,nominal,95,6,7042,0.6,0.5,0.75
Overall_Survival,all_constraints,10.6999871958255,1.7864730982355768,12.113773329748236,1.4581448155685701,13.212970333967421,96,95,0.0754456768433253,0.046081404920600595,nominal,95,6,7042,0.6,0.5,0.75
all_constraints,all_constraints,0.7052631578947368,0.4583430892442982,0.25263157894736843,0.4368265893978148,-64.17910447761193,96,95,0.0754456768433253,0.046081404920600595,nominal,95,6,7042,0.6,0.5,0.75
Any_DLT,dlt_only,0.8478260869565217,0.3611575592573076,0.6413043478260869,0.4822457022551119,-24.35897435897436,96,92,0.01869027813275655,0.024380736022484726,robust_reg,96,6,7042,0.6,0.5,0.75
Blood,dlt_only,0.8804347826086957,0.32623025995934074,0.31521739130434784,0.46714818285974724,-64.19753086419753,96,92,0.01869027813275655,0.024380736022484726,robust_reg,96,6,7042,0.6,0.5,0.75
Constitutional,dlt_only,0.8804347826086957,0.32623025995934074,0.9456521739130435,0.22794497286530102,7.407407407407402,96,92,0.01869027813275655,0.024380736022484726,robust_reg,96,6,7042,0.6,0.5,0.75
Infection,dlt_only,0.8804347826086957,0.32623025995934074,0.43478260869565216,0.49844478627922684,-50.617283950617285,96,92,0.01869027813275655,0.024380736022484726,robust_reg,96,6,7042,0.6,0.5,0.75
Gastrointestinal,dlt_only,0.8586956521739131,0.3502439256481347,0.9891304347826086,0.10425720702853734,15.189873417721508,96,92,0.01869027813275655,0.024380736022484726,robust_reg,96,6,7042,0.6,0.5,0.75
Overall_Survival,dlt_only,10.733162505157084,1.805430863714398,12.127173303813162,1.3938114187578388,12.987884959221308,96,92,0.01869027813275655,0.024380736022484726,robust_reg,96,6,7042,0.6,0.5,0.75
all_constraints,dlt_only,0.7065217391304348,0.45785077175051975,0.2717391304347826,0.4472937149826407,-61.53846153846154,96,92,0.01869027813275655,0.024380736022484726,robust_reg,96,6,7042,0.6,0.5,0.75
Any_DLT,all_constraints,0.8526315789473684,0.3563533105934119,0.7578947368421053,0.43063015364384744,-11.111111111111105,96,95,0.08363869537909825,0.07105663664235995,robust_reg,96,6,7042,0.6,0.5,0.75
Blood,all_constraints,0.8736842105263158,0.33396729560733096,0.4631578947368421,0.5012861397973891,-46.987951807228924,96,95,0.08363869537909825,0.07105663664235995,robust_reg,96,6,7042,0.6,0.5,0.75
Constitutional,all_constraints,0.8736842105263158,0.333967295607331,0.9789473684210527,0.1443214031708876,12.048192771084336,96,95,0.08363869537909825,0.07105663664235995,robust_reg,96,6,7042,0.6,0.5,0.75
Infection,all_constraints,0.8736842105263158,0.333967295607331,0.5473684210526316,0.5003917837954911,-37.34939759036145,96,95,0.08363869537909825,0.07105663664235995,robust_reg,96,6,7042,0.6,0.5,0.75
Gastrointestinal,all_constraints,0.8631578947368421,0.34550383548659225,0.9894736842105263,0.10259783520851543,14.634146341463408,96,95,0.08363869537909825,0.07105663664235995,robust_reg,96,6,7042,0.6,0.5,0.75
Overall_Survival,all_constraints,10.6999871958255,1.7864730982355768,11.714490408612077,1.3575879167473708,9.481349783132229,96,95,0.08363869537909825,0.07105663664235995,robust_reg,96,6,7042,0.6,0.5,0.75
all_constraints,all_constraints,0.7052631578947368,0.4583430892442982,0.4,0.49249689490326914,-43.28358208955223,96,95,0.08363869537909825,0.07105663664235995,robust_reg,96,6,7042,0.6,0.5,0.75
Any_DLT,dlt_only,0.8478260869565217,0.3611575592573076,0.9239130434782609,0.26659001127895315,8.974358974358976,96,92,0.06285987794399261,0.037513099295634775,cp,96,6,7042,0.6,0.5,0.75
Blood,dlt_only,0.8804347826086957,0.32623025995934074,0.782608695652174,0.41473113113479426,-11.111111111111109,96,92,0.06285987794399261,0.037513099295634775,cp,96,6,7042,0.6,0.5,0.75
Constitutional,dlt_only,0.8804347826086957,0.32623025995934074,0.9347826086956522,0.2482619949886758,6.172839506172841,96,92,0.06285987794399261,0.037513099295634775,cp,96,6,7042,0.6,0.5,0.75
Infection,dlt_only,0.8804347826086957,0.32623025995934074,0.8478260869565217,0.3611575592573076,-3.7037037037037073,96,92,0.06285987794399261,0.037513099295634775,cp,96,6,7042,0.6,0.5,0.75
Gastrointestinal,dlt_only,0.8586956521739131,0.3502439256481347,1.0,0.0,16.45569620253164,96,92,0.06285987794399261,0.037513099295634775,cp,96,6,7042,0.6,0.5,0.75
Overall_Survival,dlt_only,10.733162505157084,1.805430863714398,11.036707239656,1.031856945385522,2.8281015437255137,96,92,0.06285987794399261,0.037513099295634775,cp,96,6,7042,0.6,0.5,0.75
all_constraints,dlt_only,0.7065217391304348,0.45785077175051975,0.7065217391304348,0.4578507717505198,0.0,96,92,0.06285987794399261,0.037513099295634775,cp,96,6,7042,0.6,0.5,0.75
Any_DLT,all_constraints,0.8526315789473684,0.3563533105934119,0.968421052631579,0.17580402404729137,13.58024691358025,96,95,0.10141088316837947,0.02932432827106258,cp,95,6,7042,0.6,0.5,0.75
Blood,all_constraints,0.8736842105263158,0.33396729560733096,0.6421052631578947,0.4819241017687551,-26.506024096385545,96,95,0.10141088316837947,0.02932432827106258,cp,95,6,7042,0.6,0.5,0.75
Constitutional,all_constraints,0.8736842105263158,0.333967295607331,0.9789473684210527,0.1443214031708876,12.048192771084336,96,95,0.10141088316837947,0.02932432827106258,cp,95,6,7042,0.6,0.5,0.75
Infection,all_constraints,0.8736842105263158,0.333967295607331,0.7789473684210526,0.41715723267721977,-10.84337349397591,96,95,0.10141088316837947,0.02932432827106258,cp,95,6,7042,0.6,0.5,0.75
Gastrointestinal,all_constraints,0.8631578947368421,0.34550383548659225,1.0,0.0,15.853658536585364,96,95,0.10141088316837947,0.02932432827106258,cp,95,6,7042,0.6,0.5,0.75
Overall_Survival,all_constraints,10.6999871958255,1.7864730982355768,11.26373434031397,1.5496530151206893,5.268671206526406,96,95,0.10141088316837947,0.02932432827106258,cp,95,6,7042,0.6,0.5,0.75
all_constraints,all_constraints,0.7052631578947368,0.4583430892442982,0.631578947368421,0.48493543283632795,-10.447761194029852,96,95,0.10141088316837947,0.02932432827106258,cp,95,6,7042,0.6,0.5,0.75
Any_DLT,dlt_only,0.8478260869565217,0.3611575592573076,0.6086956521739131,0.4907164920657184,-28.205128205128197,96,92,0.011935986578464508,0.012362425043188833,nominal,96,6,7042,0.6,0.5,1.0
Blood,dlt_only,0.8804347826086957,0.32623025995934074,0.21739130434782608,0.41473113113479426,-75.30864197530865,96,92,0.011935986578464508,0.012362425043188833,nominal,96,6,7042,0.6,0.5,1.0
Constitutional,dlt_only,0.8804347826086957,0.32623025995934074,0.9021739130434783,0.29870720011393176,2.469135802469134,96,92,0.011935986578464508,0.012362425043188833,nominal,96,6,7042,0.6,0.5,1.0
Infection,dlt_only,0.8804347826086957,0.32623025995934074,0.33695652173913043,0.4752598806261935,-61.728395061728385,96,92,0.011935986578464508,0.012362425043188833,nominal,96,6,7042,0.6,0.5,1.0
Gastrointestinal,dlt_only,0.8586956521739131,0.3502439256481347,0.9891304347826086,0.10425720702853734,15.189873417721508,96,92,0.011935986578464508,0.012362425043188833,nominal,96,6,7042,0.6,0.5,1.0
Overall_Survival,dlt_only,10.733162505157084,1.805430863714398,12.310393195743954,1.2566162864477608,14.694929754664944,96,92,0.011935986578464508,0.012362425043188833,nominal,96,6,7042,0.6,0.5,1.0
all_constraints,dlt_only,0.7065217391304348,0.45785077175051975,0.17391304347826086,0.38111160870476846,-75.38461538461539,96,92,0.011935986578464508,0.012362425043188833,nominal,96,6,7042,0.6,0.5,1.0
Any_DLT,all_constraints,0.8526315789473684,0.3563533105934119,0.7263157894736842,0.4482140745926371,-14.81481481481481,96,95,0.07282071063915889,0.04398106081156104,nominal,95,6,7042,0.6,0.5,1.0
Blood,all_constraints,0.8736842105263158,0.33396729560733096,0.30526315789473685,0.46296188461572396,-65.0602409638554,96,95,0.07282071063915889,0.04398106081156104,nominal,95,6,7042,0.6,0.5,1.0
Constitutional,all_constraints,0.8736842105263158,0.333967295607331,0.9789473684210527,0.1443214031708876,12.048192771084336,96,95,0.07282071063915889,0.04398106081156104,nominal,95,6,7042,0.6,0.5,1.0
Infection,all_constraints,0.8736842105263158,0.333967295607331,0.4421052631578947,0.49927158587422754,-49.397590361445786,96,95,0.07282071063915889,0.04398106081156104,nominal,95,6,7042,0.6,0.5,1.0
Gastrointestinal,all_constraints,0.8631578947368421,0.34550383548659225,1.0,0.0,15.853658536585364,96,95,0.07282071063915889,0.04398106081156104,nominal,95,6,7042,0.6,0.5,1.0
Overall_Survival,all_constraints,10.6999871958255,1.7864730982355768,12.113773329748236,1.4581448155685701,13.212970333967421,96,95,0.07282071063915889,0.04398106081156104,nominal,95,6,7042,0.6,0.5,1.0
all_constraints,all_constraints,0.7052631578947368,0.4583430892442982,0.25263157894736843,0.4368265893978148,-64.17910447761193,96,95,0.07282071063915889,0.04398106081156104,nominal,95,6,7042,0.6,0.5,1.0
Any_DLT,dlt_only,0.8478260869565217,0.3611575592573076,0.6630434782608695,0.47525988062619345,-21.7948717948718,96,92,0.014077467223008474,0.019825818763069058,robust_reg,96,6,7042,0.6,0.5,1.0
Blood,dlt_only,0.8804347826086957,0.32623025995934074,0.2826086956521739,0.4527349601029049,-67.90123456790123,96,92,0.014077467223008474,0.019825818763069058,robust_reg,96,6,7042,0.6,0.5,1.0
Constitutional,dlt_only,0.8804347826086957,0.32623025995934074,0.9239130434782609,0.26659001127895315,4.938271604938268,96,92,0.014077467223008474,0.019825818763069058,robust_reg,96,6,7042,0.6,0.5,1.0
Infection,dlt_only,0.8804347826086957,0.32623025995934074,0.391304347826087,0.4907164920657184,-55.55555555555555,96,92,0.014077467223008474,0.019825818763069058,robust_reg,96,6,7042,0.6,0.5,1.0
Gastrointestinal,dlt_only,0.8586956521739131,0.3502439256481347,0.9565217391304348,0.20504855915155562,11.392405063291136,96,92,0.014077467223008474,0.019825818763069058,robust_reg,96,6,7042,0.6,0.5,1.0
Overall_Survival,dlt_only,10.733162505157084,1.805430863714398,12.372544591989211,1.1422035252111484,15.27398924636084,96,92,0.014077467223008474,0.019825818763069058,robust_reg,96,6,7042,0.6,0.5,1.0
all_constraints,dlt_only,0.7065217391304348,0.45785077175051975,0.20652173913043478,0.40702737651969145,-70.76923076923076,96,92,0.014077467223008474,0.019825818763069058,robust_reg,96,6,7042,0.6,0.5,1.0
Any_DLT,all_constraints,0.8526315789473684,0.3563533105934119,0.7578947368421053,0.43063015364384744,-11.111111111111105,96,95,0.06765028089284897,0.03731018746050317,robust_reg,96,6,7042,0.6,0.5,1.0
Blood,all_constraints,0.8736842105263158,0.33396729560733096,0.3684210526315789,0.4849354328363279,-57.831325301204814,96,95,0.06765028089284897,0.03731018746050317,robust_reg,96,6,7042,0.6,0.5,1.0
Constitutional,all_constraints,0.8736842105263158,0.333967295607331,0.968421052631579,0.1758040240472914,10.843373493975898,96,95,0.06765028089284897,0.03731018746050317,robust_reg,96,6,7042,0.6,0.5,1.0
Infection,all_constraints,0.8736842105263158,0.333967295607331,0.4842105263157895,0.502401845917822,-44.578313253012055,96,95,0.06765028089284897,0.03731018746050317,robust_reg,96,6,7042,0.6,0.5,1.0
Gastrointestinal,all_constraints,0.8631578947368421,0.34550383548659225,0.968421052631579,0.17580402404729137,12.19512195121951,96,95,0.06765028089284897,0.03731018746050317,robust_reg,96,6,7042,0.6,0.5,1.0
Overall_Survival,all_constraints,10.6999871958255,1.7864730982355768,12.116386689830016,1.4020911039551256,13.237394289192334,96,95,0.06765028089284897,0.03731018746050317,robust_reg,96,6,7042,0.6,0.5,1.0
all_constraints,all_constraints,0.7052631578947368,0.4583430892442982,0.28421052631578947,0.4534303740855228,-59.70149253731343,96,95,0.06765028089284897,0.03731018746050317,robust_reg,96,6,7042,0.6,0.5,1.0
Any_DLT,dlt_only,0.8478260869565217,0.3611575592573076,0.9891304347826086,0.10425720702853734,16.66666666666666,96,92,0.06409873068332672,0.0544433336666312,cp,93,6,7042,0.6,0.5,1.0
Blood,dlt_only,0.8804347826086957,0.32623025995934074,0.8695652173913043,0.3386265505758479,-1.2345679012345734,96,92,0.06409873068332672,0.0544433336666312,cp,93,6,7042,0.6,0.5,1.0
Constitutional,dlt_only,0.8804347826086957,0.32623025995934074,0.9891304347826086,0.10425720702853734,12.345679012345672,96,92,0.06409873068332672,0.0544433336666312,cp,93,6,7042,0.6,0.5,1.0
Infection,dlt_only,0.8804347826086957,0.32623025995934074,0.9782608695652174,0.14662959759729016,11.111111111111109,96,92,0.06409873068332672,0.0544433336666312,cp,93,6,7042,0.6,0.5,1.0
Gastrointestinal,dlt_only,0.8586956521739131,0.3502439256481347,1.0,0.0,16.45569620253164,96,92,0.06409873068332672,0.0544433336666312,cp,93,6,7042,0.6,0.5,1.0
Overall_Survival,dlt_only,10.733162505157084,1.805430863714398,10.735247223576133,1.3804413233891613,0.019423151545939994,96,92,0.06409873068332672,0.0544433336666312,cp,93,6,7042,0.6,0.5,1.0
all_constraints,dlt_only,0.7065217391304348,0.45785077175051975,0.8695652173913043,0.3386265505758479,23.076923076923066,96,92,0.06409873068332672,0.0544433336666312,cp,93,6,7042,0.6,0.5,1.0
Any_DLT,all_constraints,0.8526315789473684,0.3563533105934119,0.968421052631579,0.17580402404729137,13.58024691358025,96,95,0.10139796634515126,0.03056455223608114,cp,95,6,7042,0.6,0.5,1.0
Blood,all_constraints,0.8736842105263158,0.33396729560733096,0.6421052631578947,0.4819241017687551,-26.506024096385545,96,95,0.10139796634515126,0.03056455223608114,cp,95,6,7042,0.6,0.5,1.0
Constitutional,all_constraints,0.8736842105263158,0.333967295607331,0.9789473684210527,0.1443214031708876,12.048192771084336,96,95,0.10139796634515126,0.03056455223608114,cp,95,6,7042,0.6,0.5,1.0
Infection,all_constraints,0.8736842105263158,0.333967295607331,0.7789473684210526,0.41715723267721977,-10.84337349397591,96,95,0.10139796634515126,0.03056455223608114,cp,95,6,7042,0.6,0.5,1.0
Gastrointestinal,all_constraints,0.8631578947368421,0.34550383548659225,1.0,0.0,15.853658536585364,96,95,0.10139796634515126,0.03056455223608114,cp,95,6,7042,0.6,0.5,1.0
Overall_Survival,all_constraints,10.6999871958255,1.7864730982355768,11.26373434031397,1.5496530151206893,5.268671206526406,96,95,0.10139796634515126,0.03056455223608114,cp,95,6,7042,0.6,0.5,1.0
all_constraints,all_constraints,0.7052631578947368,0.4583430892442982,0.631578947368421,0.48493543283632795,-10.447761194029852,96,95,0.10139796634515126,0.03056455223608114,cp,95,6,7042,0.6,0.5,1.0
Any_DLT,dlt_only,0.8478260869565217,0.3611575592573076,0.6086956521739131,0.4907164920657184,-28.205128205128197,96,92,0.012755687038103739,0.016861796245791216,nominal,96,6,7042,0.6,0.5,1.5
Blood,dlt_only,0.8804347826086957,0.32623025995934074,0.21739130434782608,0.41473113113479426,-75.30864197530865,96,92,0.012755687038103739,0.016861796245791216,nominal,96,6,7042,0.6,0.5,1.5
Constitutional,dlt_only,0.8804347826086957,0.32623025995934074,0.9021739130434783,0.29870720011393176,2.469135802469134,96,92,0.012755687038103739,0.016861796245791216,nominal,96,6,7042,0.6,0.5,1.5
Infection,dlt_only,0.8804347826086957,0.32623025995934074,0.33695652173913043,0.4752598806261935,-61.728395061728385,96,92,0.012755687038103739,0.016861796245791216,nominal,96,6,7042,0.6,0.5,1.5
Gastrointestinal,dlt_only,0.8586956521739131,0.3502439256481347,0.9891304347826086,0.10425720702853734,15.189873417721508,96,92,0.012755687038103739,0.016861796245791216,nominal,96,6,7042,0.6,0.5,1.5
Overall_Survival,dlt_only,10.733162505157084,1.805430863714398,12.310393195743954,1.2566162864477608,14.694929754664944,96,92,0.012755687038103739,0.016861796245791216,nominal,96,6,7042,0.6,0.5,1.5
all_constraints,dlt_only,0.7065217391304348,0.45785077175051975,0.17391304347826086,0.38111160870476846,-75.38461538461539,96,92,0.012755687038103739,0.016861796245791216,nominal,96,6,7042,0.6,0.5,1.5
Any_DLT,all_constraints,0.8526315789473684,0.3563533105934119,0.7263157894736842,0.4482140745926371,-14.81481481481481,96,95,0.07917892684539159,0.049970985196234816,nominal,95,6,7042,0.6,0.5,1.5
Blood,all_constraints,0.8736842105263158,0.33396729560733096,0.30526315789473685,0.46296188461572396,-65.0602409638554,96,95,0.07917892684539159,0.049970985196234816,nominal,95,6,7042,0.6,0.5,1.5
Constitutional,all_constraints,0.8736842105263158,0.333967295607331,0.9789473684210527,0.1443214031708876,12.048192771084336,96,95,0.07917892684539159,0.049970985196234816,nominal,95,6,7042,0.6,0.5,1.5
Infection,all_constraints,0.8736842105263158,0.333967295607331,0.4421052631578947,0.49927158587422754,-49.397590361445786,96,95,0.07917892684539159,0.049970985196234816,nominal,95,6,7042,0.6,0.5,1.5
Gastrointestinal,all_constraints,0.8631578947368421,0.34550383548659225,1.0,0.0,15.853658536585364,96,95,0.07917892684539159,0.049970985196234816,nominal,95,6,7042,0.6,0.5,1.5
Overall_Survival,all_constraints,10.6999871958255,1.7864730982355768,12.113773329748236,1.4581448155685701,13.212970333967421,96,95,0.07917892684539159,0.049970985196234816,nominal,95,6,7042,0.6,0.5,1.5
all_constraints,all_constraints,0.7052631578947368,0.4583430892442982,0.25263157894736843,0.4368265893978148,-64.17910447761193,96,95,0.07917892684539159,0.049970985196234816,nominal,95,6,7042,0.6,0.5,1.5
Any_DLT,dlt_only,0.8478260869565217,0.3611575592573076,0.5978260869565217,0.4930234733215633,-29.48717948717949,96,92,0.01660080502430598,0.020858096296439338,robust_reg,96,6,7042,0.6,0.5,1.5
Blood,dlt_only,0.8804347826086957,0.32623025995934074,0.2608695652173913,0.4415150045959089,-70.37037037037038,96,92,0.01660080502430598,0.020858096296439338,robust_reg,96,6,7042,0.6,0.5,1.5
Constitutional,dlt_only,0.8804347826086957,0.32623025995934074,0.9347826086956522,0.24826199498867582,6.172839506172841,96,92,0.01660080502430598,0.020858096296439338,robust_reg,96,6,7042,0.6,0.5,1.5
Infection,dlt_only,0.8804347826086957,0.32623025995934074,0.358695652173913,0.4822457022551119,-59.259259259259274,96,92,0.01660080502430598,0.020858096296439338,robust_reg,96,6,7042,0.6,0.5,1.5
Gastrointestinal,dlt_only,0.8586956521739131,0.3502439256481347,0.9239130434782609,0.26659001127895315,7.594936708860754,96,92,0.01660080502430598,0.020858096296439338,robust_reg,96,6,7042,0.6,0.5,1.5
Overall_Survival,dlt_only,10.733162505157084,1.805430863714398,12.39908274046361,1.0936483709806566,15.521243012076662,96,92,0.01660080502430598,0.020858096296439338,robust_reg,96,6,7042,0.6,0.5,1.5
all_constraints,dlt_only,0.7065217391304348,0.45785077175051975,0.14130434782608695,0.3502439256481347,-80.0,96,92,0.01660080502430598,0.020858096296439338,robust_reg,96,6,7042,0.6,0.5,1.5
Any_DLT,all_constraints,0.8526315789473684,0.3563533105934119,0.7473684210526316,0.4368265893978149,-12.345679012345679,96,95,0.07009054720401764,0.04638403814196045,robust_reg,96,6,7042,0.6,0.5,1.5
Blood,all_constraints,0.8736842105263158,0.33396729560733096,0.3368421052631579,0.47513774745788245,-61.44578313253013,96,95,0.07009054720401764,0.04638403814196045,robust_reg,96,6,7042,0.6,0.5,1.5
Constitutional,all_constraints,0.8736842105263158,0.333967295607331,0.968421052631579,0.17580402404729137,10.843373493975898,96,95,0.07009054720401764,0.04638403814196045,robust_reg,96,6,7042,0.6,0.5,1.5
Infection,all_constraints,0.8736842105263158,0.333967295607331,0.47368421052631576,0.5019558610576909,-45.78313253012049,96,95,0.07009054720401764,0.04638403814196045,robust_reg,96,6,7042,0.6,0.5,1.5
Gastrointestinal,all_constraints,0.8631578947368421,0.34550383548659225,0.9789473684210527,0.1443214031708876,13.414634146341466,96,95,0.07009054720401764,0.04638403814196045,robust_reg,96,6,7042,0.6,0.5,1.5
Overall_Survival,all_constraints,10.6999871958255,1.7864730982355768,12.143122289834839,1.3080633391808016,13.487260008800424,96,95,0.07009054720401764,0.04638403814196045,robust_reg,96,6,7042,0.6,0.5,1.5
all_constraints,all_constraints,0.7052631578947368,0.4583430892442982,0.25263157894736843,0.4368265893978148,-64.17910447761193,96,95,0.07009054720401764,0.04638403814196045,robust_reg,96,6,7042,0.6,0.5,1.5
Any_DLT,dlt_only,0.8478260869565217,0.3611575592573076,0.9891304347826086,0.10425720702853734,16.66666666666666,96,92,0.06434101859728496,0.05161640476349949,cp,93,6,7042,0.6,0.5,1.5
Blood,dlt_only,0.8804347826086957,0.32623025995934074,0.8695652173913043,0.3386265505758479,-1.2345679012345734,96,92,0.06434101859728496,0.05161640476349949,cp,93,6,7042,0.6,0.5,1.5
Constitutional,dlt_only,0.8804347826086957,0.32623025995934074,0.9891304347826086,0.10425720702853734,12.345679012345672,96,92,0.06434101859728496,0.05161640476349949,cp,93,6,7042,0.6,0.5,1.5
Infection,dlt_only,0.8804347826086957,0.32623025995934074,0.9782608695652174,0.14662959759729016,11.111111111111109,96,92,0.06434101859728496,0.05161640476349949,cp,93,6,7042,0.6,0.5,1.5
Gastrointestinal,dlt_only,0.8586956521739131,0.3502439256481347,1.0,0.0,16.45569620253164,96,92,0.06434101859728496,0.05161640476349949,cp,93,6,7042,0.6,0.5,1.5
Overall_Survival,dlt_only,10.733162505157084,1.805430863714398,10.735247223576133,1.3804413233891613,0.019423151545939994,96,92,0.06434101859728496,0.05161640476349949,cp,93,6,7042,0.6,0.5,1.5
all_constraints,dlt_only,0.7065217391304348,0.45785077175051975,0.8695652173913043,0.3386265505758479,23.076923076923066,96,92,0.06434101859728496,0.05161640476349949,cp,93,6,7042,0.6,0.5,1.5
Any_DLT,all_constraints,0.8526315789473684,0.3563533105934119,0.968421052631579,0.17580402404729137,13.58024691358025,96,95,0.10386264820893605,0.032101729880267785,cp,95,6,7042,0.6,0.5,1.5
Blood,all_constraints,0.8736842105263158,0.33396729560733096,0.6421052631578947,0.4819241017687551,-26.506024096385545,96,95,0.10386264820893605,0.032101729880267785,cp,95,6,7042,0.6,0.5,1.5
Constitutional,all_constraints,0.8736842105263158,0.333967295607331,0.9789473684210527,0.1443214031708876,12.048192771084336,96,95,0.10386264820893605,0.032101729880267785,cp,95,6,7042,0.6,0.5,1.5
Infection,all_constraints,0.8736842105263158,0.333967295607331,0.7789473684210526,0.41715723267721977,-10.84337349397591,96,95,0.10386264820893605,0.032101729880267785,cp,95,6,7042,0.6,0.5,1.5
Gastrointestinal,all_constraints,0.8631578947368421,0.34550383548659225,1.0,0.0,15.853658536585364,96,95,0.10386264820893605,0.032101729880267785,cp,95,6,7042,0.6,0.5,1.5
Overall_Survival,all_constraints,10.6999871958255,1.7864730982355768,11.26373434031397,1.5496530151206893,5.268671206526406,96,95,0.10386264820893605,0.032101729880267785,cp,95,6,7042,0.6,0.5,1.5
all_constraints,all_constraints,0.7052631578947368,0.4583430892442982,0.631578947368421,0.48493543283632795,-10.447761194029852,96,95,0.10386264820893605,0.032101729880267785,cp,95,6,7042,0.6,0.5,1.5
Any_DLT,dlt_only,0.8478260869565217,0.3611575592573076,0.6086956521739131,0.4907164920657184,-28.205128205128197,96,92,0.012426127990086874,0.015786437812431983,nominal,96,6,7042,0.6,0.5,2.0
Blood,dlt_only,0.8804347826086957,0.32623025995934074,0.21739130434782608,0.41473113113479426,-75.30864197530865,96,92,0.012426127990086874,0.015786437812431983,nominal,96,6,7042,0.6,0.5,2.0
Constitutional,dlt_only,0.8804347826086957,0.32623025995934074,0.9021739130434783,0.29870720011393176,2.469135802469134,96,92,0.012426127990086874,0.015786437812431983,nominal,96,6,7042,0.6,0.5,2.0
Infection,dlt_only,0.8804347826086957,0.32623025995934074,0.33695652173913043,0.4752598806261935,-61.728395061728385,96,92,0.012426127990086874,0.015786437812431983,nominal,96,6,7042,0.6,0.5,2.0
Gastrointestinal,dlt_only,0.8586956521739131,0.3502439256481347,0.9891304347826086,0.10425720702853734,15.189873417721508,96,92,0.012426127990086874,0.015786437812431983,nominal,96,6,7042,0.6,0.5,2.0
Overall_Survival,dlt_only,10.733162505157084,1.805430863714398,12.310393195743954,1.2566162864477608,14.694929754664944,96,92,0.012426127990086874,0.015786437812431983,nominal,96,6,7042,0.6,0.5,2.0
all_constraints,dlt_only,0.7065217391304348,0.45785077175051975,0.17391304347826086,0.38111160870476846,-75.38461538461539,96,92,0.012426127990086874,0.015786437812431983,nominal,96,6,7042,0.6,0.5,2.0
Any_DLT,all_constraints,0.8526315789473684,0.3563533105934119,0.7263157894736842,0.4482140745926371,-14.81481481481481,96,95,0.07382879654566447,0.043783299611861545,nominal,95,6,7042,0.6,0.5,2.0
Blood,all_constraints,0.8736842105263158,0.33396729560733096,0.30526315789473685,0.46296188461572396,-65.0602409638554,96,95,0.07382879654566447,0.043783299611861545,nominal,95,6,7042,0.6,0.5,2.0
Constitutional,all_constraints,0.8736842105263158,0.333967295607331,0.9789473684210527,0.1443214031708876,12.048192771084336,96,95,0.07382879654566447,0.043783299611861545,nominal,95,6,7042,0.6,0.5,2.0
Infection,all_constraints,0.8736842105263158,0.333967295607331,0.4421052631578947,0.49927158587422754,-49.397590361445786,96,95,0.07382879654566447,0.043783299611861545,nominal,95,6,7042,0.6,0.5,2.0
Gastrointestinal,all_constraints,0.8631578947368421,0.34550383548659225,1.0,0.0,15.853658536585364,96,95,0.07382879654566447,0.043783299611861545,nominal,95,6,7042,0.6,0.5,2.0
Overall_Survival,all_constraints,10.6999871958255,1.7864730982355768,12.113773329748236,1.4581448155685701,13.212970333967421,96,95,0.07382879654566447,0.043783299611861545,nominal,95,6,7042,0.6,0.5,2.0
all_constraints,all_constraints,0.7052631578947368,0.4583430892442982,0.25263157894736843,0.4368265893978148,-64.17910447761193,96,95,0.07382879654566447,0.043783299611861545,nominal,95,6,7042,0.6,0.5,2.0
Any_DLT,dlt_only,0.8478260869565217,0.3611575592573076,0.5652173913043478,0.4984447862792268,-33.333333333333336,96,92,0.014271756013234457,0.01562634763540943,robust_reg,96,6,7042,0.6,0.5,2.0
Blood,dlt_only,0.8804347826086957,0.32623025995934074,0.18478260869565216,0.3902478171817211,-79.01234567901234,96,92,0.014271756013234457,0.01562634763540943,robust_reg,96,6,7042,0.6,0.5,2.0
Constitutional,dlt_only,0.8804347826086957,0.32623025995934074,0.8913043478260869,0.31296251010007803,1.2345679012345607,96,92,0.014271756013234457,0.01562634763540943,robust_reg,96,6,7042,0.6,0.5,2.0
Infection,dlt_only,0.8804347826086957,0.32623025995934074,0.31521739130434784,0.46714818285974724,-64.19753086419753,96,92,0.014271756013234457,0.01562634763540943,robust_reg,96,6,7042,0.6,0.5,2.0
Gastrointestinal,dlt_only,0.8586956521739131,0.3502439256481347,0.967391304347826,0.17858337274913308,12.658227848101257,96,92,0.014271756013234457,0.01562634763540943,robust_reg,96,6,7042,0.6,0.5,2.0
Overall_Survival,dlt_only,10.733162505157084,1.805430863714398,12.478447091708812,1.0596496558832156,16.260674202157578,96,92,0.014271756013234457,0.01562634763540943,robust_reg,96,6,7042,0.6,0.5,2.0
all_constraints,dlt_only,0.7065217391304348,0.45785077175051975,0.10869565217391304,0.312962510100078,-84.61538461538461,96,92,0.014271756013234457,0.01562634763540943,robust_reg,96,6,7042,0.6,0.5,2.0
Any_DLT,all_constraints,0.8526315789473684,0.3563533105934119,0.7052631578947368,0.4583430892442982,-17.283950617283953,96,95,0.07735213140646617,0.062445582823492704,robust_reg,96,6,7042,0.6,0.5,2.0
Blood,all_constraints,0.8736842105263158,0.33396729560733096,0.3157894736842105,0.46729547567908863,-63.85542168674699,96,95,0.07735213140646617,0.062445582823492704,robust_reg,96,6,7042,0.6,0.5,2.0
Constitutional,all_constraints,0.8736842105263158,0.333967295607331,0.9894736842105263,0.10259783520851543,13.25301204819276,96,95,0.07735213140646617,0.062445582823492704,robust_reg,96,6,7042,0.6,0.5,2.0
Infection,all_constraints,0.8736842105263158,0.333967295607331,0.43157894736842106,0.4979240217814012,-50.60240963855422,96,95,0.07735213140646617,0.062445582823492704,robust_reg,96,6,7042,0.6,0.5,2.0
Gastrointestinal,all_constraints,0.8631578947368421,0.34550383548659225,0.9789473684210527,0.1443214031708876,13.414634146341466,96,95,0.07735213140646617,0.062445582823492704,robust_reg,96,6,7042,0.6,0.5,2.0
Overall_Survival,all_constraints,10.6999871958255,1.7864730982355768,12.176727427774244,1.3112515295295406,13.801327094343446,96,95,0.07735213140646617,0.062445582823492704,robust_reg,96,6,7042,0.6,0.5,2.0
all_constraints,all_constraints,0.7052631578947368,0.4583430892442982,0.23157894736842105,0.42407926745360525,-67.16417910447761,96,95,0.07735213140646617,0.062445582823492704,robust_reg,96,6,7042,0.6,0.5,2.0
Any_DLT,dlt_only,0.8478260869565217,0.3611575592573076,0.9565217391304348,0.20504855915155562,12.820512820512825,96,92,0.06514352063337962,0.043817926508588206,cp,95,6,7042,0.6,0.5,2.0
Blood,dlt_only,0.8804347826086957,0.32623025995934074,0.8695652173913043,0.3386265505758479,-1.2345679012345734,96,92,0.06514352063337962,0.043817926508588206,cp,95,6,7042,0.6,0.5,2.0
Constitutional,dlt_only,0.8804347826086957,0.32623025995934074,0.9456521739130435,0.22794497286530102,7.407407407407402,96,92,0.06514352063337962,0.043817926508588206,cp,95,6,7042,0.6,0.5,2.0
Infection,dlt_only,0.8804347826086957,0.32623025995934074,0.9565217391304348,0.20504855915155562,8.641975308641976,96,92,0.06514352063337962,0.043817926508588206,cp,95,6,7042,0.6,0.5,2.0
Gastrointestinal,dlt_only,0.8586956521739131,0.3502439256481347,0.9782608695652174,0.14662959759729013,13.924050632911388,96,92,0.06514352063337962,0.043817926508588206,cp,95,6,7042,0.6,0.5,2.0
Overall_Survival,dlt_only,10.733162505157084,1.805430863714398,10.811597205202713,1.4124276444043316,0.7307697056477235,96,92,0.06514352063337962,0.043817926508588206,cp,95,6,7042,0.6,0.5,2.0
all_constraints,dlt_only,0.7065217391304348,0.45785077175051975,0.8478260869565217,0.3611575592573076,19.999999999999993,96,92,0.06514352063337962,0.043817926508588206,cp,95,6,7042,0.6,0.5,2.0
Any_DLT,all_constraints,0.8526315789473684,0.3563533105934119,0.968421052631579,0.17580402404729137,13.58024691358025,96,95,0.10032516717910767,0.027925275173129354,cp,95,6,7042,0.6,0.5,2.0
Blood,all_constraints,0.8736842105263158,0.33396729560733096,0.6421052631578947,0.4819241017687551,-26.506024096385545,96,95,0.10032516717910767,0.027925275173129354,cp,95,6,7042,0.6,0.5,2.0
Constitutional,all_constraints,0.8736842105263158,0.333967295607331,0.9789473684210527,0.1443214031708876,12.048192771084336,96,95,0.10032516717910767,0.027925275173129354,cp,95,6,7042,0.6,0.5,2.0
Infection,all_constraints,0.8736842105263158,0.333967295607331,0.7789473684210526,0.41715723267721977,-10.84337349397591,96,95,0.10032516717910767,0.027925275173129354,cp,95,6,7042,0.6,0.5,2.0
Gastrointestinal,all_constraints,0.8631578947368421,0.34550383548659225,1.0,0.0,15.853658536585364,96,95,0.10032516717910767,0.027925275173129354,cp,95,6,7042,0.6,0.5,2.0
Overall_Survival,all_constraints,10.6999871958255,1.7864730982355768,11.26373434031397,1.5496530151206893,5.268671206526406,96,95,0.10032516717910767,0.027925275173129354,cp,95,6,7042,0.6,0.5,2.0
all_constraints,all_constraints,0.7052631578947368,0.4583430892442982,0.631578947368421,0.48493543283632795,-10.447761194029852,96,95,0.10032516717910767,0.027925275173129354,cp,95,6,7042,0.6,0.5,2.0
Any_DLT,dlt_only,0.851063829787234,0.3579345410363401,1.0,0.0,17.5,96,94,0.010545358061790466,0.0005817773865936526,nominal,96,7,8042,0.6,0.5,0.5
Blood,dlt_only,0.8723404255319149,0.3354997092507591,1.0,0.0,14.63414634146341,96,94,0.010545358061790466,0.0005817773865936526,nominal,96,7,8042,0.6,0.5,0.5
Constitutional,dlt_only,0.8723404255319149,0.3354997092507591,0.9148936170212766,0.2805361406225206,4.8780487804877986,96,94,0.010545358061790466,0.0005817773865936526,nominal,96,7,8042,0.6,0.5,0.5
Infection,dlt_only,0.8617021276595744,0.3470633740209737,1.0,0.0,16.049382716049386,96,94,0.010545358061790466,0.0005817773865936526,nominal,96,7,8042,0.6,0.5,0.5
Gastrointestinal,dlt_only,0.8723404255319149,0.3354997092507591,1.0,0.0,14.63414634146341,96,94,0.010545358061790466,0.0005817773865936526,nominal,96,7,8042,0.6,0.5,0.5
Overall_Survival,dlt_only,10.683595473623884,1.7977918063261893,11.987128045645184,0.9802503317505092,12.201253550263269,96,94,0.010545358061790466,0.0005817773865936526,nominal,96,7,8042,0.6,0.5,0.5
all_constraints,dlt_only,0.7127659574468085,0.45489784805160016,0.9148936170212766,0.2805361406225206,28.358208955223883,96,94,0.010545358061790466,0.0005817773865936526,nominal,96,7,8042,0.6,0.5,0.5
Any_DLT,all_constraints,0.8631578947368421,0.34550383548659225,1.0,0.0,15.853658536585364,96,95,0.04241410891215006,0.02136440190253601,nominal,96,7,8042,0.6,0.5,0.5
Blood,all_constraints,0.8736842105263158,0.33396729560733096,1.0,0.0,14.457831325301198,96,95,0.04241410891215006,0.02136440190253601,nominal,96,7,8042,0.6,0.5,0.5
Constitutional,all_constraints,0.8736842105263158,0.333967295607331,0.9473684210526315,0.22448148540588725,8.433734939759024,96,95,0.04241410891215006,0.02136440190253601,nominal,96,7,8042,0.6,0.5,0.5
Infection,all_constraints,0.8736842105263158,0.333967295607331,1.0,0.0,14.457831325301198,96,95,0.04241410891215006,0.02136440190253601,nominal,96,7,8042,0.6,0.5,0.5
Gastrointestinal,all_constraints,0.8736842105263158,0.333967295607331,1.0,0.0,14.457831325301198,96,95,0.04241410891215006,0.02136440190253601,nominal,96,7,8042,0.6,0.5,0.5
Overall_Survival,all_constraints,10.725087536752348,1.7563102885413053,11.848683962981788,1.0721284420099726,10.476338047397189,96,95,0.04241410891215006,0.02136440190253601,nominal,96,7,8042,0.6,0.5,0.5
all_constraints,all_constraints,0.7052631578947368,0.4583430892442982,0.9473684210526315,0.22448148540588725,34.32835820895522,96,95,0.04241410891215006,0.02136440190253601,nominal,96,7,8042,0.6,0.5,0.5
Any_DLT,dlt_only,0.851063829787234,0.3579345410363401,1.0,0.0,17.5,96,94,0.010233595967292786,0.0005824325659098119,robust_reg,96,7,8042,0.6,0.5,0.5
Blood,dlt_only,0.8723404255319149,0.3354997092507591,1.0,0.0,14.63414634146341,96,94,0.010233595967292786,0.0005824325659098119,robust_reg,96,7,8042,0.6,0.5,0.5
Constitutional,dlt_only,0.8723404255319149,0.3354997092507591,0.9148936170212766,0.2805361406225206,4.8780487804877986,96,94,0.010233595967292786,0.0005824325659098119,robust_reg,96,7,8042,0.6,0.5,0.5
Infection,dlt_only,0.8617021276595744,0.3470633740209737,1.0,0.0,16.049382716049386,96,94,0.010233595967292786,0.0005824325659098119,robust_reg,96,7,8042,0.6,0.5,0.5
Gastrointestinal,dlt_only,0.8723404255319149,0.3354997092507591,1.0,0.0,14.63414634146341,96,94,0.010233595967292786,0.0005824325659098119,robust_reg,96,7,8042,0.6,0.5,0.5
Overall_Survival,dlt_only,10.683595473623884,1.7977918063261893,11.987128045645184,0.9802503317505092,12.201253550263269,96,94,0.010233595967292786,0.0005824325659098119,robust_reg,96,7,8042,0.6,0.5,0.5
all_constraints,dlt_only,0.7127659574468085,0.45489784805160016,0.9148936170212766,0.2805361406225206,28.358208955223883,96,94,0.010233595967292786,0.0005824325659098119,robust_reg,96,7,8042,0.6,0.5,0.5
Any_DLT,all_constraints,0.8631578947368421,0.34550383548659225,1.0,0.0,15.853658536585364,96,95,0.03689859062433243,0.010996196412136018,robust_reg,95,7,8042,0.6,0.5,0.5
Blood,all_constraints,0.8736842105263158,0.33396729560733096,1.0,0.0,14.457831325301198,96,95,0.03689859062433243,0.010996196412136018,robust_reg,95,7,8042,0.6,0.5,0.5
Constitutional,all_constraints,0.8736842105263158,0.333967295607331,0.9368421052631579,0.24453717969020553,7.228915662650599,96,95,0.03689859062433243,0.010996196412136018,robust_reg,95,7,8042,0.6,0.5,0.5
Infection,all_constraints,0.8736842105263158,0.333967295607331,1.0,0.0,14.457831325301198,96,95,0.03689859062433243,0.010996196412136018,robust_reg,95,7,8042,0.6,0.5,0.5
Gastrointestinal,all_constraints,0.8736842105263158,0.333967295607331,0.9894736842105263,0.10259783520851541,13.25301204819276,96,95,0.03689859062433243,0.010996196412136018,robust_reg,95,7,8042,0.6,0.5,0.5
Overall_Survival,all_constraints,10.725087536752348,1.7563102885413053,11.930286174350934,1.0245105117080937,11.237191617025546,96,95,0.03689859062433243,0.010996196412136018,robust_reg,95,7,8042,0.6,0.5,0.5
all_constraints,all_constraints,0.7052631578947368,0.4583430892442982,0.9368421052631579,0.24453717969020553,32.835820895522396,96,95,0.03689859062433243,0.010996196412136018,robust_reg,95,7,8042,0.6,0.5,0.5
Any_DLT,dlt_only,0.851063829787234,0.3579345410363401,1.0,0.0,17.5,96,94,0.011429645121097565,0.005185605990066012,cp,94,7,8042,0.6,0.5,0.5
Blood,dlt_only,0.8723404255319149,0.3354997092507591,1.0,0.0,14.63414634146341,96,94,0.011429645121097565,0.005185605990066012,cp,94,7,8042,0.6,0.5,0.5
Constitutional,dlt_only,0.8723404255319149,0.3354997092507591,0.9361702127659575,0.24576020475855118,7.317073170731705,96,94,0.011429645121097565,0.005185605990066012,cp,94,7,8042,0.6,0.5,0.5
Infection,dlt_only,0.8617021276595744,0.3470633740209737,1.0,0.0,16.049382716049386,96,94,0.011429645121097565,0.005185605990066012,cp,94,7,8042,0.6,0.5,0.5
Gastrointestinal,dlt_only,0.8723404255319149,0.3354997092507591,1.0,0.0,14.63414634146341,96,94,0.011429645121097565,0.005185605990066012,cp,94,7,8042,0.6,0.5,0.5
Overall_Survival,dlt_only,10.683595473623884,1.7977918063261893,11.81136347974052,1.0617850300687268,10.556071772849482,96,94,0.011429645121097565,0.005185605990066012,cp,94,7,8042,0.6,0.5,0.5
all_constraints,dlt_only,0.7127659574468085,0.45489784805160016,0.9361702127659575,0.24576020475855118,31.343283582089562,96,94,0.011429645121097565,0.005185605990066012,cp,94,7,8042,0.6,0.5,0.5
Any_DLT,all_constraints,0.8631578947368421,0.34550383548659225,1.0,0.0,15.853658536585364,96,95,0.05161610494057337,0.02153182977992731,cp,96,7,8042,0.6,0.5,0.5
Blood,all_constraints,0.8736842105263158,0.33396729560733096,1.0,0.0,14.457831325301198,96,95,0.05161610494057337,0.02153182977992731,cp,96,7,8042,0.6,0.5,0.5
Constitutional,all_constraints,0.8736842105263158,0.333967295607331,0.9473684210526315,0.22448148540588725,8.433734939759024,96,95,0.05161610494057337,0.02153182977992731,cp,96,7,8042,0.6,0.5,0.5
Infection,all_constraints,0.8736842105263158,0.333967295607331,1.0,0.0,14.457831325301198,96,95,0.05161610494057337,0.02153182977992731,cp,96,7,8042,0.6,0.5,0.5
Gastrointestinal,all_constraints,0.8736842105263158,0.333967295607331,1.0,0.0,14.457831325301198,96,95,0.05161610494057337,0.02153182977992731,cp,96,7,8042,0.6,0.5,0.5
Overall_Survival,all_constraints,10.725087536752348,1.7563102885413053,11.848385119781254,1.0723938363301075,10.47355165335136,96,95,0.05161610494057337,0.02153182977992731,cp,96,7,8042,0.6,0.5,0.5
all_constraints,all_constraints,0.7052631578947368,0.4583430892442982,0.9473684210526315,0.22448148540588725,34.32835820895522,96,95,0.05161610494057337,0.02153182977992731,cp,96,7,8042,0.6,0.5,0.5
Any_DLT,dlt_only,0.851063829787234,0.3579345410363401,1.0,0.0,17.5,96,94,0.010458519061406454,0.000628979588333133,nominal,96,7,8042,0.6,0.5,0.75
Blood,dlt_only,0.8723404255319149,0.3354997092507591,1.0,0.0,14.63414634146341,96,94,0.010458519061406454,0.000628979588333133,nominal,96,7,8042,0.6,0.5,0.75
Constitutional,dlt_only,0.8723404255319149,0.3354997092507591,0.9148936170212766,0.2805361406225206,4.8780487804877986,96,94,0.010458519061406454,0.000628979588333133,nominal,96,7,8042,0.6,0.5,0.75
Infection,dlt_only,0.8617021276595744,0.3470633740209737,1.0,0.0,16.049382716049386,96,94,0.010458519061406454,0.000628979588333133,nominal,96,7,8042,0.6,0.5,0.75
Gastrointestinal,dlt_only,0.8723404255319149,0.3354997092507591,1.0,0.0,14.63414634146341,96,94,0.010458519061406454,0.000628979588333133,nominal,96,7,8042,0.6,0.5,0.75
Overall_Survival,dlt_only,10.683595473623884,1.7977918063261893,11.987128045645184,0.9802503317505092,12.201253550263269,96,94,0.010458519061406454,0.000628979588333133,nominal,96,7,8042,0.6,0.5,0.75
all_constraints,dlt_only,0.7127659574468085,0.45489784805160016,0.9148936170212766,0.2805361406225206,28.358208955223883,96,94,0.010458519061406454,0.000628979588333133,nominal,96,7,8042,0.6,0.5,0.75
Any_DLT,all_constraints,0.8631578947368421,0.34550383548659225,1.0,0.0,15.853658536585364,96,95,0.04199050615231196,0.021078070243672017,nominal,96,7,8042,0.6,0.5,0.75
Blood,all_constraints,0.8736842105263158,0.33396729560733096,1.0,0.0,14.457831325301198,96,95,0.04199050615231196,0.021078070243672017,nominal,96,7,8042,0.6,0.5,0.75
Constitutional,all_constraints,0.8736842105263158,0.333967295607331,0.9473684210526315,0.22448148540588725,8.433734939759024,96,95,0.04199050615231196,0.021078070243672017,nominal,96,7,8042,0.6,0.5,0.75
Infection,all_constraints,0.8736842105263158,0.333967295607331,1.0,0.0,14.457831325301198,96,95,0.04199050615231196,0.021078070243672017,nominal,96,7,8042,0.6,0.5,0.75
Gastrointestinal,all_constraints,0.8736842105263158,0.333967295607331,1.0,0.0,14.457831325301198,96,95,0.04199050615231196,0.021078070243672017,nominal,96,7,8042,0.6,0.5,0.75
Overall_Survival,all_constraints,10.725087536752348,1.7563102885413053,11.848683962981788,1.0721284420099726,10.476338047397189,96,95,0.04199050615231196,0.021078070243672017,nominal,96,7,8042,0.6,0.5,0.75
all_constraints,all_constraints,0.7052631578947368,0.4583430892442982,0.9473684210526315,0.22448148540588725,34.32835820895522,96,95,0.04199050615231196,0.021078070243672017,nominal,96,7,8042,0.6,0.5,0.75
Any_DLT,dlt_only,0.851063829787234,0.3579345410363401,1.0,0.0,17.5,96,94,0.010416440665721893,0.0006432144362531638,robust_reg,96,7,8042,0.6,0.5,0.75
Blood,dlt_only,0.8723404255319149,0.3354997092507591,1.0,0.0,14.63414634146341,96,94,0.010416440665721893,0.0006432144362531638,robust_reg,96,7,8042,0.6,0.5,0.75
Constitutional,dlt_only,0.8723404255319149,0.3354997092507591,0.9148936170212766,0.2805361406225206,4.8780487804877986,96,94,0.010416440665721893,0.0006432144362531638,robust_reg,96,7,8042,0.6,0.5,0.75
Infection,dlt_only,0.8617021276595744,0.3470633740209737,1.0,0.0,16.049382716049386,96,94,0.010416440665721893,0.0006432144362531638,robust_reg,96,7,8042,0.6,0.5,0.75
Gastrointestinal,dlt_only,0.8723404255319149,0.3354997092507591,1.0,0.0,14.63414634146341,96,94,0.010416440665721893,0.0006432144362531638,robust_reg,96,7,8042,0.6,0.5,0.75
Overall_Survival,dlt_only,10.683595473623884,1.7977918063261893,11.987128045645184,0.9802503317505092,12.201253550263269,96,94,0.010416440665721893,0.0006432144362531638,robust_reg,96,7,8042,0.6,0.5,0.75
all_constraints,dlt_only,0.7127659574468085,0.45489784805160016,0.9148936170212766,0.2805361406225206,28.358208955223883,96,94,0.010416440665721893,0.0006432144362531638,robust_reg,96,7,8042,0.6,0.5,0.75
Any_DLT,all_constraints,0.8631578947368421,0.34550383548659225,1.0,0.0,15.853658536585364,96,95,0.04721682518720627,0.04857103709303011,robust_reg,95,7,8042,0.6,0.5,0.75
Blood,all_constraints,0.8736842105263158,0.33396729560733096,1.0,0.0,14.457831325301198,96,95,0.04721682518720627,0.04857103709303011,robust_reg,95,7,8042,0.6,0.5,0.75
Constitutional,all_constraints,0.8736842105263158,0.333967295607331,0.9368421052631579,0.24453717969020553,7.228915662650599,96,95,0.04721682518720627,0.04857103709303011,robust_reg,95,7,8042,0.6,0.5,0.75
Infection,all_constraints,0.8736842105263158,0.333967295607331,1.0,0.0,14.457831325301198,96,95,0.04721682518720627,0.04857103709303011,robust_reg,95,7,8042,0.6,0.5,0.75
Gastrointestinal,all_constraints,0.8736842105263158,0.333967295607331,1.0,0.0,14.457831325301198,96,95,0.04721682518720627,0.04857103709303011,robust_reg,95,7,8042,0.6,0.5,0.75
Overall_Survival,all_constraints,10.725087536752348,1.7563102885413053,11.870690439303768,1.113821631969851,10.681524963089664,96,95,0.04721682518720627,0.04857103709303011,robust_reg,95,7,8042,0.6,0.5,0.75
all_constraints,all_constraints,0.7052631578947368,0.4583430892442982,0.9368421052631579,0.24453717969020553,32.835820895522396,96,95,0.04721682518720627,0.04857103709303011,robust_reg,95,7,8042,0.6,0.5,0.75
Any_DLT,dlt_only,0.851063829787234,0.3579345410363401,1.0,0.0,17.5,96,94,0.011220095058282217,0.005136103827291517,cp,94,7,8042,0.6,0.5,0.75
Blood,dlt_only,0.8723404255319149,0.3354997092507591,1.0,0.0,14.63414634146341,96,94,0.011220095058282217,0.005136103827291517,cp,94,7,8042,0.6,0.5,0.75
Constitutional,dlt_only,0.8723404255319149,0.3354997092507591,0.9361702127659575,0.24576020475855118,7.317073170731705,96,94,0.011220095058282217,0.005136103827291517,cp,94,7,8042,0.6,0.5,0.75
Infection,dlt_only,0.8617021276595744,0.3470633740209737,1.0,0.0,16.049382716049386,96,94,0.011220095058282217,0.005136103827291517,cp,94,7,8042,0.6,0.5,0.75
Gastrointestinal,dlt_only,0.8723404255319149,0.3354997092507591,1.0,0.0,14.63414634146341,96,94,0.011220095058282217,0.005136103827291517,cp,94,7,8042,0.6,0.5,0.75
Overall_Survival,dlt_only,10.683595473623884,1.7977918063261893,11.81136347974052,1.0617850300687268,10.556071772849482,96,94,0.011220095058282217,0.005136103827291517,cp,94,7,8042,0.6,0.5,0.75
all_constraints,dlt_only,0.7127659574468085,0.45489784805160016,0.9361702127659575,0.24576020475855118,31.343283582089562,96,94,0.011220095058282217,0.005136103827291517,cp,94,7,8042,0.6,0.5,0.75
Any_DLT,all_constraints,0.8631578947368421,0.34550383548659225,1.0,0.0,15.853658536585364,96,95,0.051162660121917725,0.021377695018496772,cp,96,7,8042,0.6,0.5,0.75
Blood,all_constraints,0.8736842105263158,0.33396729560733096,1.0,0.0,14.457831325301198,96,95,0.051162660121917725,0.021377695018496772,cp,96,7,8042,0.6,0.5,0.75
Constitutional,all_constraints,0.8736842105263158,0.333967295607331,0.9473684210526315,0.22448148540588725,8.433734939759024,96,95,0.051162660121917725,0.021377695018496772,cp,96,7,8042,0.6,0.5,0.75
Infection,all_constraints,0.8736842105263158,0.333967295607331,1.0,0.0,14.457831325301198,96,95,0.051162660121917725,0.021377695018496772,cp,96,7,8042,0.6,0.5,0.75
Gastrointestinal,all_constraints,0.8736842105263158,0.333967295607331,1.0,0.0,14.457831325301198,96,95,0.051162660121917725,0.021377695018496772,cp,96,7,8042,0.6,0.5,0.75
Overall_Survival,all_constraints,10.725087536752348,1.7563102885413053,11.848385119781254,1.0723938363301075,10.47355165335136,96,95,0.051162660121917725,0.021377695018496772,cp,96,7,8042,0.6,0.5,0.75
all_constraints,all_constraints,0.7052631578947368,0.4583430892442982,0.9473684210526315,0.22448148540588725,34.32835820895522,96,95,0.051162660121917725,0.021377695018496772,cp,96,7,8042,0.6,0.5,0.75
Any_DLT,dlt_only,0.851063829787234,0.3579345410363401,1.0,0.0,17.5,96,94,0.010405334333578745,0.0006014965513238374,nominal,96,7,8042,0.6,0.5,1.0
Blood,dlt_only,0.8723404255319149,0.3354997092507591,1.0,0.0,14.63414634146341,96,94,0.010405334333578745,0.0006014965513238374,nominal,96,7,8042,0.6,0.5,1.0
Constitutional,dlt_only,0.8723404255319149,0.3354997092507591,0.9148936170212766,0.2805361406225206,4.8780487804877986,96,94,0.010405334333578745,0.0006014965513238374,nominal,96,7,8042,0.6,0.5,1.0
Infection,dlt_only,0.8617021276595744,0.3470633740209737,1.0,0.0,16.049382716049386,96,94,0.010405334333578745,0.0006014965513238374,nominal,96,7,8042,0.6,0.5,1.0
Gastrointestinal,dlt_only,0.8723404255319149,0.3354997092507591,1.0,0.0,14.63414634146341,96,94,0.010405334333578745,0.0006014965513238374,nominal,96,7,8042,0.6,0.5,1.0
Overall_Survival,dlt_only,10.683595473623884,1.7977918063261893,11.987128045645184,0.9802503317505092,12.201253550263269,96,94,0.010405334333578745,0.0006014965513238374,nominal,96,7,8042,0.6,0.5,1.0
all_constraints,dlt_only,0.7127659574468085,0.45489784805160016,0.9148936170212766,0.2805361406225206,28.358208955223883,96,94,0.010405334333578745,0.0006014965513238374,nominal,96,7,8042,0.6,0.5,1.0
Any_DLT,all_constraints,0.8631578947368421,0.34550383548659225,1.0,0.0,15.853658536585364,96,95,0.04187074055274328,0.021015484238794672,nominal,96,7,8042,0.6,0.5,1.0
Blood,all_constraints,0.8736842105263158,0.33396729560733096,1.0,0.0,14.457831325301198,96,95,0.04187074055274328,0.021015484238794672,nominal,96,7,8042,0.6,0.5,1.0
Constitutional,all_constraints,0.8736842105263158,0.333967295607331,0.9473684210526315,0.22448148540588725,8.433734939759024,96,95,0.04187074055274328,0.021015484238794672,nominal,96,7,8042,0.6,0.5,1.0
Infection,all_constraints,0.8736842105263158,0.333967295607331,1.0,0.0,14.457831325301198,96,95,0.04187074055274328,0.021015484238794672,nominal,96,7,8042,0.6,0.5,1.0
Gastrointestinal,all_constraints,0.8736842105263158,0.333967295607331,1.0,0.0,14.457831325301198,96,95,0.04187074055274328,0.021015484238794672,nominal,96,7,8042,0.6,0.5,1.0
Overall_Survival,all_constraints,10.725087536752348,1.7563102885413053,11.848683962981788,1.0721284420099726,10.476338047397189,96,95,0.04187074055274328,0.021015484238794672,nominal,96,7,8042,0.6,0.5,1.0
all_constraints,all_constraints,0.7052631578947368,0.4583430892442982,0.9473684210526315,0.22448148540588725,34.32835820895522,96,95,0.04187074055274328,0.021015484238794672,nominal,96,7,8042,0.6,0.5,1.0
Any_DLT,dlt_only,0.851063829787234,0.3579345410363401,1.0,0.0,17.5,96,94,0.01388836900393168,0.021897132359982096,robust_reg,96,7,8042,0.6,0.5,1.0
Blood,dlt_only,0.8723404255319149,0.3354997092507591,1.0,0.0,14.63414634146341,96,94,0.01388836900393168,0.021897132359982096,robust_reg,96,7,8042,0.6,0.5,1.0
Constitutional,dlt_only,0.8723404255319149,0.3354997092507591,0.9148936170212766,0.2805361406225206,4.8780487804877986,96,94,0.01388836900393168,0.021897132359982096,robust_reg,96,7,8042,0.6,0.5,1.0
Infection,dlt_only,0.8617021276595744,0.3470633740209737,1.0,0.0,16.049382716049386,96,94,0.01388836900393168,0.021897132359982096,robust_reg,96,7,8042,0.6,0.5,1.0
Gastrointestinal,dlt_only,0.8723404255319149,0.3354997092507591,1.0,0.0,14.63414634146341,96,94,0.01388836900393168,0.021897132359982096,robust_reg,96,7,8042,0.6,0.5,1.0
Overall_Survival,dlt_only,10.683595473623884,1.7977918063261893,11.987128045645184,0.9802503317505092,12.201253550263269,96,94,0.01388836900393168,0.021897132359982096,robust_reg,96,7,8042,0.6,0.5,1.0
all_constraints,dlt_only,0.7127659574468085,0.45489784805160016,0.9148936170212766,0.2805361406225206,28.358208955223883,96,94,0.01388836900393168,0.021897132359982096,robust_reg,96,7,8042,0.6,0.5,1.0
Any_DLT,all_constraints,0.8631578947368421,0.34550383548659225,1.0,0.0,15.853658536585364,96,95,0.05046555648247401,0.05190915301035564,robust_reg,95,7,8042,0.6,0.5,1.0
Blood,all_constraints,0.8736842105263158,0.33396729560733096,1.0,0.0,14.457831325301198,96,95,0.05046555648247401,0.05190915301035564,robust_reg,95,7,8042,0.6,0.5,1.0
Constitutional,all_constraints,0.8736842105263158,0.333967295607331,0.9263157894736842,0.26264227200873946,6.024096385542162,96,95,0.05046555648247401,0.05190915301035564,robust_reg,95,7,8042,0.6,0.5,1.0
Infection,all_constraints,0.8736842105263158,0.333967295607331,1.0,0.0,14.457831325301198,96,95,0.05046555648247401,0.05190915301035564,robust_reg,95,7,8042,0.6,0.5,1.0
Gastrointestinal,all_constraints,0.8736842105263158,0.333967295607331,1.0,0.0,14.457831325301198,96,95,0.05046555648247401,0.05190915301035564,robust_reg,95,7,8042,0.6,0.5,1.0
Overall_Survival,all_constraints,10.725087536752348,1.7563102885413053,11.836347969881619,1.0954097434473569,10.361318071495857,96,95,0.05046555648247401,0.05190915301035564,robust_reg,95,7,8042,0.6,0.5,1.0
all_constraints,all_constraints,0.7052631578947368,0.4583430892442982,0.9263157894736842,0.26264227200873946,31.34328358208956,96,95,0.05046555648247401,0.05190915301035564,robust_reg,95,7,8042,0.6,0.5,1.0
Any_DLT,dlt_only,0.851063829787234,0.3579345410363401,1.0,0.0,17.5,96,94,0.019273693362871807,0.041367548723698876,cp,96,7,8042,0.6,0.5,1.0
Blood,dlt_only,0.8723404255319149,0.3354997092507591,0.9893617021276596,0.10314212462587934,13.414634146341463,96,94,0.019273693362871807,0.041367548723698876,cp,96,7,8042,0.6,0.5,1.0
Constitutional,dlt_only,0.8723404255319149,0.3354997092507591,0.9361702127659575,0.24576020475855118,7.317073170731705,96,94,0.019273693362871807,0.041367548723698876,cp,96,7,8042,0.6,0.5,1.0
Infection,dlt_only,0.8617021276595744,0.3470633740209737,0.9893617021276596,0.10314212462587934,14.814814814814824,96,94,0.019273693362871807,0.041367548723698876,cp,96,7,8042,0.6,0.5,1.0
Gastrointestinal,dlt_only,0.8723404255319149,0.3354997092507591,1.0,0.0,14.63414634146341,96,94,0.019273693362871807,0.041367548723698876,cp,96,7,8042,0.6,0.5,1.0
Overall_Survival,dlt_only,10.683595473623884,1.7977918063261893,11.80446106174674,1.1096567156248038,10.491464141356683,96,94,0.019273693362871807,0.041367548723698876,cp,96,7,8042,0.6,0.5,1.0
all_constraints,dlt_only,0.7127659574468085,0.45489784805160016,0.925531914893617,0.26393880449618323,29.850746268656714,96,94,0.019273693362871807,0.041367548723698876,cp,96,7,8042,0.6,0.5,1.0
Any_DLT,all_constraints,0.8631578947368421,0.34550383548659225,1.0,0.0,15.853658536585364,96,95,0.052896435062090554,0.02857581288747374,cp,96,7,8042,0.6,0.5,1.0
Blood,all_constraints,0.8736842105263158,0.33396729560733096,1.0,0.0,14.457831325301198,96,95,0.052896435062090554,0.02857581288747374,cp,96,7,8042,0.6,0.5,1.0
Constitutional,all_constraints,0.8736842105263158,0.333967295607331,0.9473684210526315,0.22448148540588725,8.433734939759024,96,95,0.052896435062090554,0.02857581288747374,cp,96,7,8042,0.6,0.5,1.0
Infection,all_constraints,0.8736842105263158,0.333967295607331,1.0,0.0,14.457831325301198,96,95,0.052896435062090554,0.02857581288747374,cp,96,7,8042,0.6,0.5,1.0
Gastrointestinal,all_constraints,0.8736842105263158,0.333967295607331,1.0,0.0,14.457831325301198,96,95,0.052896435062090554,0.02857581288747374,cp,96,7,8042,0.6,0.5,1.0
Overall_Survival,all_constraints,10.725087536752348,1.7563102885413053,11.848385119781254,1.0723938363301075,10.47355165335136,96,95,0.052896435062090554,0.02857581288747374,cp,96,7,8042,0.6,0.5,1.0
all_constraints,all_constraints,0.7052631578947368,0.4583430892442982,0.9473684210526315,0.22448148540588725,34.32835820895522,96,95,0.052896435062090554,0.02857581288747374,cp,96,7,8042,0.6,0.5,1.0
Any_DLT,dlt_only,0.851063829787234,0.3579345410363401,1.0,0.0,17.5,96,94,0.010454751551151276,0.0005907827084698645,nominal,96,7,8042,0.6,0.5,1.5
Blood,dlt_only,0.8723404255319149,0.3354997092507591,1.0,0.0,14.63414634146341,96,94,0.010454751551151276,0.0005907827084698645,nominal,96,7,8042,0.6,0.5,1.5
Constitutional,dlt_only,0.8723404255319149,0.3354997092507591,0.9148936170212766,0.2805361406225206,4.8780487804877986,96,94,0.010454751551151276,0.0005907827084698645,nominal,96,7,8042,0.6,0.5,1.5
Infection,dlt_only,0.8617021276595744,0.3470633740209737,1.0,0.0,16.049382716049386,96,94,0.010454751551151276,0.0005907827084698645,nominal,96,7,8042,0.6,0.5,1.5
Gastrointestinal,dlt_only,0.8723404255319149,0.3354997092507591,1.0,0.0,14.63414634146341,96,94,0.010454751551151276,0.0005907827084698645,nominal,96,7,8042,0.6,0.5,1.5
Overall_Survival,dlt_only,10.683595473623884,1.7977918063261893,11.987128045645184,0.9802503317505092,12.201253550263269,96,94,0.010454751551151276,0.0005907827084698645,nominal,96,7,8042,0.6,0.5,1.5
all_constraints,dlt_only,0.7127659574468085,0.45489784805160016,0.9148936170212766,0.2805361406225206,28.358208955223883,96,94,0.010454751551151276,0.0005907827084698645,nominal,96,7,8042,0.6,0.5,1.5
Any_DLT,all_constraints,0.8631578947368421,0.34550383548659225,1.0,0.0,15.853658536585364,96,95,0.04203646630048752,0.021384446568979615,nominal,96,7,8042,0.6,0.5,1.5
Blood,all_constraints,0.8736842105263158,0.33396729560733096,1.0,0.0,14.457831325301198,96,95,0.04203646630048752,0.021384446568979615,nominal,96,7,8042,0.6,0.5,1.5
Constitutional,all_constraints,0.8736842105263158,0.333967295607331,0.9473684210526315,0.22448148540588725,8.433734939759024,96,95,0.04203646630048752,0.021384446568979615,nominal,96,7,8042,0.6,0.5,1.5
Infection,all_constraints,0.8736842105263158,0.333967295607331,1.0,0.0,14.457831325301198,96,95,0.04203646630048752,0.021384446568979615,nominal,96,7,8042,0.6,0.5,1.5
Gastrointestinal,all_constraints,0.8736842105263158,0.333967295607331,1.0,0.0,14.457831325301198,96,95,0.04203646630048752,0.021384446568979615,nominal,96,7,8042,0.6,0.5,1.5
Overall_Survival,all_constraints,10.725087536752348,1.7563102885413053,11.848683962981788,1.0721284420099726,10.476338047397189,96,95,0.04203646630048752,0.021384446568979615,nominal,96,7,8042,0.6,0.5,1.5
all_constraints,all_constraints,0.7052631578947368,0.4583430892442982,0.9473684210526315,0.22448148540588725,34.32835820895522,96,95,0.04203646630048752,0.021384446568979615,nominal,96,7,8042,0.6,0.5,1.5
Any_DLT,dlt_only,0.851063829787234,0.3579345410363401,1.0,0.0,17.5,96,94,0.01151814063390096,0.0005054028884324766,robust_reg,96,7,8042,0.6,0.5,1.5
Blood,dlt_only,0.8723404255319149,0.3354997092507591,1.0,0.0,14.63414634146341,96,94,0.01151814063390096,0.0005054028884324766,robust_reg,96,7,8042,0.6,0.5,1.5
Constitutional,dlt_only,0.8723404255319149,0.3354997092507591,0.9148936170212766,0.2805361406225206,4.8780487804877986,96,94,0.01151814063390096,0.0005054028884324766,robust_reg,96,7,8042,0.6,0.5,1.5
Infection,dlt_only,0.8617021276595744,0.3470633740209737,1.0,0.0,16.049382716049386,96,94,0.01151814063390096,0.0005054028884324766,robust_reg,96,7,8042,0.6,0.5,1.5
Gastrointestinal,dlt_only,0.8723404255319149,0.3354997092507591,1.0,0.0,14.63414634146341,96,94,0.01151814063390096,0.0005054028884324766,robust_reg,96,7,8042,0.6,0.5,1.5
Overall_Survival,dlt_only,10.683595473623884,1.7977918063261893,11.987128045645184,0.9802503317505092,12.201253550263269,96,94,0.01151814063390096,0.0005054028884324766,robust_reg,96,7,8042,0.6,0.5,1.5
all_constraints,dlt_only,0.7127659574468085,0.45489784805160016,0.9148936170212766,0.2805361406225206,28.358208955223883,96,94,0.01151814063390096,0.0005054028884324766,robust_reg,96,7,8042,0.6,0.5,1.5
Any_DLT,all_constraints,0.8631578947368421,0.34550383548659225,1.0,0.0,15.853658536585364,96,95,0.04290929436683655,0.028651478272543395,robust_reg,96,7,8042,0.6,0.5,1.5
Blood,all_constraints,0.8736842105263158,0.33396729560733096,1.0,0.0,14.457831325301198,96,95,0.04290929436683655,0.028651478272543395,robust_reg,96,7,8042,0.6,0.5,1.5
Constitutional,all_constraints,0.8736842105263158,0.333967295607331,0.9368421052631579,0.24453717969020555,7.228915662650599,96,95,0.04290929436683655,0.028651478272543395,robust_reg,96,7,8042,0.6,0.5,1.5
Infection,all_constraints,0.8736842105263158,0.333967295607331,1.0,0.0,14.457831325301198,96,95,0.04290929436683655,0.028651478272543395,robust_reg,96,7,8042,0.6,0.5,1.5
Gastrointestinal,all_constraints,0.8736842105263158,0.333967295607331,1.0,0.0,14.457831325301198,96,95,0.04290929436683655,0.028651478272543395,robust_reg,96,7,8042,0.6,0.5,1.5
Overall_Survival,all_constraints,10.725087536752348,1.7563102885413053,11.900132456349942,1.0471185008997494,10.956040363968986,96,95,0.04290929436683655,0.028651478272543395,robust_reg,96,7,8042,0.6,0.5,1.5
all_constraints,all_constraints,0.7052631578947368,0.4583430892442982,0.9368421052631579,0.24453717969020555,32.835820895522396,96,95,0.04290929436683655,0.028651478272543395,robust_reg,96,7,8042,0.6,0.5,1.5
Any_DLT,dlt_only,0.851063829787234,0.3579345410363401,1.0,0.0,17.5,96,94,0.017611205577850342,0.02780314577079979,cp,96,7,8042,0.6,0.5,1.5
Blood,dlt_only,0.8723404255319149,0.3354997092507591,0.9893617021276596,0.10314212462587934,13.414634146341463,96,94,0.017611205577850342,0.02780314577079979,cp,96,7,8042,0.6,0.5,1.5
Constitutional,dlt_only,0.8723404255319149,0.3354997092507591,0.9361702127659575,0.24576020475855118,7.317073170731705,96,94,0.017611205577850342,0.02780314577079979,cp,96,7,8042,0.6,0.5,1.5
Infection,dlt_only,0.8617021276595744,0.3470633740209737,0.9893617021276596,0.10314212462587934,14.814814814814824,96,94,0.017611205577850342,0.02780314577079979,cp,96,7,8042,0.6,0.5,1.5
Gastrointestinal,dlt_only,0.8723404255319149,0.3354997092507591,1.0,0.0,14.63414634146341,96,94,0.017611205577850342,0.02780314577079979,cp,96,7,8042,0.6,0.5,1.5
Overall_Survival,dlt_only,10.683595473623884,1.7977918063261893,11.80446106174674,1.1096567156248038,10.491464141356683,96,94,0.017611205577850342,0.02780314577079979,cp,96,7,8042,0.6,0.5,1.5
all_constraints,dlt_only,0.7127659574468085,0.45489784805160016,0.925531914893617,0.26393880449618323,29.850746268656714,96,94,0.017611205577850342,0.02780314577079979,cp,96,7,8042,0.6,0.5,1.5
Any_DLT,all_constraints,0.8631578947368421,0.34550383548659225,1.0,0.0,15.853658536585364,96,95,0.05103191236654917,0.02146283019744664,cp,96,7,8042,0.6,0.5,1.5
Blood,all_constraints,0.8736842105263158,0.33396729560733096,1.0,0.0,14.457831325301198,96,95,0.05103191236654917,0.02146283019744664,cp,96,7,8042,0.6,0.5,1.5
Constitutional,all_constraints,0.8736842105263158,0.333967295607331,0.9473684210526315,0.22448148540588725,8.433734939759024,96,95,0.05103191236654917,0.02146283019744664,cp,96,7,8042,0.6,0.5,1.5
Infection,all_constraints,0.8736842105263158,0.333967295607331,1.0,0.0,14.457831325301198,96,95,0.05103191236654917,0.02146283019744664,cp,96,7,8042,0.6,0.5,1.5
Gastrointestinal,all_constraints,0.8736842105263158,0.333967295607331,1.0,0.0,14.457831325301198,96,95,0.05103191236654917,0.02146283019744664,cp,96,7,8042,0.6,0.5,1.5
Overall_Survival,all_constraints,10.725087536752348,1.7563102885413053,11.848385119781254,1.0723938363301075,10.47355165335136,96,95,0.05103191236654917,0.02146283019744664,cp,96,7,8042,0.6,0.5,1.5
all_constraints,all_constraints,0.7052631578947368,0.4583430892442982,0.9473684210526315,0.22448148540588725,34.32835820895522,96,95,0.05103191236654917,0.02146283019744664,cp,96,7,8042,0.6,0.5,1.5
Any_DLT,dlt_only,0.851063829787234,0.3579345410363401,1.0,0.0,17.5,96,94,0.01036460449298223,0.0005991154105760451,nominal,96,7,8042,0.6,0.5,2.0
Blood,dlt_only,0.8723404255319149,0.3354997092507591,1.0,0.0,14.63414634146341,96,94,0.01036460449298223,0.0005991154105760451,nominal,96,7,8042,0.6,0.5,2.0
Constitutional,dlt_only,0.8723404255319149,0.3354997092507591,0.9148936170212766,0.2805361406225206,4.8780487804877986,96,94,0.01036460449298223,0.0005991154105760451,nominal,96,7,8042,0.6,0.5,2.0
Infection,dlt_only,0.8617021276595744,0.3470633740209737,1.0,0.0,16.049382716049386,96,94,0.01036460449298223,0.0005991154105760451,nominal,96,7,8042,0.6,0.5,2.0
Gastrointestinal,dlt_only,0.8723404255319149,0.3354997092507591,1.0,0.0,14.63414634146341,96,94,0.01036460449298223,0.0005991154105760451,nominal,96,7,8042,0.6,0.5,2.0
Overall_Survival,dlt_only,10.683595473623884,1.7977918063261893,11.987128045645184,0.9802503317505092,12.201253550263269,96,94,0.01036460449298223,0.0005991154105760451,nominal,96,7,8042,0.6,0.5,2.0
all_constraints,dlt_only,0.7127659574468085,0.45489784805160016,0.9148936170212766,0.2805361406225206,28.358208955223883,96,94,0.01036460449298223,0.0005991154105760451,nominal,96,7,8042,0.6,0.5,2.0
Any_DLT,all_constraints,0.8631578947368421,0.34550383548659225,1.0,0.0,15.853658536585364,96,95,0.04181216160456339,0.021082441334081766,nominal,96,7,8042,0.6,0.5,2.0
Blood,all_constraints,0.8736842105263158,0.33396729560733096,1.0,0.0,14.457831325301198,96,95,0.04181216160456339,0.021082441334081766,nominal,96,7,8042,0.6,0.5,2.0
Constitutional,all_constraints,0.8736842105263158,0.333967295607331,0.9473684210526315,0.22448148540588725,8.433734939759024,96,95,0.04181216160456339,0.021082441334081766,nominal,96,7,8042,0.6,0.5,2.0
Infection,all_constraints,0.8736842105263158,0.333967295607331,1.0,0.0,14.457831325301198,96,95,0.04181216160456339,0.021082441334081766,nominal,96,7,8042,0.6,0.5,2.0
Gastrointestinal,all_constraints,0.8736842105263158,0.333967295607331,1.0,0.0,14.457831325301198,96,95,0.04181216160456339,0.021082441334081766,nominal,96,7,8042,0.6,0.5,2.0
Overall_Survival,all_constraints,10.725087536752348,1.7563102885413053,11.848683962981788,1.0721284420099726,10.476338047397189,96,95,0.04181216160456339,0.021082441334081766,nominal,96,7,8042,0.6,0.5,2.0
all_constraints,all_constraints,0.7052631578947368,0.4583430892442982,0.9473684210526315,0.22448148540588725,34.32835820895522,96,95,0.04181216160456339,0.021082441334081766,nominal,96,7,8042,0.6,0.5,2.0
Any_DLT,dlt_only,0.851063829787234,0.3579345410363401,1.0,0.0,17.5,96,94,0.01046840101480484,0.000504670290165774,robust_reg,96,7,8042,0.6,0.5,2.0
Blood,dlt_only,0.8723404255319149,0.3354997092507591,1.0,0.0,14.63414634146341,96,94,0.01046840101480484,0.000504670290165774,robust_reg,96,7,8042,0.6,0.5,2.0
Constitutional,dlt_only,0.8723404255319149,0.3354997092507591,0.9148936170212766,0.2805361406225206,4.8780487804877986,96,94,0.01046840101480484,0.000504670290165774,robust_reg,96,7,8042,0.6,0.5,2.0
Infection,dlt_only,0.8617021276595744,0.3470633740209737,1.0,0.0,16.049382716049386,96,94,0.01046840101480484,0.000504670290165774,robust_reg,96,7,8042,0.6,0.5,2.0
Gastrointestinal,dlt_only,0.8723404255319149,0.3354997092507591,1.0,0.0,14.63414634146341,96,94,0.01046840101480484,0.000504670290165774,robust_reg,96,7,8042,0.6,0.5,2.0
Overall_Survival,dlt_only,10.683595473623884,1.7977918063261893,11.987128045645184,0.9802503317505092,12.201253550263269,96,94,0.01046840101480484,0.000504670290165774,robust_reg,96,7,8042,0.6,0.5,2.0
all_constraints,dlt_only,0.7127659574468085,0.45489784805160016,0.9148936170212766,0.2805361406225206,28.358208955223883,96,94,0.01046840101480484,0.000504670290165774,robust_reg,96,7,8042,0.6,0.5,2.0
Any_DLT,all_constraints,0.8631578947368421,0.34550383548659225,1.0,0.0,15.853658536585364,96,95,0.039141640067100525,0.016679431817677278,robust_reg,95,7,8042,0.6,0.5,2.0
Blood,all_constraints,0.8736842105263158,0.33396729560733096,1.0,0.0,14.457831325301198,96,95,0.039141640067100525,0.016679431817677278,robust_reg,95,7,8042,0.6,0.5,2.0
Constitutional,all_constraints,0.8736842105263158,0.333967295607331,0.9473684210526315,0.22448148540588725,8.433734939759024,96,95,0.039141640067100525,0.016679431817677278,robust_reg,95,7,8042,0.6,0.5,2.0
Infection,all_constraints,0.8736842105263158,0.333967295607331,1.0,0.0,14.457831325301198,96,95,0.039141640067100525,0.016679431817677278,robust_reg,95,7,8042,0.6,0.5,2.0
Gastrointestinal,all_constraints,0.8736842105263158,0.333967295607331,1.0,0.0,14.457831325301198,96,95,0.039141640067100525,0.016679431817677278,robust_reg,95,7,8042,0.6,0.5,2.0
Overall_Survival,all_constraints,10.725087536752348,1.7563102885413053,11.849278583494591,1.128203787079103,10.481882249351399,96,95,0.039141640067100525,0.016679431817677278,robust_reg,95,7,8042,0.6,0.5,2.0
all_constraints,all_constraints,0.7052631578947368,0.4583430892442982,0.9473684210526315,0.22448148540588725,34.32835820895522,96,95,0.039141640067100525,0.016679431817677278,robust_reg,95,7,8042,0.6,0.5,2.0
Any_DLT,dlt_only,0.851063829787234,0.3579345410363401,1.0,0.0,17.5,96,94,0.016385468343893688,0.020545675010968545,cp,96,7,8042,0.6,0.5,2.0
Blood,dlt_only,0.8723404255319149,0.3354997092507591,0.9893617021276596,0.10314212462587934,13.414634146341463,96,94,0.016385468343893688,0.020545675010968545,cp,96,7,8042,0.6,0.5,2.0
Constitutional,dlt_only,0.8723404255319149,0.3354997092507591,0.9361702127659575,0.24576020475855118,7.317073170731705,96,94,0.016385468343893688,0.020545675010968545,cp,96,7,8042,0.6,0.5,2.0
Infection,dlt_only,0.8617021276595744,0.3470633740209737,0.9893617021276596,0.10314212462587934,14.814814814814824,96,94,0.016385468343893688,0.020545675010968545,cp,96,7,8042,0.6,0.5,2.0
Gastrointestinal,dlt_only,0.8723404255319149,0.3354997092507591,1.0,0.0,14.63414634146341,96,94,0.016385468343893688,0.020545675010968545,cp,96,7,8042,0.6,0.5,2.0
Overall_Survival,dlt_only,10.683595473623884,1.7977918063261893,11.80446106174674,1.1096567156248038,10.491464141356683,96,94,0.016385468343893688,0.020545675010968545,cp,96,7,8042,0.6,0.5,2.0
all_constraints,dlt_only,0.7127659574468085,0.45489784805160016,0.925531914893617,0.26393880449618323,29.850746268656714,96,94,0.016385468343893688,0.020545675010968545,cp,96,7,8042,0.6,0.5,2.0
Any_DLT,all_constraints,0.8631578947368421,0.34550383548659225,1.0,0.0,15.853658536585364,96,95,0.050891282657782234,0.02135766707909122,cp,96,7,8042,0.6,0.5,2.0
Blood,all_constraints,0.8736842105263158,0.33396729560733096,1.0,0.0,14.457831325301198,96,95,0.050891282657782234,0.02135766707909122,cp,96,7,8042,0.6,0.5,2.0
Constitutional,all_constraints,0.8736842105263158,0.333967295607331,0.9473684210526315,0.22448148540588725,8.433734939759024,96,95,0.050891282657782234,0.02135766707909122,cp,96,7,8042,0.6,0.5,2.0
Infection,all_constraints,0.8736842105263158,0.333967295607331,1.0,0.0,14.457831325301198,96,95,0.050891282657782234,0.02135766707909122,cp,96,7,8042,0.6,0.5,2.0
Gastrointestinal,all_constraints,0.8736842105263158,0.333967295607331,1.0,0.0,14.457831325301198,96,95,0.050891282657782234,0.02135766707909122,cp,96,7,8042,0.6,0.5,2.0
Overall_Survival,all_constraints,10.725087536752348,1.7563102885413053,11.848385119781254,1.0723938363301075,10.47355165335136,96,95,0.050891282657782234,0.02135766707909122,cp,96,7,8042,0.6,0.5,2.0
all_constraints,all_constraints,0.7052631578947368,0.4583430892442982,0.9473684210526315,0.22448148540588725,34.32835820895522,96,95,0.050891282657782234,0.02135766707909122,cp,96,7,8042,0.6,0.5,2.0
Any_DLT,dlt_only,0.8850574712643678,0.3208015889133736,1.0,0.0,12.987012987012983,96,87,0.00904125471909841,0.00189679854365667,nominal,96,8,9042,0.6,0.5,0.5
Blood,dlt_only,0.8735632183908046,0.3342676027665394,1.0,0.0,14.47368421052631,96,87,0.00904125471909841,0.00189679854365667,nominal,96,8,9042,0.6,0.5,0.5
Constitutional,dlt_only,0.896551724137931,0.30630896237792204,0.9885057471264368,0.10721125348377945,10.256410256410255,96,87,0.00904125471909841,0.00189679854365667,nominal,96,8,9042,0.6,0.5,0.5
Infection,dlt_only,0.9080459770114943,0.2906361870283388,1.0,0.0,10.126582278481012,96,87,0.00904125471909841,0.00189679854365667,nominal,96,8,9042,0.6,0.5,0.5
Gastrointestinal,dlt_only,0.8850574712643678,0.3208015889133736,1.0,0.0,12.987012987012983,96,87,0.00904125471909841,0.00189679854365667,nominal,96,8,9042,0.6,0.5,0.5
Overall_Survival,dlt_only,10.764759681407165,1.8166999994912822,11.979931007646323,0.9957555132940078,11.2884203846928,96,87,0.00904125471909841,0.00189679854365667,nominal,96,8,9042,0.6,0.5,0.5
all_constraints,dlt_only,0.735632183908046,0.44355252212380036,0.9885057471264368,0.10721125348377945,34.37500000000001,96,87,0.00904125471909841,0.00189679854365667,nominal,96,8,9042,0.6,0.5,0.5
Any_DLT,all_constraints,0.9135802469135802,0.2827335699999882,1.0,0.0,9.459459459459465,96,81,0.039260042210419975,0.031114989565897592,nominal,89,8,9042,0.6,0.5,0.5
Blood,all_constraints,0.9012345679012346,0.3002056908023621,1.0,0.0,10.95890410958904,96,81,0.039260042210419975,0.031114989565897592,nominal,89,8,9042,0.6,0.5,0.5
Constitutional,all_constraints,0.9506172839506173,0.2180157430038732,1.0,0.0,5.194805194805195,96,81,0.039260042210419975,0.031114989565897592,nominal,89,8,9042,0.6,0.5,0.5
Infection,all_constraints,0.9506172839506173,0.21801574300387316,1.0,0.0,5.194805194805195,96,81,0.039260042210419975,0.031114989565897592,nominal,89,8,9042,0.6,0.5,0.5
Gastrointestinal,all_constraints,0.9012345679012346,0.3002056908023621,0.9876543209876543,0.11111111111111113,9.589041095890405,96,81,0.039260042210419975,0.031114989565897592,nominal,89,8,9042,0.6,0.5,0.5
Overall_Survival,all_constraints,10.83968171154825,1.8036192990510411,11.974888771919243,1.0364141658588653,10.472697359384453,96,81,0.039260042210419975,0.031114989565897592,nominal,89,8,9042,0.6,0.5,0.5
all_constraints,all_constraints,0.8024691358024691,0.40061680838488767,0.9876543209876543,0.11111111111111113,23.07692307692307,96,81,0.039260042210419975,0.031114989565897592,nominal,89,8,9042,0.6,0.5,0.5
Any_DLT,dlt_only,0.8850574712643678,0.3208015889133736,1.0,0.0,12.987012987012983,96,87,0.009698902567227682,0.0029296689114734387,robust_reg,96,8,9042,0.6,0.5,0.5
Blood,dlt_only,0.8735632183908046,0.3342676027665394,1.0,0.0,14.47368421052631,96,87,0.009698902567227682,0.0029296689114734387,robust_reg,96,8,9042,0.6,0.5,0.5
Constitutional,dlt_only,0.896551724137931,0.30630896237792204,0.9885057471264368,0.10721125348377945,10.256410256410255,96,87,0.009698902567227682,0.0029296689114734387,robust_reg,96,8,9042,0.6,0.5,0.5
Infection,dlt_only,0.9080459770114943,0.2906361870283388,1.0,0.0,10.126582278481012,96,87,0.009698902567227682,0.0029296689114734387,robust_reg,96,8,9042,0.6,0.5,0.5
Gastrointestinal,dlt_only,0.8850574712643678,0.3208015889133736,1.0,0.0,12.987012987012983,96,87,0.009698902567227682,0.0029296689114734387,robust_reg,96,8,9042,0.6,0.5,0.5
Overall_Survival,dlt_only,10.764759681407165,1.8166999994912822,11.983335287701943,0.9969051171720029,11.32004468617627,96,87,0.009698902567227682,0.0029296689114734387,robust_reg,96,8,9042,0.6,0.5,0.5
all_constraints,dlt_only,0.735632183908046,0.44355252212380036,0.9885057471264368,0.10721125348377945,34.37500000000001,96,87,0.009698902567227682,0.0029296689114734387,robust_reg,96,8,9042,0.6,0.5,0.5
Any_DLT,all_constraints,0.9135802469135802,0.2827335699999882,1.0,0.0,9.459459459459465,96,81,0.039915330708026886,0.013932853667995218,robust_reg,88,8,9042,0.6,0.5,0.5
Blood,all_constraints,0.9012345679012346,0.3002056908023621,1.0,0.0,10.95890410958904,96,81,0.039915330708026886,0.013932853667995218,robust_reg,88,8,9042,0.6,0.5,0.5
Constitutional,all_constraints,0.9506172839506173,0.2180157430038732,1.0,0.0,5.194805194805195,96,81,0.039915330708026886,0.013932853667995218,robust_reg,88,8,9042,0.6,0.5,0.5
Infection,all_constraints,0.9506172839506173,0.21801574300387316,1.0,0.0,5.194805194805195,96,81,0.039915330708026886,0.013932853667995218,robust_reg,88,8,9042,0.6,0.5,0.5
Gastrointestinal,all_constraints,0.9012345679012346,0.3002056908023621,1.0,0.0,10.95890410958904,96,81,0.039915330708026886,0.013932853667995218,robust_reg,88,8,9042,0.6,0.5,0.5
Overall_Survival,all_constraints,10.83968171154825,1.8036192990510411,11.978506993043709,1.0442407044739668,10.5060767631414,96,81,0.039915330708026886,0.013932853667995218,robust_reg,88,8,9042,0.6,0.5,0.5
all_constraints,all_constraints,0.8024691358024691,0.40061680838488767,1.0,0.0,24.615384615384613,96,81,0.039915330708026886,0.013932853667995218,robust_reg,88,8,9042,0.6,0.5,0.5
Any_DLT,dlt_only,0.8850574712643678,0.3208015889133736,0.9885057471264368,0.10721125348377945,11.688311688311686,96,87,0.036076667408148445,0.037907996883514844,cp,87,8,9042,0.6,0.5,0.5
Blood,dlt_only,0.8735632183908046,0.3342676027665394,1.0,0.0,14.47368421052631,96,87,0.036076667408148445,0.037907996883514844,cp,87,8,9042,0.6,0.5,0.5
Constitutional,dlt_only,0.896551724137931,0.30630896237792204,0.9655172413793104,0.18352338815966718,7.692307692307696,96,87,0.036076667408148445,0.037907996883514844,cp,87,8,9042,0.6,0.5,0.5
Infection,dlt_only,0.9080459770114943,0.2906361870283388,1.0,0.0,10.126582278481012,96,87,0.036076667408148445,0.037907996883514844,cp,87,8,9042,0.6,0.5,0.5
Gastrointestinal,dlt_only,0.8850574712643678,0.3208015889133736,0.9885057471264368,0.10721125348377944,11.688311688311686,96,87,0.036076667408148445,0.037907996883514844,cp,87,8,9042,0.6,0.5,0.5
Overall_Survival,dlt_only,10.764759681407165,1.8166999994912822,11.825499866869645,1.1080212512188117,9.853821328632025,96,87,0.036076667408148445,0.037907996883514844,cp,87,8,9042,0.6,0.5,0.5
all_constraints,dlt_only,0.735632183908046,0.44355252212380036,0.9540229885057471,0.21064938228269572,29.687499999999993,96,87,0.036076667408148445,0.037907996883514844,cp,87,8,9042,0.6,0.5,0.5
Any_DLT,all_constraints,0.9135802469135802,0.2827335699999882,1.0,0.0,9.459459459459465,96,81,0.09525537987550099,0.036767951007143994,cp,83,8,9042,0.6,0.5,0.5
Blood,all_constraints,0.9012345679012346,0.3002056908023621,1.0,0.0,10.95890410958904,96,81,0.09525537987550099,0.036767951007143994,cp,83,8,9042,0.6,0.5,0.5
Constitutional,all_constraints,0.9506172839506173,0.2180157430038732,1.0,0.0,5.194805194805195,96,81,0.09525537987550099,0.036767951007143994,cp,83,8,9042,0.6,0.5,0.5
Infection,all_constraints,0.9506172839506173,0.21801574300387316,1.0,0.0,5.194805194805195,96,81,0.09525537987550099,0.036767951007143994,cp,83,8,9042,0.6,0.5,0.5
Gastrointestinal,all_constraints,0.9012345679012346,0.3002056908023621,1.0,0.0,10.95890410958904,96,81,0.09525537987550099,0.036767951007143994,cp,83,8,9042,0.6,0.5,0.5
Overall_Survival,all_constraints,10.83968171154825,1.8036192990510411,11.289145226424628,1.4380850034968575,4.146464138310756,96,81,0.09525537987550099,0.036767951007143994,cp,83,8,9042,0.6,0.5,0.5
all_constraints,all_constraints,0.8024691358024691,0.40061680838488767,1.0,0.0,24.615384615384613,96,81,0.09525537987550099,0.036767951007143994,cp,83,8,9042,0.6,0.5,0.5
Any_DLT,dlt_only,0.8850574712643678,0.3208015889133736,1.0,0.0,12.987012987012983,96,87,0.008982785046100616,0.001838129960719029,nominal,96,8,9042,0.6,0.5,0.75
Blood,dlt_only,0.8735632183908046,0.3342676027665394,1.0,0.0,14.47368421052631,96,87,0.008982785046100616,0.001838129960719029,nominal,96,8,9042,0.6,0.5,0.75
Constitutional,dlt_only,0.896551724137931,0.30630896237792204,0.9885057471264368,0.10721125348377945,10.256410256410255,96,87,0.008982785046100616,0.001838129960719029,nominal,96,8,9042,0.6,0.5,0.75
Infection,dlt_only,0.9080459770114943,0.2906361870283388,1.0,0.0,10.126582278481012,96,87,0.008982785046100616,0.001838129960719029,nominal,96,8,9042,0.6,0.5,0.75
Gastrointestinal,dlt_only,0.8850574712643678,0.3208015889133736,1.0,0.0,12.987012987012983,96,87,0.008982785046100616,0.001838129960719029,nominal,96,8,9042,0.6,0.5,0.75
Overall_Survival,dlt_only,10.764759681407165,1.8166999994912822,11.979931007646323,0.9957555132940078,11.2884203846928,96,87,0.008982785046100616,0.001838129960719029,nominal,96,8,9042,0.6,0.5,0.75
all_constraints,dlt_only,0.735632183908046,0.44355252212380036,0.9885057471264368,0.10721125348377945,34.37500000000001,96,87,0.008982785046100616,0.001838129960719029,nominal,96,8,9042,0.6,0.5,0.75
Any_DLT,all_constraints,0.9135802469135802,0.2827335699999882,1.0,0.0,9.459459459459465,96,81,0.039298705756664276,0.03205874094698309,nominal,89,8,9042,0.6,0.5,0.75
Blood,all_constraints,0.9012345679012346,0.3002056908023621,1.0,0.0,10.95890410958904,96,81,0.039298705756664276,0.03205874094698309,nominal,89,8,9042,0.6,0.5,0.75
Constitutional,all_constraints,0.9506172839506173,0.2180157430038732,1.0,0.0,5.194805194805195,96,81,0.039298705756664276,0.03205874094698309,nominal,89,8,9042,0.6,0.5,0.75
Infection,all_constraints,0.9506172839506173,0.21801574300387316,1.0,0.0,5.194805194805195,96,81,0.039298705756664276,0.03205874094698309,nominal,89,8,9042,0.6,0.5,0.75
Gastrointestinal,all_constraints,0.9012345679012346,0.3002056908023621,0.9876543209876543,0.11111111111111113,9.589041095890405,96,81,0.039298705756664276,0.03205874094698309,nominal,89,8,9042,0.6,0.5,0.75
Overall_Survival,all_constraints,10.83968171154825,1.8036192990510411,11.974888771919243,1.0364141658588653,10.472697359384453,96,81,0.039298705756664276,0.03205874094698309,nominal,89,8,9042,0.6,0.5,0.75
all_constraints,all_constraints,0.8024691358024691,0.40061680838488767,0.9876543209876543,0.11111111111111113,23.07692307692307,96,81,0.039298705756664276,0.03205874094698309,nominal,89,8,9042,0.6,0.5,0.75
Any_DLT,dlt_only,0.8850574712643678,0.3208015889133736,1.0,0.0,12.987012987012983,96,87,0.009669698774814606,0.0013403240325714977,robust_reg,96,8,9042,0.6,0.5,0.75
Blood,dlt_only,0.8735632183908046,0.3342676027665394,1.0,0.0,14.47368421052631,96,87,0.009669698774814606,0.0013403240325714977,robust_reg,96,8,9042,0.6,0.5,0.75
Constitutional,dlt_only,0.896551724137931,0.30630896237792204,0.9655172413793104,0.18352338815966718,7.692307692307696,96,87,0.009669698774814606,0.0013403240325714977,robust_reg,96,8,9042,0.6,0.5,0.75
Infection,dlt_only,0.9080459770114943,0.2906361870283388,1.0,0.0,10.126582278481012,96,87,0.009669698774814606,0.0013403240325714977,robust_reg,96,8,9042,0.6,0.5,0.75
Gastrointestinal,dlt_only,0.8850574712643678,0.3208015889133736,1.0,0.0,12.987012987012983,96,87,0.009669698774814606,0.0013403240325714977,robust_reg,96,8,9042,0.6,0.5,0.75
Overall_Survival,dlt_only,10.764759681407165,1.8166999994912822,11.98959874133557,0.9926784703623949,11.378229483784391,96,87,0.009669698774814606,0.0013403240325714977,robust_reg,96,8,9042,0.6,0.5,0.75
all_constraints,dlt_only,0.735632183908046,0.44355252212380036,0.9655172413793104,0.18352338815966718,31.250000000000007,96,87,0.009669698774814606,0.0013403240325714977,robust_reg,96,8,9042,0.6,0.5,0.75
Any_DLT,all_constraints,0.9135802469135802,0.2827335699999882,1.0,0.0,9.459459459459465,96,81,0.04387587060530981,0.022192679429144897,robust_reg,94,8,9042,0.6,0.5,0.75
Blood,all_constraints,0.9012345679012346,0.3002056908023621,1.0,0.0,10.95890410958904,96,81,0.04387587060530981,0.022192679429144897,robust_reg,94,8,9042,0.6,0.5,0.75
Constitutional,all_constraints,0.9506172839506173,0.2180157430038732,1.0,0.0,5.194805194805195,96,81,0.04387587060530981,0.022192679429144897,robust_reg,94,8,9042,0.6,0.5,0.75
Infection,all_constraints,0.9506172839506173,0.21801574300387316,1.0,0.0,5.194805194805195,96,81,0.04387587060530981,0.022192679429144897,robust_reg,94,8,9042,0.6,0.5,0.75
Gastrointestinal,all_constraints,0.9012345679012346,0.3002056908023621,1.0,0.0,10.95890410958904,96,81,0.04387587060530981,0.022192679429144897,robust_reg,94,8,9042,0.6,0.5,0.75
Overall_Survival,all_constraints,10.83968171154825,1.8036192990510411,12.002810612793619,1.0117291148510026,10.73028648070181,96,81,0.04387587060530981,0.022192679429144897,robust_reg,94,8,9042,0.6,0.5,0.75
all_constraints,all_constraints,0.8024691358024691,0.40061680838488767,1.0,0.0,24.615384615384613,96,81,0.04387587060530981,0.022192679429144897,robust_reg,94,8,9042,0.6,0.5,0.75
Any_DLT,dlt_only,0.8850574712643678,0.3208015889133736,0.9885057471264368,0.10721125348377945,11.688311688311686,96,87,0.03461158275604248,0.0322532155204196,cp,87,8,9042,0.6,0.5,0.75
Blood,dlt_only,0.8735632183908046,0.3342676027665394,1.0,0.0,14.47368421052631,96,87,0.03461158275604248,0.0322532155204196,cp,87,8,9042,0.6,0.5,0.75
Constitutional,dlt_only,0.896551724137931,0.30630896237792204,0.9655172413793104,0.18352338815966718,7.692307692307696,96,87,0.03461158275604248,0.0322532155204196,cp,87,8,9042,0.6,0.5,0.75
Infection,dlt_only,0.9080459770114943,0.2906361870283388,1.0,0.0,10.126582278481012,96,87,0.03461158275604248,0.0322532155204196,cp,87,8,9042,0.6,0.5,0.75
Gastrointestinal,dlt_only,0.8850574712643678,0.3208015889133736,0.9885057471264368,0.10721125348377944,11.688311688311686,96,87,0.03461158275604248,0.0322532155204196,cp,87,8,9042,0.6,0.5,0.75
Overall_Survival,dlt_only,10.764759681407165,1.8166999994912822,11.825499866869645,1.1080212512188117,9.853821328632025,96,87,0.03461158275604248,0.0322532155204196,cp,87,8,9042,0.6,0.5,0.75
all_constraints,dlt_only,0.735632183908046,0.44355252212380036,0.9540229885057471,0.21064938228269572,29.687499999999993,96,87,0.03461158275604248,0.0322532155204196,cp,87,8,9042,0.6,0.5,0.75
Any_DLT,all_constraints,0.9135802469135802,0.2827335699999882,1.0,0.0,9.459459459459465,96,81,0.13903766125440598,0.11060166079057338,cp,83,8,9042,0.6,0.5,0.75
Blood,all_constraints,0.9012345679012346,0.3002056908023621,1.0,0.0,10.95890410958904,96,81,0.13903766125440598,0.11060166079057338,cp,83,8,9042,0.6,0.5,0.75
Constitutional,all_constraints,0.9506172839506173,0.2180157430038732,1.0,0.0,5.194805194805195,96,81,0.13903766125440598,0.11060166079057338,cp,83,8,9042,0.6,0.5,0.75
Infection,all_constraints,0.9506172839506173,0.21801574300387316,1.0,0.0,5.194805194805195,96,81,0.13903766125440598,0.11060166079057338,cp,83,8,9042,0.6,0.5,0.75
Gastrointestinal,all_constraints,0.9012345679012346,0.3002056908023621,1.0,0.0,10.95890410958904,96,81,0.13903766125440598,0.11060166079057338,cp,83,8,9042,0.6,0.5,0.75
Overall_Survival,all_constraints,10.83968171154825,1.8036192990510411,11.49285737819838,1.3571541657572295,6.025782712367443,96,81,0.13903766125440598,0.11060166079057338,cp,83,8,9042,0.6,0.5,0.75
all_constraints,all_constraints,0.8024691358024691,0.40061680838488767,1.0,0.0,24.615384615384613,96,81,0.13903766125440598,0.11060166079057338,cp,83,8,9042,0.6,0.5,0.75
Any_DLT,dlt_only,0.8850574712643678,0.3208015889133736,1.0,0.0,12.987012987012983,96,87,0.008925261596838633,0.0018340997231542145,nominal,96,8,9042,0.6,0.5,1.0
Blood,dlt_only,0.8735632183908046,0.3342676027665394,1.0,0.0,14.47368421052631,96,87,0.008925261596838633,0.0018340997231542145,nominal,96,8,9042,0.6,0.5,1.0
Constitutional,dlt_only,0.896551724137931,0.30630896237792204,0.9885057471264368,0.10721125348377945,10.256410256410255,96,87,0.008925261596838633,0.0018340997231542145,nominal,96,8,9042,0.6,0.5,1.0
Infection,dlt_only,0.9080459770114943,0.2906361870283388,1.0,0.0,10.126582278481012,96,87,0.008925261596838633,0.0018340997231542145,nominal,96,8,9042,0.6,0.5,1.0
Gastrointestinal,dlt_only,0.8850574712643678,0.3208015889133736,1.0,0.0,12.987012987012983,96,87,0.008925261596838633,0.0018340997231542145,nominal,96,8,9042,0.6,0.5,1.0
Overall_Survival,dlt_only,10.764759681407165,1.8166999994912822,11.979931007646323,0.9957555132940078,11.2884203846928,96,87,0.008925261596838633,0.0018340997231542145,nominal,96,8,9042,0.6,0.5,1.0
all_constraints,dlt_only,0.735632183908046,0.44355252212380036,0.9885057471264368,0.10721125348377945,34.37500000000001,96,87,0.008925261596838633,0.0018340997231542145,nominal,96,8,9042,0.6,0.5,1.0
Any_DLT,all_constraints,0.9135802469135802,0.2827335699999882,1.0,0.0,9.459459459459465,96,81,0.04007020344336828,0.04066666188909664,nominal,89,8,9042,0.6,0.5,1.0
Blood,all_constraints,0.9012345679012346,0.3002056908023621,1.0,0.0,10.95890410958904,96,81,0.04007020344336828,0.04066666188909664,nominal,89,8,9042,0.6,0.5,1.0
Constitutional,all_constraints,0.9506172839506173,0.2180157430038732,1.0,0.0,5.194805194805195,96,81,0.04007020344336828,0.04066666188909664,nominal,89,8,9042,0.6,0.5,1.0
Infection,all_constraints,0.9506172839506173,0.21801574300387316,1.0,0.0,5.194805194805195,96,81,0.04007020344336828,0.04066666188909664,nominal,89,8,9042,0.6,0.5,1.0
Gastrointestinal,all_constraints,0.9012345679012346,0.3002056908023621,0.9876543209876543,0.11111111111111113,9.589041095890405,96,81,0.04007020344336828,0.04066666188909664,nominal,89,8,9042,0.6,0.5,1.0
Overall_Survival,all_constraints,10.83968171154825,1.8036192990510411,11.974888771919243,1.0364141658588653,10.472697359384453,96,81,0.04007020344336828,0.04066666188909664,nominal,89,8,9042,0.6,0.5,1.0
all_constraints,all_constraints,0.8024691358024691,0.40061680838488767,0.9876543209876543,0.11111111111111113,23.07692307692307,96,81,0.04007020344336828,0.04066666188909664,nominal,89,8,9042,0.6,0.5,1.0
Any_DLT,dlt_only,0.8850574712643678,0.3208015889133736,1.0,0.0,12.987012987012983,96,87,0.009519805510838827,0.002589124782908978,robust_reg,96,8,9042,0.6,0.5,1.0
Blood,dlt_only,0.8735632183908046,0.3342676027665394,1.0,0.0,14.47368421052631,96,87,0.009519805510838827,0.002589124782908978,robust_reg,96,8,9042,0.6,0.5,1.0
Constitutional,dlt_only,0.896551724137931,0.30630896237792204,0.9770114942528736,0.15073552182801675,8.974358974358976,96,87,0.009519805510838827,0.002589124782908978,robust_reg,96,8,9042,0.6,0.5,1.0
Infection,dlt_only,0.9080459770114943,0.2906361870283388,1.0,0.0,10.126582278481012,96,87,0.009519805510838827,0.002589124782908978,robust_reg,96,8,9042,0.6,0.5,1.0
Gastrointestinal,dlt_only,0.8850574712643678,0.3208015889133736,1.0,0.0,12.987012987012983,96,87,0.009519805510838827,0.002589124782908978,robust_reg,96,8,9042,0.6,0.5,1.0
Overall_Survival,dlt_only,10.764759681407165,1.8166999994912822,11.988198989520015,0.9889394291539151,11.365226389827983,96,87,0.009519805510838827,0.002589124782908978,robust_reg,96,8,9042,0.6,0.5,1.0
all_constraints,dlt_only,0.735632183908046,0.44355252212380036,0.9770114942528736,0.15073552182801675,32.81250000000001,96,87,0.009519805510838827,0.002589124782908978,robust_reg,96,8,9042,0.6,0.5,1.0
Any_DLT,all_constraints,0.9135802469135802,0.2827335699999882,1.0,0.0,9.459459459459465,96,81,0.038513953487078346,0.01645815377686316,robust_reg,94,8,9042,0.6,0.5,1.0
Blood,all_constraints,0.9012345679012346,0.3002056908023621,1.0,0.0,10.95890410958904,96,81,0.038513953487078346,0.01645815377686316,robust_reg,94,8,9042,0.6,0.5,1.0
Constitutional,all_constraints,0.9506172839506173,0.2180157430038732,1.0,0.0,5.194805194805195,96,81,0.038513953487078346,0.01645815377686316,robust_reg,94,8,9042,0.6,0.5,1.0
Infection,all_constraints,0.9506172839506173,0.21801574300387316,1.0,0.0,5.194805194805195,96,81,0.038513953487078346,0.01645815377686316,robust_reg,94,8,9042,0.6,0.5,1.0
Gastrointestinal,all_constraints,0.9012345679012346,0.3002056908023621,1.0,0.0,10.95890410958904,96,81,0.038513953487078346,0.01645815377686316,robust_reg,94,8,9042,0.6,0.5,1.0
Overall_Survival,all_constraints,10.83968171154825,1.8036192990510411,11.981059572431063,1.0141004999167476,10.529625234907266,96,81,0.038513953487078346,0.01645815377686316,robust_reg,94,8,9042,0.6,0.5,1.0
all_constraints,all_constraints,0.8024691358024691,0.40061680838488767,1.0,0.0,24.615384615384613,96,81,0.038513953487078346,0.01645815377686316,robust_reg,94,8,9042,0.6,0.5,1.0
Any_DLT,dlt_only,0.8850574712643678,0.3208015889133736,1.0,0.0,12.987012987012983,96,87,0.046775768200556435,0.03225762287398845,cp,96,8,9042,0.6,0.5,1.0
Blood,dlt_only,0.8735632183908046,0.3342676027665394,1.0,0.0,14.47368421052631,96,87,0.046775768200556435,0.03225762287398845,cp,96,8,9042,0.6,0.5,1.0
Constitutional,dlt_only,0.896551724137931,0.30630896237792204,0.9770114942528736,0.15073552182801675,8.974358974358976,96,87,0.046775768200556435,0.03225762287398845,cp,96,8,9042,0.6,0.5,1.0
Infection,dlt_only,0.9080459770114943,0.2906361870283388,1.0,0.0,10.126582278481012,96,87,0.046775768200556435,0.03225762287398845,cp,96,8,9042,0.6,0.5,1.0
Gastrointestinal,dlt_only,0.8850574712643678,0.3208015889133736,1.0,0.0,12.987012987012983,96,87,0.046775768200556435,0.03225762287398845,cp,96,8,9042,0.6,0.5,1.0
Overall_Survival,dlt_only,10.764759681407165,1.8166999994912822,11.827970418414292,1.105536432502171,9.87677169276244,96,87,0.046775768200556435,0.03225762287398845,cp,96,8,9042,0.6,0.5,1.0
all_constraints,dlt_only,0.735632183908046,0.44355252212380036,0.9770114942528736,0.15073552182801675,32.81250000000001,96,87,0.046775768200556435,0.03225762287398845,cp,96,8,9042,0.6,0.5,1.0
Any_DLT,all_constraints,0.9135802469135802,0.2827335699999882,1.0,0.0,9.459459459459465,96,81,0.09435948232809703,0.03648935844977852,cp,83,8,9042,0.6,0.5,1.0
Blood,all_constraints,0.9012345679012346,0.3002056908023621,1.0,0.0,10.95890410958904,96,81,0.09435948232809703,0.03648935844977852,cp,83,8,9042,0.6,0.5,1.0
Constitutional,all_constraints,0.9506172839506173,0.2180157430038732,1.0,0.0,5.194805194805195,96,81,0.09435948232809703,0.03648935844977852,cp,83,8,9042,0.6,0.5,1.0
Infection,all_constraints,0.9506172839506173,0.21801574300387316,1.0,0.0,5.194805194805195,96,81,0.09435948232809703,0.03648935844977852,cp,83,8,9042,0.6,0.5,1.0
Gastrointestinal,all_constraints,0.9012345679012346,0.3002056908023621,1.0,0.0,10.95890410958904,96,81,0.09435948232809703,0.03648935844977852,cp,83,8,9042,0.6,0.5,1.0
Overall_Survival,all_constraints,10.83968171154825,1.8036192990510411,11.289145226424628,1.4380850034968575,4.146464138310756,96,81,0.09435948232809703,0.03648935844977852,cp,83,8,9042,0.6,0.5,1.0
all_constraints,all_constraints,0.8024691358024691,0.40061680838488767,1.0,0.0,24.615384615384613,96,81,0.09435948232809703,0.03648935844977852,cp,83,8,9042,0.6,0.5,1.0
Any_DLT,dlt_only,0.8850574712643678,0.3208015889133736,1.0,0.0,12.987012987012983,96,87,0.008934232095877329,0.0018422913045043404,nominal,96,8,9042,0.6,0.5,1.5
Blood,dlt_only,0.8735632183908046,0.3342676027665394,1.0,0.0,14.47368421052631,96,87,0.008934232095877329,0.0018422913045043404,nominal,96,8,9042,0.6,0.5,1.5
Constitutional,dlt_only,0.896551724137931,0.30630896237792204,0.9885057471264368,0.10721125348377945,10.256410256410255,96,87,0.008934232095877329,0.0018422913045043404,nominal,96,8,9042,0.6,0.5,1.5
Infection,dlt_only,0.9080459770114943,0.2906361870283388,1.0,0.0,10.126582278481012,96,87,0.008934232095877329,0.0018422913045043404,nominal,96,8,9042,0.6,0.5,1.5
Gastrointestinal,dlt_only,0.8850574712643678,0.3208015889133736,1.0,0.0,12.987012987012983,96,87,0.008934232095877329,0.0018422913045043404,nominal,96,8,9042,0.6,0.5,1.5
Overall_Survival,dlt_only,10.764759681407165,1.8166999994912822,11.979931007646323,0.9957555132940078,11.2884203846928,96,87,0.008934232095877329,0.0018422913045043404,nominal,96,8,9042,0.6,0.5,1.5
all_constraints,dlt_only,0.735632183908046,0.44355252212380036,0.9885057471264368,0.10721125348377945,34.37500000000001,96,87,0.008934232095877329,0.0018422913045043404,nominal,96,8,9042,0.6,0.5,1.5
Any_DLT,all_constraints,0.9135802469135802,0.2827335699999882,1.0,0.0,9.459459459459465,96,81,0.03803443908691406,0.023756385557331026,nominal,89,8,9042,0.6,0.5,1.5
Blood,all_constraints,0.9012345679012346,0.3002056908023621,1.0,0.0,10.95890410958904,96,81,0.03803443908691406,0.023756385557331026,nominal,89,8,9042,0.6,0.5,1.5
Constitutional,all_constraints,0.9506172839506173,0.2180157430038732,1.0,0.0,5.194805194805195,96,81,0.03803443908691406,0.023756385557331026,nominal,89,8,9042,0.6,0.5,1.5
Infection,all_constraints,0.9506172839506173,0.21801574300387316,1.0,0.0,5.194805194805195,96,81,0.03803443908691406,0.023756385557331026,nominal,89,8,9042,0.6,0.5,1.5
Gastrointestinal,all_constraints,0.9012345679012346,0.3002056908023621,0.9876543209876543,0.11111111111111113,9.589041095890405,96,81,0.03803443908691406,0.023756385557331026,nominal,89,8,9042,0.6,0.5,1.5
Overall_Survival,all_constraints,10.83968171154825,1.8036192990510411,11.974888771919243,1.0364141658588653,10.472697359384453,96,81,0.03803443908691406,0.023756385557331026,nominal,89,8,9042,0.6,0.5,1.5
all_constraints,all_constraints,0.8024691358024691,0.40061680838488767,0.9876543209876543,0.11111111111111113,23.07692307692307,96,81,0.03803443908691406,0.023756385557331026,nominal,89,8,9042,0.6,0.5,1.5
Any_DLT,dlt_only,0.8850574712643678,0.3208015889133736,1.0,0.0,12.987012987012983,96,87,0.009119843443234762,0.0004031087720183714,robust_reg,96,8,9042,0.6,0.5,1.5
Blood,dlt_only,0.8735632183908046,0.3342676027665394,1.0,0.0,14.47368421052631,96,87,0.009119843443234762,0.0004031087720183714,robust_reg,96,8,9042,0.6,0.5,1.5
Constitutional,dlt_only,0.896551724137931,0.30630896237792204,0.9885057471264368,0.10721125348377945,10.256410256410255,96,87,0.009119843443234762,0.0004031087720183714,robust_reg,96,8,9042,0.6,0.5,1.5
Infection,dlt_only,0.9080459770114943,0.2906361870283388,1.0,0.0,10.126582278481012,96,87,0.009119843443234762,0.0004031087720183714,robust_reg,96,8,9042,0.6,0.5,1.5
Gastrointestinal,dlt_only,0.8850574712643678,0.3208015889133736,1.0,0.0,12.987012987012983,96,87,0.009119843443234762,0.0004031087720183714,robust_reg,96,8,9042,0.6,0.5,1.5
Overall_Survival,dlt_only,10.764759681407165,1.8166999994912822,11.986246038476965,0.994803734992813,11.347084312337643,96,87,0.009119843443234762,0.0004031087720183714,robust_reg,96,8,9042,0.6,0.5,1.5
all_constraints,dlt_only,0.735632183908046,0.44355252212380036,0.9885057471264368,0.10721125348377945,34.37500000000001,96,87,0.009119843443234762,0.0004031087720183714,robust_reg,96,8,9042,0.6,0.5,1.5
Any_DLT,all_constraints,0.9135802469135802,0.2827335699999882,1.0,0.0,9.459459459459465,96,81,0.04074495782454809,0.01932045649633161,robust_reg,93,8,9042,0.6,0.5,1.5
Blood,all_constraints,0.9012345679012346,0.3002056908023621,1.0,0.0,10.95890410958904,96,81,0.04074495782454809,0.01932045649633161,robust_reg,93,8,9042,0.6,0.5,1.5
Constitutional,all_constraints,0.9506172839506173,0.2180157430038732,1.0,0.0,5.194805194805195,96,81,0.04074495782454809,0.01932045649633161,robust_reg,93,8,9042,0.6,0.5,1.5
Infection,all_constraints,0.9506172839506173,0.21801574300387316,1.0,0.0,5.194805194805195,96,81,0.04074495782454809,0.01932045649633161,robust_reg,93,8,9042,0.6,0.5,1.5
Gastrointestinal,all_constraints,0.9012345679012346,0.3002056908023621,1.0,0.0,10.95890410958904,96,81,0.04074495782454809,0.01932045649633161,robust_reg,93,8,9042,0.6,0.5,1.5
Overall_Survival,all_constraints,10.83968171154825,1.8036192990510411,12.010534847120653,1.0120008811693,10.801545347268018,96,81,0.04074495782454809,0.01932045649633161,robust_reg,93,8,9042,0.6,0.5,1.5
all_constraints,all_constraints,0.8024691358024691,0.40061680838488767,1.0,0.0,24.615384615384613,96,81,0.04074495782454809,0.01932045649633161,robust_reg,93,8,9042,0.6,0.5,1.5
Any_DLT,dlt_only,0.8850574712643678,0.3208015889133736,1.0,0.0,12.987012987012983,96,87,0.04684219757715861,0.031990832657781576,cp,96,8,9042,0.6,0.5,1.5
Blood,dlt_only,0.8735632183908046,0.3342676027665394,1.0,0.0,14.47368421052631,96,87,0.04684219757715861,0.031990832657781576,cp,96,8,9042,0.6,0.5,1.5
Constitutional,dlt_only,0.896551724137931,0.30630896237792204,0.9770114942528736,0.15073552182801675,8.974358974358976,96,87,0.04684219757715861,0.031990832657781576,cp,96,8,9042,0.6,0.5,1.5
Infection,dlt_only,0.9080459770114943,0.2906361870283388,1.0,0.0,10.126582278481012,96,87,0.04684219757715861,0.031990832657781576,cp,96,8,9042,0.6,0.5,1.5
Gastrointestinal,dlt_only,0.8850574712643678,0.3208015889133736,1.0,0.0,12.987012987012983,96,87,0.04684219757715861,0.031990832657781576,cp,96,8,9042,0.6,0.5,1.5
Overall_Survival,dlt_only,10.764759681407165,1.8166999994912822,11.827970418414292,1.105536432502171,9.87677169276244,96,87,0.04684219757715861,0.031990832657781576,cp,96,8,9042,0.6,0.5,1.5
all_constraints,dlt_only,0.735632183908046,0.44355252212380036,0.9770114942528736,0.15073552182801675,32.81250000000001,96,87,0.04684219757715861,0.031990832657781576,cp,96,8,9042,0.6,0.5,1.5
Any_DLT,all_constraints,0.9135802469135802,0.2827335699999882,1.0,0.0,9.459459459459465,96,81,0.09409322837988536,0.0363111475095034,cp,83,8,9042,0.6,0.5,1.5
Blood,all_constraints,0.9012345679012346,0.3002056908023621,1.0,0.0,10.95890410958904,96,81,0.09409322837988536,0.0363111475095034,cp,83,8,9042,0.6,0.5,1.5
Constitutional,all_constraints,0.9506172839506173,0.2180157430038732,1.0,0.0,5.194805194805195,96,81,0.09409322837988536,0.0363111475095034,cp,83,8,9042,0.6,0.5,1.5
Infection,all_constraints,0.9506172839506173,0.21801574300387316,1.0,0.0,5.194805194805195,96,81,0.09409322837988536,0.0363111475095034,cp,83,8,9042,0.6,0.5,1.5
Gastrointestinal,all_constraints,0.9012345679012346,0.3002056908023621,1.0,0.0,10.95890410958904,96,81,0.09409322837988536,0.0363111475095034,cp,83,8,9042,0.6,0.5,1.5
Overall_Survival,all_constraints,10.83968171154825,1.8036192990510411,11.289145226424628,1.4380850034968575,4.146464138310756,96,81,0.09409322837988536,0.0363111475095034,cp,83,8,9042,0.6,0.5,1.5
all_constraints,all_constraints,0.8024691358024691,0.40061680838488767,1.0,0.0,24.615384615384613,96,81,0.09409322837988536,0.0363111475095034,cp,83,8,9042,0.6,0.5,1.5
Any_DLT,dlt_only,0.8850574712643678,0.3208015889133736,1.0,0.0,12.987012987012983,96,87,0.008883898456891378,0.0018379914942327515,nominal,96,8,9042,0.6,0.5,2.0
Blood,dlt_only,0.8735632183908046,0.3342676027665394,1.0,0.0,14.47368421052631,96,87,0.008883898456891378,0.0018379914942327515,nominal,96,8,9042,0.6,0.5,2.0
Constitutional,dlt_only,0.896551724137931,0.30630896237792204,0.9885057471264368,0.10721125348377945,10.256410256410255,96,87,0.008883898456891378,0.0018379914942327515,nominal,96,8,9042,0.6,0.5,2.0
Infection,dlt_only,0.9080459770114943,0.2906361870283388,1.0,0.0,10.126582278481012,96,87,0.008883898456891378,0.0018379914942327515,nominal,96,8,9042,0.6,0.5,2.0
Gastrointestinal,dlt_only,0.8850574712643678,0.3208015889133736,1.0,0.0,12.987012987012983,96,87,0.008883898456891378,0.0018379914942327515,nominal,96,8,9042,0.6,0.5,2.0
Overall_Survival,dlt_only,10.764759681407165,1.8166999994912822,11.979931007646323,0.9957555132940078,11.2884203846928,96,87,0.008883898456891378,0.0018379914942327515,nominal,96,8,9042,0.6,0.5,2.0
all_constraints,dlt_only,0.735632183908046,0.44355252212380036,0.9885057471264368,0.10721125348377945,34.37500000000001,96,87,0.008883898456891378,0.0018379914942327515,nominal,96,8,9042,0.6,0.5,2.0
Any_DLT,all_constraints,0.9135802469135802,0.2827335699999882,1.0,0.0,9.459459459459465,96,81,0.04050968587398529,0.04568587583394206,nominal,89,8,9042,0.6,0.5,2.0
Blood,all_constraints,0.9012345679012346,0.3002056908023621,1.0,0.0,10.95890410958904,96,81,0.04050968587398529,0.04568587583394206,nominal,89,8,9042,0.6,0.5,2.0
Constitutional,all_constraints,0.9506172839506173,0.2180157430038732,1.0,0.0,5.194805194805195,96,81,0.04050968587398529,0.04568587583394206,nominal,89,8,9042,0.6,0.5,2.0
Infection,all_constraints,0.9506172839506173,0.21801574300387316,1.0,0.0,5.194805194805195,96,81,0.04050968587398529,0.04568587583394206,nominal,89,8,9042,0.6,0.5,2.0
Gastrointestinal,all_constraints,0.9012345679012346,0.3002056908023621,0.9876543209876543,0.11111111111111113,9.589041095890405,96,81,0.04050968587398529,0.04568587583394206,nominal,89,8,9042,0.6,0.5,2.0
Overall_Survival,all_constraints,10.83968171154825,1.8036192990510411,11.974888771919243,1.0364141658588653,10.472697359384453,96,81,0.04050968587398529,0.04568587583394206,nominal,89,8,9042,0.6,0.5,2.0
all_constraints,all_constraints,0.8024691358024691,0.40061680838488767,0.9876543209876543,0.11111111111111113,23.07692307692307,96,81,0.04050968587398529,0.04568587583394206,nominal,89,8,9042,0.6,0.5,2.0
Any_DLT,dlt_only,0.8850574712643678,0.3208015889133736,1.0,0.0,12.987012987012983,96,87,0.009344706932703653,0.0023701578330647998,robust_reg,96,8,9042,0.6,0.5,2.0
Blood,dlt_only,0.8735632183908046,0.3342676027665394,1.0,0.0,14.47368421052631,96,87,0.009344706932703653,0.0023701578330647998,robust_reg,96,8,9042,0.6,0.5,2.0
Constitutional,dlt_only,0.896551724137931,0.30630896237792204,0.9885057471264368,0.10721125348377945,10.256410256410255,96,87,0.009344706932703653,0.0023701578330647998,robust_reg,96,8,9042,0.6,0.5,2.0
Infection,dlt_only,0.9080459770114943,0.2906361870283388,1.0,0.0,10.126582278481012,96,87,0.009344706932703653,0.0023701578330647998,robust_reg,96,8,9042,0.6,0.5,2.0
Gastrointestinal,dlt_only,0.8850574712643678,0.3208015889133736,1.0,0.0,12.987012987012983,96,87,0.009344706932703653,0.0023701578330647998,robust_reg,96,8,9042,0.6,0.5,2.0
Overall_Survival,dlt_only,10.764759681407165,1.8166999994912822,11.98809228312171,0.9907190848504164,11.364235133158408,96,87,0.009344706932703653,0.0023701578330647998,robust_reg,96,8,9042,0.6,0.5,2.0
all_constraints,dlt_only,0.735632183908046,0.44355252212380036,0.9885057471264368,0.10721125348377945,34.37500000000001,96,87,0.009344706932703653,0.0023701578330647998,robust_reg,96,8,9042,0.6,0.5,2.0
Any_DLT,all_constraints,0.9135802469135802,0.2827335699999882,1.0,0.0,9.459459459459465,96,81,0.039025381207466125,0.01885816552092353,robust_reg,95,8,9042,0.6,0.5,2.0
Blood,all_constraints,0.9012345679012346,0.3002056908023621,1.0,0.0,10.95890410958904,96,81,0.039025381207466125,0.01885816552092353,robust_reg,95,8,9042,0.6,0.5,2.0
Constitutional,all_constraints,0.9506172839506173,0.2180157430038732,1.0,0.0,5.194805194805195,96,81,0.039025381207466125,0.01885816552092353,robust_reg,95,8,9042,0.6,0.5,2.0
Infection,all_constraints,0.9506172839506173,0.21801574300387316,1.0,0.0,5.194805194805195,96,81,0.039025381207466125,0.01885816552092353,robust_reg,95,8,9042,0.6,0.5,2.0
Gastrointestinal,all_constraints,0.9012345679012346,0.3002056908023621,1.0,0.0,10.95890410958904,96,81,0.039025381207466125,0.01885816552092353,robust_reg,95,8,9042,0.6,0.5,2.0
Overall_Survival,all_constraints,10.83968171154825,1.8036192990510411,11.967546513359517,1.0577108421868249,10.404962357978425,96,81,0.039025381207466125,0.01885816552092353,robust_reg,95,8,9042,0.6,0.5,2.0
all_constraints,all_constraints,0.8024691358024691,0.40061680838488767,1.0,0.0,24.615384615384613,96,81,0.039025381207466125,0.01885816552092353,robust_reg,95,8,9042,0.6,0.5,2.0
Any_DLT,dlt_only,0.8850574712643678,0.3208015889133736,1.0,0.0,12.987012987012983,96,87,0.04699078947305679,0.033410985749820134,cp,96,8,9042,0.6,0.5,2.0
Blood,dlt_only,0.8735632183908046,0.3342676027665394,1.0,0.0,14.47368421052631,96,87,0.04699078947305679,0.033410985749820134,cp,96,8,9042,0.6,0.5,2.0
Constitutional,dlt_only,0.896551724137931,0.30630896237792204,0.9770114942528736,0.15073552182801675,8.974358974358976,96,87,0.04699078947305679,0.033410985749820134,cp,96,8,9042,0.6,0.5,2.0
Infection,dlt_only,0.9080459770114943,0.2906361870283388,1.0,0.0,10.126582278481012,96,87,0.04699078947305679,0.033410985749820134,cp,96,8,9042,0.6,0.5,2.0
Gastrointestinal,dlt_only,0.8850574712643678,0.3208015889133736,1.0,0.0,12.987012987012983,96,87,0.04699078947305679,0.033410985749820134,cp,96,8,9042,0.6,0.5,2.0
Overall_Survival,dlt_only,10.764759681407165,1.8166999994912822,11.827970418414292,1.105536432502171,9.87677169276244,96,87,0.04699078947305679,0.033410985749820134,cp,96,8,9042,0.6,0.5,2.0
all_constraints,dlt_only,0.735632183908046,0.44355252212380036,0.9770114942528736,0.15073552182801675,32.81250000000001,96,87,0.04699078947305679,0.033410985749820134,cp,96,8,9042,0.6,0.5,2.0
Any_DLT,all_constraints,0.9135802469135802,0.2827335699999882,1.0,0.0,9.459459459459465,96,81,0.09445187201102574,0.038269024261312255,cp,83,8,9042,0.6,0.5,2.0
Blood,all_constraints,0.9012345679012346,0.3002056908023621,1.0,0.0,10.95890410958904,96,81,0.09445187201102574,0.038269024261312255,cp,83,8,9042,0.6,0.5,2.0
Constitutional,all_constraints,0.9506172839506173,0.2180157430038732,1.0,0.0,5.194805194805195,96,81,0.09445187201102574,0.038269024261312255,cp,83,8,9042,0.6,0.5,2.0
Infection,all_constraints,0.9506172839506173,0.21801574300387316,1.0,0.0,5.194805194805195,96,81,0.09445187201102574,0.038269024261312255,cp,83,8,9042,0.6,0.5,2.0
Gastrointestinal,all_constraints,0.9012345679012346,0.3002056908023621,1.0,0.0,10.95890410958904,96,81,0.09445187201102574,0.038269024261312255,cp,83,8,9042,0.6,0.5,2.0
Overall_Survival,all_constraints,10.83968171154825,1.8036192990510411,11.289145226424628,1.4380850034968575,4.146464138310756,96,81,0.09445187201102574,0.038269024261312255,cp,83,8,9042,0.6,0.5,2.0
all_constraints,all_constraints,0.8024691358024691,0.40061680838488767,1.0,0.0,24.615384615384613,96,81,0.09445187201102574,0.038269024261312255,cp,83,8,9042,0.6,0.5,2.0
Any_DLT,dlt_only,0.8526315789473684,0.3563533105934119,1.0,0.0,17.283950617283953,96,95,0.012635389963785807,0.0020101626643863426,nominal,96,9,10042,0.6,0.5,0.5
Blood,dlt_only,0.8736842105263158,0.33396729560733096,1.0,0.0,14.457831325301198,96,95,0.012635389963785807,0.0020101626643863426,nominal,96,9,10042,0.6,0.5,0.5
Constitutional,dlt_only,0.8736842105263158,0.333967295607331,0.9473684210526315,0.22448148540588725,8.433734939759024,96,95,0.012635389963785807,0.0020101626643863426,nominal,96,9,10042,0.6,0.5,0.5
Infection,dlt_only,0.8736842105263158,0.333967295607331,1.0,0.0,14.457831325301198,96,95,0.012635389963785807,0.0020101626643863426,nominal,96,9,10042,0.6,0.5,0.5
Gastrointestinal,dlt_only,0.8631578947368421,0.34550383548659225,1.0,0.0,15.853658536585364,96,95,0.012635389963785807,0.0020101626643863426,nominal,96,9,10042,0.6,0.5,0.5
Overall_Survival,dlt_only,10.6999871958255,1.7864730982355768,11.957708426787775,0.9740441435088383,11.754418093630647,96,95,0.012635389963785807,0.0020101626643863426,nominal,96,9,10042,0.6,0.5,0.5
all_constraints,dlt_only,0.7052631578947368,0.4583430892442982,0.9473684210526315,0.22448148540588725,34.32835820895522,96,95,0.012635389963785807,0.0020101626643863426,nominal,96,9,10042,0.6,0.5,0.5
Any_DLT,all_constraints,0.8941176470588236,0.30951303579612127,1.0,0.0,11.84210526315789,96,85,0.05182564010222753,0.04297520868561328,nominal,96,9,10042,0.6,0.5,0.5
Blood,all_constraints,0.8705882352941177,0.3376471564235309,1.0,0.0,14.864864864864863,96,85,0.05182564010222753,0.04297520868561328,nominal,96,9,10042,0.6,0.5,0.5
Constitutional,all_constraints,0.9058823529411765,0.29372522840900395,0.9529411764705882,0.21302148074901792,5.1948051948051885,96,85,0.05182564010222753,0.04297520868561328,nominal,96,9,10042,0.6,0.5,0.5
Infection,all_constraints,0.9058823529411765,0.29372522840900395,1.0,0.0,10.38961038961039,96,85,0.05182564010222753,0.04297520868561328,nominal,96,9,10042,0.6,0.5,0.5
Gastrointestinal,all_constraints,0.9058823529411765,0.29372522840900395,1.0,0.0,10.38961038961039,96,85,0.05182564010222753,0.04297520868561328,nominal,96,9,10042,0.6,0.5,0.5
Overall_Survival,all_constraints,10.828607970278528,1.7485532352229238,12.030853622585138,0.9620244446731921,11.10249494308442,96,85,0.05182564010222753,0.04297520868561328,nominal,96,9,10042,0.6,0.5,0.5
all_constraints,all_constraints,0.7411764705882353,0.44058784261350603,0.9529411764705882,0.21302148074901792,28.57142857142856,96,85,0.05182564010222753,0.04297520868561328,nominal,96,9,10042,0.6,0.5,0.5
Any_DLT,dlt_only,0.8526315789473684,0.3563533105934119,1.0,0.0,17.283950617283953,96,95,0.012645619610945383,0.0019171979050653834,robust_reg,96,9,10042,0.6,0.5,0.5
Blood,dlt_only,0.8736842105263158,0.33396729560733096,1.0,0.0,14.457831325301198,96,95,0.012645619610945383,0.0019171979050653834,robust_reg,96,9,10042,0.6,0.5,0.5
Constitutional,dlt_only,0.8736842105263158,0.333967295607331,0.9789473684210527,0.1443214031708876,12.048192771084336,96,95,0.012645619610945383,0.0019171979050653834,robust_reg,96,9,10042,0.6,0.5,0.5
Infection,dlt_only,0.8736842105263158,0.333967295607331,1.0,0.0,14.457831325301198,96,95,0.012645619610945383,0.0019171979050653834,robust_reg,96,9,10042,0.6,0.5,0.5
Gastrointestinal,dlt_only,0.8631578947368421,0.34550383548659225,1.0,0.0,15.853658536585364,96,95,0.012645619610945383,0.0019171979050653834,robust_reg,96,9,10042,0.6,0.5,0.5
Overall_Survival,dlt_only,10.6999871958255,1.7864730982355768,11.952934212693208,0.9732837924471067,11.709799216923676,96,95,0.012645619610945383,0.0019171979050653834,robust_reg,96,9,10042,0.6,0.5,0.5
all_constraints,dlt_only,0.7052631578947368,0.4583430892442982,0.9789473684210527,0.1443214031708876,38.805970149253746,96,95,0.012645619610945383,0.0019171979050653834,robust_reg,96,9,10042,0.6,0.5,0.5
Any_DLT,all_constraints,0.8941176470588236,0.30951303579612127,1.0,0.0,11.84210526315789,96,85,0.053689216574033104,0.03384539778876448,robust_reg,96,9,10042,0.6,0.5,0.5
Blood,all_constraints,0.8705882352941177,0.3376471564235309,1.0,0.0,14.864864864864863,96,85,0.053689216574033104,0.03384539778876448,robust_reg,96,9,10042,0.6,0.5,0.5
Constitutional,all_constraints,0.9058823529411765,0.29372522840900395,0.9647058823529412,0.18561729852738681,6.493506493506495,96,85,0.053689216574033104,0.03384539778876448,robust_reg,96,9,10042,0.6,0.5,0.5
Infection,all_constraints,0.9058823529411765,0.29372522840900395,1.0,0.0,10.38961038961039,96,85,0.053689216574033104,0.03384539778876448,robust_reg,96,9,10042,0.6,0.5,0.5
Gastrointestinal,all_constraints,0.9058823529411765,0.29372522840900395,1.0,0.0,10.38961038961039,96,85,0.053689216574033104,0.03384539778876448,robust_reg,96,9,10042,0.6,0.5,0.5
Overall_Survival,all_constraints,10.828607970278528,1.7485532352229238,12.019647764501885,0.9502366670914633,10.999011114747393,96,85,0.053689216574033104,0.03384539778876448,robust_reg,96,9,10042,0.6,0.5,0.5
all_constraints,all_constraints,0.7411764705882353,0.44058784261350603,0.9647058823529412,0.18561729852738681,30.158730158730155,96,85,0.053689216574033104,0.03384539778876448,robust_reg,96,9,10042,0.6,0.5,0.5
Any_DLT,dlt_only,0.8526315789473684,0.3563533105934119,0.9894736842105263,0.10259783520851543,16.04938271604938,96,95,0.1412587290008863,0.1136744193936658,cp,95,9,10042,0.6,0.5,0.5
Blood,dlt_only,0.8736842105263158,0.33396729560733096,0.9789473684210527,0.14432140317088757,12.048192771084336,96,95,0.1412587290008863,0.1136744193936658,cp,95,9,10042,0.6,0.5,0.5
Constitutional,dlt_only,0.8736842105263158,0.333967295607331,0.9473684210526315,0.22448148540588725,8.433734939759024,96,95,0.1412587290008863,0.1136744193936658,cp,95,9,10042,0.6,0.5,0.5
Infection,dlt_only,0.8736842105263158,0.333967295607331,0.9789473684210527,0.14432140317088757,12.048192771084336,96,95,0.1412587290008863,0.1136744193936658,cp,95,9,10042,0.6,0.5,0.5
Gastrointestinal,dlt_only,0.8631578947368421,0.34550383548659225,1.0,0.0,15.853658536585364,96,95,0.1412587290008863,0.1136744193936658,cp,95,9,10042,0.6,0.5,0.5
Overall_Survival,dlt_only,10.6999871958255,1.7864730982355768,11.666151871078814,1.1332345203326508,9.029587209508566,96,95,0.1412587290008863,0.1136744193936658,cp,95,9,10042,0.6,0.5,0.5
all_constraints,dlt_only,0.7052631578947368,0.4583430892442982,0.9263157894736842,0.2626422720087394,31.34328358208956,96,95,0.1412587290008863,0.1136744193936658,cp,95,9,10042,0.6,0.5,0.5
Any_DLT,all_constraints,0.8941176470588236,0.30951303579612127,1.0,0.0,11.84210526315789,96,85,0.12290855993827184,0.033729171426941824,cp,96,9,10042,0.6,0.5,0.5
Blood,all_constraints,0.8705882352941177,0.3376471564235309,1.0,0.0,14.864864864864863,96,85,0.12290855993827184,0.033729171426941824,cp,96,9,10042,0.6,0.5,0.5
Constitutional,all_constraints,0.9058823529411765,0.29372522840900395,0.9647058823529412,0.18561729852738681,6.493506493506495,96,85,0.12290855993827184,0.033729171426941824,cp,96,9,10042,0.6,0.5,0.5
Infection,all_constraints,0.9058823529411765,0.29372522840900395,1.0,0.0,10.38961038961039,96,85,0.12290855993827184,0.033729171426941824,cp,96,9,10042,0.6,0.5,0.5
Gastrointestinal,all_constraints,0.9058823529411765,0.29372522840900395,1.0,0.0,10.38961038961039,96,85,0.12290855993827184,0.033729171426941824,cp,96,9,10042,0.6,0.5,0.5
Overall_Survival,all_constraints,10.828607970278528,1.7485532352229238,12.055329363256533,0.972568589118148,11.32852344775071,96,85,0.12290855993827184,0.033729171426941824,cp,96,9,10042,0.6,0.5,0.5
all_constraints,all_constraints,0.7411764705882353,0.44058784261350603,0.9647058823529412,0.18561729852738681,30.158730158730155,96,85,0.12290855993827184,0.033729171426941824,cp,96,9,10042,0.6,0.5,0.5
Any_DLT,dlt_only,0.8526315789473684,0.3563533105934119,1.0,0.0,17.283950617283953,96,95,0.012633142371972403,0.002017050420414824,nominal,96,9,10042,0.6,0.5,0.75
Blood,dlt_only,0.8736842105263158,0.33396729560733096,1.0,0.0,14.457831325301198,96,95,0.012633142371972403,0.002017050420414824,nominal,96,9,10042,0.6,0.5,0.75
Constitutional,dlt_only,0.8736842105263158,0.333967295607331,0.9473684210526315,0.22448148540588725,8.433734939759024,96,95,0.012633142371972403,0.002017050420414824,nominal,96,9,10042,0.6,0.5,0.75
Infection,dlt_only,0.8736842105263158,0.333967295607331,1.0,0.0,14.457831325301198,96,95,0.012633142371972403,0.002017050420414824,nominal,96,9,10042,0.6,0.5,0.75
Gastrointestinal,dlt_only,0.8631578947368421,0.34550383548659225,1.0,0.0,15.853658536585364,96,95,0.012633142371972403,0.002017050420414824,nominal,96,9,10042,0.6,0.5,0.75
Overall_Survival,dlt_only,10.6999871958255,1.7864730982355768,11.957708426787775,0.9740441435088383,11.754418093630647,96,95,0.012633142371972403,0.002017050420414824,nominal,96,9,10042,0.6,0.5,0.75
all_constraints,dlt_only,0.7052631578947368,0.4583430892442982,0.9473684210526315,0.22448148540588725,34.32835820895522,96,95,0.012633142371972403,0.002017050420414824,nominal,96,9,10042,0.6,0.5,0.75
Any_DLT,all_constraints,0.8941176470588236,0.30951303579612127,1.0,0.0,11.84210526315789,96,85,0.050707317888736725,0.03193722528847737,nominal,96,9,10042,0.6,0.5,0.75
Blood,all_constraints,0.8705882352941177,0.3376471564235309,1.0,0.0,14.864864864864863,96,85,0.050707317888736725,0.03193722528847737,nominal,96,9,10042,0.6,0.5,0.75
Constitutional,all_constraints,0.9058823529411765,0.29372522840900395,0.9529411764705882,0.21302148074901792,5.1948051948051885,96,85,0.050707317888736725,0.03193722528847737,nominal,96,9,10042,0.6,0.5,0.75
Infection,all_constraints,0.9058823529411765,0.29372522840900395,1.0,0.0,10.38961038961039,96,85,0.050707317888736725,0.03193722528847737,nominal,96,9,10042,0.6,0.5,0.75
Gastrointestinal,all_constraints,0.9058823529411765,0.29372522840900395,1.0,0.0,10.38961038961039,96,85,0.050707317888736725,0.03193722528847737,nominal,96,9,10042,0.6,0.5,0.75
Overall_Survival,all_constraints,10.828607970278528,1.7485532352229238,12.030853622585138,0.9620244446731921,11.10249494308442,96,85,0.050707317888736725,0.03193722528847737,nominal,96,9,10042,0.6,0.5,0.75
all_constraints,all_constraints,0.7411764705882353,0.44058784261350603,0.9529411764705882,0.21302148074901792,28.57142857142856,96,85,0.050707317888736725,0.03193722528847737,nominal,96,9,10042,0.6,0.5,0.75
Any_DLT,dlt_only,0.8526315789473684,0.3563533105934119,1.0,0.0,17.283950617283953,96,95,0.013092170159022013,0.0022238790553686266,robust_reg,96,9,10042,0.6,0.5,0.75
Blood,dlt_only,0.8736842105263158,0.33396729560733096,1.0,0.0,14.457831325301198,96,95,0.013092170159022013,0.0022238790553686266,robust_reg,96,9,10042,0.6,0.5,0.75
Constitutional,dlt_only,0.8736842105263158,0.333967295607331,0.9473684210526315,0.22448148540588725,8.433734939759024,96,95,0.013092170159022013,0.0022238790553686266,robust_reg,96,9,10042,0.6,0.5,0.75
Infection,dlt_only,0.8736842105263158,0.333967295607331,1.0,0.0,14.457831325301198,96,95,0.013092170159022013,0.0022238790553686266,robust_reg,96,9,10042,0.6,0.5,0.75
Gastrointestinal,dlt_only,0.8631578947368421,0.34550383548659225,1.0,0.0,15.853658536585364,96,95,0.013092170159022013,0.0022238790553686266,robust_reg,96,9,10042,0.6,0.5,0.75
Overall_Survival,dlt_only,10.6999871958255,1.7864730982355768,11.95612113548975,0.9708369564123249,11.739583577766519,96,95,0.013092170159022013,0.0022238790553686266,robust_reg,96,9,10042,0.6,0.5,0.75
all_constraints,dlt_only,0.7052631578947368,0.4583430892442982,0.9473684210526315,0.22448148540588725,34.32835820895522,96,95,0.013092170159022013,0.0022238790553686266,robust_reg,96,9,10042,0.6,0.5,0.75
Any_DLT,all_constraints,0.8941176470588236,0.30951303579612127,1.0,0.0,11.84210526315789,96,85,0.058147601783275604,0.05522736811704364,robust_reg,96,9,10042,0.6,0.5,0.75
Blood,all_constraints,0.8705882352941177,0.3376471564235309,1.0,0.0,14.864864864864863,96,85,0.058147601783275604,0.05522736811704364,robust_reg,96,9,10042,0.6,0.5,0.75
Constitutional,all_constraints,0.9058823529411765,0.29372522840900395,0.9647058823529412,0.18561729852738681,6.493506493506495,96,85,0.058147601783275604,0.05522736811704364,robust_reg,96,9,10042,0.6,0.5,0.75
Infection,all_constraints,0.9058823529411765,0.29372522840900395,1.0,0.0,10.38961038961039,96,85,0.058147601783275604,0.05522736811704364,robust_reg,96,9,10042,0.6,0.5,0.75
Gastrointestinal,all_constraints,0.9058823529411765,0.29372522840900395,1.0,0.0,10.38961038961039,96,85,0.058147601783275604,0.05522736811704364,robust_reg,96,9,10042,0.6,0.5,0.75
Overall_Survival,all_constraints,10.828607970278528,1.7485532352229238,11.992502660131434,0.9870188705620111,10.74833157731325,96,85,0.058147601783275604,0.05522736811704364,robust_reg,96,9,10042,0.6,0.5,0.75
all_constraints,all_constraints,0.7411764705882353,0.44058784261350603,0.9647058823529412,0.18561729852738681,30.158730158730155,96,85,0.058147601783275604,0.05522736811704364,robust_reg,96,9,10042,0.6,0.5,0.75
Any_DLT,dlt_only,0.8526315789473684,0.3563533105934119,0.9894736842105263,0.10259783520851543,16.04938271604938,96,95,0.13942378014326096,0.10928990031887559,cp,95,9,10042,0.6,0.5,0.75
Blood,dlt_only,0.8736842105263158,0.33396729560733096,0.9789473684210527,0.14432140317088757,12.048192771084336,96,95,0.13942378014326096,0.10928990031887559,cp,95,9,10042,0.6,0.5,0.75
Constitutional,dlt_only,0.8736842105263158,0.333967295607331,0.9473684210526315,0.22448148540588725,8.433734939759024,96,95,0.13942378014326096,0.10928990031887559,cp,95,9,10042,0.6,0.5,0.75
Infection,dlt_only,0.8736842105263158,0.333967295607331,0.9789473684210527,0.14432140317088757,12.048192771084336,96,95,0.13942378014326096,0.10928990031887559,cp,95,9,10042,0.6,0.5,0.75
Gastrointestinal,dlt_only,0.8631578947368421,0.34550383548659225,1.0,0.0,15.853658536585364,96,95,0.13942378014326096,0.10928990031887559,cp,95,9,10042,0.6,0.5,0.75
Overall_Survival,dlt_only,10.6999871958255,1.7864730982355768,11.666151871078814,1.1332345203326508,9.029587209508566,96,95,0.13942378014326096,0.10928990031887559,cp,95,9,10042,0.6,0.5,0.75
all_constraints,dlt_only,0.7052631578947368,0.4583430892442982,0.9263157894736842,0.2626422720087394,31.34328358208956,96,95,0.13942378014326096,0.10928990031887559,cp,95,9,10042,0.6,0.5,0.75
Any_DLT,all_constraints,0.8941176470588236,0.30951303579612127,1.0,0.0,11.84210526315789,96,85,0.4858190566301346,0.38234748477999314,cp,93,9,10042,0.6,0.5,0.75
Blood,all_constraints,0.8705882352941177,0.3376471564235309,0.9882352941176471,0.10846522890932811,13.513513513513516,96,85,0.4858190566301346,0.38234748477999314,cp,93,9,10042,0.6,0.5,0.75
Constitutional,all_constraints,0.9058823529411765,0.29372522840900395,1.0,0.0,10.38961038961039,96,85,0.4858190566301346,0.38234748477999314,cp,93,9,10042,0.6,0.5,0.75
Infection,all_constraints,0.9058823529411765,0.29372522840900395,1.0,0.0,10.38961038961039,96,85,0.4858190566301346,0.38234748477999314,cp,93,9,10042,0.6,0.5,0.75
Gastrointestinal,all_constraints,0.9058823529411765,0.29372522840900395,1.0,0.0,10.38961038961039,96,85,0.4858190566301346,0.38234748477999314,cp,93,9,10042,0.6,0.5,0.75
Overall_Survival,all_constraints,10.828607970278528,1.7485532352229238,11.31053640543389,1.1283459036502959,4.450511427490217,96,85,0.4858190566301346,0.38234748477999314,cp,93,9,10042,0.6,0.5,0.75
all_constraints,all_constraints,0.7411764705882353,0.44058784261350603,0.9882352941176471,0.10846522890932811,33.333333333333336,96,85,0.4858190566301346,0.38234748477999314,cp,93,9,10042,0.6,0.5,0.75
Any_DLT,dlt_only,0.8526315789473684,0.3563533105934119,1.0,0.0,17.283950617283953,96,95,0.012574764589468638,0.002035467867423788,nominal,96,9,10042,0.6,0.5,1.0
Blood,dlt_only,0.8736842105263158,0.33396729560733096,1.0,0.0,14.457831325301198,96,95,0.012574764589468638,0.002035467867423788,nominal,96,9,10042,0.6,0.5,1.0
Constitutional,dlt_only,0.8736842105263158,0.333967295607331,0.9473684210526315,0.22448148540588725,8.433734939759024,96,95,0.012574764589468638,0.002035467867423788,nominal,96,9,10042,0.6,0.5,1.0
Infection,dlt_only,0.8736842105263158,0.333967295607331,1.0,0.0,14.457831325301198,96,95,0.012574764589468638,0.002035467867423788,nominal,96,9,10042,0.6,0.5,1.0
Gastrointestinal,dlt_only,0.8631578947368421,0.34550383548659225,1.0,0.0,15.853658536585364,96,95,0.012574764589468638,0.002035467867423788,nominal,96,9,10042,0.6,0.5,1.0
Overall_Survival,dlt_only,10.6999871958255,1.7864730982355768,11.957708426787775,0.9740441435088383,11.754418093630647,96,95,0.012574764589468638,0.002035467867423788,nominal,96,9,10042,0.6,0.5,1.0
all_constraints,dlt_only,0.7052631578947368,0.4583430892442982,0.9473684210526315,0.22448148540588725,34.32835820895522,96,95,0.012574764589468638,0.002035467867423788,nominal,96,9,10042,0.6,0.5,1.0
Any_DLT,all_constraints,0.8941176470588236,0.30951303579612127,1.0,0.0,11.84210526315789,96,85,0.05180074026187261,0.0417886398684304,nominal,96,9,10042,0.6,0.5,1.0
Blood,all_constraints,0.8705882352941177,0.3376471564235309,1.0,0.0,14.864864864864863,96,85,0.05180074026187261,0.0417886398684304,nominal,96,9,10042,0.6,0.5,1.0
Constitutional,all_constraints,0.9058823529411765,0.29372522840900395,0.9529411764705882,0.21302148074901792,5.1948051948051885,96,85,0.05180074026187261,0.0417886398684304,nominal,96,9,10042,0.6,0.5,1.0
Infection,all_constraints,0.9058823529411765,0.29372522840900395,1.0,0.0,10.38961038961039,96,85,0.05180074026187261,0.0417886398684304,nominal,96,9,10042,0.6,0.5,1.0
Gastrointestinal,all_constraints,0.9058823529411765,0.29372522840900395,1.0,0.0,10.38961038961039,96,85,0.05180074026187261,0.0417886398684304,nominal,96,9,10042,0.6,0.5,1.0
Overall_Survival,all_constraints,10.828607970278528,1.7485532352229238,12.030853622585138,0.9620244446731921,11.10249494308442,96,85,0.05180074026187261,0.0417886398684304,nominal,96,9,10042,0.6,0.5,1.0
all_constraints,all_constraints,0.7411764705882353,0.44058784261350603,0.9529411764705882,0.21302148074901792,28.57142857142856,96,85,0.05180074026187261,0.0417886398684304,nominal,96,9,10042,0.6,0.5,1.0
Any_DLT,dlt_only,0.8526315789473684,0.3563533105934119,1.0,0.0,17.283950617283953,96,95,0.013068166871865591,0.0025172374645144363,robust_reg,96,9,10042,0.6,0.5,1.0
Blood,dlt_only,0.8736842105263158,0.33396729560733096,1.0,0.0,14.457831325301198,96,95,0.013068166871865591,0.0025172374645144363,robust_reg,96,9,10042,0.6,0.5,1.0
Constitutional,dlt_only,0.8736842105263158,0.333967295607331,0.9473684210526315,0.22448148540588725,8.433734939759024,96,95,0.013068166871865591,0.0025172374645144363,robust_reg,96,9,10042,0.6,0.5,1.0
Infection,dlt_only,0.8736842105263158,0.333967295607331,1.0,0.0,14.457831325301198,96,95,0.013068166871865591,0.0025172374645144363,robust_reg,96,9,10042,0.6,0.5,1.0
Gastrointestinal,dlt_only,0.8631578947368421,0.34550383548659225,1.0,0.0,15.853658536585364,96,95,0.013068166871865591,0.0025172374645144363,robust_reg,96,9,10042,0.6,0.5,1.0
Overall_Survival,dlt_only,10.6999871958255,1.7864730982355768,11.953366645695443,0.9732043052281218,11.713840651687295,96,95,0.013068166871865591,0.0025172374645144363,robust_reg,96,9,10042,0.6,0.5,1.0
all_constraints,dlt_only,0.7052631578947368,0.4583430892442982,0.9473684210526315,0.22448148540588725,34.32835820895522,96,95,0.013068166871865591,0.0025172374645144363,robust_reg,96,9,10042,0.6,0.5,1.0
Any_DLT,all_constraints,0.8941176470588236,0.30951303579612127,1.0,0.0,11.84210526315789,96,85,0.08024158577124278,0.10088581387435114,robust_reg,96,9,10042,0.6,0.5,1.0
Blood,all_constraints,0.8705882352941177,0.3376471564235309,1.0,0.0,14.864864864864863,96,85,0.08024158577124278,0.10088581387435114,robust_reg,96,9,10042,0.6,0.5,1.0
Constitutional,all_constraints,0.9058823529411765,0.29372522840900395,0.9529411764705882,0.21302148074901792,5.1948051948051885,96,85,0.08024158577124278,0.10088581387435114,robust_reg,96,9,10042,0.6,0.5,1.0
Infection,all_constraints,0.9058823529411765,0.29372522840900395,1.0,0.0,10.38961038961039,96,85,0.08024158577124278,0.10088581387435114,robust_reg,96,9,10042,0.6,0.5,1.0
Gastrointestinal,all_constraints,0.9058823529411765,0.29372522840900395,1.0,0.0,10.38961038961039,96,85,0.08024158577124278,0.10088581387435114,robust_reg,96,9,10042,0.6,0.5,1.0
Overall_Survival,all_constraints,10.828607970278528,1.7485532352229238,11.952308621948296,0.9976213592383207,10.377147780712068,96,85,0.08024158577124278,0.10088581387435114,robust_reg,96,9,10042,0.6,0.5,1.0
all_constraints,all_constraints,0.7411764705882353,0.44058784261350603,0.9529411764705882,0.21302148074901792,28.57142857142856,96,85,0.08024158577124278,0.10088581387435114,robust_reg,96,9,10042,0.6,0.5,1.0
Any_DLT,dlt_only,0.8526315789473684,0.3563533105934119,0.9894736842105263,0.10259783520851543,16.04938271604938,96,95,0.13873736808697382,0.11087795894520984,cp,95,9,10042,0.6,0.5,1.0
Blood,dlt_only,0.8736842105263158,0.33396729560733096,0.9789473684210527,0.14432140317088757,12.048192771084336,96,95,0.13873736808697382,0.11087795894520984,cp,95,9,10042,0.6,0.5,1.0
Constitutional,dlt_only,0.8736842105263158,0.333967295607331,0.9473684210526315,0.22448148540588725,8.433734939759024,96,95,0.13873736808697382,0.11087795894520984,cp,95,9,10042,0.6,0.5,1.0
Infection,dlt_only,0.8736842105263158,0.333967295607331,0.9789473684210527,0.14432140317088757,12.048192771084336,96,95,0.13873736808697382,0.11087795894520984,cp,95,9,10042,0.6,0.5,1.0
Gastrointestinal,dlt_only,0.8631578947368421,0.34550383548659225,1.0,0.0,15.853658536585364,96,95,0.13873736808697382,0.11087795894520984,cp,95,9,10042,0.6,0.5,1.0
Overall_Survival,dlt_only,10.6999871958255,1.7864730982355768,11.666151871078814,1.1332345203326508,9.029587209508566,96,95,0.13873736808697382,0.11087795894520984,cp,95,9,10042,0.6,0.5,1.0
all_constraints,dlt_only,0.7052631578947368,0.4583430892442982,0.9263157894736842,0.2626422720087394,31.34328358208956,96,95,0.13873736808697382,0.11087795894520984,cp,95,9,10042,0.6,0.5,1.0
Any_DLT,all_constraints,0.8941176470588236,0.30951303579612127,1.0,0.0,11.84210526315789,96,85,0.4065934071938197,0.35106745172085235,cp,88,9,10042,0.6,0.5,1.0
Blood,all_constraints,0.8705882352941177,0.3376471564235309,0.9882352941176471,0.10846522890932811,13.513513513513516,96,85,0.4065934071938197,0.35106745172085235,cp,88,9,10042,0.6,0.5,1.0
Constitutional,all_constraints,0.9058823529411765,0.29372522840900395,1.0,0.0,10.38961038961039,96,85,0.4065934071938197,0.35106745172085235,cp,88,9,10042,0.6,0.5,1.0
Infection,all_constraints,0.9058823529411765,0.29372522840900395,1.0,0.0,10.38961038961039,96,85,0.4065934071938197,0.35106745172085235,cp,88,9,10042,0.6,0.5,1.0
Gastrointestinal,all_constraints,0.9058823529411765,0.29372522840900395,0.9882352941176471,0.1084652289093281,9.090909090909095,96,85,0.4065934071938197,0.35106745172085235,cp,88,9,10042,0.6,0.5,1.0
Overall_Survival,all_constraints,10.828607970278528,1.7485532352229238,11.246633962661107,1.2175569765353496,3.8603853194237256,96,85,0.4065934071938197,0.35106745172085235,cp,88,9,10042,0.6,0.5,1.0
all_constraints,all_constraints,0.7411764705882353,0.44058784261350603,0.9764705882352941,0.15247721049352903,31.746031746031736,96,85,0.4065934071938197,0.35106745172085235,cp,88,9,10042,0.6,0.5,1.0
Any_DLT,dlt_only,0.8526315789473684,0.3563533105934119,1.0,0.0,17.283950617283953,96,95,0.012488330403963724,0.0019778216694729925,nominal,96,9,10042,0.6,0.5,1.5
Blood,dlt_only,0.8736842105263158,0.33396729560733096,1.0,0.0,14.457831325301198,96,95,0.012488330403963724,0.0019778216694729925,nominal,96,9,10042,0.6,0.5,1.5
Constitutional,dlt_only,0.8736842105263158,0.333967295607331,0.9473684210526315,0.22448148540588725,8.433734939759024,96,95,0.012488330403963724,0.0019778216694729925,nominal,96,9,10042,0.6,0.5,1.5
Infection,dlt_only,0.8736842105263158,0.333967295607331,1.0,0.0,14.457831325301198,96,95,0.012488330403963724,0.0019778216694729925,nominal,96,9,10042,0.6,0.5,1.5
Gastrointestinal,dlt_only,0.8631578947368421,0.34550383548659225,1.0,0.0,15.853658536585364,96,95,0.012488330403963724,0.0019778216694729925,nominal,96,9,10042,0.6,0.5,1.5
Overall_Survival,dlt_only,10.6999871958255,1.7864730982355768,11.957708426787775,0.9740441435088383,11.754418093630647,96,95,0.012488330403963724,0.0019778216694729925,nominal,96,9,10042,0.6,0.5,1.5
all_constraints,dlt_only,0.7052631578947368,0.4583430892442982,0.9473684210526315,0.22448148540588725,34.32835820895522,96,95,0.012488330403963724,0.0019778216694729925,nominal,96,9,10042,0.6,0.5,1.5
Any_DLT,all_constraints,0.8941176470588236,0.30951303579612127,1.0,0.0,11.84210526315789,96,85,0.05094932268063227,0.041072139300851664,nominal,96,9,10042,0.6,0.5,1.5
Blood,all_constraints,0.8705882352941177,0.3376471564235309,1.0,0.0,14.864864864864863,96,85,0.05094932268063227,0.041072139300851664,nominal,96,9,10042,0.6,0.5,1.5
Constitutional,all_constraints,0.9058823529411765,0.29372522840900395,0.9529411764705882,0.21302148074901792,5.1948051948051885,96,85,0.05094932268063227,0.041072139300851664,nominal,96,9,10042,0.6,0.5,1.5
Infection,all_constraints,0.9058823529411765,0.29372522840900395,1.0,0.0,10.38961038961039,96,85,0.05094932268063227,0.041072139300851664,nominal,96,9,10042,0.6,0.5,1.5
Gastrointestinal,all_constraints,0.9058823529411765,0.29372522840900395,1.0,0.0,10.38961038961039,96,85,0.05094932268063227,0.041072139300851664,nominal,96,9,10042,0.6,0.5,1.5
Overall_Survival,all_constraints,10.828607970278528,1.7485532352229238,12.030853622585138,0.9620244446731921,11.10249494308442,96,85,0.05094932268063227,0.041072139300851664,nominal,96,9,10042,0.6,0.5,1.5
all_constraints,all_constraints,0.7411764705882353,0.44058784261350603,0.9529411764705882,0.21302148074901792,28.57142857142856,96,85,0.05094932268063227,0.041072139300851664,nominal,96,9,10042,0.6,0.5,1.5
Any_DLT,dlt_only,0.8526315789473684,0.3563533105934119,1.0,0.0,17.283950617283953,96,95,0.012072538336118063,0.0020328709063580936,robust_reg,96,9,10042,0.6,0.5,1.5
Blood,dlt_only,0.8736842105263158,0.33396729560733096,1.0,0.0,14.457831325301198,96,95,0.012072538336118063,0.0020328709063580936,robust_reg,96,9,10042,0.6,0.5,1.5
Constitutional,dlt_only,0.8736842105263158,0.333967295607331,0.968421052631579,0.1758040240472914,10.843373493975898,96,95,0.012072538336118063,0.0020328709063580936,robust_reg,96,9,10042,0.6,0.5,1.5
Infection,dlt_only,0.8736842105263158,0.333967295607331,1.0,0.0,14.457831325301198,96,95,0.012072538336118063,0.0020328709063580936,robust_reg,96,9,10042,0.6,0.5,1.5
Gastrointestinal,dlt_only,0.8631578947368421,0.34550383548659225,1.0,0.0,15.853658536585364,96,95,0.012072538336118063,0.0020328709063580936,robust_reg,96,9,10042,0.6,0.5,1.5
Overall_Survival,dlt_only,10.6999871958255,1.7864730982355768,11.95954873708008,0.972455874707755,11.77161727582241,96,95,0.012072538336118063,0.0020328709063580936,robust_reg,96,9,10042,0.6,0.5,1.5
all_constraints,dlt_only,0.7052631578947368,0.4583430892442982,0.968421052631579,0.1758040240472914,37.313432835820905,96,95,0.012072538336118063,0.0020328709063580936,robust_reg,96,9,10042,0.6,0.5,1.5
Any_DLT,all_constraints,0.8941176470588236,0.30951303579612127,1.0,0.0,11.84210526315789,96,85,0.05827286591132482,0.042988598660276114,robust_reg,96,9,10042,0.6,0.5,1.5
Blood,all_constraints,0.8705882352941177,0.3376471564235309,1.0,0.0,14.864864864864863,96,85,0.05827286591132482,0.042988598660276114,robust_reg,96,9,10042,0.6,0.5,1.5
Constitutional,all_constraints,0.9058823529411765,0.29372522840900395,0.9647058823529412,0.18561729852738681,6.493506493506495,96,85,0.05827286591132482,0.042988598660276114,robust_reg,96,9,10042,0.6,0.5,1.5
Infection,all_constraints,0.9058823529411765,0.29372522840900395,1.0,0.0,10.38961038961039,96,85,0.05827286591132482,0.042988598660276114,robust_reg,96,9,10042,0.6,0.5,1.5
Gastrointestinal,all_constraints,0.9058823529411765,0.29372522840900395,1.0,0.0,10.38961038961039,96,85,0.05827286591132482,0.042988598660276114,robust_reg,96,9,10042,0.6,0.5,1.5
Overall_Survival,all_constraints,10.828607970278528,1.7485532352229238,11.96412802621468,0.9884954998050502,10.486297583704529,96,85,0.05827286591132482,0.042988598660276114,robust_reg,96,9,10042,0.6,0.5,1.5
all_constraints,all_constraints,0.7411764705882353,0.44058784261350603,0.9647058823529412,0.18561729852738681,30.158730158730155,96,85,0.05827286591132482,0.042988598660276114,robust_reg,96,9,10042,0.6,0.5,1.5
Any_DLT,dlt_only,0.8526315789473684,0.3563533105934119,0.9894736842105263,0.10259783520851543,16.04938271604938,96,95,0.13586071133613586,0.09689892541126292,cp,95,9,10042,0.6,0.5,1.5
Blood,dlt_only,0.8736842105263158,0.33396729560733096,0.9789473684210527,0.14432140317088757,12.048192771084336,96,95,0.13586071133613586,0.09689892541126292,cp,95,9,10042,0.6,0.5,1.5
Constitutional,dlt_only,0.8736842105263158,0.333967295607331,0.9473684210526315,0.22448148540588725,8.433734939759024,96,95,0.13586071133613586,0.09689892541126292,cp,95,9,10042,0.6,0.5,1.5
Infection,dlt_only,0.8736842105263158,0.333967295607331,0.9789473684210527,0.14432140317088757,12.048192771084336,96,95,0.13586071133613586,0.09689892541126292,cp,95,9,10042,0.6,0.5,1.5
Gastrointestinal,dlt_only,0.8631578947368421,0.34550383548659225,1.0,0.0,15.853658536585364,96,95,0.13586071133613586,0.09689892541126292,cp,95,9,10042,0.6,0.5,1.5
Overall_Survival,dlt_only,10.6999871958255,1.7864730982355768,11.666151871078814,1.1332345203326508,9.029587209508566,96,95,0.13586071133613586,0.09689892541126292,cp,95,9,10042,0.6,0.5,1.5
all_constraints,dlt_only,0.7052631578947368,0.4583430892442982,0.9263157894736842,0.2626422720087394,31.34328358208956,96,95,0.13586071133613586,0.09689892541126292,cp,95,9,10042,0.6,0.5,1.5
Any_DLT,all_constraints,0.8941176470588236,0.30951303579612127,1.0,0.0,11.84210526315789,96,85,0.38899115473032,0.31229088826874857,cp,88,9,10042,0.6,0.5,1.5
Blood,all_constraints,0.8705882352941177,0.3376471564235309,0.9882352941176471,0.10846522890932811,13.513513513513516,96,85,0.38899115473032,0.31229088826874857,cp,88,9,10042,0.6,0.5,1.5
Constitutional,all_constraints,0.9058823529411765,0.29372522840900395,1.0,0.0,10.38961038961039,96,85,0.38899115473032,0.31229088826874857,cp,88,9,10042,0.6,0.5,1.5
Infection,all_constraints,0.9058823529411765,0.29372522840900395,1.0,0.0,10.38961038961039,96,85,0.38899115473032,0.31229088826874857,cp,88,9,10042,0.6,0.5,1.5
Gastrointestinal,all_constraints,0.9058823529411765,0.29372522840900395,0.9882352941176471,0.1084652289093281,9.090909090909095,96,85,0.38899115473032,0.31229088826874857,cp,88,9,10042,0.6,0.5,1.5
Overall_Survival,all_constraints,10.828607970278528,1.7485532352229238,11.246633962661107,1.2175569765353496,3.8603853194237256,96,85,0.38899115473032,0.31229088826874857,cp,88,9,10042,0.6,0.5,1.5
all_constraints,all_constraints,0.7411764705882353,0.44058784261350603,0.9764705882352941,0.15247721049352903,31.746031746031736,96,85,0.38899115473032,0.31229088826874857,cp,88,9,10042,0.6,0.5,1.5
Any_DLT,dlt_only,0.8526315789473684,0.3563533105934119,1.0,0.0,17.283950617283953,96,95,0.012424866358439127,0.0019900028984945733,nominal,96,9,10042,0.6,0.5,2.0
Blood,dlt_only,0.8736842105263158,0.33396729560733096,1.0,0.0,14.457831325301198,96,95,0.012424866358439127,0.0019900028984945733,nominal,96,9,10042,0.6,0.5,2.0
Constitutional,dlt_only,0.8736842105263158,0.333967295607331,0.9473684210526315,0.22448148540588725,8.433734939759024,96,95,0.012424866358439127,0.0019900028984945733,nominal,96,9,10042,0.6,0.5,2.0
Infection,dlt_only,0.8736842105263158,0.333967295607331,1.0,0.0,14.457831325301198,96,95,0.012424866358439127,0.0019900028984945733,nominal,96,9,10042,0.6,0.5,2.0
Gastrointestinal,dlt_only,0.8631578947368421,0.34550383548659225,1.0,0.0,15.853658536585364,96,95,0.012424866358439127,0.0019900028984945733,nominal,96,9,10042,0.6,0.5,2.0
Overall_Survival,dlt_only,10.6999871958255,1.7864730982355768,11.957708426787775,0.9740441435088383,11.754418093630647,96,95,0.012424866358439127,0.0019900028984945733,nominal,96,9,10042,0.6,0.5,2.0
all_constraints,dlt_only,0.7052631578947368,0.4583430892442982,0.9473684210526315,0.22448148540588725,34.32835820895522,96,95,0.012424866358439127,0.0019900028984945733,nominal,96,9,10042,0.6,0.5,2.0
Any_DLT,all_constraints,0.8941176470588236,0.30951303579612127,1.0,0.0,11.84210526315789,96,85,0.05029312272866567,0.039981837808357686,nominal,96,9,10042,0.6,0.5,2.0
Blood,all_constraints,0.8705882352941177,0.3376471564235309,1.0,0.0,14.864864864864863,96,85,0.05029312272866567,0.039981837808357686,nominal,96,9,10042,0.6,0.5,2.0
Constitutional,all_constraints,0.9058823529411765,0.29372522840900395,0.9529411764705882,0.21302148074901792,5.1948051948051885,96,85,0.05029312272866567,0.039981837808357686,nominal,96,9,10042,0.6,0.5,2.0
Infection,all_constraints,0.9058823529411765,0.29372522840900395,1.0,0.0,10.38961038961039,96,85,0.05029312272866567,0.039981837808357686,nominal,96,9,10042,0.6,0.5,2.0
Gastrointestinal,all_constraints,0.9058823529411765,0.29372522840900395,1.0,0.0,10.38961038961039,96,85,0.05029312272866567,0.039981837808357686,nominal,96,9,10042,0.6,0.5,2.0
Overall_Survival,all_constraints,10.828607970278528,1.7485532352229238,12.030853622585138,0.9620244446731921,11.10249494308442,96,85,0.05029312272866567,0.039981837808357686,nominal,96,9,10042,0.6,0.5,2.0
all_constraints,all_constraints,0.7411764705882353,0.44058784261350603,0.9529411764705882,0.21302148074901792,28.57142857142856,96,85,0.05029312272866567,0.039981837808357686,nominal,96,9,10042,0.6,0.5,2.0
Any_DLT,dlt_only,0.8526315789473684,0.3563533105934119,1.0,0.0,17.283950617283953,96,95,0.013069269557793936,0.0010341696836327944,robust_reg,96,9,10042,0.6,0.5,2.0
Blood,dlt_only,0.8736842105263158,0.33396729560733096,1.0,0.0,14.457831325301198,96,95,0.013069269557793936,0.0010341696836327944,robust_reg,96,9,10042,0.6,0.5,2.0
Constitutional,dlt_only,0.8736842105263158,0.333967295607331,0.9578947368421052,0.20189472049435528,9.63855421686746,96,95,0.013069269557793936,0.0010341696836327944,robust_reg,96,9,10042,0.6,0.5,2.0
Infection,dlt_only,0.8736842105263158,0.333967295607331,1.0,0.0,14.457831325301198,96,95,0.013069269557793936,0.0010341696836327944,robust_reg,96,9,10042,0.6,0.5,2.0
Gastrointestinal,dlt_only,0.8631578947368421,0.34550383548659225,1.0,0.0,15.853658536585364,96,95,0.013069269557793936,0.0010341696836327944,robust_reg,96,9,10042,0.6,0.5,2.0
Overall_Survival,dlt_only,10.6999871958255,1.7864730982355768,11.968330145620538,0.9718360842949658,11.853686612726696,96,95,0.013069269557793936,0.0010341696836327944,robust_reg,96,9,10042,0.6,0.5,2.0
all_constraints,dlt_only,0.7052631578947368,0.4583430892442982,0.9578947368421052,0.20189472049435528,35.820895522388064,96,95,0.013069269557793936,0.0010341696836327944,robust_reg,96,9,10042,0.6,0.5,2.0
Any_DLT,all_constraints,0.8941176470588236,0.30951303579612127,1.0,0.0,11.84210526315789,96,85,0.05416400730609894,0.03646029441688528,robust_reg,96,9,10042,0.6,0.5,2.0
Blood,all_constraints,0.8705882352941177,0.3376471564235309,1.0,0.0,14.864864864864863,96,85,0.05416400730609894,0.03646029441688528,robust_reg,96,9,10042,0.6,0.5,2.0
Constitutional,all_constraints,0.9058823529411765,0.29372522840900395,0.9764705882352941,0.15247721049352903,7.792207792207789,96,85,0.05416400730609894,0.03646029441688528,robust_reg,96,9,10042,0.6,0.5,2.0
Infection,all_constraints,0.9058823529411765,0.29372522840900395,1.0,0.0,10.38961038961039,96,85,0.05416400730609894,0.03646029441688528,robust_reg,96,9,10042,0.6,0.5,2.0
Gastrointestinal,all_constraints,0.9058823529411765,0.29372522840900395,1.0,0.0,10.38961038961039,96,85,0.05416400730609894,0.03646029441688528,robust_reg,96,9,10042,0.6,0.5,2.0
Overall_Survival,all_constraints,10.828607970278528,1.7485532352229238,12.004879752832082,0.9606049070082154,10.862631519970881,96,85,0.05416400730609894,0.03646029441688528,robust_reg,96,9,10042,0.6,0.5,2.0
all_constraints,all_constraints,0.7411764705882353,0.44058784261350603,0.9764705882352941,0.15247721049352903,31.746031746031736,96,85,0.05416400730609894,0.03646029441688528,robust_reg,96,9,10042,0.6,0.5,2.0
Any_DLT,dlt_only,0.8526315789473684,0.3563533105934119,0.9894736842105263,0.10259783520851543,16.04938271604938,96,95,0.13974279165267944,0.11653358198889087,cp,95,9,10042,0.6,0.5,2.0
Blood,dlt_only,0.8736842105263158,0.33396729560733096,0.9789473684210527,0.14432140317088757,12.048192771084336,96,95,0.13974279165267944,0.11653358198889087,cp,95,9,10042,0.6,0.5,2.0
Constitutional,dlt_only,0.8736842105263158,0.333967295607331,0.9473684210526315,0.22448148540588725,8.433734939759024,96,95,0.13974279165267944,0.11653358198889087,cp,95,9,10042,0.6,0.5,2.0
Infection,dlt_only,0.8736842105263158,0.333967295607331,0.9789473684210527,0.14432140317088757,12.048192771084336,96,95,0.13974279165267944,0.11653358198889087,cp,95,9,10042,0.6,0.5,2.0
Gastrointestinal,dlt_only,0.8631578947368421,0.34550383548659225,1.0,0.0,15.853658536585364,96,95,0.13974279165267944,0.11653358198889087,cp,95,9,10042,0.6,0.5,2.0
Overall_Survival,dlt_only,10.6999871958255,1.7864730982355768,11.666151871078814,1.1332345203326508,9.029587209508566,96,95,0.13974279165267944,0.11653358198889087,cp,95,9,10042,0.6,0.5,2.0
all_constraints,dlt_only,0.7052631578947368,0.4583430892442982,0.9263157894736842,0.2626422720087394,31.34328358208956,96,95,0.13974279165267944,0.11653358198889087,cp,95,9,10042,0.6,0.5,2.0
Any_DLT,all_constraints,0.8941176470588236,0.30951303579612127,1.0,0.0,11.84210526315789,96,85,0.40169423818588257,0.33807211562816725,cp,88,9,10042,0.6,0.5,2.0
Blood,all_constraints,0.8705882352941177,0.3376471564235309,0.9882352941176471,0.10846522890932811,13.513513513513516,96,85,0.40169423818588257,0.33807211562816725,cp,88,9,10042,0.6,0.5,2.0
Constitutional,all_constraints,0.9058823529411765,0.29372522840900395,1.0,0.0,10.38961038961039,96,85,0.40169423818588257,0.33807211562816725,cp,88,9,10042,0.6,0.5,2.0
Infection,all_constraints,0.9058823529411765,0.29372522840900395,1.0,0.0,10.38961038961039,96,85,0.40169423818588257,0.33807211562816725,cp,88,9,10042,0.6,0.5,2.0
Gastrointestinal,all_constraints,0.9058823529411765,0.29372522840900395,0.9882352941176471,0.1084652289093281,9.090909090909095,96,85,0.40169423818588257,0.33807211562816725,cp,88,9,10042,0.6,0.5,2.0
Overall_Survival,all_constraints,10.828607970278528,1.7485532352229238,11.246633962661107,1.2175569765353496,3.8603853194237256,96,85,0.40169423818588257,0.33807211562816725,cp,88,9,10042,0.6,0.5,2.0
all_constraints,all_constraints,0.7411764705882353,0.44058784261350603,0.9764705882352941,0.15247721049352903,31.746031746031736,96,85,0.40169423818588257,0.33807211562816725,cp,88,9,10042,0.6,0.5,2.0
