outcome,constraint_mode,given_mean,given_sd,prescribed_mean,prescribed_sd,pct_change,n_test,n_prescribed_eval,mean_solve_time,solve_time_sd,method,n_method_feasible,realization,subsample_seed,rhs
Any_DLT,dlt_only,0.0,0.0,0.03333333333333333,0.18257418583505533,,96,30,0.013577297329902649,0.007568592279800341,nominal,38,0,1042,0.3
Blood,dlt_only,0.03333333333333333,0.18257418583505533,0.0,0.0,-100.0,96,30,0.013577297329902649,0.007568592279800341,nominal,38,0,1042,0.3
Constitutional,dlt_only,0.0,0.0,0.03333333333333333,0.18257418583505533,,96,30,0.013577297329902649,0.007568592279800341,nominal,38,0,1042,0.3
Infection,dlt_only,0.0,0.0,0.0,0.0,,96,30,0.013577297329902649,0.007568592279800341,nominal,38,0,1042,0.3
Gastrointestinal,dlt_only,0.03333333333333333,0.18257418583505536,0.16666666666666666,0.3790490217894517,400.0,96,30,0.013577297329902649,0.007568592279800341,nominal,38,0,1042,0.3
Overall_Survival,dlt_only,10.830122854994505,1.2015056547880216,11.035457295179727,0.9046467146028236,1.8959567027490232,96,30,0.013577297329902649,0.007568592279800341,nominal,38,0,1042,0.3
all_constraints,dlt_only,0.0,0.0,0.0,0.0,,96,30,0.013577297329902649,0.007568592279800341,nominal,38,0,1042,0.3
Any_DLT,all_constraints,0.0,0.0,0.0,0.0,,96,1,0.02259156107902527,0.01679806676936901,nominal,1,0,1042,0.3
Blood,all_constraints,1.0,0.0,0.0,0.0,-100.0,96,1,0.02259156107902527,0.01679806676936901,nominal,1,0,1042,0.3
Constitutional,all_constraints,0.0,0.0,0.0,0.0,,96,1,0.02259156107902527,0.01679806676936901,nominal,1,0,1042,0.3
Infection,all_constraints,0.0,0.0,0.0,0.0,,96,1,0.02259156107902527,0.01679806676936901,nominal,1,0,1042,0.3
Gastrointestinal,all_constraints,0.0,0.0,0.0,0.0,,96,1,0.02259156107902527,0.01679806676936901,nominal,1,0,1042,0.3
Overall_Survival,all_constraints,12.594483309895402,0.0,11.572716528474345,0.0,-8.112812223255414,96,1,0.02259156107902527,0.01679806676936901,nominal,1,0,1042,0.3
all_constraints,all_constraints,0.0,0.0,0.0,0.0,,96,1,0.02259156107902527,0.01679806676936901,nominal,1,0,1042,0.3
Any_DLT,dlt_only,0.0,0.0,0.03333333333333333,0.18257418583505533,,96,30,0.013564030329386393,0.007574051547785882,robust_reg,38,0,1042,0.3
Blood,dlt_only,0.03333333333333333,0.18257418583505533,0.0,0.0,-100.0,96,30,0.013564030329386393,0.007574051547785882,robust_reg,38,0,1042,0.3
Constitutional,dlt_only,0.0,0.0,0.03333333333333333,0.18257418583505533,,96,30,0.013564030329386393,0.007574051547785882,robust_reg,38,0,1042,0.3
Infection,dlt_only,0.0,0.0,0.0,0.0,,96,30,0.013564030329386393,0.007574051547785882,robust_reg,38,0,1042,0.3
Gastrointestinal,dlt_only,0.03333333333333333,0.18257418583505536,0.16666666666666666,0.3790490217894517,400.0,96,30,0.013564030329386393,0.007574051547785882,robust_reg,38,0,1042,0.3
Overall_Survival,dlt_only,10.830122854994505,1.2015056547880216,11.035457295179727,0.9046467146028236,1.8959567027490232,96,30,0.013564030329386393,0.007574051547785882,robust_reg,38,0,1042,0.3
all_constraints,dlt_only,0.0,0.0,0.0,0.0,,96,30,0.013564030329386393,0.007574051547785882,robust_reg,38,0,1042,0.3
Any_DLT,all_constraints,0.0,0.0,0.0,0.0,,96,1,0.022511353095372517,0.016764022965515477,robust_reg,1,0,1042,0.3
Blood,all_constraints,1.0,0.0,0.0,0.0,-100.0,96,1,0.022511353095372517,0.016764022965515477,robust_reg,1,0,1042,0.3
Constitutional,all_constraints,0.0,0.0,0.0,0.0,,96,1,0.022511353095372517,0.016764022965515477,robust_reg,1,0,1042,0.3
Infection,all_constraints,0.0,0.0,0.0,0.0,,96,1,0.022511353095372517,0.016764022965515477,robust_reg,1,0,1042,0.3
Gastrointestinal,all_constraints,0.0,0.0,0.0,0.0,,96,1,0.022511353095372517,0.016764022965515477,robust_reg,1,0,1042,0.3
Overall_Survival,all_constraints,12.594483309895402,0.0,11.572716528474345,0.0,-8.112812223255414,96,1,0.022511353095372517,0.016764022965515477,robust_reg,1,0,1042,0.3
all_constraints,all_constraints,0.0,0.0,0.0,0.0,,96,1,0.022511353095372517,0.016764022965515477,robust_reg,1,0,1042,0.3
Any_DLT,dlt_only,0.0,0.0,0.03333333333333333,0.18257418583505533,,96,30,0.012576021254062653,0.010121361704087992,cp,30,0,1042,0.3
Blood,dlt_only,0.03333333333333333,0.18257418583505533,0.0,0.0,-100.0,96,30,0.012576021254062653,0.010121361704087992,cp,30,0,1042,0.3
Constitutional,dlt_only,0.0,0.0,0.03333333333333333,0.18257418583505533,,96,30,0.012576021254062653,0.010121361704087992,cp,30,0,1042,0.3
Infection,dlt_only,0.0,0.0,0.0,0.0,,96,30,0.012576021254062653,0.010121361704087992,cp,30,0,1042,0.3
Gastrointestinal,dlt_only,0.03333333333333333,0.18257418583505536,0.3333333333333333,0.47946330148538413,900.0,96,30,0.012576021254062653,0.010121361704087992,cp,30,0,1042,0.3
Overall_Survival,dlt_only,10.830122854994505,1.2015056547880216,10.666063460508068,0.9173469666658325,-1.5148433372644285,96,30,0.012576021254062653,0.010121361704087992,cp,30,0,1042,0.3
all_constraints,dlt_only,0.0,0.0,0.0,0.0,,96,30,0.012576021254062653,0.010121361704087992,cp,30,0,1042,0.3
Any_DLT,all_constraints,0.0,0.0,0.0,0.0,,96,1,0.022160865366458893,0.01782962706245576,cp,1,0,1042,0.3
Blood,all_constraints,1.0,0.0,0.0,0.0,-100.0,96,1,0.022160865366458893,0.01782962706245576,cp,1,0,1042,0.3
Constitutional,all_constraints,0.0,0.0,0.0,0.0,,96,1,0.022160865366458893,0.01782962706245576,cp,1,0,1042,0.3
Infection,all_constraints,0.0,0.0,0.0,0.0,,96,1,0.022160865366458893,0.01782962706245576,cp,1,0,1042,0.3
Gastrointestinal,all_constraints,0.0,0.0,0.0,0.0,,96,1,0.022160865366458893,0.01782962706245576,cp,1,0,1042,0.3
Overall_Survival,all_constraints,12.594483309895402,0.0,11.57067497382453,0.0,-8.129022135163511,96,1,0.022160865366458893,0.01782962706245576,cp,1,0,1042,0.3
all_constraints,all_constraints,0.0,0.0,0.0,0.0,,96,1,0.022160865366458893,0.01782962706245576,cp,1,0,1042,0.3
Any_DLT,dlt_only,0.0,0.0,0.0,0.0,,96,53,0.020561496416727703,0.006767246740318737,nominal,80,1,2042,0.3
Blood,dlt_only,0.0,0.0,0.0,0.0,,96,53,0.020561496416727703,0.006767246740318737,nominal,80,1,2042,0.3
Constitutional,dlt_only,0.0,0.0,0.018867924528301886,0.137360563948689,,96,53,0.020561496416727703,0.006767246740318737,nominal,80,1,2042,0.3
Infection,dlt_only,0.0,0.0,0.0,0.0,,96,53,0.020561496416727703,0.006767246740318737,nominal,80,1,2042,0.3
Gastrointestinal,dlt_only,0.018867924528301886,0.137360563948689,0.1320754716981132,0.34181280577895967,600.0000000000001,96,53,0.020561496416727703,0.006767246740318737,nominal,80,1,2042,0.3
Overall_Survival,dlt_only,10.867236686526399,1.4984091312902994,10.166533665539127,1.0606005768094382,-6.447849082518178,96,53,0.020561496416727703,0.006767246740318737,nominal,80,1,2042,0.3
all_constraints,dlt_only,0.0,0.0,0.0,0.0,,96,53,0.020561496416727703,0.006767246740318737,nominal,80,1,2042,0.3
Any_DLT,all_constraints,,0.0,,0.0,,96,0,0.012509661416212717,0.00963906714960781,nominal,0,1,2042,0.3
Blood,all_constraints,,0.0,,0.0,,96,0,0.012509661416212717,0.00963906714960781,nominal,0,1,2042,0.3
Constitutional,all_constraints,,0.0,,0.0,,96,0,0.012509661416212717,0.00963906714960781,nominal,0,1,2042,0.3
Infection,all_constraints,,0.0,,0.0,,96,0,0.012509661416212717,0.00963906714960781,nominal,0,1,2042,0.3
Gastrointestinal,all_constraints,,0.0,,0.0,,96,0,0.012509661416212717,0.00963906714960781,nominal,0,1,2042,0.3
Overall_Survival,all_constraints,,0.0,,0.0,,96,0,0.012509661416212717,0.00963906714960781,nominal,0,1,2042,0.3
all_constraints,all_constraints,,0.0,,0.0,,96,0,0.012509661416212717,0.00963906714960781,nominal,0,1,2042,0.3
Any_DLT,dlt_only,0.0,0.0,0.0,0.0,,96,53,0.020813475052515667,0.007675687620392892,robust_reg,80,1,2042,0.3
Blood,dlt_only,0.0,0.0,0.0,0.0,,96,53,0.020813475052515667,0.007675687620392892,robust_reg,80,1,2042,0.3
Constitutional,dlt_only,0.0,0.0,0.018867924528301886,0.137360563948689,,96,53,0.020813475052515667,0.007675687620392892,robust_reg,80,1,2042,0.3
Infection,dlt_only,0.0,0.0,0.0,0.0,,96,53,0.020813475052515667,0.007675687620392892,robust_reg,80,1,2042,0.3
Gastrointestinal,dlt_only,0.018867924528301886,0.137360563948689,0.1320754716981132,0.34181280577895967,600.0000000000001,96,53,0.020813475052515667,0.007675687620392892,robust_reg,80,1,2042,0.3
Overall_Survival,dlt_only,10.867236686526399,1.4984091312902994,10.166533665539127,1.0606005768094382,-6.447849082518178,96,53,0.020813475052515667,0.007675687620392892,robust_reg,80,1,2042,0.3
all_constraints,dlt_only,0.0,0.0,0.0,0.0,,96,53,0.020813475052515667,0.007675687620392892,robust_reg,80,1,2042,0.3
Any_DLT,all_constraints,,0.0,,0.0,,96,0,0.01251776764790217,0.009644518887971932,robust_reg,0,1,2042,0.3
Blood,all_constraints,,0.0,,0.0,,96,0,0.01251776764790217,0.009644518887971932,robust_reg,0,1,2042,0.3
Constitutional,all_constraints,,0.0,,0.0,,96,0,0.01251776764790217,0.009644518887971932,robust_reg,0,1,2042,0.3
Infection,all_constraints,,0.0,,0.0,,96,0,0.01251776764790217,0.009644518887971932,robust_reg,0,1,2042,0.3
Gastrointestinal,all_constraints,,0.0,,0.0,,96,0,0.01251776764790217,0.009644518887971932,robust_reg,0,1,2042,0.3
Overall_Survival,all_constraints,,0.0,,0.0,,96,0,0.01251776764790217,0.009644518887971932,robust_reg,0,1,2042,0.3
all_constraints,all_constraints,,0.0,,0.0,,96,0,0.01251776764790217,0.009644518887971932,robust_reg,0,1,2042,0.3
Any_DLT,dlt_only,0.0,0.0,0.0,0.0,,96,53,0.051393349965413414,0.05630667115468152,cp,53,1,2042,0.3
Blood,dlt_only,0.0,0.0,0.0,0.0,,96,53,0.051393349965413414,0.05630667115468152,cp,53,1,2042,0.3
Constitutional,dlt_only,0.0,0.0,0.03773584905660377,0.1923802475610973,,96,53,0.051393349965413414,0.05630667115468152,cp,53,1,2042,0.3
Infection,dlt_only,0.0,0.0,0.0,0.0,,96,53,0.051393349965413414,0.05630667115468152,cp,53,1,2042,0.3
Gastrointestinal,dlt_only,0.018867924528301886,0.137360563948689,0.07547169811320754,0.26667876121581074,300.00000000000006,96,53,0.051393349965413414,0.05630667115468152,cp,53,1,2042,0.3
Overall_Survival,dlt_only,10.867236686526399,1.4984091312902994,10.006737829511025,1.1169280626462181,-7.918285778041921,96,53,0.051393349965413414,0.05630667115468152,cp,53,1,2042,0.3
all_constraints,dlt_only,0.0,0.0,0.0,0.0,,96,53,0.051393349965413414,0.05630667115468152,cp,53,1,2042,0.3
Any_DLT,all_constraints,,0.0,,0.0,,96,0,0.011757391194502512,0.009767069944987107,cp,0,1,2042,0.3
Blood,all_constraints,,0.0,,0.0,,96,0,0.011757391194502512,0.009767069944987107,cp,0,1,2042,0.3
Constitutional,all_constraints,,0.0,,0.0,,96,0,0.011757391194502512,0.009767069944987107,cp,0,1,2042,0.3
Infection,all_constraints,,0.0,,0.0,,96,0,0.011757391194502512,0.009767069944987107,cp,0,1,2042,0.3
Gastrointestinal,all_constraints,,0.0,,0.0,,96,0,0.011757391194502512,0.009767069944987107,cp,0,1,2042,0.3
Overall_Survival,all_constraints,,0.0,,0.0,,96,0,0.011757391194502512,0.009767069944987107,cp,0,1,2042,0.3
all_constraints,all_constraints,,0.0,,0.0,,96,0,0.011757391194502512,0.009767069944987107,cp,0,1,2042,0.3
Any_DLT,dlt_only,0.03125,0.1767766952966369,0.0,0.0,-100.0,96,32,0.013304881751537323,0.010979930344014649,nominal,41,2,3042,0.3
Blood,dlt_only,0.03125,0.1767766952966369,0.0,0.0,-100.0,96,32,0.013304881751537323,0.010979930344014649,nominal,41,2,3042,0.3
Constitutional,dlt_only,0.0,0.0,0.0,0.0,,96,32,0.013304881751537323,0.010979930344014649,nominal,41,2,3042,0.3
Infection,dlt_only,0.0,0.0,0.0,0.0,,96,32,0.013304881751537323,0.010979930344014649,nominal,41,2,3042,0.3
Gastrointestinal,dlt_only,0.15625,0.36890203262847354,0.0625,0.24593468841898236,-60.0,96,32,0.013304881751537323,0.010979930344014649,nominal,41,2,3042,0.3
Overall_Survival,dlt_only,9.887861251901949,1.4736884701131219,9.887983841355375,0.9533477452978619,0.0012397974678520379,96,32,0.013304881751537323,0.010979930344014649,nominal,41,2,3042,0.3
all_constraints,dlt_only,0.0,0.0,0.0,0.0,,96,32,0.013304881751537323,0.010979930344014649,nominal,41,2,3042,0.3
Any_DLT,all_constraints,0.0,0.0,0.0,0.0,,96,1,0.018479096392790478,0.016862869901622352,nominal,1,2,3042,0.3
Blood,all_constraints,0.0,0.0,0.0,0.0,,96,1,0.018479096392790478,0.016862869901622352,nominal,1,2,3042,0.3
Constitutional,all_constraints,0.0,0.0,0.0,0.0,,96,1,0.018479096392790478,0.016862869901622352,nominal,1,2,3042,0.3
Infection,all_constraints,0.0,0.0,0.0,0.0,,96,1,0.018479096392790478,0.016862869901622352,nominal,1,2,3042,0.3
Gastrointestinal,all_constraints,0.0,0.0,0.0,0.0,,96,1,0.018479096392790478,0.016862869901622352,nominal,1,2,3042,0.3
Overall_Survival,all_constraints,7.917569504729205,0.0,8.676410386820457,0.0,9.584265495086493,96,1,0.018479096392790478,0.016862869901622352,nominal,1,2,3042,0.3
all_constraints,all_constraints,0.0,0.0,0.0,0.0,,96,1,0.018479096392790478,0.016862869901622352,nominal,1,2,3042,0.3
Any_DLT,dlt_only,0.03125,0.1767766952966369,0.0,0.0,-100.0,96,32,0.012564115226268768,0.008369649383548944,robust_reg,41,2,3042,0.3
Blood,dlt_only,0.03125,0.1767766952966369,0.0,0.0,-100.0,96,32,0.012564115226268768,0.008369649383548944,robust_reg,41,2,3042,0.3
Constitutional,dlt_only,0.0,0.0,0.0,0.0,,96,32,0.012564115226268768,0.008369649383548944,robust_reg,41,2,3042,0.3
Infection,dlt_only,0.0,0.0,0.0,0.0,,96,32,0.012564115226268768,0.008369649383548944,robust_reg,41,2,3042,0.3
Gastrointestinal,dlt_only,0.15625,0.36890203262847354,0.0625,0.24593468841898236,-60.0,96,32,0.012564115226268768,0.008369649383548944,robust_reg,41,2,3042,0.3
Overall_Survival,dlt_only,9.887861251901949,1.4736884701131219,9.887983841355375,0.9533477452978619,0.0012397974678520379,96,32,0.012564115226268768,0.008369649383548944,robust_reg,41,2,3042,0.3
all_constraints,dlt_only,0.0,0.0,0.0,0.0,,96,32,0.012564115226268768,0.008369649383548944,robust_reg,41,2,3042,0.3
Any_DLT,all_constraints,0.0,0.0,0.0,0.0,,96,1,0.01848970850308736,0.016883093126999295,robust_reg,1,2,3042,0.3
Blood,all_constraints,0.0,0.0,0.0,0.0,,96,1,0.01848970850308736,0.016883093126999295,robust_reg,1,2,3042,0.3
Constitutional,all_constraints,0.0,0.0,0.0,0.0,,96,1,0.01848970850308736,0.016883093126999295,robust_reg,1,2,3042,0.3
Infection,all_constraints,0.0,0.0,0.0,0.0,,96,1,0.01848970850308736,0.016883093126999295,robust_reg,1,2,3042,0.3
Gastrointestinal,all_constraints,0.0,0.0,0.0,0.0,,96,1,0.01848970850308736,0.016883093126999295,robust_reg,1,2,3042,0.3
Overall_Survival,all_constraints,7.917569504729205,0.0,8.676410386820457,0.0,9.584265495086493,96,1,0.01848970850308736,0.016883093126999295,robust_reg,1,2,3042,0.3
all_constraints,all_constraints,0.0,0.0,0.0,0.0,,96,1,0.01848970850308736,0.016883093126999295,robust_reg,1,2,3042,0.3
Any_DLT,dlt_only,0.03125,0.1767766952966369,0.0,0.0,-100.0,96,32,0.015594671169916788,0.01523217163518792,cp,32,2,3042,0.3
Blood,dlt_only,0.03125,0.1767766952966369,0.0,0.0,-100.0,96,32,0.015594671169916788,0.01523217163518792,cp,32,2,3042,0.3
Constitutional,dlt_only,0.0,0.0,0.0,0.0,,96,32,0.015594671169916788,0.01523217163518792,cp,32,2,3042,0.3
Infection,dlt_only,0.0,0.0,0.0,0.0,,96,32,0.015594671169916788,0.01523217163518792,cp,32,2,3042,0.3
Gastrointestinal,dlt_only,0.15625,0.36890203262847354,0.03125,0.1767766952966369,-80.0,96,32,0.015594671169916788,0.01523217163518792,cp,32,2,3042,0.3
Overall_Survival,dlt_only,9.887861251901949,1.4736884701131219,9.870573880582196,0.9440809595948295,-0.17483428295909756,96,32,0.015594671169916788,0.01523217163518792,cp,32,2,3042,0.3
all_constraints,dlt_only,0.0,0.0,0.0,0.0,,96,32,0.015594671169916788,0.01523217163518792,cp,32,2,3042,0.3
Any_DLT,all_constraints,0.0,0.0,0.0,0.0,,96,1,0.018080922464529674,0.018228246294175524,cp,1,2,3042,0.3
Blood,all_constraints,0.0,0.0,0.0,0.0,,96,1,0.018080922464529674,0.018228246294175524,cp,1,2,3042,0.3
Constitutional,all_constraints,0.0,0.0,0.0,0.0,,96,1,0.018080922464529674,0.018228246294175524,cp,1,2,3042,0.3
Infection,all_constraints,0.0,0.0,0.0,0.0,,96,1,0.018080922464529674,0.018228246294175524,cp,1,2,3042,0.3
Gastrointestinal,all_constraints,0.0,0.0,0.0,0.0,,96,1,0.018080922464529674,0.018228246294175524,cp,1,2,3042,0.3
Overall_Survival,all_constraints,7.917569504729205,0.0,8.676410386820457,0.0,9.584265495086493,96,1,0.018080922464529674,0.018228246294175524,cp,1,2,3042,0.3
all_constraints,all_constraints,0.0,0.0,0.0,0.0,,96,1,0.018080922464529674,0.018228246294175524,cp,1,2,3042,0.3
Any_DLT,dlt_only,0.022727272727272728,0.15075567228888181,0.045454545454545456,0.21070705494148548,100.0,96,44,0.020440665384133656,0.007738474708086077,nominal,53,3,4042,0.3
Blood,dlt_only,0.022727272727272728,0.15075567228888181,0.0,0.0,-100.0,96,44,0.020440665384133656,0.007738474708086077,nominal,53,3,4042,0.3
Constitutional,dlt_only,0.0,0.0,0.0,0.0,,96,44,0.020440665384133656,0.007738474708086077,nominal,53,3,4042,0.3
Infection,dlt_only,0.0,0.0,0.0,0.0,,96,44,0.020440665384133656,0.007738474708086077,nominal,53,3,4042,0.3
Gastrointestinal,dlt_only,0.06818181818181818,0.2549717059293527,0.045454545454545456,0.21070705494148548,-33.33333333333333,96,44,0.020440665384133656,0.007738474708086077,nominal,53,3,4042,0.3
Overall_Survival,dlt_only,10.71954047475203,1.5416046917845825,11.59398393910427,1.5457907272571925,8.157471548447768,96,44,0.020440665384133656,0.007738474708086077,nominal,53,3,4042,0.3
all_constraints,dlt_only,0.0,0.0,0.0,0.0,,96,44,0.020440665384133656,0.007738474708086077,nominal,53,3,4042,0.3
Any_DLT,all_constraints,,0.0,,0.0,,96,0,0.027469662328561146,0.018285662942518842,nominal,0,3,4042,0.3
Blood,all_constraints,,0.0,,0.0,,96,0,0.027469662328561146,0.018285662942518842,nominal,0,3,4042,0.3
Constitutional,all_constraints,,0.0,,0.0,,96,0,0.027469662328561146,0.018285662942518842,nominal,0,3,4042,0.3
Infection,all_constraints,,0.0,,0.0,,96,0,0.027469662328561146,0.018285662942518842,nominal,0,3,4042,0.3
Gastrointestinal,all_constraints,,0.0,,0.0,,96,0,0.027469662328561146,0.018285662942518842,nominal,0,3,4042,0.3
Overall_Survival,all_constraints,,0.0,,0.0,,96,0,0.027469662328561146,0.018285662942518842,nominal,0,3,4042,0.3
all_constraints,all_constraints,,0.0,,0.0,,96,0,0.027469662328561146,0.018285662942518842,nominal,0,3,4042,0.3
Any_DLT,dlt_only,0.022727272727272728,0.15075567228888181,0.045454545454545456,0.21070705494148548,100.0,96,44,0.020378885169823963,0.00769420406359027,robust_reg,53,3,4042,0.3
Blood,dlt_only,0.022727272727272728,0.15075567228888181,0.0,0.0,-100.0,96,44,0.020378885169823963,0.00769420406359027,robust_reg,53,3,4042,0.3
Constitutional,dlt_only,0.0,0.0,0.0,0.0,,96,44,0.020378885169823963,0.00769420406359027,robust_reg,53,3,4042,0.3
Infection,dlt_only,0.0,0.0,0.0,0.0,,96,44,0.020378885169823963,0.00769420406359027,robust_reg,53,3,4042,0.3
Gastrointestinal,dlt_only,0.06818181818181818,0.2549717059293527,0.045454545454545456,0.21070705494148548,-33.33333333333333,96,44,0.020378885169823963,0.00769420406359027,robust_reg,53,3,4042,0.3
Overall_Survival,dlt_only,10.71954047475203,1.5416046917845825,11.59398393910427,1.5457907272571925,8.157471548447768,96,44,0.020378885169823963,0.00769420406359027,robust_reg,53,3,4042,0.3
all_constraints,dlt_only,0.0,0.0,0.0,0.0,,96,44,0.020378885169823963,0.00769420406359027,robust_reg,53,3,4042,0.3
Any_DLT,all_constraints,,0.0,,0.0,,96,0,0.02749822288751602,0.018300681499076942,robust_reg,0,3,4042,0.3
Blood,all_constraints,,0.0,,0.0,,96,0,0.02749822288751602,0.018300681499076942,robust_reg,0,3,4042,0.3
Constitutional,all_constraints,,0.0,,0.0,,96,0,0.02749822288751602,0.018300681499076942,robust_reg,0,3,4042,0.3
Infection,all_constraints,,0.0,,0.0,,96,0,0.02749822288751602,0.018300681499076942,robust_reg,0,3,4042,0.3
Gastrointestinal,all_constraints,,0.0,,0.0,,96,0,0.02749822288751602,0.018300681499076942,robust_reg,0,3,4042,0.3
Overall_Survival,all_constraints,,0.0,,0.0,,96,0,0.02749822288751602,0.018300681499076942,robust_reg,0,3,4042,0.3
all_constraints,all_constraints,,0.0,,0.0,,96,0,0.02749822288751602,0.018300681499076942,robust_reg,0,3,4042,0.3
Any_DLT,dlt_only,0.022727272727272728,0.15075567228888181,0.045454545454545456,0.21070705494148548,100.0,96,44,0.029656325777371723,0.0164671003192966,cp,44,3,4042,0.3
Blood,dlt_only,0.022727272727272728,0.15075567228888181,0.0,0.0,-100.0,96,44,0.029656325777371723,0.0164671003192966,cp,44,3,4042,0.3
Constitutional,dlt_only,0.0,0.0,0.0,0.0,,96,44,0.029656325777371723,0.0164671003192966,cp,44,3,4042,0.3
Infection,dlt_only,0.0,0.0,0.0,0.0,,96,44,0.029656325777371723,0.0164671003192966,cp,44,3,4042,0.3
Gastrointestinal,dlt_only,0.06818181818181818,0.2549717059293527,0.06818181818181818,0.2549717059293527,0.0,96,44,0.029656325777371723,0.0164671003192966,cp,44,3,4042,0.3
Overall_Survival,dlt_only,10.71954047475203,1.5416046917845825,11.426118043359153,1.5881534274192528,6.5914912143047655,96,44,0.029656325777371723,0.0164671003192966,cp,44,3,4042,0.3
all_constraints,dlt_only,0.0,0.0,0.0,0.0,,96,44,0.029656325777371723,0.0164671003192966,cp,44,3,4042,0.3
Any_DLT,all_constraints,,0.0,,0.0,,96,0,0.02682376156250636,0.01869415428107534,cp,0,3,4042,0.3
Blood,all_constraints,,0.0,,0.0,,96,0,0.02682376156250636,0.01869415428107534,cp,0,3,4042,0.3
Constitutional,all_constraints,,0.0,,0.0,,96,0,0.02682376156250636,0.01869415428107534,cp,0,3,4042,0.3
Infection,all_constraints,,0.0,,0.0,,96,0,0.02682376156250636,0.01869415428107534,cp,0,3,4042,0.3
Gastrointestinal,all_constraints,,0.0,,0.0,,96,0,0.02682376156250636,0.01869415428107534,cp,0,3,4042,0.3
Overall_Survival,all_constraints,,0.0,,0.0,,96,0,0.02682376156250636,0.01869415428107534,cp,0,3,4042,0.3
all_constraints,all_constraints,,0.0,,0.0,,96,0,0.02682376156250636,0.01869415428107534,cp,0,3,4042,0.3
Any_DLT,dlt_only,0.023255813953488372,0.15249857033260467,0.0,0.0,-100.00000000000001,96,43,0.015443528691927591,0.008629736765954138,nominal,63,4,5042,0.3
Blood,dlt_only,0.0,0.0,0.0,0.0,,96,43,0.015443528691927591,0.008629736765954138,nominal,63,4,5042,0.3
Constitutional,dlt_only,0.0,0.0,0.0,0.0,,96,43,0.015443528691927591,0.008629736765954138,nominal,63,4,5042,0.3
Infection,dlt_only,0.0,0.0,0.0,0.0,,96,43,0.015443528691927591,0.008629736765954138,nominal,63,4,5042,0.3
Gastrointestinal,dlt_only,0.06976744186046512,0.2577696311132336,0.11627906976744186,0.32435300622428814,66.66666666666667,96,43,0.015443528691927591,0.008629736765954138,nominal,63,4,5042,0.3
Overall_Survival,dlt_only,10.744337105002526,1.8345017958276082,10.588468854261889,0.9805759165714697,-1.4507014180341133,96,43,0.015443528691927591,0.008629736765954138,nominal,63,4,5042,0.3
all_constraints,dlt_only,0.0,0.0,0.0,0.0,,96,43,0.015443528691927591,0.008629736765954138,nominal,63,4,5042,0.3
Any_DLT,all_constraints,0.0,0.0,0.0,0.0,,96,2,0.017956492801507313,0.017906193821295522,nominal,2,4,5042,0.3
Blood,all_constraints,0.0,0.0,0.0,0.0,,96,2,0.017956492801507313,0.017906193821295522,nominal,2,4,5042,0.3
Constitutional,all_constraints,0.0,0.0,0.0,0.0,,96,2,0.017956492801507313,0.017906193821295522,nominal,2,4,5042,0.3
Infection,all_constraints,0.0,0.0,0.0,0.0,,96,2,0.017956492801507313,0.017906193821295522,nominal,2,4,5042,0.3
Gastrointestinal,all_constraints,0.0,0.0,0.5,0.7071067811865476,,96,2,0.017956492801507313,0.017906193821295522,nominal,2,4,5042,0.3
Overall_Survival,all_constraints,8.868097679765409,1.344249836553947,10.013753286140375,1.3677021935200975,12.91884288768087,96,2,0.017956492801507313,0.017906193821295522,nominal,2,4,5042,0.3
all_constraints,all_constraints,0.0,0.0,0.0,0.0,,96,2,0.017956492801507313,0.017906193821295522,nominal,2,4,5042,0.3
Any_DLT,dlt_only,0.023255813953488372,0.15249857033260467,0.0,0.0,-100.00000000000001,96,43,0.019847800334294636,0.029970790044328947,robust_reg,63,4,5042,0.3
Blood,dlt_only,0.0,0.0,0.0,0.0,,96,43,0.019847800334294636,0.029970790044328947,robust_reg,63,4,5042,0.3
Constitutional,dlt_only,0.0,0.0,0.0,0.0,,96,43,0.019847800334294636,0.029970790044328947,robust_reg,63,4,5042,0.3
Infection,dlt_only,0.0,0.0,0.0,0.0,,96,43,0.019847800334294636,0.029970790044328947,robust_reg,63,4,5042,0.3
Gastrointestinal,dlt_only,0.06976744186046512,0.2577696311132336,0.11627906976744186,0.32435300622428814,66.66666666666667,96,43,0.019847800334294636,0.029970790044328947,robust_reg,63,4,5042,0.3
Overall_Survival,dlt_only,10.744337105002526,1.8345017958276082,10.588468854261889,0.9805759165714697,-1.4507014180341133,96,43,0.019847800334294636,0.029970790044328947,robust_reg,63,4,5042,0.3
all_constraints,dlt_only,0.0,0.0,0.0,0.0,,96,43,0.019847800334294636,0.029970790044328947,robust_reg,63,4,5042,0.3
Any_DLT,all_constraints,0.0,0.0,0.0,0.0,,96,2,0.018378821512063343,0.020472961534797288,robust_reg,2,4,5042,0.3
Blood,all_constraints,0.0,0.0,0.0,0.0,,96,2,0.018378821512063343,0.020472961534797288,robust_reg,2,4,5042,0.3
Constitutional,all_constraints,0.0,0.0,0.0,0.0,,96,2,0.018378821512063343,0.020472961534797288,robust_reg,2,4,5042,0.3
Infection,all_constraints,0.0,0.0,0.0,0.0,,96,2,0.018378821512063343,0.020472961534797288,robust_reg,2,4,5042,0.3
Gastrointestinal,all_constraints,0.0,0.0,0.5,0.7071067811865476,,96,2,0.018378821512063343,0.020472961534797288,robust_reg,2,4,5042,0.3
Overall_Survival,all_constraints,8.868097679765409,1.344249836553947,10.013753286140375,1.3677021935200975,12.91884288768087,96,2,0.018378821512063343,0.020472961534797288,robust_reg,2,4,5042,0.3
all_constraints,all_constraints,0.0,0.0,0.0,0.0,,96,2,0.018378821512063343,0.020472961534797288,robust_reg,2,4,5042,0.3
Any_DLT,dlt_only,0.023255813953488372,0.15249857033260467,0.0,0.0,-100.00000000000001,96,43,0.0214555561542511,0.020525879844088015,cp,43,4,5042,0.3
Blood,dlt_only,0.0,0.0,0.0,0.0,,96,43,0.0214555561542511,0.020525879844088015,cp,43,4,5042,0.3
Constitutional,dlt_only,0.0,0.0,0.0,0.0,,96,43,0.0214555561542511,0.020525879844088015,cp,43,4,5042,0.3
Infection,dlt_only,0.0,0.0,0.0,0.0,,96,43,0.0214555561542511,0.020525879844088015,cp,43,4,5042,0.3
Gastrointestinal,dlt_only,0.06976744186046512,0.2577696311132336,0.046511627906976744,0.21308263231644636,-33.333333333333336,96,43,0.0214555561542511,0.020525879844088015,cp,43,4,5042,0.3
Overall_Survival,dlt_only,10.744337105002526,1.8345017958276082,10.24445530767823,1.3052084937205175,-4.652514086621058,96,43,0.0214555561542511,0.020525879844088015,cp,43,4,5042,0.3
all_constraints,dlt_only,0.0,0.0,0.0,0.0,,96,43,0.0214555561542511,0.020525879844088015,cp,43,4,5042,0.3
Any_DLT,all_constraints,0.0,0.0,0.0,0.0,,96,2,0.0172281414270401,0.016777414808995483,cp,2,4,5042,0.3
Blood,all_constraints,0.0,0.0,0.0,0.0,,96,2,0.0172281414270401,0.016777414808995483,cp,2,4,5042,0.3
Constitutional,all_constraints,0.0,0.0,0.0,0.0,,96,2,0.0172281414270401,0.016777414808995483,cp,2,4,5042,0.3
Infection,all_constraints,0.0,0.0,0.0,0.0,,96,2,0.0172281414270401,0.016777414808995483,cp,2,4,5042,0.3
Gastrointestinal,all_constraints,0.0,0.0,0.5,0.7071067811865476,,96,2,0.0172281414270401,0.016777414808995483,cp,2,4,5042,0.3
Overall_Survival,all_constraints,8.868097679765409,1.344249836553947,10.013753286140375,1.3677021935200975,12.91884288768087,96,2,0.0172281414270401,0.016777414808995483,cp,2,4,5042,0.3
all_constraints,all_constraints,0.0,0.0,0.0,0.0,,96,2,0.0172281414270401,0.016777414808995483,cp,2,4,5042,0.3
Any_DLT,dlt_only,0.034482758620689655,0.18569533817705192,0.10344827586206896,0.30993404669460345,200.0,96,29,0.008358115951220194,0.0029399112556710823,nominal,76,5,6042,0.3
Blood,dlt_only,0.034482758620689655,0.1856953381770519,0.0,0.0,-100.0,96,29,0.008358115951220194,0.0029399112556710823,nominal,76,5,6042,0.3
Constitutional,dlt_only,0.0,0.0,0.0,0.0,,96,29,0.008358115951220194,0.0029399112556710823,nominal,76,5,6042,0.3
Infection,dlt_only,0.0,0.0,0.0,0.0,,96,29,0.008358115951220194,0.0029399112556710823,nominal,76,5,6042,0.3
Gastrointestinal,dlt_only,0.10344827586206896,0.3099340466946034,0.0,0.0,-100.0,96,29,0.008358115951220194,0.0029399112556710823,nominal,76,5,6042,0.3
Overall_Survival,dlt_only,10.334277519249381,2.087922391374793,11.488820083765733,1.3718639881632004,11.171971745154083,96,29,0.008358115951220194,0.0029399112556710823,nominal,76,5,6042,0.3
all_constraints,dlt_only,0.0,0.0,0.0,0.0,,96,29,0.008358115951220194,0.0029399112556710823,nominal,76,5,6042,0.3
Any_DLT,all_constraints,0.0,0.0,0.08333333333333333,0.28867513459481287,,96,12,0.03068907807270686,0.02680505808045665,nominal,12,5,6042,0.3
Blood,all_constraints,0.08333333333333333,0.28867513459481287,0.0,0.0,-99.99999999999999,96,12,0.03068907807270686,0.02680505808045665,nominal,12,5,6042,0.3
Constitutional,all_constraints,0.0,0.0,0.0,0.0,,96,12,0.03068907807270686,0.02680505808045665,nominal,12,5,6042,0.3
Infection,all_constraints,0.0,0.0,0.0,0.0,,96,12,0.03068907807270686,0.02680505808045665,nominal,12,5,6042,0.3
Gastrointestinal,all_constraints,0.16666666666666666,0.3892494720807615,0.16666666666666666,0.38924947208076155,0.0,96,12,0.03068907807270686,0.02680505808045665,nominal,12,5,6042,0.3
Overall_Survival,all_constraints,11.95695348921402,2.167512260551425,10.468018717433697,0.9649303622642952,-12.452459341950634,96,12,0.03068907807270686,0.02680505808045665,nominal,12,5,6042,0.3
all_constraints,all_constraints,0.0,0.0,0.0,0.0,,96,12,0.03068907807270686,0.02680505808045665,nominal,12,5,6042,0.3
Any_DLT,dlt_only,0.034482758620689655,0.18569533817705192,0.10344827586206896,0.30993404669460345,200.0,96,29,0.008382496734460195,0.002934837281091861,robust_reg,76,5,6042,0.3
Blood,dlt_only,0.034482758620689655,0.1856953381770519,0.0,0.0,-100.0,96,29,0.008382496734460195,0.002934837281091861,robust_reg,76,5,6042,0.3
Constitutional,dlt_only,0.0,0.0,0.0,0.0,,96,29,0.008382496734460195,0.002934837281091861,robust_reg,76,5,6042,0.3
Infection,dlt_only,0.0,0.0,0.0,0.0,,96,29,0.008382496734460195,0.002934837281091861,robust_reg,76,5,6042,0.3
Gastrointestinal,dlt_only,0.10344827586206896,0.3099340466946034,0.0,0.0,-100.0,96,29,0.008382496734460195,0.002934837281091861,robust_reg,76,5,6042,0.3
Overall_Survival,dlt_only,10.334277519249381,2.087922391374793,11.488820083765733,1.3718639881632004,11.171971745154083,96,29,0.008382496734460195,0.002934837281091861,robust_reg,76,5,6042,0.3
all_constraints,dlt_only,0.0,0.0,0.0,0.0,,96,29,0.008382496734460195,0.002934837281091861,robust_reg,76,5,6042,0.3
Any_DLT,all_constraints,0.0,0.0,0.08333333333333333,0.28867513459481287,,96,12,0.030417785048484802,0.02599824771367455,robust_reg,12,5,6042,0.3
Blood,all_constraints,0.08333333333333333,0.28867513459481287,0.0,0.0,-99.99999999999999,96,12,0.030417785048484802,0.02599824771367455,robust_reg,12,5,6042,0.3
Constitutional,all_constraints,0.0,0.0,0.0,0.0,,96,12,0.030417785048484802,0.02599824771367455,robust_reg,12,5,6042,0.3
Infection,all_constraints,0.0,0.0,0.0,0.0,,96,12,0.030417785048484802,0.02599824771367455,robust_reg,12,5,6042,0.3
Gastrointestinal,all_constraints,0.16666666666666666,0.3892494720807615,0.16666666666666666,0.38924947208076155,0.0,96,12,0.030417785048484802,0.02599824771367455,robust_reg,12,5,6042,0.3
Overall_Survival,all_constraints,11.95695348921402,2.167512260551425,10.468018717433697,0.9649303622642952,-12.452459341950634,96,12,0.030417785048484802,0.02599824771367455,robust_reg,12,5,6042,0.3
all_constraints,all_constraints,0.0,0.0,0.0,0.0,,96,12,0.030417785048484802,0.02599824771367455,robust_reg,12,5,6042,0.3
Any_DLT,dlt_only,0.034482758620689655,0.18569533817705192,0.06896551724137931,0.25788071477756375,100.0,96,29,0.02018977701663971,0.01887360225257192,cp,29,5,6042,0.3
Blood,dlt_only,0.034482758620689655,0.1856953381770519,0.0,0.0,-100.0,96,29,0.02018977701663971,0.01887360225257192,cp,29,5,6042,0.3
Constitutional,dlt_only,0.0,0.0,0.0,0.0,,96,29,0.02018977701663971,0.01887360225257192,cp,29,5,6042,0.3
Infection,dlt_only,0.0,0.0,0.0,0.0,,96,29,0.02018977701663971,0.01887360225257192,cp,29,5,6042,0.3
Gastrointestinal,dlt_only,0.10344827586206896,0.3099340466946034,0.0,0.0,-100.0,96,29,0.02018977701663971,0.01887360225257192,cp,29,5,6042,0.3
Overall_Survival,dlt_only,10.334277519249381,2.087922391374793,11.470064580341942,1.3668799352548726,10.990483456409612,96,29,0.02018977701663971,0.01887360225257192,cp,29,5,6042,0.3
all_constraints,dlt_only,0.0,0.0,0.0,0.0,,96,29,0.02018977701663971,0.01887360225257192,cp,29,5,6042,0.3
Any_DLT,all_constraints,0.0,0.0,0.08333333333333333,0.28867513459481287,,96,12,0.030714285870393116,0.027571827106529265,cp,12,5,6042,0.3
Blood,all_constraints,0.08333333333333333,0.28867513459481287,0.0,0.0,-99.99999999999999,96,12,0.030714285870393116,0.027571827106529265,cp,12,5,6042,0.3
Constitutional,all_constraints,0.0,0.0,0.0,0.0,,96,12,0.030714285870393116,0.027571827106529265,cp,12,5,6042,0.3
Infection,all_constraints,0.0,0.0,0.0,0.0,,96,12,0.030714285870393116,0.027571827106529265,cp,12,5,6042,0.3
Gastrointestinal,all_constraints,0.16666666666666666,0.3892494720807615,0.16666666666666666,0.38924947208076155,0.0,96,12,0.030714285870393116,0.027571827106529265,cp,12,5,6042,0.3
Overall_Survival,all_constraints,11.95695348921402,2.167512260551425,10.468018717433697,0.9649303622642952,-12.452459341950634,96,12,0.030714285870393116,0.027571827106529265,cp,12,5,6042,0.3
all_constraints,all_constraints,0.0,0.0,0.0,0.0,,96,12,0.030714285870393116,0.027571827106529265,cp,12,5,6042,0.3
Any_DLT,dlt_only,0.022222222222222223,0.14907119849998599,0.06666666666666667,0.25226248955475644,199.99999999999997,96,45,0.011684949199358622,0.007758091778083911,nominal,47,6,7042,0.3
Blood,dlt_only,0.022222222222222223,0.14907119849998599,0.0,0.0,-100.0,96,45,0.011684949199358622,0.007758091778083911,nominal,47,6,7042,0.3
Constitutional,dlt_only,0.0,0.0,0.0,0.0,,96,45,0.011684949199358622,0.007758091778083911,nominal,47,6,7042,0.3
Infection,dlt_only,0.0,0.0,0.0,0.0,,96,45,0.011684949199358622,0.007758091778083911,nominal,47,6,7042,0.3
Gastrointestinal,dlt_only,0.08888888888888889,0.28779903201415186,0.24444444444444444,0.4346134936801766,175.0,96,45,0.011684949199358622,0.007758091778083911,nominal,47,6,7042,0.3
Overall_Survival,dlt_only,11.019648427894886,2.3353223973929493,9.91224505970551,1.1283502028307673,-10.049352984675263,96,45,0.011684949199358622,0.007758091778083911,nominal,47,6,7042,0.3
all_constraints,dlt_only,0.0,0.0,0.0,0.0,,96,45,0.011684949199358622,0.007758091778083911,nominal,47,6,7042,0.3
Any_DLT,all_constraints,,0.0,,0.0,,96,0,0.016663740078608196,0.012864053246519385,nominal,0,6,7042,0.3
Blood,all_constraints,,0.0,,0.0,,96,0,0.016663740078608196,0.012864053246519385,nominal,0,6,7042,0.3
Constitutional,all_constraints,,0.0,,0.0,,96,0,0.016663740078608196,0.012864053246519385,nominal,0,6,7042,0.3
Infection,all_constraints,,0.0,,0.0,,96,0,0.016663740078608196,0.012864053246519385,nominal,0,6,7042,0.3
Gastrointestinal,all_constraints,,0.0,,0.0,,96,0,0.016663740078608196,0.012864053246519385,nominal,0,6,7042,0.3
Overall_Survival,all_constraints,,0.0,,0.0,,96,0,0.016663740078608196,0.012864053246519385,nominal,0,6,7042,0.3
all_constraints,all_constraints,,0.0,,0.0,,96,0,0.016663740078608196,0.012864053246519385,nominal,0,6,7042,0.3
Any_DLT,dlt_only,0.022222222222222223,0.14907119849998599,0.06666666666666667,0.25226248955475644,199.99999999999997,96,45,0.011689677834510803,0.007751172061111134,robust_reg,47,6,7042,0.3
Blood,dlt_only,0.022222222222222223,0.14907119849998599,0.0,0.0,-100.0,96,45,0.011689677834510803,0.007751172061111134,robust_reg,47,6,7042,0.3
Constitutional,dlt_only,0.0,0.0,0.0,0.0,,96,45,0.011689677834510803,0.007751172061111134,robust_reg,47,6,7042,0.3
Infection,dlt_only,0.0,0.0,0.0,0.0,,96,45,0.011689677834510803,0.007751172061111134,robust_reg,47,6,7042,0.3
Gastrointestinal,dlt_only,0.08888888888888889,0.28779903201415186,0.24444444444444444,0.4346134936801766,175.0,96,45,0.011689677834510803,0.007751172061111134,robust_reg,47,6,7042,0.3
Overall_Survival,dlt_only,11.019648427894886,2.3353223973929493,9.91224505970551,1.1283502028307673,-10.049352984675263,96,45,0.011689677834510803,0.007751172061111134,robust_reg,47,6,7042,0.3
all_constraints,dlt_only,0.0,0.0,0.0,0.0,,96,45,0.011689677834510803,0.007751172061111134,robust_reg,47,6,7042,0.3
Any_DLT,all_constraints,,0.0,,0.0,,96,0,0.01669335862000783,0.012857890161036355,robust_reg,0,6,7042,0.3
Blood,all_constraints,,0.0,,0.0,,96,0,0.01669335862000783,0.012857890161036355,robust_reg,0,6,7042,0.3
Constitutional,all_constraints,,0.0,,0.0,,96,0,0.01669335862000783,0.012857890161036355,robust_reg,0,6,7042,0.3
Infection,all_constraints,,0.0,,0.0,,96,0,0.01669335862000783,0.012857890161036355,robust_reg,0,6,7042,0.3
Gastrointestinal,all_constraints,,0.0,,0.0,,96,0,0.01669335862000783,0.012857890161036355,robust_reg,0,6,7042,0.3
Overall_Survival,all_constraints,,0.0,,0.0,,96,0,0.01669335862000783,0.012857890161036355,robust_reg,0,6,7042,0.3
all_constraints,all_constraints,,0.0,,0.0,,96,0,0.01669335862000783,0.012857890161036355,robust_reg,0,6,7042,0.3
Any_DLT,dlt_only,0.022222222222222223,0.14907119849998599,0.044444444444444446,0.2084090771399927,100.0,96,45,0.014144308865070343,0.012426960109666874,cp,45,6,7042,0.3
Blood,dlt_only,0.022222222222222223,0.14907119849998599,0.0,0.0,-100.0,96,45,0.014144308865070343,0.012426960109666874,cp,45,6,7042,0.3
Constitutional,dlt_only,0.0,0.0,0.0,0.0,,96,45,0.014144308865070343,0.012426960109666874,cp,45,6,7042,0.3
Infection,dlt_only,0.0,0.0,0.0,0.0,,96,45,0.014144308865070343,0.012426960109666874,cp,45,6,7042,0.3
Gastrointestinal,dlt_only,0.08888888888888889,0.28779903201415186,0.2,0.4045199174779453,125.00000000000001,96,45,0.014144308865070343,0.012426960109666874,cp,45,6,7042,0.3
Overall_Survival,dlt_only,11.019648427894886,2.3353223973929493,9.942652973965107,1.1238137439489642,-9.773410295046235,96,45,0.014144308865070343,0.012426960109666874,cp,45,6,7042,0.3
all_constraints,dlt_only,0.0,0.0,0.0,0.0,,96,45,0.014144308865070343,0.012426960109666874,cp,45,6,7042,0.3
Any_DLT,all_constraints,,0.0,,0.0,,96,0,0.01599944879611333,0.013191032050797028,cp,0,6,7042,0.3
Blood,all_constraints,,0.0,,0.0,,96,0,0.01599944879611333,0.013191032050797028,cp,0,6,7042,0.3
Constitutional,all_constraints,,0.0,,0.0,,96,0,0.01599944879611333,0.013191032050797028,cp,0,6,7042,0.3
Infection,all_constraints,,0.0,,0.0,,96,0,0.01599944879611333,0.013191032050797028,cp,0,6,7042,0.3
Gastrointestinal,all_constraints,,0.0,,0.0,,96,0,0.01599944879611333,0.013191032050797028,cp,0,6,7042,0.3
Overall_Survival,all_constraints,,0.0,,0.0,,96,0,0.01599944879611333,0.013191032050797028,cp,0,6,7042,0.3
all_constraints,all_constraints,,0.0,,0.0,,96,0,0.01599944879611333,0.013191032050797028,cp,0,6,7042,0.3
Any_DLT,dlt_only,0.023809523809523808,0.15430334996209188,0.07142857142857142,0.26066118021500656,200.0,96,42,0.017959420879681904,0.01569415554173714,nominal,43,7,8042,0.3
Blood,dlt_only,0.023809523809523808,0.15430334996209188,0.0,0.0,-100.0,96,42,0.017959420879681904,0.01569415554173714,nominal,43,7,8042,0.3
Constitutional,dlt_only,0.0,0.0,0.047619047619047616,0.21554026870452114,,96,42,0.017959420879681904,0.01569415554173714,nominal,43,7,8042,0.3
Infection,dlt_only,0.0,0.0,0.0,0.0,,96,42,0.017959420879681904,0.01569415554173714,nominal,43,7,8042,0.3
Gastrointestinal,dlt_only,0.07142857142857142,0.26066118021500656,0.35714285714285715,0.4849656045851726,400.0,96,42,0.017959420879681904,0.01569415554173714,nominal,43,7,8042,0.3
Overall_Survival,dlt_only,10.65763586734631,1.457873092605705,10.680717301393843,0.721979495570484,0.21657180199083423,96,42,0.017959420879681904,0.01569415554173714,nominal,43,7,8042,0.3
all_constraints,dlt_only,0.0,0.0,0.0,0.0,,96,42,0.017959420879681904,0.01569415554173714,nominal,43,7,8042,0.3
Any_DLT,all_constraints,,0.0,,0.0,,96,0,0.022420572737852733,0.015844555668323917,nominal,0,7,8042,0.3
Blood,all_constraints,,0.0,,0.0,,96,0,0.022420572737852733,0.015844555668323917,nominal,0,7,8042,0.3
Constitutional,all_constraints,,0.0,,0.0,,96,0,0.022420572737852733,0.015844555668323917,nominal,0,7,8042,0.3
Infection,all_constraints,,0.0,,0.0,,96,0,0.022420572737852733,0.015844555668323917,nominal,0,7,8042,0.3
Gastrointestinal,all_constraints,,0.0,,0.0,,96,0,0.022420572737852733,0.015844555668323917,nominal,0,7,8042,0.3
Overall_Survival,all_constraints,,0.0,,0.0,,96,0,0.022420572737852733,0.015844555668323917,nominal,0,7,8042,0.3
all_constraints,all_constraints,,0.0,,0.0,,96,0,0.022420572737852733,0.015844555668323917,nominal,0,7,8042,0.3
Any_DLT,dlt_only,0.023809523809523808,0.15430334996209188,0.07142857142857142,0.26066118021500656,200.0,96,42,0.01785148431857427,0.015294168111031431,robust_reg,43,7,8042,0.3
Blood,dlt_only,0.023809523809523808,0.15430334996209188,0.0,0.0,-100.0,96,42,0.01785148431857427,0.015294168111031431,robust_reg,43,7,8042,0.3
Constitutional,dlt_only,0.0,0.0,0.047619047619047616,0.21554026870452114,,96,42,0.01785148431857427,0.015294168111031431,robust_reg,43,7,8042,0.3
Infection,dlt_only,0.0,0.0,0.0,0.0,,96,42,0.01785148431857427,0.015294168111031431,robust_reg,43,7,8042,0.3
Gastrointestinal,dlt_only,0.07142857142857142,0.26066118021500656,0.35714285714285715,0.4849656045851726,400.0,96,42,0.01785148431857427,0.015294168111031431,robust_reg,43,7,8042,0.3
Overall_Survival,dlt_only,10.65763586734631,1.457873092605705,10.680717301393843,0.721979495570484,0.21657180199083423,96,42,0.01785148431857427,0.015294168111031431,robust_reg,43,7,8042,0.3
all_constraints,dlt_only,0.0,0.0,0.0,0.0,,96,42,0.01785148431857427,0.015294168111031431,robust_reg,43,7,8042,0.3
Any_DLT,all_constraints,,0.0,,0.0,,96,0,0.02251312385002772,0.015898682509267154,robust_reg,0,7,8042,0.3
Blood,all_constraints,,0.0,,0.0,,96,0,0.02251312385002772,0.015898682509267154,robust_reg,0,7,8042,0.3
Constitutional,all_constraints,,0.0,,0.0,,96,0,0.02251312385002772,0.015898682509267154,robust_reg,0,7,8042,0.3
Infection,all_constraints,,0.0,,0.0,,96,0,0.02251312385002772,0.015898682509267154,robust_reg,0,7,8042,0.3
Gastrointestinal,all_constraints,,0.0,,0.0,,96,0,0.02251312385002772,0.015898682509267154,robust_reg,0,7,8042,0.3
Overall_Survival,all_constraints,,0.0,,0.0,,96,0,0.02251312385002772,0.015898682509267154,robust_reg,0,7,8042,0.3
all_constraints,all_constraints,,0.0,,0.0,,96,0,0.02251312385002772,0.015898682509267154,robust_reg,0,7,8042,0.3
Any_DLT,dlt_only,0.023809523809523808,0.15430334996209188,0.07142857142857142,0.26066118021500656,200.0,96,42,0.01752299815416336,0.013753215748497092,cp,42,7,8042,0.3
Blood,dlt_only,0.023809523809523808,0.15430334996209188,0.0,0.0,-100.0,96,42,0.01752299815416336,0.013753215748497092,cp,42,7,8042,0.3
Constitutional,dlt_only,0.0,0.0,0.047619047619047616,0.21554026870452114,,96,42,0.01752299815416336,0.013753215748497092,cp,42,7,8042,0.3
Infection,dlt_only,0.0,0.0,0.0,0.0,,96,42,0.01752299815416336,0.013753215748497092,cp,42,7,8042,0.3
Gastrointestinal,dlt_only,0.07142857142857142,0.26066118021500656,0.3333333333333333,0.4771187236136979,366.66666666666663,96,42,0.01752299815416336,0.013753215748497092,cp,42,7,8042,0.3
Overall_Survival,dlt_only,10.65763586734631,1.457873092605705,10.679677985655124,0.7229043853692798,0.20681996066640396,96,42,0.01752299815416336,0.013753215748497092,cp,42,7,8042,0.3
all_constraints,dlt_only,0.0,0.0,0.0,0.0,,96,42,0.01752299815416336,0.013753215748497092,cp,42,7,8042,0.3
Any_DLT,all_constraints,,0.0,,0.0,,96,0,0.02173426002264023,0.015802468702382173,cp,0,7,8042,0.3
Blood,all_constraints,,0.0,,0.0,,96,0,0.02173426002264023,0.015802468702382173,cp,0,7,8042,0.3
Constitutional,all_constraints,,0.0,,0.0,,96,0,0.02173426002264023,0.015802468702382173,cp,0,7,8042,0.3
Infection,all_constraints,,0.0,,0.0,,96,0,0.02173426002264023,0.015802468702382173,cp,0,7,8042,0.3
Gastrointestinal,all_constraints,,0.0,,0.0,,96,0,0.02173426002264023,0.015802468702382173,cp,0,7,8042,0.3
Overall_Survival,all_constraints,,0.0,,0.0,,96,0,0.02173426002264023,0.015802468702382173,cp,0,7,8042,0.3
all_constraints,all_constraints,,0.0,,0.0,,96,0,0.02173426002264023,0.015802468702382173,cp,0,7,8042,0.3
Any_DLT,dlt_only,0.027777777777777776,0.16666666666666663,0.027777777777777776,0.16666666666666663,0.0,96,36,0.020492295424143474,0.010580822256507945,nominal,43,8,9042,0.3
Blood,dlt_only,0.027777777777777776,0.16666666666666663,0.0,0.0,-100.0,96,36,0.020492295424143474,0.010580822256507945,nominal,43,8,9042,0.3
Constitutional,dlt_only,0.0,0.0,0.0,0.0,,96,36,0.020492295424143474,0.010580822256507945,nominal,43,8,9042,0.3
Infection,dlt_only,0.0,0.0,0.0,0.0,,96,36,0.020492295424143474,0.010580822256507945,nominal,43,8,9042,0.3
Gastrointestinal,dlt_only,0.1111111111111111,0.3187276291558383,0.0,0.0,-100.0,96,36,0.020492295424143474,0.010580822256507945,nominal,43,8,9042,0.3
Overall_Survival,dlt_only,10.225392295756576,1.7004730835217061,11.184928909905102,1.2372937353514288,9.383861140923882,96,36,0.020492295424143474,0.010580822256507945,nominal,43,8,9042,0.3
all_constraints,dlt_only,0.0,0.0,0.0,0.0,,96,36,0.020492295424143474,0.010580822256507945,nominal,43,8,9042,0.3
Any_DLT,all_constraints,,0.0,,0.0,,96,0,0.027558475732803345,0.016713276050026978,nominal,0,8,9042,0.3
Blood,all_constraints,,0.0,,0.0,,96,0,0.027558475732803345,0.016713276050026978,nominal,0,8,9042,0.3
Constitutional,all_constraints,,0.0,,0.0,,96,0,0.027558475732803345,0.016713276050026978,nominal,0,8,9042,0.3
Infection,all_constraints,,0.0,,0.0,,96,0,0.027558475732803345,0.016713276050026978,nominal,0,8,9042,0.3
Gastrointestinal,all_constraints,,0.0,,0.0,,96,0,0.027558475732803345,0.016713276050026978,nominal,0,8,9042,0.3
Overall_Survival,all_constraints,,0.0,,0.0,,96,0,0.027558475732803345,0.016713276050026978,nominal,0,8,9042,0.3
all_constraints,all_constraints,,0.0,,0.0,,96,0,0.027558475732803345,0.016713276050026978,nominal,0,8,9042,0.3
Any_DLT,dlt_only,0.027777777777777776,0.16666666666666663,0.027777777777777776,0.16666666666666663,0.0,96,36,0.02051432430744171,0.01058701508266426,robust_reg,43,8,9042,0.3
Blood,dlt_only,0.027777777777777776,0.16666666666666663,0.0,0.0,-100.0,96,36,0.02051432430744171,0.01058701508266426,robust_reg,43,8,9042,0.3
Constitutional,dlt_only,0.0,0.0,0.0,0.0,,96,36,0.02051432430744171,0.01058701508266426,robust_reg,43,8,9042,0.3
Infection,dlt_only,0.0,0.0,0.0,0.0,,96,36,0.02051432430744171,0.01058701508266426,robust_reg,43,8,9042,0.3
Gastrointestinal,dlt_only,0.1111111111111111,0.3187276291558383,0.0,0.0,-100.0,96,36,0.02051432430744171,0.01058701508266426,robust_reg,43,8,9042,0.3
Overall_Survival,dlt_only,10.225392295756576,1.7004730835217061,11.184928909905102,1.2372937353514288,9.383861140923882,96,36,0.02051432430744171,0.01058701508266426,robust_reg,43,8,9042,0.3
all_constraints,dlt_only,0.0,0.0,0.0,0.0,,96,36,0.02051432430744171,0.01058701508266426,robust_reg,43,8,9042,0.3
Any_DLT,all_constraints,,0.0,,0.0,,96,0,0.027638383209705353,0.016780910235723884,robust_reg,0,8,9042,0.3
Blood,all_constraints,,0.0,,0.0,,96,0,0.027638383209705353,0.016780910235723884,robust_reg,0,8,9042,0.3
Constitutional,all_constraints,,0.0,,0.0,,96,0,0.027638383209705353,0.016780910235723884,robust_reg,0,8,9042,0.3
Infection,all_constraints,,0.0,,0.0,,96,0,0.027638383209705353,0.016780910235723884,robust_reg,0,8,9042,0.3
Gastrointestinal,all_constraints,,0.0,,0.0,,96,0,0.027638383209705353,0.016780910235723884,robust_reg,0,8,9042,0.3
Overall_Survival,all_constraints,,0.0,,0.0,,96,0,0.027638383209705353,0.016780910235723884,robust_reg,0,8,9042,0.3
all_constraints,all_constraints,,0.0,,0.0,,96,0,0.027638383209705353,0.016780910235723884,robust_reg,0,8,9042,0.3
Any_DLT,dlt_only,0.027777777777777776,0.16666666666666663,0.05555555555555555,0.2323106841457232,100.0,96,36,0.022530573109785717,0.013477491923744138,cp,36,8,9042,0.3
Blood,dlt_only,0.027777777777777776,0.16666666666666663,0.0,0.0,-100.0,96,36,0.022530573109785717,0.013477491923744138,cp,36,8,9042,0.3
Constitutional,dlt_only,0.0,0.0,0.0,0.0,,96,36,0.022530573109785717,0.013477491923744138,cp,36,8,9042,0.3
Infection,dlt_only,0.0,0.0,0.0,0.0,,96,36,0.022530573109785717,0.013477491923744138,cp,36,8,9042,0.3
Gastrointestinal,dlt_only,0.1111111111111111,0.3187276291558383,0.0,0.0,-100.0,96,36,0.022530573109785717,0.013477491923744138,cp,36,8,9042,0.3
Overall_Survival,dlt_only,10.225392295756576,1.7004730835217061,11.080685214791641,1.3063783025839824,8.364402013113985,96,36,0.022530573109785717,0.013477491923744138,cp,36,8,9042,0.3
all_constraints,dlt_only,0.0,0.0,0.0,0.0,,96,36,0.022530573109785717,0.013477491923744138,cp,36,8,9042,0.3
Any_DLT,all_constraints,,0.0,,0.0,,96,0,0.028984737892945606,0.028375692008494376,cp,0,8,9042,0.3
Blood,all_constraints,,0.0,,0.0,,96,0,0.028984737892945606,0.028375692008494376,cp,0,8,9042,0.3
Constitutional,all_constraints,,0.0,,0.0,,96,0,0.028984737892945606,0.028375692008494376,cp,0,8,9042,0.3
Infection,all_constraints,,0.0,,0.0,,96,0,0.028984737892945606,0.028375692008494376,cp,0,8,9042,0.3
Gastrointestinal,all_constraints,,0.0,,0.0,,96,0,0.028984737892945606,0.028375692008494376,cp,0,8,9042,0.3
Overall_Survival,all_constraints,,0.0,,0.0,,96,0,0.028984737892945606,0.028375692008494376,cp,0,8,9042,0.3
all_constraints,all_constraints,,0.0,,0.0,,96,0,0.028984737892945606,0.028375692008494376,cp,0,8,9042,0.3
Any_DLT,dlt_only,0.018867924528301886,0.137360563948689,0.03773584905660377,0.19238024756109728,100.0,96,53,0.01722732186317444,0.009646344251989169,nominal,59,9,10042,0.3
Blood,dlt_only,0.018867924528301886,0.137360563948689,0.0,0.0,-100.0,96,53,0.01722732186317444,0.009646344251989169,nominal,59,9,10042,0.3
Constitutional,dlt_only,0.0,0.0,0.0,0.0,,96,53,0.01722732186317444,0.009646344251989169,nominal,59,9,10042,0.3
Infection,dlt_only,0.0,0.0,0.0,0.0,,96,53,0.01722732186317444,0.009646344251989169,nominal,59,9,10042,0.3
Gastrointestinal,dlt_only,0.07547169811320754,0.26667876121581074,0.018867924528301886,0.137360563948689,-75.00000000000001,96,53,0.01722732186317444,0.009646344251989169,nominal,59,9,10042,0.3
Overall_Survival,dlt_only,10.904388274658263,1.8479010682033126,11.82889168825746,1.268782347955582,8.478269393137237,96,53,0.01722732186317444,0.009646344251989169,nominal,59,9,10042,0.3
all_constraints,dlt_only,0.0,0.0,0.0,0.0,,96,53,0.01722732186317444,0.009646344251989169,nominal,59,9,10042,0.3
Any_DLT,all_constraints,0.0,0.0,1.0,0.0,,96,1,0.013936383028825125,0.010621718171115397,nominal,1,9,10042,0.3
Blood,all_constraints,1.0,0.0,0.0,0.0,-100.0,96,1,0.013936383028825125,0.010621718171115397,nominal,1,9,10042,0.3
Constitutional,all_constraints,0.0,0.0,0.0,0.0,,96,1,0.013936383028825125,0.010621718171115397,nominal,1,9,10042,0.3
Infection,all_constraints,0.0,0.0,0.0,0.0,,96,1,0.013936383028825125,0.010621718171115397,nominal,1,9,10042,0.3
Gastrointestinal,all_constraints,0.0,0.0,0.0,0.0,,96,1,0.013936383028825125,0.010621718171115397,nominal,1,9,10042,0.3
Overall_Survival,all_constraints,12.594483309895402,0.0,11.083138243863436,0.0,-12.000056126514632,96,1,0.013936383028825125,0.010621718171115397,nominal,1,9,10042,0.3
all_constraints,all_constraints,0.0,0.0,0.0,0.0,,96,1,0.013936383028825125,0.010621718171115397,nominal,1,9,10042,0.3
Any_DLT,dlt_only,0.018867924528301886,0.137360563948689,0.03773584905660377,0.19238024756109728,100.0,96,53,0.01716361939907074,0.009635764698059657,robust_reg,59,9,10042,0.3
Blood,dlt_only,0.018867924528301886,0.137360563948689,0.0,0.0,-100.0,96,53,0.01716361939907074,0.009635764698059657,robust_reg,59,9,10042,0.3
Constitutional,dlt_only,0.0,0.0,0.0,0.0,,96,53,0.01716361939907074,0.009635764698059657,robust_reg,59,9,10042,0.3
Infection,dlt_only,0.0,0.0,0.0,0.0,,96,53,0.01716361939907074,0.009635764698059657,robust_reg,59,9,10042,0.3
Gastrointestinal,dlt_only,0.07547169811320754,0.26667876121581074,0.018867924528301886,0.137360563948689,-75.00000000000001,96,53,0.01716361939907074,0.009635764698059657,robust_reg,59,9,10042,0.3
Overall_Survival,dlt_only,10.904388274658263,1.8479010682033126,11.82889168825746,1.268782347955582,8.478269393137237,96,53,0.01716361939907074,0.009635764698059657,robust_reg,59,9,10042,0.3
all_constraints,dlt_only,0.0,0.0,0.0,0.0,,96,53,0.01716361939907074,0.009635764698059657,robust_reg,59,9,10042,0.3
Any_DLT,all_constraints,0.0,0.0,1.0,0.0,,96,1,0.013937480747699738,0.010580572037463012,robust_reg,1,9,10042,0.3
Blood,all_constraints,1.0,0.0,0.0,0.0,-100.0,96,1,0.013937480747699738,0.010580572037463012,robust_reg,1,9,10042,0.3
Constitutional,all_constraints,0.0,0.0,0.0,0.0,,96,1,0.013937480747699738,0.010580572037463012,robust_reg,1,9,10042,0.3
Infection,all_constraints,0.0,0.0,0.0,0.0,,96,1,0.013937480747699738,0.010580572037463012,robust_reg,1,9,10042,0.3
Gastrointestinal,all_constraints,0.0,0.0,0.0,0.0,,96,1,0.013937480747699738,0.010580572037463012,robust_reg,1,9,10042,0.3
Overall_Survival,all_constraints,12.594483309895402,0.0,11.083138243863436,0.0,-12.000056126514632,96,1,0.013937480747699738,0.010580572037463012,robust_reg,1,9,10042,0.3
all_constraints,all_constraints,0.0,0.0,0.0,0.0,,96,1,0.013937480747699738,0.010580572037463012,robust_reg,1,9,10042,0.3
Any_DLT,dlt_only,0.018867924528301886,0.137360563948689,0.0,0.0,-100.0,96,53,0.032081360618273415,0.02757553761307047,cp,53,9,10042,0.3
Blood,dlt_only,0.018867924528301886,0.137360563948689,0.018867924528301886,0.137360563948689,0.0,96,53,0.032081360618273415,0.02757553761307047,cp,53,9,10042,0.3
Constitutional,dlt_only,0.0,0.0,0.0,0.0,,96,53,0.032081360618273415,0.02757553761307047,cp,53,9,10042,0.3
Infection,dlt_only,0.0,0.0,0.0,0.0,,96,53,0.032081360618273415,0.02757553761307047,cp,53,9,10042,0.3
Gastrointestinal,dlt_only,0.07547169811320754,0.26667876121581074,0.018867924528301886,0.137360563948689,-75.00000000000001,96,53,0.032081360618273415,0.02757553761307047,cp,53,9,10042,0.3
Overall_Survival,dlt_only,10.904388274658263,1.8479010682033126,11.468654174838724,1.7672313910603823,5.1746680874507325,96,53,0.032081360618273415,0.02757553761307047,cp,53,9,10042,0.3
all_constraints,dlt_only,0.0,0.0,0.0,0.0,,96,53,0.032081360618273415,0.02757553761307047,cp,53,9,10042,0.3
Any_DLT,all_constraints,0.0,0.0,1.0,0.0,,96,1,0.01354660838842392,0.013292870574430586,cp,1,9,10042,0.3
Blood,all_constraints,1.0,0.0,0.0,0.0,-100.0,96,1,0.01354660838842392,0.013292870574430586,cp,1,9,10042,0.3
Constitutional,all_constraints,0.0,0.0,0.0,0.0,,96,1,0.01354660838842392,0.013292870574430586,cp,1,9,10042,0.3
Infection,all_constraints,0.0,0.0,0.0,0.0,,96,1,0.01354660838842392,0.013292870574430586,cp,1,9,10042,0.3
Gastrointestinal,all_constraints,0.0,0.0,1.0,0.0,,96,1,0.01354660838842392,0.013292870574430586,cp,1,9,10042,0.3
Overall_Survival,all_constraints,12.594483309895402,0.0,11.10666107664764,0.0,-11.813285203044336,96,1,0.01354660838842392,0.013292870574430586,cp,1,9,10042,0.3
all_constraints,all_constraints,0.0,0.0,0.0,0.0,,96,1,0.01354660838842392,0.013292870574430586,cp,1,9,10042,0.3
Any_DLT,dlt_only,0.4383561643835616,0.4996193375923262,0.8767123287671232,0.3310423554409472,100.0,96,73,0.018952446679274242,0.009424214085723942,nominal,85,0,1042,0.4
Blood,dlt_only,0.3150684931506849,0.4677580193732393,0.6164383561643836,0.4896182465934662,95.6521739130435,96,73,0.018952446679274242,0.009424214085723942,nominal,85,0,1042,0.4
Constitutional,dlt_only,0.4520547945205479,0.5011402523360258,0.821917808219178,0.38522957633600546,81.81818181818183,96,73,0.018952446679274242,0.009424214085723942,nominal,85,0,1042,0.4
Infection,dlt_only,0.1917808219178082,0.396426196247848,0.4657534246575342,0.5022779161209767,142.85714285714286,96,73,0.018952446679274242,0.009424214085723942,nominal,85,0,1042,0.4
Gastrointestinal,dlt_only,0.3150684931506849,0.4677580193732393,0.5342465753424658,0.5022779161209768,69.56521739130437,96,73,0.018952446679274242,0.009424214085723942,nominal,85,0,1042,0.4
Overall_Survival,dlt_only,10.828013301423,1.8704253314956132,11.465207278059003,0.8794739021504748,5.884680401641759,96,73,0.018952446679274242,0.009424214085723942,nominal,85,0,1042,0.4
all_constraints,dlt_only,0.0958904109589041,0.2964785715342602,0.273972602739726,0.4490815928277876,185.7142857142857,96,73,0.018952446679274242,0.009424214085723942,nominal,85,0,1042,0.4
Any_DLT,all_constraints,0.5483870967741935,0.5058794110206737,0.8709677419354839,0.3407771005482388,58.823529411764724,96,31,0.07340710361798604,0.02447603673162377,nominal,42,0,1042,0.4
Blood,all_constraints,0.3225806451612903,0.47519096331149147,0.3225806451612903,0.4751909633114914,0.0,96,31,0.07340710361798604,0.02447603673162377,nominal,42,0,1042,0.4
Constitutional,all_constraints,0.45161290322580644,0.5058794110206736,0.8064516129032258,0.40160966445124946,78.57142857142856,96,31,0.07340710361798604,0.02447603673162377,nominal,42,0,1042,0.4
Infection,all_constraints,0.1935483870967742,0.4016096644512494,0.4838709677419355,0.508000508000762,150.00000000000003,96,31,0.07340710361798604,0.02447603673162377,nominal,42,0,1042,0.4
Gastrointestinal,all_constraints,0.41935483870967744,0.501610310127101,0.9032258064516129,0.3005371535187643,115.38461538461537,96,31,0.07340710361798604,0.02447603673162377,nominal,42,0,1042,0.4
Overall_Survival,all_constraints,10.765472776074205,1.590529155178841,10.358770055720264,0.9777301461095879,-3.777843563524866,96,31,0.07340710361798604,0.02447603673162377,nominal,42,0,1042,0.4
all_constraints,all_constraints,0.0967741935483871,0.3005371535187643,0.1935483870967742,0.40160966445124946,100.0,96,31,0.07340710361798604,0.02447603673162377,nominal,42,0,1042,0.4
Any_DLT,dlt_only,0.4383561643835616,0.4996193375923262,0.8767123287671232,0.3310423554409472,100.0,96,73,0.018423912425835926,0.005613493814882838,robust_reg,85,0,1042,0.4
Blood,dlt_only,0.3150684931506849,0.4677580193732393,0.6164383561643836,0.4896182465934662,95.6521739130435,96,73,0.018423912425835926,0.005613493814882838,robust_reg,85,0,1042,0.4
Constitutional,dlt_only,0.4520547945205479,0.5011402523360258,0.821917808219178,0.38522957633600546,81.81818181818183,96,73,0.018423912425835926,0.005613493814882838,robust_reg,85,0,1042,0.4
Infection,dlt_only,0.1917808219178082,0.396426196247848,0.4657534246575342,0.5022779161209767,142.85714285714286,96,73,0.018423912425835926,0.005613493814882838,robust_reg,85,0,1042,0.4
Gastrointestinal,dlt_only,0.3150684931506849,0.4677580193732393,0.5342465753424658,0.5022779161209768,69.56521739130437,96,73,0.018423912425835926,0.005613493814882838,robust_reg,85,0,1042,0.4
Overall_Survival,dlt_only,10.828013301423,1.8704253314956132,11.465207278059003,0.8794739021504748,5.884680401641759,96,73,0.018423912425835926,0.005613493814882838,robust_reg,85,0,1042,0.4
all_constraints,dlt_only,0.0958904109589041,0.2964785715342602,0.273972602739726,0.4490815928277876,185.7142857142857,96,73,0.018423912425835926,0.005613493814882838,robust_reg,85,0,1042,0.4
Any_DLT,all_constraints,0.5483870967741935,0.5058794110206737,0.8709677419354839,0.3407771005482388,58.823529411764724,96,31,0.07324693351984024,0.02437846238211438,robust_reg,42,0,1042,0.4
Blood,all_constraints,0.3225806451612903,0.47519096331149147,0.3225806451612903,0.4751909633114914,0.0,96,31,0.07324693351984024,0.02437846238211438,robust_reg,42,0,1042,0.4
Constitutional,all_constraints,0.45161290322580644,0.5058794110206736,0.8064516129032258,0.40160966445124946,78.57142857142856,96,31,0.07324693351984024,0.02437846238211438,robust_reg,42,0,1042,0.4
Infection,all_constraints,0.1935483870967742,0.4016096644512494,0.4838709677419355,0.508000508000762,150.00000000000003,96,31,0.07324693351984024,0.02437846238211438,robust_reg,42,0,1042,0.4
Gastrointestinal,all_constraints,0.41935483870967744,0.501610310127101,0.9032258064516129,0.3005371535187643,115.38461538461537,96,31,0.07324693351984024,0.02437846238211438,robust_reg,42,0,1042,0.4
Overall_Survival,all_constraints,10.765472776074205,1.590529155178841,10.358770055720264,0.9777301461095879,-3.777843563524866,96,31,0.07324693351984024,0.02437846238211438,robust_reg,42,0,1042,0.4
all_constraints,all_constraints,0.0967741935483871,0.3005371535187643,0.1935483870967742,0.40160966445124946,100.0,96,31,0.07324693351984024,0.02437846238211438,robust_reg,42,0,1042,0.4
Any_DLT,dlt_only,0.4383561643835616,0.4996193375923262,0.9041095890410958,0.2964785715342602,106.25,96,73,0.043850235641002655,0.02660611041821665,cp,73,0,1042,0.4
Blood,dlt_only,0.3150684931506849,0.4677580193732393,0.5753424657534246,0.49771165847021204,82.60869565217392,96,73,0.043850235641002655,0.02660611041821665,cp,73,0,1042,0.4
Constitutional,dlt_only,0.4520547945205479,0.5011402523360258,0.7945205479452054,0.4068477776211284,75.75757575757576,96,73,0.043850235641002655,0.02660611041821665,cp,73,0,1042,0.4
Infection,dlt_only,0.1917808219178082,0.396426196247848,0.4794520547945205,0.5030349292349802,150.0,96,73,0.043850235641002655,0.02660611041821665,cp,73,0,1042,0.4
Gastrointestinal,dlt_only,0.3150684931506849,0.4677580193732393,0.684931506849315,0.4677580193732393,117.3913043478261,96,73,0.043850235641002655,0.02660611041821665,cp,73,0,1042,0.4
Overall_Survival,dlt_only,10.828013301423,1.8704253314956132,11.112273780268005,1.0287354265272355,2.6252320802713385,96,73,0.043850235641002655,0.02660611041821665,cp,73,0,1042,0.4
all_constraints,dlt_only,0.0958904109589041,0.2964785715342602,0.2876712328767123,0.4558097816826945,200.0,96,73,0.043850235641002655,0.02660611041821665,cp,73,0,1042,0.4
Any_DLT,all_constraints,0.5483870967741935,0.5058794110206737,0.9354838709677419,0.2497310381147074,70.58823529411765,96,31,0.09607577323913574,0.0627623659997167,cp,32,0,1042,0.4
Blood,all_constraints,0.3225806451612903,0.47519096331149147,0.45161290322580644,0.5058794110206736,40.0,96,31,0.09607577323913574,0.0627623659997167,cp,32,0,1042,0.4
Constitutional,all_constraints,0.45161290322580644,0.5058794110206736,0.7741935483870968,0.4250237185032414,71.42857142857143,96,31,0.09607577323913574,0.0627623659997167,cp,32,0,1042,0.4
Infection,all_constraints,0.1935483870967742,0.4016096644512494,0.4838709677419355,0.508000508000762,150.00000000000003,96,31,0.09607577323913574,0.0627623659997167,cp,32,0,1042,0.4
Gastrointestinal,all_constraints,0.41935483870967744,0.501610310127101,0.9032258064516129,0.3005371535187643,115.38461538461537,96,31,0.09607577323913574,0.0627623659997167,cp,32,0,1042,0.4
Overall_Survival,all_constraints,10.765472776074205,1.590529155178841,10.263774536604453,0.9859713308125951,-4.660252734879924,96,31,0.09607577323913574,0.0627623659997167,cp,32,0,1042,0.4
all_constraints,all_constraints,0.0967741935483871,0.3005371535187643,0.22580645161290322,0.4250237185032414,133.33333333333334,96,31,0.09607577323913574,0.0627623659997167,cp,32,0,1042,0.4
Any_DLT,dlt_only,0.47368421052631576,0.506009406240056,0.8947368421052632,0.3110117477759048,88.8888888888889,96,38,0.01841789980729421,0.008505122879772757,nominal,96,1,2042,0.4
Blood,dlt_only,0.3157894736842105,0.4710691208760756,0.631578947368421,0.4888515295293514,100.0,96,38,0.01841789980729421,0.008505122879772757,nominal,96,1,2042,0.4
Constitutional,dlt_only,0.4473684210526316,0.5038966228735666,0.8421052631578947,0.36953702147663203,88.23529411764704,96,38,0.01841789980729421,0.008505122879772757,nominal,96,1,2042,0.4
Infection,dlt_only,0.21052631578947367,0.4131549501122744,0.6052631578947368,0.4953553834402849,187.5,96,38,0.01841789980729421,0.008505122879772757,nominal,96,1,2042,0.4
Gastrointestinal,dlt_only,0.34210526315789475,0.48078290821993186,0.5263157894736842,0.506009406240056,53.84615384615384,96,38,0.01841789980729421,0.008505122879772757,nominal,96,1,2042,0.4
Overall_Survival,dlt_only,10.123306370777556,1.4135446189851189,11.498951644537112,0.7885117436373046,13.588893029362055,96,38,0.01841789980729421,0.008505122879772757,nominal,96,1,2042,0.4
all_constraints,dlt_only,0.10526315789473684,0.3110117477759048,0.34210526315789475,0.48078290821993186,225.00000000000003,96,38,0.01841789980729421,0.008505122879772757,nominal,96,1,2042,0.4
Any_DLT,all_constraints,0.5294117647058824,0.5066403971048989,0.9411764705882353,0.23883257361061289,77.77777777777777,96,34,0.0650095318754514,0.02260252527566715,nominal,34,1,2042,0.4
Blood,all_constraints,0.4117647058823529,0.49955416843564227,0.7352941176470589,0.4478110755198991,78.57142857142858,96,34,0.0650095318754514,0.02260252527566715,nominal,34,1,2042,0.4
Constitutional,all_constraints,0.5588235294117647,0.5039947372613783,0.8823529411764706,0.3270349700838643,57.89473684210526,96,34,0.0650095318754514,0.02260252527566715,nominal,34,1,2042,0.4
Infection,all_constraints,0.2647058823529412,0.4478110755198991,0.6764705882352942,0.47485807993381707,155.55555555555557,96,34,0.0650095318754514,0.02260252527566715,nominal,34,1,2042,0.4
Gastrointestinal,all_constraints,0.35294117647058826,0.48507125007266594,0.9411764705882353,0.23883257361061289,166.66666666666663,96,34,0.0650095318754514,0.02260252527566715,nominal,34,1,2042,0.4
Overall_Survival,all_constraints,11.538038848583048,1.981390784924252,10.463924801929647,0.8274306010564929,-9.309329434137844,96,34,0.0650095318754514,0.02260252527566715,nominal,34,1,2042,0.4
all_constraints,all_constraints,0.11764705882352941,0.3270349700838643,0.6176470588235294,0.4932702180563817,425.0,96,34,0.0650095318754514,0.02260252527566715,nominal,34,1,2042,0.4
Any_DLT,dlt_only,0.47368421052631576,0.506009406240056,0.8947368421052632,0.3110117477759048,88.8888888888889,96,38,0.02307953933874766,0.010544693846026751,robust_reg,93,1,2042,0.4
Blood,dlt_only,0.3157894736842105,0.4710691208760756,0.6578947368421053,0.4807829082199318,108.33333333333336,96,38,0.02307953933874766,0.010544693846026751,robust_reg,93,1,2042,0.4
Constitutional,dlt_only,0.4473684210526316,0.5038966228735666,0.8421052631578947,0.36953702147663203,88.23529411764704,96,38,0.02307953933874766,0.010544693846026751,robust_reg,93,1,2042,0.4
Infection,dlt_only,0.21052631578947367,0.4131549501122744,0.6052631578947368,0.4953553834402849,187.5,96,38,0.02307953933874766,0.010544693846026751,robust_reg,93,1,2042,0.4
Gastrointestinal,dlt_only,0.34210526315789475,0.48078290821993186,0.4473684210526316,0.5038966228735667,30.769230769230766,96,38,0.02307953933874766,0.010544693846026751,robust_reg,93,1,2042,0.4
Overall_Survival,dlt_only,10.123306370777556,1.4135446189851189,11.614832087075204,0.6881750589528427,14.733582701825176,96,38,0.02307953933874766,0.010544693846026751,robust_reg,93,1,2042,0.4
all_constraints,dlt_only,0.10526315789473684,0.3110117477759048,0.3157894736842105,0.4710691208760756,200.0,96,38,0.02307953933874766,0.010544693846026751,robust_reg,93,1,2042,0.4
Any_DLT,all_constraints,0.5294117647058824,0.5066403971048989,0.9411764705882353,0.23883257361061289,77.77777777777777,96,34,0.06521443525950114,0.02272472502840972,robust_reg,34,1,2042,0.4
Blood,all_constraints,0.4117647058823529,0.49955416843564227,0.7352941176470589,0.4478110755198991,78.57142857142858,96,34,0.06521443525950114,0.02272472502840972,robust_reg,34,1,2042,0.4
Constitutional,all_constraints,0.5588235294117647,0.5039947372613783,0.8823529411764706,0.3270349700838643,57.89473684210526,96,34,0.06521443525950114,0.02272472502840972,robust_reg,34,1,2042,0.4
Infection,all_constraints,0.2647058823529412,0.4478110755198991,0.6764705882352942,0.47485807993381707,155.55555555555557,96,34,0.06521443525950114,0.02272472502840972,robust_reg,34,1,2042,0.4
Gastrointestinal,all_constraints,0.35294117647058826,0.48507125007266594,0.9411764705882353,0.23883257361061289,166.66666666666663,96,34,0.06521443525950114,0.02272472502840972,robust_reg,34,1,2042,0.4
Overall_Survival,all_constraints,11.538038848583048,1.981390784924252,10.463924801929647,0.8274306010564929,-9.309329434137844,96,34,0.06521443525950114,0.02272472502840972,robust_reg,34,1,2042,0.4
all_constraints,all_constraints,0.11764705882352941,0.3270349700838643,0.6176470588235294,0.4932702180563817,425.0,96,34,0.06521443525950114,0.02272472502840972,robust_reg,34,1,2042,0.4
Any_DLT,dlt_only,0.47368421052631576,0.506009406240056,0.8157894736842105,0.3928594520631916,72.22222222222223,96,38,0.24008536338806152,0.21344999107993534,cp,40,1,2042,0.4
Blood,dlt_only,0.3157894736842105,0.4710691208760756,0.5526315789473685,0.5038966228735666,75.00000000000001,96,38,0.24008536338806152,0.21344999107993534,cp,40,1,2042,0.4
Constitutional,dlt_only,0.4473684210526316,0.5038966228735666,0.631578947368421,0.4888515295293514,41.17647058823529,96,38,0.24008536338806152,0.21344999107993534,cp,40,1,2042,0.4
Infection,dlt_only,0.21052631578947367,0.4131549501122744,0.5,0.5067117097095317,137.50000000000003,96,38,0.24008536338806152,0.21344999107993534,cp,40,1,2042,0.4
Gastrointestinal,dlt_only,0.34210526315789475,0.48078290821993186,0.5526315789473685,0.5038966228735666,61.538461538461554,96,38,0.24008536338806152,0.21344999107993534,cp,40,1,2042,0.4
Overall_Survival,dlt_only,10.123306370777556,1.4135446189851189,10.52900582047963,1.1597266448221586,4.007578500964738,96,38,0.24008536338806152,0.21344999107993534,cp,40,1,2042,0.4
all_constraints,dlt_only,0.10526315789473684,0.3110117477759048,0.23684210526315788,0.43085148418274605,125.0,96,38,0.24008536338806152,0.21344999107993534,cp,40,1,2042,0.4
Any_DLT,all_constraints,0.5294117647058824,0.5066403971048989,0.9411764705882353,0.23883257361061289,77.77777777777777,96,34,0.06510132799545924,0.023105754248303034,cp,34,1,2042,0.4
Blood,all_constraints,0.4117647058823529,0.49955416843564227,0.7352941176470589,0.4478110755198991,78.57142857142858,96,34,0.06510132799545924,0.023105754248303034,cp,34,1,2042,0.4
Constitutional,all_constraints,0.5588235294117647,0.5039947372613783,0.8823529411764706,0.3270349700838643,57.89473684210526,96,34,0.06510132799545924,0.023105754248303034,cp,34,1,2042,0.4
Infection,all_constraints,0.2647058823529412,0.4478110755198991,0.6764705882352942,0.47485807993381707,155.55555555555557,96,34,0.06510132799545924,0.023105754248303034,cp,34,1,2042,0.4
Gastrointestinal,all_constraints,0.35294117647058826,0.48507125007266594,0.9411764705882353,0.23883257361061289,166.66666666666663,96,34,0.06510132799545924,0.023105754248303034,cp,34,1,2042,0.4
Overall_Survival,all_constraints,11.538038848583048,1.981390784924252,10.463924801929647,0.8274306010564929,-9.309329434137844,96,34,0.06510132799545924,0.023105754248303034,cp,34,1,2042,0.4
all_constraints,all_constraints,0.11764705882352941,0.3270349700838643,0.6176470588235294,0.4932702180563817,425.0,96,34,0.06510132799545924,0.023105754248303034,cp,34,1,2042,0.4
Any_DLT,dlt_only,0.41333333333333333,0.4957476835707513,0.14666666666666667,0.35615564974719527,-64.51612903225806,96,75,0.025248688956101734,0.017753248821654518,nominal,81,2,3042,0.4
Blood,dlt_only,0.32,0.46961744062645344,0.12,0.3271498540837624,-62.5,96,75,0.025248688956101734,0.017753248821654518,nominal,81,2,3042,0.4
Constitutional,dlt_only,0.38666666666666666,0.4902656018530775,0.38666666666666666,0.4902656018530775,0.0,96,75,0.025248688956101734,0.017753248821654518,nominal,81,2,3042,0.4
Infection,dlt_only,0.17333333333333334,0.3810842757517361,0.24,0.4299591432506872,38.46153846153845,96,75,0.025248688956101734,0.017753248821654518,nominal,81,2,3042,0.4
Gastrointestinal,dlt_only,0.30666666666666664,0.46421492381815505,0.6,0.49319696191607193,95.65217391304348,96,75,0.025248688956101734,0.017753248821654518,nominal,81,2,3042,0.4
Overall_Survival,dlt_only,10.436501316742623,1.626086692774452,10.359141066037015,0.9809871938396341,-0.7412469788271261,96,75,0.025248688956101734,0.017753248821654518,nominal,81,2,3042,0.4
all_constraints,dlt_only,0.10666666666666667,0.3107677212591047,0.0,0.0,-100.0,96,75,0.025248688956101734,0.017753248821654518,nominal,81,2,3042,0.4
Any_DLT,all_constraints,0.6538461538461539,0.485164524037584,0.6538461538461539,0.485164524037584,0.0,96,26,0.06991400569677353,0.040076203435223584,nominal,28,2,3042,0.4
Blood,all_constraints,0.5769230769230769,0.5038314736557788,0.46153846153846156,0.508391127441794,-19.99999999999999,96,26,0.06991400569677353,0.040076203435223584,nominal,28,2,3042,0.4
Constitutional,all_constraints,0.5384615384615384,0.508391127441794,0.5384615384615384,0.508391127441794,0.0,96,26,0.06991400569677353,0.040076203435223584,nominal,28,2,3042,0.4
Infection,all_constraints,0.4230769230769231,0.5038314736557788,0.6538461538461539,0.485164524037584,54.54545454545455,96,26,0.06991400569677353,0.040076203435223584,nominal,28,2,3042,0.4
Gastrointestinal,all_constraints,0.6153846153846154,0.4961389383568338,1.0,0.0,62.49999999999999,96,26,0.06991400569677353,0.040076203435223584,nominal,28,2,3042,0.4
Overall_Survival,all_constraints,10.090442887939936,1.705484990792612,10.151143489662603,1.178586234955924,0.6015652870422186,96,26,0.06991400569677353,0.040076203435223584,nominal,28,2,3042,0.4
all_constraints,all_constraints,0.3076923076923077,0.4706787243316417,0.23076923076923078,0.4296689244236597,-25.0,96,26,0.06991400569677353,0.040076203435223584,nominal,28,2,3042,0.4
Any_DLT,dlt_only,0.41333333333333333,0.4957476835707513,0.37333333333333335,0.4869467292395721,-9.677419354838705,96,75,0.03472377856572469,0.0169378321945011,robust_reg,86,2,3042,0.4
Blood,dlt_only,0.32,0.46961744062645344,0.3333333333333333,0.4745789978762495,4.166666666666659,96,75,0.03472377856572469,0.0169378321945011,robust_reg,86,2,3042,0.4
Constitutional,dlt_only,0.38666666666666666,0.4902656018530775,0.41333333333333333,0.4957476835707514,6.896551724137932,96,75,0.03472377856572469,0.0169378321945011,robust_reg,86,2,3042,0.4
Infection,dlt_only,0.17333333333333334,0.3810842757517361,0.28,0.4520224821005304,61.53846153846154,96,75,0.03472377856572469,0.0169378321945011,robust_reg,86,2,3042,0.4
Gastrointestinal,dlt_only,0.30666666666666664,0.46421492381815505,0.48,0.5029641865709455,56.521739130434796,96,75,0.03472377856572469,0.0169378321945011,robust_reg,86,2,3042,0.4
Overall_Survival,dlt_only,10.436501316742623,1.626086692774452,10.703901067981876,1.1130677862450977,2.56215893740444,96,75,0.03472377856572469,0.0169378321945011,robust_reg,86,2,3042,0.4
all_constraints,dlt_only,0.10666666666666667,0.3107677212591047,0.02666666666666667,0.16219218941214866,-75.0,96,75,0.03472377856572469,0.0169378321945011,robust_reg,86,2,3042,0.4
Any_DLT,all_constraints,0.6538461538461539,0.485164524037584,0.6538461538461539,0.485164524037584,0.0,96,26,0.06774618724981944,0.03421100639716169,robust_reg,28,2,3042,0.4
Blood,all_constraints,0.5769230769230769,0.5038314736557788,0.46153846153846156,0.508391127441794,-19.99999999999999,96,26,0.06774618724981944,0.03421100639716169,robust_reg,28,2,3042,0.4
Constitutional,all_constraints,0.5384615384615384,0.508391127441794,0.5384615384615384,0.508391127441794,0.0,96,26,0.06774618724981944,0.03421100639716169,robust_reg,28,2,3042,0.4
Infection,all_constraints,0.4230769230769231,0.5038314736557788,0.6538461538461539,0.485164524037584,54.54545454545455,96,26,0.06774618724981944,0.03421100639716169,robust_reg,28,2,3042,0.4
Gastrointestinal,all_constraints,0.6153846153846154,0.4961389383568338,1.0,0.0,62.49999999999999,96,26,0.06774618724981944,0.03421100639716169,robust_reg,28,2,3042,0.4
Overall_Survival,all_constraints,10.090442887939936,1.705484990792612,10.151143489662603,1.178586234955924,0.6015652870422186,96,26,0.06774618724981944,0.03421100639716169,robust_reg,28,2,3042,0.4
all_constraints,all_constraints,0.3076923076923077,0.4706787243316417,0.23076923076923078,0.4296689244236597,-25.0,96,26,0.06774618724981944,0.03421100639716169,robust_reg,28,2,3042,0.4
Any_DLT,dlt_only,0.41333333333333333,0.4957476835707513,0.3333333333333333,0.4745789978762495,-19.354838709677423,96,75,0.029198922216892242,0.01593380193982414,cp,75,2,3042,0.4
Blood,dlt_only,0.32,0.46961744062645344,0.18666666666666668,0.39226760492535434,-41.666666666666664,96,75,0.029198922216892242,0.01593380193982414,cp,75,2,3042,0.4
Constitutional,dlt_only,0.38666666666666666,0.4902656018530775,0.4666666666666667,0.5022472023339226,20.689655172413797,96,75,0.029198922216892242,0.01593380193982414,cp,75,2,3042,0.4
Infection,dlt_only,0.17333333333333334,0.3810842757517361,0.29333333333333333,0.4583558553025041,69.23076923076923,96,75,0.029198922216892242,0.01593380193982414,cp,75,2,3042,0.4
Gastrointestinal,dlt_only,0.30666666666666664,0.46421492381815505,0.5866666666666667,0.4957476835707513,91.30434782608698,96,75,0.029198922216892242,0.01593380193982414,cp,75,2,3042,0.4
Overall_Survival,dlt_only,10.436501316742623,1.626086692774452,10.38960469437972,1.1191452055007773,-0.44935195176634063,96,75,0.029198922216892242,0.01593380193982414,cp,75,2,3042,0.4
all_constraints,dlt_only,0.10666666666666667,0.3107677212591047,0.06666666666666667,0.25112360116696136,-37.50000000000001,96,75,0.029198922216892242,0.01593380193982414,cp,75,2,3042,0.4
Any_DLT,all_constraints,0.6538461538461539,0.485164524037584,0.6923076923076923,0.47067872433164165,5.882352941176467,96,26,0.07432040323813756,0.043451021027794925,cp,26,2,3042,0.4
Blood,all_constraints,0.5769230769230769,0.5038314736557788,0.5,0.5099019513592785,-13.333333333333325,96,26,0.07432040323813756,0.043451021027794925,cp,26,2,3042,0.4
Constitutional,all_constraints,0.5384615384615384,0.508391127441794,0.5384615384615384,0.508391127441794,0.0,96,26,0.07432040323813756,0.043451021027794925,cp,26,2,3042,0.4
Infection,all_constraints,0.4230769230769231,0.5038314736557788,0.6538461538461539,0.485164524037584,54.54545454545455,96,26,0.07432040323813756,0.043451021027794925,cp,26,2,3042,0.4
Gastrointestinal,all_constraints,0.6153846153846154,0.4961389383568338,1.0,0.0,62.49999999999999,96,26,0.07432040323813756,0.043451021027794925,cp,26,2,3042,0.4
Overall_Survival,all_constraints,10.090442887939936,1.705484990792612,10.153398444393982,1.1957486470491046,0.6239127177389837,96,26,0.07432040323813756,0.043451021027794925,cp,26,2,3042,0.4
all_constraints,all_constraints,0.3076923076923077,0.4706787243316417,0.23076923076923078,0.4296689244236597,-25.0,96,26,0.07432040323813756,0.043451021027794925,cp,26,2,3042,0.4
Any_DLT,dlt_only,0.37681159420289856,0.4881371936900502,0.8695652173913043,0.3392484547739255,130.76923076923077,96,69,0.02172795683145523,0.008896374107244634,nominal,93,3,4042,0.4
Blood,dlt_only,0.2463768115942029,0.4340573661412156,0.5942028985507246,0.4946430852202229,141.17647058823528,96,69,0.02172795683145523,0.008896374107244634,nominal,93,3,4042,0.4
Constitutional,dlt_only,0.391304347826087,0.49161771686915634,0.4927536231884058,0.5036101551853349,25.925925925925927,96,69,0.02172795683145523,0.008896374107244634,nominal,93,3,4042,0.4
Infection,dlt_only,0.14492753623188406,0.3546067548061298,0.37681159420289856,0.4881371936900502,160.0,96,69,0.02172795683145523,0.008896374107244634,nominal,93,3,4042,0.4
Gastrointestinal,dlt_only,0.2753623188405797,0.4499692136859278,0.3188405797101449,0.469441270623243,15.789473684210515,96,69,0.02172795683145523,0.008896374107244634,nominal,93,3,4042,0.4
Overall_Survival,dlt_only,10.819734050234027,1.6998363117002628,11.912308641153917,1.05012018220136,10.097980096805223,96,69,0.02172795683145523,0.008896374107244634,nominal,93,3,4042,0.4
all_constraints,dlt_only,0.07246376811594203,0.261153582247854,0.08695652173913043,0.2838356211727966,19.999999999999993,96,69,0.02172795683145523,0.008896374107244634,nominal,93,3,4042,0.4
Any_DLT,all_constraints,0.5185185185185185,0.5091750772173156,0.8148148148148148,0.3958473906635696,57.14285714285714,96,27,0.07010343670845032,0.023359471266906552,nominal,27,3,4042,0.4
Blood,all_constraints,0.4074074074074074,0.5007117441325405,0.4074074074074074,0.5007117441325405,0.0,96,27,0.07010343670845032,0.023359471266906552,nominal,27,3,4042,0.4
Constitutional,all_constraints,0.48148148148148145,0.5091750772173156,0.5925925925925926,0.5007117441325405,23.076923076923077,96,27,0.07010343670845032,0.023359471266906552,nominal,27,3,4042,0.4
Infection,all_constraints,0.2222222222222222,0.4236592728681617,0.4074074074074074,0.5007117441325405,83.33333333333334,96,27,0.07010343670845032,0.023359471266906552,nominal,27,3,4042,0.4
Gastrointestinal,all_constraints,0.4074074074074074,0.5007117441325405,0.7037037037037037,0.46532162696807516,72.72727272727273,96,27,0.07010343670845032,0.023359471266906552,nominal,27,3,4042,0.4
Overall_Survival,all_constraints,11.08808164536267,2.1547478046788933,11.041328266069465,1.519531301647329,-0.4216543563489998,96,27,0.07010343670845032,0.023359471266906552,nominal,27,3,4042,0.4
all_constraints,all_constraints,0.07407407407407407,0.2668802563418119,0.14814814814814814,0.3620139928982457,100.0,96,27,0.07010343670845032,0.023359471266906552,nominal,27,3,4042,0.4
Any_DLT,dlt_only,0.37681159420289856,0.4881371936900502,0.8695652173913043,0.3392484547739255,130.76923076923077,96,69,0.02129041651884715,0.007410968354630292,robust_reg,93,3,4042,0.4
Blood,dlt_only,0.2463768115942029,0.4340573661412156,0.5942028985507246,0.4946430852202229,141.17647058823528,96,69,0.02129041651884715,0.007410968354630292,robust_reg,93,3,4042,0.4
Constitutional,dlt_only,0.391304347826087,0.49161771686915634,0.4927536231884058,0.5036101551853349,25.925925925925927,96,69,0.02129041651884715,0.007410968354630292,robust_reg,93,3,4042,0.4
Infection,dlt_only,0.14492753623188406,0.3546067548061298,0.37681159420289856,0.4881371936900502,160.0,96,69,0.02129041651884715,0.007410968354630292,robust_reg,93,3,4042,0.4
Gastrointestinal,dlt_only,0.2753623188405797,0.4499692136859278,0.3188405797101449,0.469441270623243,15.789473684210515,96,69,0.02129041651884715,0.007410968354630292,robust_reg,93,3,4042,0.4
Overall_Survival,dlt_only,10.819734050234027,1.6998363117002628,11.912308641153917,1.05012018220136,10.097980096805223,96,69,0.02129041651884715,0.007410968354630292,robust_reg,93,3,4042,0.4
all_constraints,dlt_only,0.07246376811594203,0.261153582247854,0.08695652173913043,0.2838356211727966,19.999999999999993,96,69,0.02129041651884715,0.007410968354630292,robust_reg,93,3,4042,0.4
Any_DLT,all_constraints,0.5185185185185185,0.5091750772173156,0.8148148148148148,0.3958473906635696,57.14285714285714,96,27,0.07017328341801961,0.0234528674444336,robust_reg,27,3,4042,0.4
Blood,all_constraints,0.4074074074074074,0.5007117441325405,0.4074074074074074,0.5007117441325405,0.0,96,27,0.07017328341801961,0.0234528674444336,robust_reg,27,3,4042,0.4
Constitutional,all_constraints,0.48148148148148145,0.5091750772173156,0.5925925925925926,0.5007117441325405,23.076923076923077,96,27,0.07017328341801961,0.0234528674444336,robust_reg,27,3,4042,0.4
Infection,all_constraints,0.2222222222222222,0.4236592728681617,0.4074074074074074,0.5007117441325405,83.33333333333334,96,27,0.07017328341801961,0.0234528674444336,robust_reg,27,3,4042,0.4
Gastrointestinal,all_constraints,0.4074074074074074,0.5007117441325405,0.7037037037037037,0.46532162696807516,72.72727272727273,96,27,0.07017328341801961,0.0234528674444336,robust_reg,27,3,4042,0.4
Overall_Survival,all_constraints,11.08808164536267,2.1547478046788933,11.041328266069465,1.519531301647329,-0.4216543563489998,96,27,0.07017328341801961,0.0234528674444336,robust_reg,27,3,4042,0.4
all_constraints,all_constraints,0.07407407407407407,0.2668802563418119,0.14814814814814814,0.3620139928982457,100.0,96,27,0.07017328341801961,0.0234528674444336,robust_reg,27,3,4042,0.4
Any_DLT,dlt_only,0.37681159420289856,0.4881371936900502,0.782608695652174,0.4154928051118867,107.6923076923077,96,69,0.04423730572064718,0.021783969982426907,cp,70,3,4042,0.4
Blood,dlt_only,0.2463768115942029,0.4340573661412156,0.5652173913043478,0.4993602044724245,129.41176470588232,96,69,0.04423730572064718,0.021783969982426907,cp,70,3,4042,0.4
Constitutional,dlt_only,0.391304347826087,0.49161771686915634,0.4782608695652174,0.5031867754087855,22.22222222222222,96,69,0.04423730572064718,0.021783969982426907,cp,70,3,4042,0.4
Infection,dlt_only,0.14492753623188406,0.3546067548061298,0.391304347826087,0.4916177168691564,170.0,96,69,0.04423730572064718,0.021783969982426907,cp,70,3,4042,0.4
Gastrointestinal,dlt_only,0.2753623188405797,0.4499692136859278,0.4492753623188406,0.501064510466231,63.1578947368421,96,69,0.04423730572064718,0.021783969982426907,cp,70,3,4042,0.4
Overall_Survival,dlt_only,10.819734050234027,1.6998363117002628,11.356936306793397,1.2226052305847683,4.965022745154724,96,69,0.04423730572064718,0.021783969982426907,cp,70,3,4042,0.4
all_constraints,dlt_only,0.07246376811594203,0.261153582247854,0.07246376811594203,0.26115358224785395,0.0,96,69,0.04423730572064718,0.021783969982426907,cp,70,3,4042,0.4
Any_DLT,all_constraints,0.5185185185185185,0.5091750772173156,0.8148148148148148,0.3958473906635696,57.14285714285714,96,27,0.07052755604187648,0.02405716951767824,cp,27,3,4042,0.4
Blood,all_constraints,0.4074074074074074,0.5007117441325405,0.4074074074074074,0.5007117441325405,0.0,96,27,0.07052755604187648,0.02405716951767824,cp,27,3,4042,0.4
Constitutional,all_constraints,0.48148148148148145,0.5091750772173156,0.5925925925925926,0.5007117441325405,23.076923076923077,96,27,0.07052755604187648,0.02405716951767824,cp,27,3,4042,0.4
Infection,all_constraints,0.2222222222222222,0.4236592728681617,0.4074074074074074,0.5007117441325405,83.33333333333334,96,27,0.07052755604187648,0.02405716951767824,cp,27,3,4042,0.4
Gastrointestinal,all_constraints,0.4074074074074074,0.5007117441325405,0.7037037037037037,0.46532162696807516,72.72727272727273,96,27,0.07052755604187648,0.02405716951767824,cp,27,3,4042,0.4
Overall_Survival,all_constraints,11.08808164536267,2.1547478046788933,11.0373243961808,1.5174386834054954,-0.4577640281274323,96,27,0.07052755604187648,0.02405716951767824,cp,27,3,4042,0.4
all_constraints,all_constraints,0.07407407407407407,0.2668802563418119,0.14814814814814814,0.3620139928982457,100.0,96,27,0.07052755604187648,0.02405716951767824,cp,27,3,4042,0.4
Any_DLT,dlt_only,0.375,0.4871773518462232,0.7625,0.4282360049661484,103.33333333333331,96,80,0.026812372108300526,0.027915947329762516,nominal,91,4,5042,0.4
Blood,dlt_only,0.275,0.4493314302129501,0.2875,0.45545220260830827,4.545454545454529,96,80,0.026812372108300526,0.027915947329762516,nominal,91,4,5042,0.4
Constitutional,dlt_only,0.425,0.49746191254243755,0.425,0.4974619125424375,0.0,96,80,0.026812372108300526,0.027915947329762516,nominal,91,4,5042,0.4
Infection,dlt_only,0.15,0.35932426031459785,0.275,0.4493314302129501,83.33333333333336,96,80,0.026812372108300526,0.027915947329762516,nominal,91,4,5042,0.4
Gastrointestinal,dlt_only,0.275,0.4493314302129501,0.8,0.40252368434130215,190.9090909090909,96,80,0.026812372108300526,0.027915947329762516,nominal,91,4,5042,0.4
Overall_Survival,dlt_only,10.72559834694616,1.8824973961481244,10.878354520412126,1.1182494274003432,1.424220528540104,96,80,0.026812372108300526,0.027915947329762516,nominal,91,4,5042,0.4
all_constraints,dlt_only,0.075,0.2650531353464094,0.0,0.0,-100.0,96,80,0.026812372108300526,0.027915947329762516,nominal,91,4,5042,0.4
Any_DLT,all_constraints,0.5,0.5067117097095317,0.9210526315789473,0.2732763127330939,84.21052631578947,96,38,0.07938344776630402,0.05278929732119508,nominal,44,4,5042,0.4
Blood,all_constraints,0.34210526315789475,0.48078290821993186,0.3157894736842105,0.4710691208760756,-7.6923076923077005,96,38,0.07938344776630402,0.05278929732119508,nominal,44,4,5042,0.4
Constitutional,all_constraints,0.47368421052631576,0.506009406240056,0.8947368421052632,0.3110117477759048,88.8888888888889,96,38,0.07938344776630402,0.05278929732119508,nominal,44,4,5042,0.4
Infection,all_constraints,0.2894736842105263,0.45960586739381004,0.7631578947368421,0.43085148418274605,163.63636363636365,96,38,0.07938344776630402,0.05278929732119508,nominal,44,4,5042,0.4
Gastrointestinal,all_constraints,0.4473684210526316,0.5038966228735667,0.9736842105263158,0.16222142113076257,117.64705882352943,96,38,0.07938344776630402,0.05278929732119508,nominal,44,4,5042,0.4
Overall_Survival,all_constraints,10.698915205310271,1.4807703528524363,10.70389104863296,0.9937742916123248,0.046507923721260835,96,38,0.07938344776630402,0.05278929732119508,nominal,44,4,5042,0.4
all_constraints,all_constraints,0.15789473684210525,0.36953702147663203,0.23684210526315788,0.4308514841827461,50.0,96,38,0.07938344776630402,0.05278929732119508,nominal,44,4,5042,0.4
Any_DLT,dlt_only,0.375,0.4871773518462232,0.625,0.4871773518462232,66.66666666666667,96,80,0.014615101118882498,0.008729434745591083,robust_reg,91,4,5042,0.4
Blood,dlt_only,0.275,0.4493314302129501,0.225,0.4202169421632268,-18.181818181818187,96,80,0.014615101118882498,0.008729434745591083,robust_reg,91,4,5042,0.4
Constitutional,dlt_only,0.425,0.49746191254243755,0.2,0.40252368434130215,-52.941176470588225,96,80,0.014615101118882498,0.008729434745591083,robust_reg,91,4,5042,0.4
Infection,dlt_only,0.15,0.35932426031459785,0.3,0.46114881312663186,100.0,96,80,0.014615101118882498,0.008729434745591083,robust_reg,91,4,5042,0.4
Gastrointestinal,dlt_only,0.275,0.4493314302129501,0.85,0.35932426031459785,209.09090909090904,96,80,0.014615101118882498,0.008729434745591083,robust_reg,91,4,5042,0.4
Overall_Survival,dlt_only,10.72559834694616,1.8824973961481244,10.981072522684723,1.0898556468506149,2.381910710009969,96,80,0.014615101118882498,0.008729434745591083,robust_reg,91,4,5042,0.4
all_constraints,dlt_only,0.075,0.2650531353464094,0.0,0.0,-100.0,96,80,0.014615101118882498,0.008729434745591083,robust_reg,91,4,5042,0.4
Any_DLT,all_constraints,0.5,0.5067117097095317,0.9210526315789473,0.2732763127330939,84.21052631578947,96,38,0.07801388452450435,0.04910578980280039,robust_reg,44,4,5042,0.4
Blood,all_constraints,0.34210526315789475,0.48078290821993186,0.3157894736842105,0.4710691208760756,-7.6923076923077005,96,38,0.07801388452450435,0.04910578980280039,robust_reg,44,4,5042,0.4
Constitutional,all_constraints,0.47368421052631576,0.506009406240056,0.8947368421052632,0.3110117477759048,88.8888888888889,96,38,0.07801388452450435,0.04910578980280039,robust_reg,44,4,5042,0.4
Infection,all_constraints,0.2894736842105263,0.45960586739381004,0.7631578947368421,0.43085148418274605,163.63636363636365,96,38,0.07801388452450435,0.04910578980280039,robust_reg,44,4,5042,0.4
Gastrointestinal,all_constraints,0.4473684210526316,0.5038966228735667,0.9736842105263158,0.16222142113076257,117.64705882352943,96,38,0.07801388452450435,0.04910578980280039,robust_reg,44,4,5042,0.4
Overall_Survival,all_constraints,10.698915205310271,1.4807703528524363,10.70389104863296,0.9937742916123248,0.046507923721260835,96,38,0.07801388452450435,0.04910578980280039,robust_reg,44,4,5042,0.4
all_constraints,all_constraints,0.15789473684210525,0.36953702147663203,0.23684210526315788,0.4308514841827461,50.0,96,38,0.07801388452450435,0.04910578980280039,robust_reg,44,4,5042,0.4
Any_DLT,dlt_only,0.375,0.4871773518462232,0.75,0.4357446703305951,100.0,96,80,0.04465891420841217,0.044431042194022025,cp,82,4,5042,0.4
Blood,dlt_only,0.275,0.4493314302129501,0.425,0.4974619125424375,54.545454545454525,96,80,0.04465891420841217,0.044431042194022025,cp,82,4,5042,0.4
Constitutional,dlt_only,0.425,0.49746191254243755,0.475,0.5025252685881778,11.76470588235294,96,80,0.04465891420841217,0.044431042194022025,cp,82,4,5042,0.4
Infection,dlt_only,0.15,0.35932426031459785,0.375,0.4871773518462232,150.0,96,80,0.04465891420841217,0.044431042194022025,cp,82,4,5042,0.4
Gastrointestinal,dlt_only,0.275,0.4493314302129501,0.7,0.4611488131266319,154.5454545454545,96,80,0.04465891420841217,0.044431042194022025,cp,82,4,5042,0.4
Overall_Survival,dlt_only,10.72559834694616,1.8824973961481244,10.555935016938239,1.2087654343933445,-1.5818542194079888,96,80,0.04465891420841217,0.044431042194022025,cp,82,4,5042,0.4
all_constraints,dlt_only,0.075,0.2650531353464094,0.075,0.26505313534640945,0.0,96,80,0.04465891420841217,0.044431042194022025,cp,82,4,5042,0.4
Any_DLT,all_constraints,0.5,0.5067117097095317,0.9210526315789473,0.2732763127330939,84.21052631578947,96,38,0.10459726552168529,0.11146051848540188,cp,38,4,5042,0.4
Blood,all_constraints,0.34210526315789475,0.48078290821993186,0.34210526315789475,0.48078290821993186,0.0,96,38,0.10459726552168529,0.11146051848540188,cp,38,4,5042,0.4
Constitutional,all_constraints,0.47368421052631576,0.506009406240056,0.9473684210526315,0.22629428592141423,100.0,96,38,0.10459726552168529,0.11146051848540188,cp,38,4,5042,0.4
Infection,all_constraints,0.2894736842105263,0.45960586739381004,0.7894736842105263,0.4131549501122744,172.72727272727272,96,38,0.10459726552168529,0.11146051848540188,cp,38,4,5042,0.4
Gastrointestinal,all_constraints,0.4473684210526316,0.5038966228735667,0.9736842105263158,0.16222142113076257,117.64705882352943,96,38,0.10459726552168529,0.11146051848540188,cp,38,4,5042,0.4
Overall_Survival,all_constraints,10.698915205310271,1.4807703528524363,10.63822845808055,1.0022629449781968,-0.5672233685860134,96,38,0.10459726552168529,0.11146051848540188,cp,38,4,5042,0.4
all_constraints,all_constraints,0.15789473684210525,0.36953702147663203,0.2894736842105263,0.45960586739381004,83.33333333333336,96,38,0.10459726552168529,0.11146051848540188,cp,38,4,5042,0.4
Any_DLT,dlt_only,0.4411764705882353,0.500219442626321,0.8823529411764706,0.32458523544031886,100.0,96,68,0.009186238050460815,0.0010406947167520462,nominal,92,5,6042,0.4
Blood,dlt_only,0.3382352941176471,0.4766266450123547,0.6029411764705882,0.49292625715781274,78.26086956521738,96,68,0.009186238050460815,0.0010406947167520462,nominal,92,5,6042,0.4
Constitutional,dlt_only,0.4852941176470588,0.5034996052651828,0.6617647058823529,0.47662664501235463,36.36363636363636,96,68,0.009186238050460815,0.0010406947167520462,nominal,92,5,6042,0.4
Infection,dlt_only,0.22058823529411764,0.4177261916648387,0.47058823529411764,0.5028452845140674,113.33333333333334,96,68,0.009186238050460815,0.0010406947167520462,nominal,92,5,6042,0.4
Gastrointestinal,dlt_only,0.3235294117647059,0.4713010404866808,0.4117647058823529,0.49581213695677473,27.272727272727263,96,68,0.009186238050460815,0.0010406947167520462,nominal,92,5,6042,0.4
Overall_Survival,dlt_only,10.394853189918503,1.7830165807305411,11.798687370279023,1.0759130281608964,13.505089054283463,96,68,0.009186238050460815,0.0010406947167520462,nominal,92,5,6042,0.4
all_constraints,dlt_only,0.11764705882352941,0.32458523544031886,0.19117647058823528,0.39615137093267144,62.49999999999999,96,68,0.009186238050460815,0.0010406947167520462,nominal,92,5,6042,0.4
Any_DLT,all_constraints,0.49122807017543857,0.5043668951391246,0.9824561403508771,0.13245323570650439,100.0,96,57,0.04996826002995173,0.026932384634855453,nominal,64,5,6042,0.4
Blood,all_constraints,0.3508771929824561,0.48148683672021303,0.6140350877192983,0.4911497431287515,75.00000000000001,96,57,0.04996826002995173,0.026932384634855453,nominal,64,5,6042,0.4
Constitutional,all_constraints,0.543859649122807,0.502500015586229,0.8596491228070176,0.35043832202523123,58.064516129032256,96,57,0.04996826002995173,0.026932384634855453,nominal,64,5,6042,0.4
Infection,all_constraints,0.22807017543859648,0.4233178415652577,0.543859649122807,0.502500015586229,138.46153846153848,96,57,0.04996826002995173,0.026932384634855453,nominal,64,5,6042,0.4
Gastrointestinal,all_constraints,0.38596491228070173,0.49114974312875154,0.5789473684210527,0.4981167541368988,50.000000000000014,96,57,0.04996826002995173,0.026932384634855453,nominal,64,5,6042,0.4
Overall_Survival,all_constraints,10.871706081183225,2.0079150490302884,11.937317699449753,1.3139653084924794,9.801696351144844,96,57,0.04996826002995173,0.026932384634855453,nominal,64,5,6042,0.4
all_constraints,all_constraints,0.12280701754385964,0.331133089266261,0.2982456140350877,0.4615545270643915,142.85714285714283,96,57,0.04996826002995173,0.026932384634855453,nominal,64,5,6042,0.4
Any_DLT,dlt_only,0.4411764705882353,0.500219442626321,0.8529411764705882,0.3567977763447601,93.33333333333333,96,68,0.009637497365474701,0.0011844100513819403,robust_reg,94,5,6042,0.4
Blood,dlt_only,0.3382352941176471,0.4766266450123547,0.6029411764705882,0.49292625715781274,78.26086956521738,96,68,0.009637497365474701,0.0011844100513819403,robust_reg,94,5,6042,0.4
Constitutional,dlt_only,0.4852941176470588,0.5034996052651828,0.6029411764705882,0.49292625715781274,24.24242424242424,96,68,0.009637497365474701,0.0011844100513819403,robust_reg,94,5,6042,0.4
Infection,dlt_only,0.22058823529411764,0.4177261916648387,0.4852941176470588,0.5034996052651827,120.00000000000001,96,68,0.009637497365474701,0.0011844100513819403,robust_reg,94,5,6042,0.4
Gastrointestinal,dlt_only,0.3235294117647059,0.4713010404866808,0.36764705882352944,0.48574951362942237,13.63636363636364,96,68,0.009637497365474701,0.0011844100513819403,robust_reg,94,5,6042,0.4
Overall_Survival,dlt_only,10.394853189918503,1.7830165807305411,11.867540625820032,0.9988927738547616,14.167467389821546,96,68,0.009637497365474701,0.0011844100513819403,robust_reg,94,5,6042,0.4
all_constraints,dlt_only,0.11764705882352941,0.32458523544031886,0.17647058823529413,0.3840544298562199,50.000000000000014,96,68,0.009637497365474701,0.0011844100513819403,robust_reg,94,5,6042,0.4
Any_DLT,all_constraints,0.49122807017543857,0.5043668951391246,0.9824561403508771,0.13245323570650439,100.0,96,57,0.05051730324824651,0.02868633122412556,robust_reg,64,5,6042,0.4
Blood,all_constraints,0.3508771929824561,0.48148683672021303,0.6140350877192983,0.4911497431287515,75.00000000000001,96,57,0.05051730324824651,0.02868633122412556,robust_reg,64,5,6042,0.4
Constitutional,all_constraints,0.543859649122807,0.502500015586229,0.8596491228070176,0.35043832202523123,58.064516129032256,96,57,0.05051730324824651,0.02868633122412556,robust_reg,64,5,6042,0.4
Infection,all_constraints,0.22807017543859648,0.4233178415652577,0.543859649122807,0.502500015586229,138.46153846153848,96,57,0.05051730324824651,0.02868633122412556,robust_reg,64,5,6042,0.4
Gastrointestinal,all_constraints,0.38596491228070173,0.49114974312875154,0.5789473684210527,0.4981167541368988,50.000000000000014,96,57,0.05051730324824651,0.02868633122412556,robust_reg,64,5,6042,0.4
Overall_Survival,all_constraints,10.871706081183225,2.0079150490302884,11.937317699449753,1.3139653084924794,9.801696351144844,96,57,0.05051730324824651,0.02868633122412556,robust_reg,64,5,6042,0.4
all_constraints,all_constraints,0.12280701754385964,0.331133089266261,0.2982456140350877,0.4615545270643915,142.85714285714283,96,57,0.05051730324824651,0.02868633122412556,robust_reg,64,5,6042,0.4
Any_DLT,dlt_only,0.4411764705882353,0.500219442626321,0.7647058823529411,0.4273363196758909,73.33333333333333,96,68,0.051638672749201454,0.06100018138812457,cp,68,5,6042,0.4
Blood,dlt_only,0.3382352941176471,0.4766266450123547,0.5294117647058824,0.5028452845140674,56.52173913043478,96,68,0.051638672749201454,0.06100018138812457,cp,68,5,6042,0.4
Constitutional,dlt_only,0.4852941176470588,0.5034996052651828,0.5588235294117647,0.5002194426263209,15.151515151515154,96,68,0.051638672749201454,0.06100018138812457,cp,68,5,6042,0.4
Infection,dlt_only,0.22058823529411764,0.4177261916648387,0.4264705882352941,0.49824097959612124,93.33333333333333,96,68,0.051638672749201454,0.06100018138812457,cp,68,5,6042,0.4
Gastrointestinal,dlt_only,0.3235294117647059,0.4713010404866808,0.47058823529411764,0.5028452845140674,45.454545454545446,96,68,0.051638672749201454,0.06100018138812457,cp,68,5,6042,0.4
Overall_Survival,dlt_only,10.394853189918503,1.7830165807305411,10.796861938907554,1.4326792933207724,3.867382652204658,96,68,0.051638672749201454,0.06100018138812457,cp,68,5,6042,0.4
all_constraints,dlt_only,0.11764705882352941,0.32458523544031886,0.1323529411764706,0.3413936216694646,12.500000000000004,96,68,0.051638672749201454,0.06100018138812457,cp,68,5,6042,0.4
Any_DLT,all_constraints,0.49122807017543857,0.5043668951391246,0.8245614035087719,0.38372269644812984,67.85714285714286,96,57,0.08433045695225398,0.04490610948466443,cp,57,5,6042,0.4
Blood,all_constraints,0.3508771929824561,0.48148683672021303,0.5614035087719298,0.5006261743217589,60.0,96,57,0.08433045695225398,0.04490610948466443,cp,57,5,6042,0.4
Constitutional,all_constraints,0.543859649122807,0.502500015586229,0.6491228070175439,0.48148683672021303,19.354838709677416,96,57,0.08433045695225398,0.04490610948466443,cp,57,5,6042,0.4
Infection,all_constraints,0.22807017543859648,0.4233178415652577,0.5087719298245614,0.5043668951391246,123.07692307692311,96,57,0.08433045695225398,0.04490610948466443,cp,57,5,6042,0.4
Gastrointestinal,all_constraints,0.38596491228070173,0.49114974312875154,0.5263157894736842,0.5037453706946007,36.36363636363637,96,57,0.08433045695225398,0.04490610948466443,cp,57,5,6042,0.4
Overall_Survival,all_constraints,10.871706081183225,2.0079150490302884,11.210405212857047,1.2866629840661064,3.115418400245785,96,57,0.08433045695225398,0.04490610948466443,cp,57,5,6042,0.4
all_constraints,all_constraints,0.12280701754385964,0.331133089266261,0.15789473684210525,0.36788360369097944,28.571428571428573,96,57,0.08433045695225398,0.04490610948466443,cp,57,5,6042,0.4
Any_DLT,dlt_only,0.35,0.4809947319913076,0.8,0.40337558727168854,128.5714285714286,96,60,0.015895018974939983,0.005305252058965655,nominal,86,6,7042,0.4
Blood,dlt_only,0.25,0.4366668823046865,0.4666666666666667,0.5030977485864635,86.66666666666667,96,60,0.015895018974939983,0.005305252058965655,nominal,86,6,7042,0.4
Constitutional,dlt_only,0.38333333333333336,0.49030141772790004,0.7,0.4621247905424446,82.60869565217389,96,60,0.015895018974939983,0.005305252058965655,nominal,86,6,7042,0.4
Infection,dlt_only,0.15,0.3600847357902755,0.5333333333333333,0.5030977485864635,255.55555555555554,96,60,0.015895018974939983,0.005305252058965655,nominal,86,6,7042,0.4
Gastrointestinal,dlt_only,0.25,0.4366668823046865,0.8666666666666667,0.34280333180088157,246.66666666666669,96,60,0.015895018974939983,0.005305252058965655,nominal,86,6,7042,0.4
Overall_Survival,dlt_only,10.454068124136821,1.842999897464415,10.11957203295324,1.1272212736129643,-3.1996739184364187,96,60,0.015895018974939983,0.005305252058965655,nominal,86,6,7042,0.4
all_constraints,dlt_only,0.08333333333333333,0.27871780678530217,0.31666666666666665,0.46910179830729837,280.0,96,60,0.015895018974939983,0.005305252058965655,nominal,86,6,7042,0.4
Any_DLT,all_constraints,0.6363636363636364,0.49236596391733095,0.8181818181818182,0.39477101697586137,28.57142857142858,96,22,0.06870417048533757,0.03896041884349665,nominal,26,6,7042,0.4
Blood,all_constraints,0.36363636363636365,0.4923659639173309,0.5,0.511766315719159,37.49999999999999,96,22,0.06870417048533757,0.03896041884349665,nominal,26,6,7042,0.4
Constitutional,all_constraints,0.5,0.511766315719159,0.5,0.511766315719159,0.0,96,22,0.06870417048533757,0.03896041884349665,nominal,26,6,7042,0.4
Infection,all_constraints,0.2727272727272727,0.4558423058385519,0.6363636363636364,0.4923659639173309,133.33333333333334,96,22,0.06870417048533757,0.03896041884349665,nominal,26,6,7042,0.4
Gastrointestinal,all_constraints,0.5,0.511766315719159,1.0,0.0,100.0,96,22,0.06870417048533757,0.03896041884349665,nominal,26,6,7042,0.4
Overall_Survival,all_constraints,10.716015048638003,2.4245940539889164,10.268759784543555,1.5239466807863573,-4.17370880933294,96,22,0.06870417048533757,0.03896041884349665,nominal,26,6,7042,0.4
all_constraints,all_constraints,0.18181818181818182,0.3947710169758613,0.3181818181818182,0.4767312946227962,74.99999999999999,96,22,0.06870417048533757,0.03896041884349665,nominal,26,6,7042,0.4
Any_DLT,dlt_only,0.35,0.4809947319913076,0.1,0.30253169045376643,-71.42857142857142,96,60,0.016058313349882763,0.00663873052989179,robust_reg,94,6,7042,0.4
Blood,dlt_only,0.25,0.4366668823046865,0.15,0.3600847357902755,-40.0,96,60,0.016058313349882763,0.00663873052989179,robust_reg,94,6,7042,0.4
Constitutional,dlt_only,0.38333333333333336,0.49030141772790004,0.35,0.4809947319913076,-8.695652173913055,96,60,0.016058313349882763,0.00663873052989179,robust_reg,94,6,7042,0.4
Infection,dlt_only,0.15,0.3600847357902755,0.05,0.21978417765108274,-66.66666666666667,96,60,0.016058313349882763,0.00663873052989179,robust_reg,94,6,7042,0.4
Gastrointestinal,dlt_only,0.25,0.4366668823046865,0.11666666666666667,0.3237317715130933,-53.333333333333336,96,60,0.016058313349882763,0.00663873052989179,robust_reg,94,6,7042,0.4
Overall_Survival,dlt_only,10.454068124136821,1.842999897464415,11.478760143803916,1.1023020712459457,9.801849457066762,96,60,0.016058313349882763,0.00663873052989179,robust_reg,94,6,7042,0.4
all_constraints,dlt_only,0.08333333333333333,0.27871780678530217,0.03333333333333333,0.1810203347193925,-60.0,96,60,0.016058313349882763,0.00663873052989179,robust_reg,94,6,7042,0.4
Any_DLT,all_constraints,0.6363636363636364,0.49236596391733095,0.8181818181818182,0.39477101697586137,28.57142857142858,96,22,0.07143468658129375,0.04725415513130826,robust_reg,26,6,7042,0.4
Blood,all_constraints,0.36363636363636365,0.4923659639173309,0.5,0.511766315719159,37.49999999999999,96,22,0.07143468658129375,0.04725415513130826,robust_reg,26,6,7042,0.4
Constitutional,all_constraints,0.5,0.511766315719159,0.5,0.511766315719159,0.0,96,22,0.07143468658129375,0.04725415513130826,robust_reg,26,6,7042,0.4
Infection,all_constraints,0.2727272727272727,0.4558423058385519,0.6363636363636364,0.4923659639173309,133.33333333333334,96,22,0.07143468658129375,0.04725415513130826,robust_reg,26,6,7042,0.4
Gastrointestinal,all_constraints,0.5,0.511766315719159,1.0,0.0,100.0,96,22,0.07143468658129375,0.04725415513130826,robust_reg,26,6,7042,0.4
Overall_Survival,all_constraints,10.716015048638003,2.4245940539889164,10.268759784543555,1.5239466807863573,-4.17370880933294,96,22,0.07143468658129375,0.04725415513130826,robust_reg,26,6,7042,0.4
all_constraints,all_constraints,0.18181818181818182,0.3947710169758613,0.3181818181818182,0.4767312946227962,74.99999999999999,96,22,0.07143468658129375,0.04725415513130826,robust_reg,26,6,7042,0.4
Any_DLT,dlt_only,0.35,0.4809947319913076,0.75,0.4366668823046865,114.28571428571429,96,60,0.08103622744480769,0.06609840705732525,cp,60,6,7042,0.4
Blood,dlt_only,0.25,0.4366668823046865,0.55,0.5016920522135438,120.00000000000001,96,60,0.08103622744480769,0.06609840705732525,cp,60,6,7042,0.4
Constitutional,dlt_only,0.38333333333333336,0.49030141772790004,0.36666666666666664,0.48596110141697085,-4.347826086956535,96,60,0.08103622744480769,0.06609840705732525,cp,60,6,7042,0.4
Infection,dlt_only,0.15,0.3600847357902755,0.36666666666666664,0.48596110141697085,144.44444444444443,96,60,0.08103622744480769,0.06609840705732525,cp,60,6,7042,0.4
Gastrointestinal,dlt_only,0.25,0.4366668823046865,0.7666666666666667,0.42652186808509857,206.66666666666669,96,60,0.08103622744480769,0.06609840705732525,cp,60,6,7042,0.4
Overall_Survival,dlt_only,10.454068124136821,1.842999897464415,10.128465982118673,1.072977404442093,-3.1145974768079374,96,60,0.08103622744480769,0.06609840705732525,cp,60,6,7042,0.4
all_constraints,dlt_only,0.08333333333333333,0.27871780678530217,0.1,0.30253169045376643,20.000000000000014,96,60,0.08103622744480769,0.06609840705732525,cp,60,6,7042,0.4
Any_DLT,all_constraints,0.6363636363636364,0.49236596391733095,0.8636363636363636,0.35125008665710444,35.71428571428572,96,22,0.07812106360991795,0.04892614492677984,cp,22,6,7042,0.4
Blood,all_constraints,0.36363636363636365,0.4923659639173309,0.5454545454545454,0.5096471914376255,49.999999999999986,96,22,0.07812106360991795,0.04892614492677984,cp,22,6,7042,0.4
Constitutional,all_constraints,0.5,0.511766315719159,0.5,0.511766315719159,0.0,96,22,0.07812106360991795,0.04892614492677984,cp,22,6,7042,0.4
Infection,all_constraints,0.2727272727272727,0.4558423058385519,0.6363636363636364,0.4923659639173309,133.33333333333334,96,22,0.07812106360991795,0.04892614492677984,cp,22,6,7042,0.4
Gastrointestinal,all_constraints,0.5,0.511766315719159,1.0,0.0,100.0,96,22,0.07812106360991795,0.04892614492677984,cp,22,6,7042,0.4
Overall_Survival,all_constraints,10.716015048638003,2.4245940539889164,10.214034940383188,1.61620573662539,-4.684391594976491,96,22,0.07812106360991795,0.04892614492677984,cp,22,6,7042,0.4
all_constraints,all_constraints,0.18181818181818182,0.3947710169758613,0.36363636363636365,0.4923659639173309,100.0,96,22,0.07812106360991795,0.04892614492677984,cp,22,6,7042,0.4
Any_DLT,dlt_only,0.4050632911392405,0.49404108989736717,0.810126582278481,0.39470694637299264,100.00000000000001,96,79,0.019429485003153484,0.013340301884544823,nominal,89,7,8042,0.4
Blood,dlt_only,0.31645569620253167,0.4680648595607224,0.7215189873417721,0.4511156785172619,127.99999999999997,96,79,0.019429485003153484,0.013340301884544823,nominal,89,7,8042,0.4
Constitutional,dlt_only,0.4177215189873418,0.49633515704686887,0.5569620253164557,0.4999188509286224,33.33333333333332,96,79,0.019429485003153484,0.013340301884544823,nominal,89,7,8042,0.4
Infection,dlt_only,0.17721518987341772,0.38429067760552643,0.43037974683544306,0.498293094262482,142.85714285714286,96,79,0.019429485003153484,0.013340301884544823,nominal,89,7,8042,0.4
Gastrointestinal,dlt_only,0.31645569620253167,0.46806485956072236,0.43037974683544306,0.498293094262482,36.0,96,79,0.019429485003153484,0.013340301884544823,nominal,89,7,8042,0.4
Overall_Survival,dlt_only,10.583639264003216,1.5990490805465722,11.4761622165263,1.1303665092353203,8.4330439677655,96,79,0.019429485003153484,0.013340301884544823,nominal,89,7,8042,0.4
all_constraints,dlt_only,0.10126582278481013,0.3036080768519887,0.13924050632911392,0.34840947082971635,37.49999999999999,96,79,0.019429485003153484,0.013340301884544823,nominal,89,7,8042,0.4
Any_DLT,all_constraints,0.48,0.5046720495044484,0.94,0.23989793748209526,95.83333333333334,96,50,0.06767027080059052,0.031205112106268376,nominal,52,7,8042,0.4
Blood,all_constraints,0.32,0.4712120714991612,0.78,0.41845195759648024,143.75,96,50,0.06767027080059052,0.031205112106268376,nominal,52,7,8042,0.4
Constitutional,all_constraints,0.48,0.5046720495044483,0.9,0.30304576336566325,87.50000000000001,96,50,0.06767027080059052,0.031205112106268376,nominal,52,7,8042,0.4
Infection,all_constraints,0.22,0.41845195759648035,0.64,0.48487322138506117,190.90909090909093,96,50,0.06767027080059052,0.031205112106268376,nominal,52,7,8042,0.4
Gastrointestinal,all_constraints,0.38,0.49031435147801467,0.82,0.38808793449160356,115.7894736842105,96,50,0.06767027080059052,0.031205112106268376,nominal,52,7,8042,0.4
Overall_Survival,all_constraints,11.046305953062745,1.723620778902336,10.561058368524574,1.0860452124438813,-4.39284939779918,96,50,0.06767027080059052,0.031205112106268376,nominal,52,7,8042,0.4
all_constraints,all_constraints,0.12,0.32826072265931594,0.44,0.501426536422407,266.6666666666667,96,50,0.06767027080059052,0.031205112106268376,nominal,52,7,8042,0.4
Any_DLT,dlt_only,0.4050632911392405,0.49404108989736717,0.8481012658227848,0.3612161649468224,109.37499999999999,96,79,0.01919916272163391,0.01363976366630679,robust_reg,96,7,8042,0.4
Blood,dlt_only,0.31645569620253167,0.4680648595607224,0.7215189873417721,0.4511156785172619,127.99999999999997,96,79,0.01919916272163391,0.01363976366630679,robust_reg,96,7,8042,0.4
Constitutional,dlt_only,0.4177215189873418,0.49633515704686887,0.5063291139240507,0.5031546054266276,21.212121212121218,96,79,0.01919916272163391,0.01363976366630679,robust_reg,96,7,8042,0.4
Infection,dlt_only,0.17721518987341772,0.38429067760552643,0.4177215189873418,0.4963351570468688,135.71428571428572,96,79,0.01919916272163391,0.01363976366630679,robust_reg,96,7,8042,0.4
Gastrointestinal,dlt_only,0.31645569620253167,0.46806485956072236,0.4810126582278481,0.502831966980225,51.99999999999999,96,79,0.01919916272163391,0.01363976366630679,robust_reg,96,7,8042,0.4
Overall_Survival,dlt_only,10.583639264003216,1.5990490805465722,11.506004283872844,1.1547795874227678,8.715008106963277,96,79,0.01919916272163391,0.01363976366630679,robust_reg,96,7,8042,0.4
all_constraints,dlt_only,0.10126582278481013,0.3036080768519887,0.1518987341772152,0.3612161649468224,50.00000000000001,96,79,0.01919916272163391,0.01363976366630679,robust_reg,96,7,8042,0.4
Any_DLT,all_constraints,0.48,0.5046720495044484,0.94,0.23989793748209526,95.83333333333334,96,50,0.06802711387475331,0.03229425571781111,robust_reg,52,7,8042,0.4
Blood,all_constraints,0.32,0.4712120714991612,0.78,0.41845195759648024,143.75,96,50,0.06802711387475331,0.03229425571781111,robust_reg,52,7,8042,0.4
Constitutional,all_constraints,0.48,0.5046720495044483,0.9,0.30304576336566325,87.50000000000001,96,50,0.06802711387475331,0.03229425571781111,robust_reg,52,7,8042,0.4
Infection,all_constraints,0.22,0.41845195759648035,0.64,0.48487322138506117,190.90909090909093,96,50,0.06802711387475331,0.03229425571781111,robust_reg,52,7,8042,0.4
Gastrointestinal,all_constraints,0.38,0.49031435147801467,0.82,0.38808793449160356,115.7894736842105,96,50,0.06802711387475331,0.03229425571781111,robust_reg,52,7,8042,0.4
Overall_Survival,all_constraints,11.046305953062745,1.723620778902336,10.561058368524574,1.0860452124438813,-4.39284939779918,96,50,0.06802711387475331,0.03229425571781111,robust_reg,52,7,8042,0.4
all_constraints,all_constraints,0.12,0.32826072265931594,0.44,0.501426536422407,266.6666666666667,96,50,0.06802711387475331,0.03229425571781111,robust_reg,52,7,8042,0.4
Any_DLT,dlt_only,0.4050632911392405,0.49404108989736717,0.7088607594936709,0.4571903809859547,75.0,96,79,0.03783113261063894,0.021336197868249068,cp,79,7,8042,0.4
Blood,dlt_only,0.31645569620253167,0.4680648595607224,0.5949367088607594,0.494041089897367,87.99999999999997,96,79,0.03783113261063894,0.021336197868249068,cp,79,7,8042,0.4
Constitutional,dlt_only,0.4177215189873418,0.49633515704686887,0.5316455696202531,0.5021860682332357,27.272727272727256,96,79,0.03783113261063894,0.021336197868249068,cp,79,7,8042,0.4
Infection,dlt_only,0.17721518987341772,0.38429067760552643,0.4177215189873418,0.49633515704686887,135.71428571428572,96,79,0.03783113261063894,0.021336197868249068,cp,79,7,8042,0.4
Gastrointestinal,dlt_only,0.31645569620253167,0.46806485956072236,0.569620253164557,0.4982930942624819,80.0,96,79,0.03783113261063894,0.021336197868249068,cp,79,7,8042,0.4
Overall_Survival,dlt_only,10.583639264003216,1.5990490805465722,11.003528742786852,1.0083858072021021,3.9673449586641985,96,79,0.03783113261063894,0.021336197868249068,cp,79,7,8042,0.4
all_constraints,dlt_only,0.10126582278481013,0.3036080768519887,0.1518987341772152,0.3612161649468224,50.00000000000001,96,79,0.03783113261063894,0.021336197868249068,cp,79,7,8042,0.4
Any_DLT,all_constraints,0.48,0.5046720495044484,0.94,0.23989793748209526,95.83333333333334,96,50,0.07940213878949483,0.08660855327480803,cp,50,7,8042,0.4
Blood,all_constraints,0.32,0.4712120714991612,0.78,0.41845195759648024,143.75,96,50,0.07940213878949483,0.08660855327480803,cp,50,7,8042,0.4
Constitutional,all_constraints,0.48,0.5046720495044483,0.9,0.30304576336566325,87.50000000000001,96,50,0.07940213878949483,0.08660855327480803,cp,50,7,8042,0.4
Infection,all_constraints,0.22,0.41845195759648035,0.64,0.48487322138506117,190.90909090909093,96,50,0.07940213878949483,0.08660855327480803,cp,50,7,8042,0.4
Gastrointestinal,all_constraints,0.38,0.49031435147801467,0.82,0.38808793449160356,115.7894736842105,96,50,0.07940213878949483,0.08660855327480803,cp,50,7,8042,0.4
Overall_Survival,all_constraints,11.046305953062745,1.723620778902336,10.559040884521965,1.085777409987985,-4.411113277246134,96,50,0.07940213878949483,0.08660855327480803,cp,50,7,8042,0.4
all_constraints,all_constraints,0.12,0.32826072265931594,0.44,0.501426536422407,266.6666666666667,96,50,0.07940213878949483,0.08660855327480803,cp,50,7,8042,0.4
Any_DLT,dlt_only,0.4393939393939394,0.5001165365357859,0.8939393939393939,0.3102747109746398,103.44827586206897,96,66,0.013380090395609537,0.00834091910673461,nominal,91,8,9042,0.4
Blood,dlt_only,0.3181818181818182,0.46933966408105793,0.6515151515151515,0.48014178170216604,104.76190476190474,96,66,0.013380090395609537,0.00834091910673461,nominal,91,8,9042,0.4
Constitutional,dlt_only,0.4696969696969697,0.5029053120754968,0.7878787878787878,0.4119429204355498,67.74193548387095,96,66,0.013380090395609537,0.00834091910673461,nominal,91,8,9042,0.4
Infection,dlt_only,0.19696969696969696,0.40075685971179664,0.5,0.5038314736557788,153.84615384615387,96,66,0.013380090395609537,0.00834091910673461,nominal,91,8,9042,0.4
Gastrointestinal,dlt_only,0.3333333333333333,0.4750168687962836,0.42424242424242425,0.4980147066288786,27.27272727272728,96,66,0.013380090395609537,0.00834091910673461,nominal,91,8,9042,0.4
Overall_Survival,dlt_only,10.776466313822596,1.973396671653714,11.936963285574965,1.284117260325069,10.768808048551506,96,66,0.013380090395609537,0.00834091910673461,nominal,91,8,9042,0.4
all_constraints,dlt_only,0.10606060606060606,0.31027471097463977,0.22727272727272727,0.4222815154866222,114.28571428571426,96,66,0.013380090395609537,0.00834091910673461,nominal,91,8,9042,0.4
Any_DLT,all_constraints,0.5588235294117647,0.5039947372613783,0.9705882352941176,0.17149858514250882,73.68421052631578,96,34,0.060035924116770424,0.030570705422291507,nominal,47,8,9042,0.4
Blood,all_constraints,0.3235294117647059,0.47485807993381707,0.5882352941176471,0.4995541684356422,81.81818181818181,96,34,0.060035924116770424,0.030570705422291507,nominal,47,8,9042,0.4
Constitutional,all_constraints,0.6470588235294118,0.48507125007266594,0.8823529411764706,0.3270349700838643,36.36363636363635,96,34,0.060035924116770424,0.030570705422291507,nominal,47,8,9042,0.4
Infection,all_constraints,0.29411764705882354,0.46249729006288026,0.5882352941176471,0.4995541684356422,100.0,96,34,0.060035924116770424,0.030570705422291507,nominal,47,8,9042,0.4
Gastrointestinal,all_constraints,0.4411764705882353,0.5039947372613783,0.6470588235294118,0.485071250072666,46.66666666666668,96,34,0.060035924116770424,0.030570705422291507,nominal,47,8,9042,0.4
Overall_Survival,all_constraints,11.105000027629448,1.5897894770098806,11.777116885705574,1.2946602827837153,6.052380516919291,96,34,0.060035924116770424,0.030570705422291507,nominal,47,8,9042,0.4
all_constraints,all_constraints,0.17647058823529413,0.3869529949759475,0.2647058823529412,0.4478110755198991,49.99999999999999,96,34,0.060035924116770424,0.030570705422291507,nominal,47,8,9042,0.4
Any_DLT,dlt_only,0.4393939393939394,0.5001165365357859,0.8939393939393939,0.3102747109746398,103.44827586206897,96,66,0.019820938507715862,0.02917133608796271,robust_reg,92,8,9042,0.4
Blood,dlt_only,0.3181818181818182,0.46933966408105793,0.6515151515151515,0.48014178170216604,104.76190476190474,96,66,0.019820938507715862,0.02917133608796271,robust_reg,92,8,9042,0.4
Constitutional,dlt_only,0.4696969696969697,0.5029053120754968,0.7121212121212122,0.4562439130098156,51.61290322580645,96,66,0.019820938507715862,0.02917133608796271,robust_reg,92,8,9042,0.4
Infection,dlt_only,0.19696969696969696,0.40075685971179664,0.5151515151515151,0.5036000929438493,161.53846153846155,96,66,0.019820938507715862,0.02917133608796271,robust_reg,92,8,9042,0.4
Gastrointestinal,dlt_only,0.3333333333333333,0.4750168687962836,0.4393939393939394,0.5001165365357859,31.818181818181824,96,66,0.019820938507715862,0.02917133608796271,robust_reg,92,8,9042,0.4
Overall_Survival,dlt_only,10.776466313822596,1.973396671653714,11.926378475349562,1.3165839266640755,10.670586517326319,96,66,0.019820938507715862,0.02917133608796271,robust_reg,92,8,9042,0.4
all_constraints,dlt_only,0.10606060606060606,0.31027471097463977,0.21212121212121213,0.4119429204355498,99.99999999999999,96,66,0.019820938507715862,0.02917133608796271,robust_reg,92,8,9042,0.4
Any_DLT,all_constraints,0.5588235294117647,0.5039947372613783,0.9705882352941176,0.17149858514250882,73.68421052631578,96,34,0.062217297653357186,0.036446608558505234,robust_reg,47,8,9042,0.4
Blood,all_constraints,0.3235294117647059,0.47485807993381707,0.5882352941176471,0.4995541684356422,81.81818181818181,96,34,0.062217297653357186,0.036446608558505234,robust_reg,47,8,9042,0.4
Constitutional,all_constraints,0.6470588235294118,0.48507125007266594,0.8823529411764706,0.3270349700838643,36.36363636363635,96,34,0.062217297653357186,0.036446608558505234,robust_reg,47,8,9042,0.4
Infection,all_constraints,0.29411764705882354,0.46249729006288026,0.5882352941176471,0.4995541684356422,100.0,96,34,0.062217297653357186,0.036446608558505234,robust_reg,47,8,9042,0.4
Gastrointestinal,all_constraints,0.4411764705882353,0.5039947372613783,0.6470588235294118,0.485071250072666,46.66666666666668,96,34,0.062217297653357186,0.036446608558505234,robust_reg,47,8,9042,0.4
Overall_Survival,all_constraints,11.105000027629448,1.5897894770098806,11.777116885705574,1.2946602827837153,6.052380516919291,96,34,0.062217297653357186,0.036446608558505234,robust_reg,47,8,9042,0.4
all_constraints,all_constraints,0.17647058823529413,0.3869529949759475,0.2647058823529412,0.4478110755198991,49.99999999999999,96,34,0.062217297653357186,0.036446608558505234,robust_reg,47,8,9042,0.4
Any_DLT,dlt_only,0.4393939393939394,0.5001165365357859,0.7121212121212122,0.4562439130098156,62.06896551724139,96,66,0.05212673296531042,0.0317966852462639,cp,66,8,9042,0.4
Blood,dlt_only,0.3181818181818182,0.46933966408105793,0.5303030303030303,0.5029053120754968,66.66666666666667,96,66,0.05212673296531042,0.0317966852462639,cp,66,8,9042,0.4
Constitutional,dlt_only,0.4696969696969697,0.5029053120754968,0.5757575757575758,0.4980147066288786,22.580645161290324,96,66,0.05212673296531042,0.0317966852462639,cp,66,8,9042,0.4
Infection,dlt_only,0.19696969696969696,0.40075685971179664,0.45454545454545453,0.5017452060042544,130.76923076923077,96,66,0.05212673296531042,0.0317966852462639,cp,66,8,9042,0.4
Gastrointestinal,dlt_only,0.3333333333333333,0.4750168687962836,0.3333333333333333,0.4750168687962836,0.0,96,66,0.05212673296531042,0.0317966852462639,cp,66,8,9042,0.4
Overall_Survival,dlt_only,10.776466313822596,1.973396671653714,11.488828889033122,1.5108017240683538,6.610354029472578,96,66,0.05212673296531042,0.0317966852462639,cp,66,8,9042,0.4
all_constraints,dlt_only,0.10606060606060606,0.31027471097463977,0.13636363636363635,0.34580401903450975,28.57142857142856,96,66,0.05212673296531042,0.0317966852462639,cp,66,8,9042,0.4
Any_DLT,all_constraints,0.5588235294117647,0.5039947372613783,0.9705882352941176,0.17149858514250882,73.68421052631578,96,34,0.07834676653146744,0.06768020059318332,cp,34,8,9042,0.4
Blood,all_constraints,0.3235294117647059,0.47485807993381707,0.5294117647058824,0.5066403971048989,63.636363636363626,96,34,0.07834676653146744,0.06768020059318332,cp,34,8,9042,0.4
Constitutional,all_constraints,0.6470588235294118,0.48507125007266594,0.8235294117647058,0.3869529949759475,27.272727272727263,96,34,0.07834676653146744,0.06768020059318332,cp,34,8,9042,0.4
Infection,all_constraints,0.29411764705882354,0.46249729006288026,0.5882352941176471,0.4995541684356422,100.0,96,34,0.07834676653146744,0.06768020059318332,cp,34,8,9042,0.4
Gastrointestinal,all_constraints,0.4411764705882353,0.5039947372613783,0.6470588235294118,0.48507125007266594,46.66666666666668,96,34,0.07834676653146744,0.06768020059318332,cp,34,8,9042,0.4
Overall_Survival,all_constraints,11.105000027629448,1.5897894770098806,11.636102203192415,1.3119229377864192,4.78254997065804,96,34,0.07834676653146744,0.06768020059318332,cp,34,8,9042,0.4
all_constraints,all_constraints,0.17647058823529413,0.3869529949759475,0.23529411764705882,0.4305615452020461,33.33333333333332,96,34,0.07834676653146744,0.06768020059318332,cp,34,8,9042,0.4
Any_DLT,dlt_only,0.379746835443038,0.48842492713311164,0.9367088607594937,0.24504171031127578,146.66666666666666,96,79,0.015002282957235972,0.0075176705228005404,nominal,95,9,10042,0.4
Blood,dlt_only,0.31645569620253167,0.4680648595607224,0.6582278481012658,0.47733437050543803,107.99999999999996,96,79,0.015002282957235972,0.0075176705228005404,nominal,95,9,10042,0.4
Constitutional,dlt_only,0.43037974683544306,0.49829309426248186,0.7848101265822784,0.4135799329292691,82.35294117647058,96,79,0.015002282957235972,0.0075176705228005404,nominal,95,9,10042,0.4
Infection,dlt_only,0.16455696202531644,0.373149442354017,0.45569620253164556,0.5012156594651515,176.92307692307693,96,79,0.015002282957235972,0.0075176705228005404,nominal,95,9,10042,0.4
Gastrointestinal,dlt_only,0.2911392405063291,0.4571903809859547,0.35443037974683544,0.4813968639321408,21.73913043478261,96,79,0.015002282957235972,0.0075176705228005404,nominal,95,9,10042,0.4
Overall_Survival,dlt_only,10.608533714679856,1.6986590304687474,11.917368888236817,1.012389045946213,12.337569062403256,96,79,0.015002282957235972,0.0075176705228005404,nominal,95,9,10042,0.4
all_constraints,dlt_only,0.08860759493670886,0.28599235321145144,0.20253164556962025,0.4044542646466312,128.57142857142858,96,79,0.015002282957235972,0.0075176705228005404,nominal,95,9,10042,0.4
Any_DLT,all_constraints,0.5454545454545454,0.5056498968474316,0.9393939393939394,0.24230584229877994,72.22222222222224,96,33,0.06897335251172383,0.03936049698568458,nominal,33,9,10042,0.4
Blood,all_constraints,0.30303030303030304,0.4666937221594376,0.6666666666666666,0.47871355387816905,119.99999999999999,96,33,0.06897335251172383,0.03936049698568458,nominal,33,9,10042,0.4
Constitutional,all_constraints,0.5151515151515151,0.5075192189225523,0.696969696969697,0.46669372215943755,35.29411764705883,96,33,0.06897335251172383,0.03936049698568458,nominal,33,9,10042,0.4
Infection,all_constraints,0.21212121212121213,0.41514875026728054,0.6060606060606061,0.49619766344887317,185.7142857142857,96,33,0.06897335251172383,0.03936049698568458,nominal,33,9,10042,0.4
Gastrointestinal,all_constraints,0.3939393939393939,0.49619766344887317,0.7878787878787878,0.41514875026728054,100.0,96,33,0.06897335251172383,0.03936049698568458,nominal,33,9,10042,0.4
Overall_Survival,all_constraints,10.836917338469618,1.4553662305087842,10.810956561241245,1.5045460857551953,-0.2395586901472094,96,33,0.06897335251172383,0.03936049698568458,nominal,33,9,10042,0.4
all_constraints,all_constraints,0.12121212121212122,0.33143398263980844,0.3333333333333333,0.47871355387816905,175.0,96,33,0.06897335251172383,0.03936049698568458,nominal,33,9,10042,0.4
Any_DLT,dlt_only,0.379746835443038,0.48842492713311164,0.9113924050632911,0.28599235321145144,139.99999999999997,96,79,0.015611862142880758,0.0064875695057949176,robust_reg,95,9,10042,0.4
Blood,dlt_only,0.31645569620253167,0.4680648595607224,0.6582278481012658,0.47733437050543803,107.99999999999996,96,79,0.015611862142880758,0.0064875695057949176,robust_reg,95,9,10042,0.4
Constitutional,dlt_only,0.43037974683544306,0.49829309426248186,0.7215189873417721,0.4511156785172619,67.64705882352939,96,79,0.015611862142880758,0.0064875695057949176,robust_reg,95,9,10042,0.4
Infection,dlt_only,0.16455696202531644,0.373149442354017,0.46835443037974683,0.5021860682332357,184.61538461538464,96,79,0.015611862142880758,0.0064875695057949176,robust_reg,95,9,10042,0.4
Gastrointestinal,dlt_only,0.2911392405063291,0.4571903809859547,0.35443037974683544,0.4813968639321408,21.73913043478261,96,79,0.015611862142880758,0.0064875695057949176,robust_reg,95,9,10042,0.4
Overall_Survival,dlt_only,10.608533714679856,1.6986590304687474,11.848697678411668,1.141316799507467,11.690248596897984,96,79,0.015611862142880758,0.0064875695057949176,robust_reg,95,9,10042,0.4
all_constraints,dlt_only,0.08860759493670886,0.28599235321145144,0.17721518987341772,0.38429067760552643,99.99999999999999,96,79,0.015611862142880758,0.0064875695057949176,robust_reg,95,9,10042,0.4
Any_DLT,all_constraints,0.5454545454545454,0.5056498968474316,0.9393939393939394,0.24230584229877994,72.22222222222224,96,33,0.06839759399493535,0.036128387290092025,robust_reg,33,9,10042,0.4
Blood,all_constraints,0.30303030303030304,0.4666937221594376,0.6666666666666666,0.47871355387816905,119.99999999999999,96,33,0.06839759399493535,0.036128387290092025,robust_reg,33,9,10042,0.4
Constitutional,all_constraints,0.5151515151515151,0.5075192189225523,0.696969696969697,0.46669372215943755,35.29411764705883,96,33,0.06839759399493535,0.036128387290092025,robust_reg,33,9,10042,0.4
Infection,all_constraints,0.21212121212121213,0.41514875026728054,0.6060606060606061,0.49619766344887317,185.7142857142857,96,33,0.06839759399493535,0.036128387290092025,robust_reg,33,9,10042,0.4
Gastrointestinal,all_constraints,0.3939393939393939,0.49619766344887317,0.7878787878787878,0.41514875026728054,100.0,96,33,0.06839759399493535,0.036128387290092025,robust_reg,33,9,10042,0.4
Overall_Survival,all_constraints,10.836917338469618,1.4553662305087842,10.810956561241245,1.5045460857551953,-0.2395586901472094,96,33,0.06839759399493535,0.036128387290092025,robust_reg,33,9,10042,0.4
all_constraints,all_constraints,0.12121212121212122,0.33143398263980844,0.3333333333333333,0.47871355387816905,175.0,96,33,0.06839759399493535,0.036128387290092025,robust_reg,33,9,10042,0.4
Any_DLT,dlt_only,0.379746835443038,0.48842492713311164,0.7721518987341772,0.422124270455854,103.33333333333331,96,79,0.05288878083229065,0.02779338824315423,cp,79,9,10042,0.4
Blood,dlt_only,0.31645569620253167,0.4680648595607224,0.620253164556962,0.4884249271331116,95.99999999999997,96,79,0.05288878083229065,0.02779338824315423,cp,79,9,10042,0.4
Constitutional,dlt_only,0.43037974683544306,0.49829309426248186,0.5063291139240507,0.5031546054266276,17.647058823529413,96,79,0.05288878083229065,0.02779338824315423,cp,79,9,10042,0.4
Infection,dlt_only,0.16455696202531644,0.373149442354017,0.43037974683544306,0.498293094262482,161.53846153846158,96,79,0.05288878083229065,0.02779338824315423,cp,79,9,10042,0.4
Gastrointestinal,dlt_only,0.2911392405063291,0.4571903809859547,0.379746835443038,0.48842492713311175,30.434782608695663,96,79,0.05288878083229065,0.02779338824315423,cp,79,9,10042,0.4
Overall_Survival,dlt_only,10.608533714679856,1.6986590304687474,11.04764122318111,1.5627510724009461,4.139191337004719,96,79,0.05288878083229065,0.02779338824315423,cp,79,9,10042,0.4
all_constraints,dlt_only,0.08860759493670886,0.28599235321145144,0.12658227848101267,0.3346290946166707,42.85714285714287,96,79,0.05288878083229065,0.02779338824315423,cp,79,9,10042,0.4
Any_DLT,all_constraints,0.5454545454545454,0.5056498968474316,0.9393939393939394,0.24230584229877994,72.22222222222224,96,33,0.07242271304130554,0.0557004705550482,cp,33,9,10042,0.4
Blood,all_constraints,0.30303030303030304,0.4666937221594376,0.6666666666666666,0.47871355387816905,119.99999999999999,96,33,0.07242271304130554,0.0557004705550482,cp,33,9,10042,0.4
Constitutional,all_constraints,0.5151515151515151,0.5075192189225523,0.696969696969697,0.46669372215943755,35.29411764705883,96,33,0.07242271304130554,0.0557004705550482,cp,33,9,10042,0.4
Infection,all_constraints,0.21212121212121213,0.41514875026728054,0.6363636363636364,0.48850421045919723,199.99999999999997,96,33,0.07242271304130554,0.0557004705550482,cp,33,9,10042,0.4
Gastrointestinal,all_constraints,0.3939393939393939,0.49619766344887317,0.7575757575757576,0.4351941398892446,92.30769230769232,96,33,0.07242271304130554,0.0557004705550482,cp,33,9,10042,0.4
Overall_Survival,all_constraints,10.836917338469618,1.4553662305087842,10.760301856787367,1.497055004575223,-0.7069859378762349,96,33,0.07242271304130554,0.0557004705550482,cp,33,9,10042,0.4
all_constraints,all_constraints,0.12121212121212122,0.33143398263980844,0.3333333333333333,0.47871355387816905,175.0,96,33,0.07242271304130554,0.0557004705550482,cp,33,9,10042,0.4
Any_DLT,dlt_only,0.6413043478260869,0.4822457022551119,0.9565217391304348,0.20504855915155562,49.15254237288137,96,92,0.017728455364704132,0.0037492314285487126,nominal,95,0,1042,0.5
Blood,dlt_only,0.6086956521739131,0.4907164920657184,0.9456521739130435,0.22794497286530102,55.35714285714285,96,92,0.017728455364704132,0.0037492314285487126,nominal,95,0,1042,0.5
Constitutional,dlt_only,0.7391304347826086,0.4415150045959089,0.9130434782608695,0.2833152987899314,23.529411764705884,96,92,0.017728455364704132,0.0037492314285487126,nominal,95,0,1042,0.5
Infection,dlt_only,0.7065217391304348,0.4578507717505198,0.9347826086956522,0.24826199498867577,32.307692307692314,96,92,0.017728455364704132,0.0037492314285487126,nominal,95,0,1042,0.5
Gastrointestinal,dlt_only,0.5869565217391305,0.49507850222322614,0.967391304347826,0.17858337274913308,64.8148148148148,96,92,0.017728455364704132,0.0037492314285487126,nominal,95,0,1042,0.5
Overall_Survival,dlt_only,10.741155971231974,1.7818188149414214,11.756785133687673,0.9854240046281466,9.455492175850138,96,92,0.017728455364704132,0.0037492314285487126,nominal,95,0,1042,0.5
all_constraints,dlt_only,0.42391304347826086,0.4968847048741672,0.8804347826086957,0.32623025995934074,107.69230769230771,96,92,0.017728455364704132,0.0037492314285487126,nominal,95,0,1042,0.5
Any_DLT,all_constraints,0.6901408450704225,0.4657267529901028,1.0,0.0,44.89795918367348,96,71,0.07077000538508098,0.02238214768795289,nominal,84,0,1042,0.5
Blood,all_constraints,0.6619718309859155,0.4764050489066446,0.9577464788732394,0.2025988096361772,44.68085106382978,96,71,0.07077000538508098,0.02238214768795289,nominal,84,0,1042,0.5
Constitutional,all_constraints,0.8028169014084507,0.4007036065244361,0.9859154929577465,0.11867816581938531,22.807017543859647,96,71,0.07077000538508098,0.02238214768795289,nominal,84,0,1042,0.5
Infection,all_constraints,0.7464788732394366,0.43812293966599075,0.971830985915493,0.16663312875171465,30.188679245283023,96,71,0.07077000538508098,0.02238214768795289,nominal,84,0,1042,0.5
Gastrointestinal,all_constraints,0.647887323943662,0.4810284087035602,1.0,0.0,54.347826086956516,96,71,0.07077000538508098,0.02238214768795289,nominal,84,0,1042,0.5
Overall_Survival,all_constraints,10.726243508962616,1.7407491420230714,11.577703246955815,1.226770405349355,7.938098154136981,96,71,0.07077000538508098,0.02238214768795289,nominal,84,0,1042,0.5
all_constraints,all_constraints,0.4788732394366197,0.5031090461059528,0.9154929577464789,0.28012644457404984,91.1764705882353,96,71,0.07077000538508098,0.02238214768795289,nominal,84,0,1042,0.5
Any_DLT,dlt_only,0.6413043478260869,0.4822457022551119,0.9130434782608695,0.28331529878993134,42.3728813559322,96,92,0.01814028372367223,0.006044774284749891,robust_reg,93,0,1042,0.5
Blood,dlt_only,0.6086956521739131,0.4907164920657184,0.9239130434782609,0.26659001127895315,51.78571428571428,96,92,0.01814028372367223,0.006044774284749891,robust_reg,93,0,1042,0.5
Constitutional,dlt_only,0.7391304347826086,0.4415150045959089,0.9130434782608695,0.2833152987899314,23.529411764705884,96,92,0.01814028372367223,0.006044774284749891,robust_reg,93,0,1042,0.5
Infection,dlt_only,0.7065217391304348,0.4578507717505198,0.8913043478260869,0.31296251010007803,26.153846153846146,96,92,0.01814028372367223,0.006044774284749891,robust_reg,93,0,1042,0.5
Gastrointestinal,dlt_only,0.5869565217391305,0.49507850222322614,0.9239130434782609,0.26659001127895315,57.4074074074074,96,92,0.01814028372367223,0.006044774284749891,robust_reg,93,0,1042,0.5
Overall_Survival,dlt_only,10.741155971231974,1.7818188149414214,11.5934312264862,1.1187430551697595,7.9346697649384605,96,92,0.01814028372367223,0.006044774284749891,robust_reg,93,0,1042,0.5
all_constraints,dlt_only,0.42391304347826086,0.4968847048741672,0.8586956521739131,0.3502439256481347,102.56410256410257,96,92,0.01814028372367223,0.006044774284749891,robust_reg,93,0,1042,0.5
Any_DLT,all_constraints,0.6901408450704225,0.4657267529901028,1.0,0.0,44.89795918367348,96,71,0.07042805850505829,0.02228921058394283,robust_reg,84,0,1042,0.5
Blood,all_constraints,0.6619718309859155,0.4764050489066446,0.9577464788732394,0.2025988096361772,44.68085106382978,96,71,0.07042805850505829,0.02228921058394283,robust_reg,84,0,1042,0.5
Constitutional,all_constraints,0.8028169014084507,0.4007036065244361,0.9859154929577465,0.11867816581938531,22.807017543859647,96,71,0.07042805850505829,0.02228921058394283,robust_reg,84,0,1042,0.5
Infection,all_constraints,0.7464788732394366,0.43812293966599075,0.971830985915493,0.16663312875171465,30.188679245283023,96,71,0.07042805850505829,0.02228921058394283,robust_reg,84,0,1042,0.5
Gastrointestinal,all_constraints,0.647887323943662,0.4810284087035602,1.0,0.0,54.347826086956516,96,71,0.07042805850505829,0.02228921058394283,robust_reg,84,0,1042,0.5
Overall_Survival,all_constraints,10.726243508962616,1.7407491420230714,11.577703246955815,1.226770405349355,7.938098154136981,96,71,0.07042805850505829,0.02228921058394283,robust_reg,84,0,1042,0.5
all_constraints,all_constraints,0.4788732394366197,0.5031090461059528,0.9154929577464789,0.28012644457404984,91.1764705882353,96,71,0.07042805850505829,0.02228921058394283,robust_reg,84,0,1042,0.5
Any_DLT,dlt_only,0.6413043478260869,0.4822457022551119,0.9565217391304348,0.20504855915155562,49.15254237288137,96,92,0.03777351975440979,0.02751441864572901,cp,94,0,1042,0.5
Blood,dlt_only,0.6086956521739131,0.4907164920657184,0.9456521739130435,0.22794497286530102,55.35714285714285,96,92,0.03777351975440979,0.02751441864572901,cp,94,0,1042,0.5
Constitutional,dlt_only,0.7391304347826086,0.4415150045959089,0.9021739130434783,0.29870720011393176,22.05882352941177,96,92,0.03777351975440979,0.02751441864572901,cp,94,0,1042,0.5
Infection,dlt_only,0.7065217391304348,0.4578507717505198,0.9456521739130435,0.22794497286530102,33.84615384615384,96,92,0.03777351975440979,0.02751441864572901,cp,94,0,1042,0.5
Gastrointestinal,dlt_only,0.5869565217391305,0.49507850222322614,0.9456521739130435,0.22794497286530102,61.11111111111109,96,92,0.03777351975440979,0.02751441864572901,cp,94,0,1042,0.5
Overall_Survival,dlt_only,10.741155971231974,1.7818188149414214,10.877101004407269,1.1997043606114186,1.265646207348598,96,92,0.03777351975440979,0.02751441864572901,cp,94,0,1042,0.5
all_constraints,dlt_only,0.42391304347826086,0.4968847048741672,0.8586956521739131,0.3502439256481348,102.56410256410257,96,92,0.03777351975440979,0.02751441864572901,cp,94,0,1042,0.5
Any_DLT,all_constraints,0.6901408450704225,0.4657267529901028,0.9859154929577465,0.11867816581938533,42.85714285714287,96,71,0.2317370151480039,0.1667351113069384,cp,77,0,1042,0.5
Blood,all_constraints,0.6619718309859155,0.4764050489066446,0.971830985915493,0.16663312875171465,46.80851063829788,96,71,0.2317370151480039,0.1667351113069384,cp,77,0,1042,0.5
Constitutional,all_constraints,0.8028169014084507,0.4007036065244361,0.9859154929577465,0.11867816581938531,22.807017543859647,96,71,0.2317370151480039,0.1667351113069384,cp,77,0,1042,0.5
Infection,all_constraints,0.7464788732394366,0.43812293966599075,0.971830985915493,0.16663312875171465,30.188679245283023,96,71,0.2317370151480039,0.1667351113069384,cp,77,0,1042,0.5
Gastrointestinal,all_constraints,0.647887323943662,0.4810284087035602,0.9859154929577465,0.11867816581938533,52.17391304347826,96,71,0.2317370151480039,0.1667351113069384,cp,77,0,1042,0.5
Overall_Survival,all_constraints,10.726243508962616,1.7407491420230714,11.1636720160447,0.9465171879752806,4.078114642060641,96,71,0.2317370151480039,0.1667351113069384,cp,77,0,1042,0.5
all_constraints,all_constraints,0.4788732394366197,0.5031090461059528,0.9295774647887324,0.25767885117341766,94.11764705882354,96,71,0.2317370151480039,0.1667351113069384,cp,77,0,1042,0.5
Any_DLT,dlt_only,0.6382978723404256,0.48306957200104617,0.9680851063829787,0.1767160202664313,51.666666666666664,96,94,0.017809016009171803,0.0020056952945750554,nominal,96,1,2042,0.5
Blood,dlt_only,0.6276595744680851,0.48602054368703224,1.0,0.0,59.322033898305094,96,94,0.017809016009171803,0.0020056952945750554,nominal,96,1,2042,0.5
Constitutional,dlt_only,0.723404255319149,0.4497132974175554,0.8829787234042553,0.32316921825641187,22.058823529411757,96,94,0.017809016009171803,0.0020056952945750554,nominal,96,1,2042,0.5
Infection,dlt_only,0.7021276595744681,0.45977524275495457,0.9787234042553191,0.14507865158346242,39.393939393939384,96,94,0.017809016009171803,0.0020056952945750554,nominal,96,1,2042,0.5
Gastrointestinal,dlt_only,0.5851063829787234,0.49534552875951693,0.9574468085106383,0.2029298102618999,63.63636363636364,96,94,0.017809016009171803,0.0020056952945750554,nominal,96,1,2042,0.5
Overall_Survival,dlt_only,10.710532699901927,1.7930739213017046,11.9406348270282,0.9647427895941046,11.484976159379414,96,94,0.017809016009171803,0.0020056952945750554,nominal,96,1,2042,0.5
all_constraints,dlt_only,0.425531914893617,0.4970744887414602,0.8723404255319149,0.3354997092507591,105.00000000000001,96,94,0.017809016009171803,0.0020056952945750554,nominal,96,1,2042,0.5
Any_DLT,all_constraints,0.6666666666666666,0.4751909633114914,1.0,0.0,50.00000000000001,96,63,0.07062409073114395,0.019818673832091453,nominal,87,1,2042,0.5
Blood,all_constraints,0.6190476190476191,0.4895215382447743,0.9841269841269841,0.1259881576697424,58.97435897435896,96,63,0.07062409073114395,0.019818673832091453,nominal,87,1,2042,0.5
Constitutional,all_constraints,0.8571428571428571,0.3527378107513292,1.0,0.0,16.66666666666667,96,63,0.07062409073114395,0.019818673832091453,nominal,87,1,2042,0.5
Infection,all_constraints,0.7619047619047619,0.42933879074109177,0.9523809523809523,0.2146693953705459,25.0,96,63,0.07062409073114395,0.019818673832091453,nominal,87,1,2042,0.5
Gastrointestinal,all_constraints,0.6507936507936508,0.4805484151611324,1.0,0.0,53.658536585365844,96,63,0.07062409073114395,0.019818673832091453,nominal,87,1,2042,0.5
Overall_Survival,all_constraints,10.999723829520057,1.8627890162073952,11.823092210642008,1.353880652556113,7.485355031480602,96,63,0.07062409073114395,0.019818673832091453,nominal,87,1,2042,0.5
all_constraints,all_constraints,0.49206349206349204,0.5039526306789697,0.9523809523809523,0.2146693953705459,93.54838709677419,96,63,0.07062409073114395,0.019818673832091453,nominal,87,1,2042,0.5
Any_DLT,dlt_only,0.6382978723404256,0.48306957200104617,0.9680851063829787,0.1767160202664313,51.666666666666664,96,94,0.018444016575813293,0.003102508256574753,robust_reg,96,1,2042,0.5
Blood,dlt_only,0.6276595744680851,0.48602054368703224,1.0,0.0,59.322033898305094,96,94,0.018444016575813293,0.003102508256574753,robust_reg,96,1,2042,0.5
Constitutional,dlt_only,0.723404255319149,0.4497132974175554,0.8829787234042553,0.32316921825641187,22.058823529411757,96,94,0.018444016575813293,0.003102508256574753,robust_reg,96,1,2042,0.5
Infection,dlt_only,0.7021276595744681,0.45977524275495457,0.9787234042553191,0.14507865158346242,39.393939393939384,96,94,0.018444016575813293,0.003102508256574753,robust_reg,96,1,2042,0.5
Gastrointestinal,dlt_only,0.5851063829787234,0.49534552875951693,0.9574468085106383,0.2029298102618999,63.63636363636364,96,94,0.018444016575813293,0.003102508256574753,robust_reg,96,1,2042,0.5
Overall_Survival,dlt_only,10.710532699901927,1.7930739213017046,11.922688790862274,1.0211905844791398,11.317421130430295,96,94,0.018444016575813293,0.003102508256574753,robust_reg,96,1,2042,0.5
all_constraints,dlt_only,0.425531914893617,0.4970744887414602,0.8723404255319149,0.3354997092507591,105.00000000000001,96,94,0.018444016575813293,0.003102508256574753,robust_reg,96,1,2042,0.5
Any_DLT,all_constraints,0.6666666666666666,0.4751909633114914,1.0,0.0,50.00000000000001,96,63,0.08572520812352498,0.03186707226871414,robust_reg,91,1,2042,0.5
Blood,all_constraints,0.6190476190476191,0.4895215382447743,0.9682539682539683,0.17673143177130224,56.4102564102564,96,63,0.08572520812352498,0.03186707226871414,robust_reg,91,1,2042,0.5
Constitutional,all_constraints,0.8571428571428571,0.3527378107513292,0.9841269841269841,0.1259881576697424,14.814814814814815,96,63,0.08572520812352498,0.03186707226871414,robust_reg,91,1,2042,0.5
Infection,all_constraints,0.7619047619047619,0.42933879074109177,0.9682539682539683,0.1767314317713022,27.083333333333343,96,63,0.08572520812352498,0.03186707226871414,robust_reg,91,1,2042,0.5
Gastrointestinal,all_constraints,0.6507936507936508,0.4805484151611324,1.0,0.0,53.658536585365844,96,63,0.08572520812352498,0.03186707226871414,robust_reg,91,1,2042,0.5
Overall_Survival,all_constraints,10.999723829520057,1.8627890162073952,11.686654786009212,1.4526709888638702,6.24498366627744,96,63,0.08572520812352498,0.03186707226871414,robust_reg,91,1,2042,0.5
all_constraints,all_constraints,0.49206349206349204,0.5039526306789697,0.9206349206349206,0.27247890131917835,87.09677419354838,96,63,0.08572520812352498,0.03186707226871414,robust_reg,91,1,2042,0.5
Any_DLT,dlt_only,0.6382978723404256,0.48306957200104617,0.8191489361702128,0.38695852789502394,28.33333333333333,96,94,0.11723163723945618,0.12486559259290675,cp,94,1,2042,0.5
Blood,dlt_only,0.6276595744680851,0.48602054368703224,0.851063829787234,0.3579345410363401,35.59322033898306,96,94,0.11723163723945618,0.12486559259290675,cp,94,1,2042,0.5
Constitutional,dlt_only,0.723404255319149,0.4497132974175554,0.8404255319148937,0.3681745579851539,16.176470588235293,96,94,0.11723163723945618,0.12486559259290675,cp,94,1,2042,0.5
Infection,dlt_only,0.7021276595744681,0.45977524275495457,0.8723404255319149,0.3354997092507591,24.242424242424246,96,94,0.11723163723945618,0.12486559259290675,cp,94,1,2042,0.5
Gastrointestinal,dlt_only,0.5851063829787234,0.49534552875951693,0.8617021276595744,0.3470633740209737,47.27272727272726,96,94,0.11723163723945618,0.12486559259290675,cp,94,1,2042,0.5
Overall_Survival,dlt_only,10.710532699901927,1.7930739213017046,10.875289830868846,1.1116887789901113,1.5382720503568188,96,94,0.11723163723945618,0.12486559259290675,cp,94,1,2042,0.5
all_constraints,dlt_only,0.425531914893617,0.4970744887414602,0.5957446808510638,0.4933787163701949,39.99999999999999,96,94,0.11723163723945618,0.12486559259290675,cp,94,1,2042,0.5
Any_DLT,all_constraints,0.6666666666666666,0.4751909633114914,0.9682539682539683,0.17673143177130224,45.23809523809525,96,63,0.569662886361281,0.5127950475287033,cp,63,1,2042,0.5
Blood,all_constraints,0.6190476190476191,0.4895215382447743,0.8888888888888888,0.3167939755409943,43.58974358974358,96,63,0.569662886361281,0.5127950475287033,cp,63,1,2042,0.5
Constitutional,all_constraints,0.8571428571428571,0.3527378107513292,1.0,0.0,16.66666666666667,96,63,0.569662886361281,0.5127950475287033,cp,63,1,2042,0.5
Infection,all_constraints,0.7619047619047619,0.42933879074109177,0.873015873015873,0.33562957173259184,14.583333333333341,96,63,0.569662886361281,0.5127950475287033,cp,63,1,2042,0.5
Gastrointestinal,all_constraints,0.6507936507936508,0.4805484151611324,1.0,0.0,53.658536585365844,96,63,0.569662886361281,0.5127950475287033,cp,63,1,2042,0.5
Overall_Survival,all_constraints,10.999723829520057,1.8627890162073952,11.243957766067496,1.5030205972525563,2.2203642594369994,96,63,0.569662886361281,0.5127950475287033,cp,63,1,2042,0.5
all_constraints,all_constraints,0.49206349206349204,0.5039526306789697,0.8253968253968254,0.3826765896260495,67.74193548387096,96,63,0.569662886361281,0.5127950475287033,cp,63,1,2042,0.5
Any_DLT,dlt_only,0.6615384615384615,0.4768687934367756,0.9538461538461539,0.2114510308831302,44.186046511627914,96,65,0.027155160903930664,0.017146078066567722,nominal,96,2,3042,0.5
Blood,dlt_only,0.6461538461538462,0.4818833245315078,0.8461538461538461,0.36360904617671225,30.952380952380945,96,65,0.027155160903930664,0.017146078066567722,nominal,96,2,3042,0.5
Constitutional,dlt_only,0.7692307692307693,0.4246038878042234,0.9230769230769231,0.26854307776478736,20.0,96,65,0.027155160903930664,0.017146078066567722,nominal,96,2,3042,0.5
Infection,dlt_only,0.7384615384615385,0.4428925898610702,0.9692307692307692,0.1740358053345964,31.249999999999993,96,65,0.027155160903930664,0.017146078066567722,nominal,96,2,3042,0.5
Gastrointestinal,dlt_only,0.5692307692307692,0.49903753519997024,0.9846153846153847,0.12403473458920845,72.972972972973,96,65,0.027155160903930664,0.017146078066567722,nominal,96,2,3042,0.5
Overall_Survival,dlt_only,10.387783983188555,1.8356015368576892,10.587709285989279,1.0047305083100986,1.9246193714104938,96,65,0.027155160903930664,0.017146078066567722,nominal,96,2,3042,0.5
all_constraints,dlt_only,0.4461538461538462,0.5009606156790557,0.7846153846153846,0.4142880826002788,75.86206896551722,96,65,0.027155160903930664,0.017146078066567722,nominal,96,2,3042,0.5
Any_DLT,all_constraints,0.686046511627907,0.4668197260557302,0.9534883720930233,0.2118254966704237,38.983050847457626,96,86,0.09583009779453278,0.03396474438299893,nominal,89,2,3042,0.5
Blood,all_constraints,0.6511627906976745,0.47939770694352374,0.8023255813953488,0.40058097343617033,23.2142857142857,96,86,0.09583009779453278,0.03396474438299893,nominal,89,2,3042,0.5
Constitutional,all_constraints,0.7906976744186046,0.40919660368228417,0.9186046511627907,0.27504507776297615,16.176470588235297,96,86,0.09583009779453278,0.03396474438299893,nominal,89,2,3042,0.5
Infection,all_constraints,0.7558139534883721,0.4321232534311833,0.9883720930232558,0.10783277320343843,30.769230769230766,96,86,0.09583009779453278,0.03396474438299893,nominal,89,2,3042,0.5
Gastrointestinal,all_constraints,0.6395348837209303,0.48295148210035294,1.0,0.0,56.36363636363635,96,86,0.09583009779453278,0.03396474438299893,nominal,89,2,3042,0.5
Overall_Survival,all_constraints,10.764240462375628,1.8246905018924613,10.69656448030302,1.1044897164003136,-0.6287111692567278,96,86,0.09583009779453278,0.03396474438299893,nominal,89,2,3042,0.5
all_constraints,all_constraints,0.46511627906976744,0.5017070722245297,0.7209302325581395,0.4511726626756408,54.99999999999999,96,86,0.09583009779453278,0.03396474438299893,nominal,89,2,3042,0.5
Any_DLT,dlt_only,0.6615384615384615,0.4768687934367756,0.9692307692307692,0.1740358053345964,46.51162790697675,96,65,0.03464931001265844,0.019945095330957865,robust_reg,96,2,3042,0.5
Blood,dlt_only,0.6461538461538462,0.4818833245315078,1.0,0.0,54.76190476190475,96,65,0.03464931001265844,0.019945095330957865,robust_reg,96,2,3042,0.5
Constitutional,dlt_only,0.7692307692307693,0.4246038878042234,0.9230769230769231,0.26854307776478736,20.0,96,65,0.03464931001265844,0.019945095330957865,robust_reg,96,2,3042,0.5
Infection,dlt_only,0.7384615384615385,0.4428925898610702,1.0,0.0,35.41666666666666,96,65,0.03464931001265844,0.019945095330957865,robust_reg,96,2,3042,0.5
Gastrointestinal,dlt_only,0.5692307692307692,0.49903753519997024,0.9538461538461539,0.2114510308831302,67.56756756756758,96,65,0.03464931001265844,0.019945095330957865,robust_reg,96,2,3042,0.5
Overall_Survival,dlt_only,10.387783983188555,1.8356015368576892,10.69586003367921,1.0176670225619224,2.96575334055118,96,65,0.03464931001265844,0.019945095330957865,robust_reg,96,2,3042,0.5
all_constraints,dlt_only,0.4461538461538462,0.5009606156790557,0.9230769230769231,0.26854307776478736,106.89655172413792,96,65,0.03464931001265844,0.019945095330957865,robust_reg,96,2,3042,0.5
Any_DLT,all_constraints,0.686046511627907,0.4668197260557302,0.9534883720930233,0.2118254966704237,38.983050847457626,96,86,0.09423377364873886,0.029243120144676202,robust_reg,89,2,3042,0.5
Blood,all_constraints,0.6511627906976745,0.47939770694352374,0.8023255813953488,0.40058097343617033,23.2142857142857,96,86,0.09423377364873886,0.029243120144676202,robust_reg,89,2,3042,0.5
Constitutional,all_constraints,0.7906976744186046,0.40919660368228417,0.9186046511627907,0.27504507776297615,16.176470588235297,96,86,0.09423377364873886,0.029243120144676202,robust_reg,89,2,3042,0.5
Infection,all_constraints,0.7558139534883721,0.4321232534311833,0.9883720930232558,0.10783277320343843,30.769230769230766,96,86,0.09423377364873886,0.029243120144676202,robust_reg,89,2,3042,0.5
Gastrointestinal,all_constraints,0.6395348837209303,0.48295148210035294,1.0,0.0,56.36363636363635,96,86,0.09423377364873886,0.029243120144676202,robust_reg,89,2,3042,0.5
Overall_Survival,all_constraints,10.764240462375628,1.8246905018924613,10.69656448030302,1.1044897164003136,-0.6287111692567278,96,86,0.09423377364873886,0.029243120144676202,robust_reg,89,2,3042,0.5
all_constraints,all_constraints,0.46511627906976744,0.5017070722245297,0.7209302325581395,0.4511726626756408,54.99999999999999,96,86,0.09423377364873886,0.029243120144676202,robust_reg,89,2,3042,0.5
Any_DLT,dlt_only,0.6615384615384615,0.4768687934367756,0.9538461538461539,0.2114510308831302,44.186046511627914,96,65,0.09320337325334549,0.08590552711485779,cp,65,2,3042,0.5
Blood,dlt_only,0.6461538461538462,0.4818833245315078,0.7692307692307693,0.4246038878042234,19.047619047619047,96,65,0.09320337325334549,0.08590552711485779,cp,65,2,3042,0.5
Constitutional,dlt_only,0.7692307692307693,0.4246038878042234,0.9076923076923077,0.2917124506190194,17.999999999999993,96,65,0.09320337325334549,0.08590552711485779,cp,65,2,3042,0.5
Infection,dlt_only,0.7384615384615385,0.4428925898610702,0.9692307692307692,0.1740358053345964,31.249999999999993,96,65,0.09320337325334549,0.08590552711485779,cp,65,2,3042,0.5
Gastrointestinal,dlt_only,0.5692307692307692,0.49903753519997024,0.9384615384615385,0.2421855614066333,64.86486486486487,96,65,0.09320337325334549,0.08590552711485779,cp,65,2,3042,0.5
Overall_Survival,dlt_only,10.387783983188555,1.8356015368576892,10.537158410407118,1.170825509726894,1.4379816470992093,96,65,0.09320337325334549,0.08590552711485779,cp,65,2,3042,0.5
all_constraints,dlt_only,0.4461538461538462,0.5009606156790557,0.676923076923077,0.4712911887733364,51.72413793103448,96,65,0.09320337325334549,0.08590552711485779,cp,65,2,3042,0.5
Any_DLT,all_constraints,0.686046511627907,0.4668197260557302,0.9534883720930233,0.2118254966704237,38.983050847457626,96,86,0.1098634476463,0.05582667868077626,cp,88,2,3042,0.5
Blood,all_constraints,0.6511627906976745,0.47939770694352374,0.7790697674418605,0.4173068497400268,19.642857142857142,96,86,0.1098634476463,0.05582667868077626,cp,88,2,3042,0.5
Constitutional,all_constraints,0.7906976744186046,0.40919660368228417,0.9069767441860465,0.29216864496359496,14.705882352941176,96,86,0.1098634476463,0.05582667868077626,cp,88,2,3042,0.5
Infection,all_constraints,0.7558139534883721,0.4321232534311833,0.9883720930232558,0.10783277320343843,30.769230769230766,96,86,0.1098634476463,0.05582667868077626,cp,88,2,3042,0.5
Gastrointestinal,all_constraints,0.6395348837209303,0.48295148210035294,1.0,0.0,56.36363636363635,96,86,0.1098634476463,0.05582667868077626,cp,88,2,3042,0.5
Overall_Survival,all_constraints,10.764240462375628,1.8246905018924613,10.647439052098527,1.1034758564520935,-1.0850873378884378,96,86,0.1098634476463,0.05582667868077626,cp,88,2,3042,0.5
all_constraints,all_constraints,0.46511627906976744,0.5017070722245297,0.686046511627907,0.46681972605573024,47.5,96,86,0.1098634476463,0.05582667868077626,cp,88,2,3042,0.5
Any_DLT,dlt_only,0.6521739130434783,0.4788902604039829,0.9130434782608695,0.2833152987899314,39.99999999999999,96,92,0.019063288966814678,0.0033131082671868186,nominal,96,3,4042,0.5
Blood,dlt_only,0.6304347826086957,0.485331908732589,0.9021739130434783,0.29870720011393176,43.103448275862064,96,92,0.019063288966814678,0.0033131082671868186,nominal,96,3,4042,0.5
Constitutional,dlt_only,0.7391304347826086,0.4415150045959089,0.8913043478260869,0.31296251010007803,20.588235294117652,96,92,0.019063288966814678,0.0033131082671868186,nominal,96,3,4042,0.5
Infection,dlt_only,0.717391304347826,0.4527349601029049,0.9347826086956522,0.2482619949886758,30.303030303030315,96,92,0.019063288966814678,0.0033131082671868186,nominal,96,3,4042,0.5
Gastrointestinal,dlt_only,0.5869565217391305,0.49507850222322614,0.9456521739130435,0.22794497286530102,61.11111111111109,96,92,0.019063288966814678,0.0033131082671868186,nominal,96,3,4042,0.5
Overall_Survival,dlt_only,10.723446363015093,1.7566668091853064,12.037546221246034,0.9855537659763492,12.254454526515278,96,92,0.019063288966814678,0.0033131082671868186,nominal,96,3,4042,0.5
all_constraints,dlt_only,0.43478260869565216,0.49844478627922684,0.782608695652174,0.41473113113479426,80.00000000000001,96,92,0.019063288966814678,0.0033131082671868186,nominal,96,3,4042,0.5
Any_DLT,all_constraints,0.6455696202531646,0.4813968639321408,0.9240506329113924,0.26660986087588917,43.13725490196079,96,79,0.08367560058832169,0.04061611688265235,nominal,91,3,4042,0.5
Blood,all_constraints,0.620253164556962,0.4884249271331116,0.8987341772151899,0.3036080768519887,44.89795918367348,96,79,0.08367560058832169,0.04061611688265235,nominal,91,3,4042,0.5
Constitutional,all_constraints,0.7848101265822784,0.4135799329292691,0.9367088607594937,0.24504171031127578,19.354838709677423,96,79,0.08367560058832169,0.04061611688265235,nominal,91,3,4042,0.5
Infection,all_constraints,0.7215189873417721,0.4511156785172619,0.9240506329113924,0.26660986087588917,28.070175438596504,96,79,0.08367560058832169,0.04061611688265235,nominal,91,3,4042,0.5
Gastrointestinal,all_constraints,0.5949367088607594,0.4940410898973669,0.9746835443037974,0.15808822141886292,63.82978723404256,96,79,0.08367560058832169,0.04061611688265235,nominal,91,3,4042,0.5
Overall_Survival,all_constraints,10.83382292668593,1.8346555149913064,11.542323493648102,1.2997677970365573,6.5397096828764845,96,79,0.08367560058832169,0.04061611688265235,nominal,91,3,4042,0.5
all_constraints,all_constraints,0.4430379746835443,0.49991885092862254,0.8227848101265823,0.38429067760552654,85.71428571428574,96,79,0.08367560058832169,0.04061611688265235,nominal,91,3,4042,0.5
Any_DLT,dlt_only,0.6521739130434783,0.4788902604039829,0.4891304347826087,0.5026209376614081,-25.0,96,92,0.019707207878430683,0.026553852390216112,robust_reg,96,3,4042,0.5
Blood,dlt_only,0.6304347826086957,0.485331908732589,0.4782608695652174,0.5022643424142053,-24.13793103448276,96,92,0.019707207878430683,0.026553852390216112,robust_reg,96,3,4042,0.5
Constitutional,dlt_only,0.7391304347826086,0.4415150045959089,0.9021739130434783,0.29870720011393176,22.05882352941177,96,92,0.019707207878430683,0.026553852390216112,robust_reg,96,3,4042,0.5
Infection,dlt_only,0.717391304347826,0.4527349601029049,0.5108695652173914,0.5026209376614081,-28.78787878787878,96,92,0.019707207878430683,0.026553852390216112,robust_reg,96,3,4042,0.5
Gastrointestinal,dlt_only,0.5869565217391305,0.49507850222322614,0.9456521739130435,0.22794497286530102,61.11111111111109,96,92,0.019707207878430683,0.026553852390216112,robust_reg,96,3,4042,0.5
Overall_Survival,dlt_only,10.723446363015093,1.7566668091853064,12.255256721714431,1.1007460703297691,14.284683364319475,96,92,0.019707207878430683,0.026553852390216112,robust_reg,96,3,4042,0.5
all_constraints,dlt_only,0.43478260869565216,0.49844478627922684,0.41304347826086957,0.49507850222322614,-4.9999999999999964,96,92,0.019707207878430683,0.026553852390216112,robust_reg,96,3,4042,0.5
Any_DLT,all_constraints,0.6455696202531646,0.4813968639321408,0.9240506329113924,0.26660986087588917,43.13725490196079,96,79,0.08413268129030864,0.04144794529979039,robust_reg,91,3,4042,0.5
Blood,all_constraints,0.620253164556962,0.4884249271331116,0.8987341772151899,0.3036080768519887,44.89795918367348,96,79,0.08413268129030864,0.04144794529979039,robust_reg,91,3,4042,0.5
Constitutional,all_constraints,0.7848101265822784,0.4135799329292691,0.9367088607594937,0.24504171031127578,19.354838709677423,96,79,0.08413268129030864,0.04144794529979039,robust_reg,91,3,4042,0.5
Infection,all_constraints,0.7215189873417721,0.4511156785172619,0.9240506329113924,0.26660986087588917,28.070175438596504,96,79,0.08413268129030864,0.04144794529979039,robust_reg,91,3,4042,0.5
Gastrointestinal,all_constraints,0.5949367088607594,0.4940410898973669,0.9746835443037974,0.15808822141886292,63.82978723404256,96,79,0.08413268129030864,0.04144794529979039,robust_reg,91,3,4042,0.5
Overall_Survival,all_constraints,10.83382292668593,1.8346555149913064,11.542323493648102,1.2997677970365573,6.5397096828764845,96,79,0.08413268129030864,0.04144794529979039,robust_reg,91,3,4042,0.5
all_constraints,all_constraints,0.4430379746835443,0.49991885092862254,0.8227848101265823,0.38429067760552654,85.71428571428574,96,79,0.08413268129030864,0.04144794529979039,robust_reg,91,3,4042,0.5
Any_DLT,dlt_only,0.6521739130434783,0.4788902604039829,0.8043478260869565,0.3988756294854575,23.333333333333336,96,92,0.052198571463425956,0.04956504287771008,cp,92,3,4042,0.5
Blood,dlt_only,0.6304347826086957,0.485331908732589,0.7717391304347826,0.42201142814496123,22.41379310344827,96,92,0.052198571463425956,0.04956504287771008,cp,92,3,4042,0.5
Constitutional,dlt_only,0.7391304347826086,0.4415150045959089,0.8913043478260869,0.31296251010007803,20.588235294117652,96,92,0.052198571463425956,0.04956504287771008,cp,92,3,4042,0.5
Infection,dlt_only,0.717391304347826,0.4527349601029049,0.8586956521739131,0.3502439256481347,19.696969696969706,96,92,0.052198571463425956,0.04956504287771008,cp,92,3,4042,0.5
Gastrointestinal,dlt_only,0.5869565217391305,0.49507850222322614,0.9239130434782609,0.2665900112789531,57.4074074074074,96,92,0.052198571463425956,0.04956504287771008,cp,92,3,4042,0.5
Overall_Survival,dlt_only,10.723446363015093,1.7566668091853064,11.822603206056474,1.46155626918812,10.250033485804963,96,92,0.052198571463425956,0.04956504287771008,cp,92,3,4042,0.5
all_constraints,dlt_only,0.43478260869565216,0.49844478627922684,0.6521739130434783,0.4788902604039829,50.0,96,92,0.052198571463425956,0.04956504287771008,cp,92,3,4042,0.5
Any_DLT,all_constraints,0.6455696202531646,0.4813968639321408,0.9367088607594937,0.2450417103112758,45.09803921568627,96,79,0.20030927658081055,0.1583467531239858,cp,79,3,4042,0.5
Blood,all_constraints,0.620253164556962,0.4884249271331116,0.8987341772151899,0.3036080768519887,44.89795918367348,96,79,0.20030927658081055,0.1583467531239858,cp,79,3,4042,0.5
Constitutional,all_constraints,0.7848101265822784,0.4135799329292691,0.9367088607594937,0.2450417103112758,19.354838709677423,96,79,0.20030927658081055,0.1583467531239858,cp,79,3,4042,0.5
Infection,all_constraints,0.7215189873417721,0.4511156785172619,0.9620253164556962,0.192356371638255,33.33333333333334,96,79,0.20030927658081055,0.1583467531239858,cp,79,3,4042,0.5
Gastrointestinal,all_constraints,0.5949367088607594,0.4940410898973669,0.9873417721518988,0.1125087900926024,65.95744680851067,96,79,0.20030927658081055,0.1583467531239858,cp,79,3,4042,0.5
Overall_Survival,all_constraints,10.83382292668593,1.8346555149913064,11.112720195740042,1.3738725465184807,2.5743199878884093,96,79,0.20030927658081055,0.1583467531239858,cp,79,3,4042,0.5
all_constraints,all_constraints,0.4430379746835443,0.49991885092862254,0.810126582278481,0.3947069463729926,82.85714285714288,96,79,0.20030927658081055,0.1583467531239858,cp,79,3,4042,0.5
Any_DLT,dlt_only,0.6382978723404256,0.48306957200104617,0.9680851063829787,0.1767160202664313,51.666666666666664,96,94,0.014697223901748657,0.010085220655116692,nominal,96,4,5042,0.5
Blood,dlt_only,0.6276595744680851,0.48602054368703224,0.925531914893617,0.26393880449618323,47.45762711864407,96,94,0.014697223901748657,0.010085220655116692,nominal,96,4,5042,0.5
Constitutional,dlt_only,0.7340425531914894,0.4442108361881319,0.8723404255319149,0.3354997092507591,18.84057971014493,96,94,0.014697223901748657,0.010085220655116692,nominal,96,4,5042,0.5
Infection,dlt_only,0.7127659574468085,0.45489784805160016,0.9680851063829787,0.1767160202664313,35.820895522388064,96,94,0.014697223901748657,0.010085220655116692,nominal,96,4,5042,0.5
Gastrointestinal,dlt_only,0.5851063829787234,0.49534552875951693,0.9787234042553191,0.14507865158346242,67.27272727272727,96,94,0.014697223901748657,0.010085220655116692,nominal,96,4,5042,0.5
Overall_Survival,dlt_only,10.715374466173396,1.7899688384047383,10.987277810483937,1.021717145456734,2.5375066934794797,96,94,0.014697223901748657,0.010085220655116692,nominal,96,4,5042,0.5
all_constraints,dlt_only,0.425531914893617,0.4970744887414602,0.7978723404255319,0.4037402346511726,87.49999999999999,96,94,0.014697223901748657,0.010085220655116692,nominal,96,4,5042,0.5
Any_DLT,all_constraints,0.6790123456790124,0.46976484792466006,0.9876543209876543,0.11111111111111112,45.45454545454544,96,81,0.09786902864774068,0.07273665210701467,nominal,89,4,5042,0.5
Blood,all_constraints,0.6419753086419753,0.48240651880205354,0.9135802469135802,0.2827335699999883,42.30769230769231,96,81,0.09786902864774068,0.07273665210701467,nominal,89,4,5042,0.5
Constitutional,all_constraints,0.7777777777777778,0.41833001326703784,0.9259259259259259,0.26352313834736496,19.047619047619044,96,81,0.09786902864774068,0.07273665210701467,nominal,89,4,5042,0.5
Infection,all_constraints,0.7530864197530864,0.4339027597725919,0.9876543209876543,0.11111111111111113,31.14754098360655,96,81,0.09786902864774068,0.07273665210701467,nominal,89,4,5042,0.5
Gastrointestinal,all_constraints,0.6419753086419753,0.48240651880205354,0.9876543209876543,0.1111111111111111,53.84615384615385,96,81,0.09786902864774068,0.07273665210701467,nominal,89,4,5042,0.5
Overall_Survival,all_constraints,10.683928808453643,1.7628660260892104,10.889683244261539,1.104465538919055,1.9258312133743574,96,81,0.09786902864774068,0.07273665210701467,nominal,89,4,5042,0.5
all_constraints,all_constraints,0.4691358024691358,0.5021558461545186,0.8271604938271605,0.3804643037391985,76.31578947368423,96,81,0.09786902864774068,0.07273665210701467,nominal,89,4,5042,0.5
Any_DLT,dlt_only,0.6382978723404256,0.48306957200104617,0.9680851063829787,0.1767160202664313,51.666666666666664,96,94,0.012691117823123932,0.003379639322788653,robust_reg,96,4,5042,0.5
Blood,dlt_only,0.6276595744680851,0.48602054368703224,0.925531914893617,0.26393880449618323,47.45762711864407,96,94,0.012691117823123932,0.003379639322788653,robust_reg,96,4,5042,0.5
Constitutional,dlt_only,0.7340425531914894,0.4442108361881319,0.8723404255319149,0.3354997092507591,18.84057971014493,96,94,0.012691117823123932,0.003379639322788653,robust_reg,96,4,5042,0.5
Infection,dlt_only,0.7127659574468085,0.45489784805160016,0.9787234042553191,0.14507865158346242,37.3134328358209,96,94,0.012691117823123932,0.003379639322788653,robust_reg,96,4,5042,0.5
Gastrointestinal,dlt_only,0.5851063829787234,0.49534552875951693,0.9680851063829787,0.1767160202664313,65.45454545454545,96,94,0.012691117823123932,0.003379639322788653,robust_reg,96,4,5042,0.5
Overall_Survival,dlt_only,10.715374466173396,1.7899688384047383,10.96334812877077,1.0436651006217694,2.3141856906651723,96,94,0.012691117823123932,0.003379639322788653,robust_reg,96,4,5042,0.5
all_constraints,dlt_only,0.425531914893617,0.4970744887414602,0.7978723404255319,0.4037402346511726,87.49999999999999,96,94,0.012691117823123932,0.003379639322788653,robust_reg,96,4,5042,0.5
Any_DLT,all_constraints,0.6790123456790124,0.46976484792466006,0.9876543209876543,0.11111111111111112,45.45454545454544,96,81,0.11398659894863765,0.09010522069679083,robust_reg,88,4,5042,0.5
Blood,all_constraints,0.6419753086419753,0.48240651880205354,0.9506172839506173,0.2180157430038732,48.07692307692309,96,81,0.11398659894863765,0.09010522069679083,robust_reg,88,4,5042,0.5
Constitutional,all_constraints,0.7777777777777778,0.41833001326703784,0.9506172839506173,0.2180157430038732,22.22222222222222,96,81,0.11398659894863765,0.09010522069679083,robust_reg,88,4,5042,0.5
Infection,all_constraints,0.7530864197530864,0.4339027597725919,0.9876543209876543,0.11111111111111113,31.14754098360655,96,81,0.11398659894863765,0.09010522069679083,robust_reg,88,4,5042,0.5
Gastrointestinal,all_constraints,0.6419753086419753,0.48240651880205354,0.9876543209876543,0.11111111111111112,53.84615384615385,96,81,0.11398659894863765,0.09010522069679083,robust_reg,88,4,5042,0.5
Overall_Survival,all_constraints,10.683928808453643,1.7628660260892104,10.901055057638784,1.1140738582197391,2.032269711619003,96,81,0.11398659894863765,0.09010522069679083,robust_reg,88,4,5042,0.5
all_constraints,all_constraints,0.4691358024691358,0.5021558461545186,0.9012345679012346,0.3002056908023621,92.10526315789475,96,81,0.11398659894863765,0.09010522069679083,robust_reg,88,4,5042,0.5
Any_DLT,dlt_only,0.6382978723404256,0.48306957200104617,0.9574468085106383,0.2029298102618999,50.0,96,94,0.06111522018909454,0.13233885001690035,cp,94,4,5042,0.5
Blood,dlt_only,0.6276595744680851,0.48602054368703224,0.9574468085106383,0.2029298102618999,52.542372881355945,96,94,0.06111522018909454,0.13233885001690035,cp,94,4,5042,0.5
Constitutional,dlt_only,0.7340425531914894,0.4442108361881319,0.8617021276595744,0.3470633740209737,17.391304347826082,96,94,0.06111522018909454,0.13233885001690035,cp,94,4,5042,0.5
Infection,dlt_only,0.7127659574468085,0.45489784805160016,0.9680851063829787,0.1767160202664313,35.820895522388064,96,94,0.06111522018909454,0.13233885001690035,cp,94,4,5042,0.5
Gastrointestinal,dlt_only,0.5851063829787234,0.49534552875951693,0.9574468085106383,0.2029298102618999,63.63636363636364,96,94,0.06111522018909454,0.13233885001690035,cp,94,4,5042,0.5
Overall_Survival,dlt_only,10.715374466173396,1.7899688384047383,10.867107174312121,1.066044988470425,1.416028050328242,96,94,0.06111522018909454,0.13233885001690035,cp,94,4,5042,0.5
all_constraints,dlt_only,0.425531914893617,0.4970744887414602,0.8191489361702128,0.38695852789502394,92.5,96,94,0.06111522018909454,0.13233885001690035,cp,94,4,5042,0.5
Any_DLT,all_constraints,0.6790123456790124,0.46976484792466006,1.0,0.0,47.27272727272727,96,81,0.16130944093068442,0.15505911464661074,cp,86,4,5042,0.5
Blood,all_constraints,0.6419753086419753,0.48240651880205354,0.8395061728395061,0.3693504475243258,30.76923076923077,96,81,0.16130944093068442,0.15505911464661074,cp,86,4,5042,0.5
Constitutional,all_constraints,0.7777777777777778,0.41833001326703784,0.9382716049382716,0.2421610524189263,20.634920634920626,96,81,0.16130944093068442,0.15505911464661074,cp,86,4,5042,0.5
Infection,all_constraints,0.7530864197530864,0.4339027597725919,0.9876543209876543,0.11111111111111113,31.14754098360655,96,81,0.16130944093068442,0.15505911464661074,cp,86,4,5042,0.5
Gastrointestinal,all_constraints,0.6419753086419753,0.48240651880205354,1.0,0.0,55.76923076923078,96,81,0.16130944093068442,0.15505911464661074,cp,86,4,5042,0.5
Overall_Survival,all_constraints,10.683928808453643,1.7628660260892104,10.707606339442401,1.1757670686716664,0.2216182025662995,96,81,0.16130944093068442,0.15505911464661074,cp,86,4,5042,0.5
all_constraints,all_constraints,0.4691358024691358,0.5021558461545186,0.7777777777777778,0.4183300132670378,65.78947368421055,96,81,0.16130944093068442,0.15505911464661074,cp,86,4,5042,0.5
Any_DLT,dlt_only,0.6075949367088608,0.49140618529724805,0.9620253164556962,0.192356371638255,58.33333333333333,96,79,0.00938870757818222,0.0007637681069180271,nominal,96,5,6042,0.5
Blood,dlt_only,0.6075949367088608,0.49140618529724805,1.0,0.0,64.58333333333333,96,79,0.00938870757818222,0.0007637681069180271,nominal,96,5,6042,0.5
Constitutional,dlt_only,0.7088607594936709,0.45719038098595477,0.8607594936708861,0.34840947082971635,21.428571428571434,96,79,0.00938870757818222,0.0007637681069180271,nominal,96,5,6042,0.5
Infection,dlt_only,0.6835443037974683,0.46806485956072236,0.9620253164556962,0.19235637163825503,40.74074074074075,96,79,0.00938870757818222,0.0007637681069180271,nominal,96,5,6042,0.5
Gastrointestinal,dlt_only,0.6075949367088608,0.49140618529724805,0.9240506329113924,0.26660986087588917,52.083333333333336,96,79,0.00938870757818222,0.0007637681069180271,nominal,96,5,6042,0.5
Overall_Survival,dlt_only,10.686416770974757,1.8921863265249343,12.043150357323729,1.036693454295776,12.695870050978908,96,79,0.00938870757818222,0.0007637681069180271,nominal,96,5,6042,0.5
all_constraints,dlt_only,0.4430379746835443,0.49991885092862254,0.8481012658227848,0.3612161649468224,91.42857142857144,96,79,0.00938870757818222,0.0007637681069180271,nominal,96,5,6042,0.5
Any_DLT,all_constraints,0.6428571428571429,0.4820352719898625,0.9642857142857143,0.18669145807013005,49.99999999999999,96,84,0.055557814737161,0.05547156726353172,nominal,93,5,6042,0.5
Blood,all_constraints,0.6547619047619048,0.4783014026576548,1.0,0.0,52.72727272727273,96,84,0.055557814737161,0.05547156726353172,nominal,93,5,6042,0.5
Constitutional,all_constraints,0.7261904761904762,0.4485905766401842,0.8928571428571429,0.3111524301168833,22.95081967213116,96,84,0.055557814737161,0.05547156726353172,nominal,93,5,6042,0.5
Infection,all_constraints,0.7023809523809523,0.45995709346154023,0.9523809523809523,0.21423789866216117,35.59322033898305,96,84,0.055557814737161,0.05547156726353172,nominal,93,5,6042,0.5
Gastrointestinal,all_constraints,0.5952380952380952,0.49379395778820073,0.9761904761904762,0.1533709949008578,64.0,96,84,0.055557814737161,0.05547156726353172,nominal,93,5,6042,0.5
Overall_Survival,all_constraints,10.754433368453018,1.8697851524697802,11.86243499353363,1.180804175233902,10.302742944419714,96,84,0.055557814737161,0.05547156726353172,nominal,93,5,6042,0.5
all_constraints,all_constraints,0.4523809523809524,0.5007166407576367,0.8690476190476191,0.33937440336141056,92.10526315789474,96,84,0.055557814737161,0.05547156726353172,nominal,93,5,6042,0.5
Any_DLT,dlt_only,0.6075949367088608,0.49140618529724805,0.9620253164556962,0.192356371638255,58.33333333333333,96,79,0.010413902501265207,0.0007884879229783458,robust_reg,96,5,6042,0.5
Blood,dlt_only,0.6075949367088608,0.49140618529724805,1.0,0.0,64.58333333333333,96,79,0.010413902501265207,0.0007884879229783458,robust_reg,96,5,6042,0.5
Constitutional,dlt_only,0.7088607594936709,0.45719038098595477,0.8607594936708861,0.34840947082971635,21.428571428571434,96,79,0.010413902501265207,0.0007884879229783458,robust_reg,96,5,6042,0.5
Infection,dlt_only,0.6835443037974683,0.46806485956072236,0.9620253164556962,0.192356371638255,40.74074074074075,96,79,0.010413902501265207,0.0007884879229783458,robust_reg,96,5,6042,0.5
Gastrointestinal,dlt_only,0.6075949367088608,0.49140618529724805,0.9367088607594937,0.2450417103112758,54.166666666666664,96,79,0.010413902501265207,0.0007884879229783458,robust_reg,96,5,6042,0.5
Overall_Survival,dlt_only,10.686416770974757,1.8921863265249343,12.049971671431143,1.034795472392725,12.759701681857665,96,79,0.010413902501265207,0.0007884879229783458,robust_reg,96,5,6042,0.5
all_constraints,dlt_only,0.4430379746835443,0.49991885092862254,0.8481012658227848,0.3612161649468224,91.42857142857144,96,79,0.010413902501265207,0.0007884879229783458,robust_reg,96,5,6042,0.5
Any_DLT,all_constraints,0.6428571428571429,0.4820352719898625,0.9761904761904762,0.15337099490085782,51.85185185185184,96,84,0.052386313676834106,0.05980381969214232,robust_reg,91,5,6042,0.5
Blood,all_constraints,0.6547619047619048,0.4783014026576548,0.9880952380952381,0.10910894511799617,50.909090909090914,96,84,0.052386313676834106,0.05980381969214232,robust_reg,91,5,6042,0.5
Constitutional,all_constraints,0.7261904761904762,0.4485905766401842,0.8928571428571429,0.3111524301168833,22.95081967213116,96,84,0.052386313676834106,0.05980381969214232,robust_reg,91,5,6042,0.5
Infection,all_constraints,0.7023809523809523,0.45995709346154023,0.9642857142857143,0.18669145807013007,37.28813559322035,96,84,0.052386313676834106,0.05980381969214232,robust_reg,91,5,6042,0.5
Gastrointestinal,all_constraints,0.5952380952380952,0.49379395778820073,0.9761904761904762,0.1533709949008578,64.0,96,84,0.052386313676834106,0.05980381969214232,robust_reg,91,5,6042,0.5
Overall_Survival,all_constraints,10.754433368453018,1.8697851524697802,11.890300873235814,1.214910365952714,10.561853571149012,96,84,0.052386313676834106,0.05980381969214232,robust_reg,91,5,6042,0.5
all_constraints,all_constraints,0.4523809523809524,0.5007166407576367,0.8690476190476191,0.33937440336141056,92.10526315789474,96,84,0.052386313676834106,0.05980381969214232,robust_reg,91,5,6042,0.5
Any_DLT,dlt_only,0.6075949367088608,0.49140618529724805,0.9240506329113924,0.26660986087588917,52.083333333333336,96,79,0.09720204025506973,0.06250962394237508,cp,79,5,6042,0.5
Blood,dlt_only,0.6075949367088608,0.49140618529724805,0.9240506329113924,0.26660986087588917,52.083333333333336,96,79,0.09720204025506973,0.06250962394237508,cp,79,5,6042,0.5
Constitutional,dlt_only,0.7088607594936709,0.45719038098595477,0.8481012658227848,0.3612161649468224,19.64285714285714,96,79,0.09720204025506973,0.06250962394237508,cp,79,5,6042,0.5
Infection,dlt_only,0.6835443037974683,0.46806485956072236,0.9493670886075949,0.2206478908203439,38.888888888888886,96,79,0.09720204025506973,0.06250962394237508,cp,79,5,6042,0.5
Gastrointestinal,dlt_only,0.6075949367088608,0.49140618529724805,0.9367088607594937,0.2450417103112758,54.166666666666664,96,79,0.09720204025506973,0.06250962394237508,cp,79,5,6042,0.5
Overall_Survival,dlt_only,10.686416770974757,1.8921863265249343,11.884630047543316,1.0265861734671529,11.212488734512126,96,79,0.09720204025506973,0.06250962394237508,cp,79,5,6042,0.5
all_constraints,dlt_only,0.4430379746835443,0.49991885092862254,0.759493670886076,0.4301219228883507,71.42857142857146,96,79,0.09720204025506973,0.06250962394237508,cp,79,5,6042,0.5
Any_DLT,all_constraints,0.6428571428571429,0.4820352719898625,0.9523809523809523,0.2142378986621611,48.14814814814813,96,84,0.09294763952493668,0.11977836970512044,cp,86,5,6042,0.5
Blood,all_constraints,0.6547619047619048,0.4783014026576548,0.9166666666666666,0.27804538648895283,39.99999999999999,96,84,0.09294763952493668,0.11977836970512044,cp,86,5,6042,0.5
Constitutional,all_constraints,0.7261904761904762,0.4485905766401842,0.9047619047619048,0.2953065639704594,24.590163934426236,96,84,0.09294763952493668,0.11977836970512044,cp,86,5,6042,0.5
Infection,all_constraints,0.7023809523809523,0.45995709346154023,0.9404761904761905,0.23802351185830542,33.89830508474577,96,84,0.09294763952493668,0.11977836970512044,cp,86,5,6042,0.5
Gastrointestinal,all_constraints,0.5952380952380952,0.49379395778820073,0.8928571428571429,0.31115243011688337,50.00000000000001,96,84,0.09294763952493668,0.11977836970512044,cp,86,5,6042,0.5
Overall_Survival,all_constraints,10.754433368453018,1.8697851524697802,11.19670923796725,1.413699463182762,4.112498114606398,96,84,0.09294763952493668,0.11977836970512044,cp,86,5,6042,0.5
all_constraints,all_constraints,0.4523809523809524,0.5007166407576367,0.75,0.43561340216363675,65.78947368421053,96,84,0.09294763952493668,0.11977836970512044,cp,86,5,6042,0.5
Any_DLT,dlt_only,0.6585365853658537,0.4771187236136979,0.6829268292682927,0.4681998302004165,3.703703703703707,96,82,0.016987264156341553,0.00938312968090477,nominal,95,6,7042,0.5
Blood,dlt_only,0.6463414634146342,0.48104698621955677,0.6707317073170732,0.4728395454827755,3.7735849056603805,96,82,0.016987264156341553,0.00938312968090477,nominal,95,6,7042,0.5
Constitutional,dlt_only,0.7317073170731707,0.44579739869871404,0.8170731707317073,0.38898566352990144,11.666666666666663,96,82,0.016987264156341553,0.00938312968090477,nominal,95,6,7042,0.5
Infection,dlt_only,0.7317073170731707,0.44579739869871404,0.6463414634146342,0.48104698621955677,-11.666666666666663,96,82,0.016987264156341553,0.00938312968090477,nominal,95,6,7042,0.5
Gastrointestinal,dlt_only,0.5975609756097561,0.4934073042031418,1.0,0.0,67.34693877551021,96,82,0.016987264156341553,0.00938312968090477,nominal,95,6,7042,0.5
Overall_Survival,dlt_only,10.74210905930226,1.8929516916363294,11.106949721871114,1.220890974226388,3.396359695798432,96,82,0.016987264156341553,0.00938312968090477,nominal,95,6,7042,0.5
all_constraints,dlt_only,0.4634146341463415,0.5017284187715013,0.5609756097560976,0.49932203358647437,21.052631578947373,96,82,0.016987264156341553,0.00938312968090477,nominal,95,6,7042,0.5
Any_DLT,all_constraints,0.7121212121212122,0.4562439130098156,0.9696969696969697,0.1727334068350122,36.170212765957444,96,66,0.07068161169687907,0.030384244434640165,nominal,85,6,7042,0.5
Blood,all_constraints,0.6818181818181818,0.46933966408105793,0.8787878787878788,0.32887460856458367,28.8888888888889,96,66,0.07068161169687907,0.030384244434640165,nominal,85,6,7042,0.5
Constitutional,all_constraints,0.8333333333333334,0.37553380809940545,0.9545454545454546,0.20989507868443238,14.545454545454545,96,66,0.07068161169687907,0.030384244434640165,nominal,85,6,7042,0.5
Infection,all_constraints,0.7878787878787878,0.41194292043554975,0.9393939393939394,0.24043472671155017,19.23076923076924,96,66,0.07068161169687907,0.030384244434640165,nominal,85,6,7042,0.5
Gastrointestinal,all_constraints,0.6515151515151515,0.4801417817021661,1.0,0.0,53.488372093023266,96,66,0.07068161169687907,0.030384244434640165,nominal,85,6,7042,0.5
Overall_Survival,all_constraints,10.879786702693124,1.9753297467455233,10.606616723832223,1.2362448222126117,-2.510802705289084,96,66,0.07068161169687907,0.030384244434640165,nominal,85,6,7042,0.5
all_constraints,all_constraints,0.5,0.5038314736557788,0.8484848484848485,0.36129784186475644,69.6969696969697,96,66,0.07068161169687907,0.030384244434640165,nominal,85,6,7042,0.5
Any_DLT,dlt_only,0.6585365853658537,0.4771187236136979,0.524390243902439,0.5024780507729485,-20.37037037037037,96,82,0.01588829606771469,0.009254261781382412,robust_reg,95,6,7042,0.5
Blood,dlt_only,0.6463414634146342,0.48104698621955677,0.6097560975609756,0.4908067825548735,-5.660377358490571,96,82,0.01588829606771469,0.009254261781382412,robust_reg,95,6,7042,0.5
Constitutional,dlt_only,0.7317073170731707,0.44579739869871404,0.8170731707317073,0.3889856635299014,11.666666666666663,96,82,0.01588829606771469,0.009254261781382412,robust_reg,95,6,7042,0.5
Infection,dlt_only,0.7317073170731707,0.44579739869871404,0.36585365853658536,0.4846328665668685,-50.0,96,82,0.01588829606771469,0.009254261781382412,robust_reg,95,6,7042,0.5
Gastrointestinal,dlt_only,0.5975609756097561,0.4934073042031418,0.5487804878048781,0.5006770483805582,-8.163265306122439,96,82,0.01588829606771469,0.009254261781382412,robust_reg,95,6,7042,0.5
Overall_Survival,dlt_only,10.74210905930226,1.8929516916363294,11.933878520704576,1.0928860290792473,11.094371271256913,96,82,0.01588829606771469,0.009254261781382412,robust_reg,95,6,7042,0.5
all_constraints,dlt_only,0.4634146341463415,0.5017284187715013,0.13414634146341464,0.3429067872462374,-71.05263157894737,96,82,0.01588829606771469,0.009254261781382412,robust_reg,95,6,7042,0.5
Any_DLT,all_constraints,0.7121212121212122,0.4562439130098156,0.9696969696969697,0.1727334068350122,36.170212765957444,96,66,0.07066966096560161,0.029986371770680843,robust_reg,85,6,7042,0.5
Blood,all_constraints,0.6818181818181818,0.46933966408105793,0.8787878787878788,0.32887460856458367,28.8888888888889,96,66,0.07066966096560161,0.029986371770680843,robust_reg,85,6,7042,0.5
Constitutional,all_constraints,0.8333333333333334,0.37553380809940545,0.9545454545454546,0.20989507868443238,14.545454545454545,96,66,0.07066966096560161,0.029986371770680843,robust_reg,85,6,7042,0.5
Infection,all_constraints,0.7878787878787878,0.41194292043554975,0.9393939393939394,0.24043472671155017,19.23076923076924,96,66,0.07066966096560161,0.029986371770680843,robust_reg,85,6,7042,0.5
Gastrointestinal,all_constraints,0.6515151515151515,0.4801417817021661,1.0,0.0,53.488372093023266,96,66,0.07066966096560161,0.029986371770680843,robust_reg,85,6,7042,0.5
Overall_Survival,all_constraints,10.879786702693124,1.9753297467455233,10.606616723832223,1.2362448222126117,-2.510802705289084,96,66,0.07066966096560161,0.029986371770680843,robust_reg,85,6,7042,0.5
all_constraints,all_constraints,0.5,0.5038314736557788,0.8484848484848485,0.36129784186475644,69.6969696969697,96,66,0.07066966096560161,0.029986371770680843,robust_reg,85,6,7042,0.5
Any_DLT,dlt_only,0.6585365853658537,0.4771187236136979,0.7926829268292683,0.40787933576538826,20.37037037037037,96,82,0.11826844265063603,0.0922645690884566,cp,82,6,7042,0.5
Blood,dlt_only,0.6463414634146342,0.48104698621955677,0.7926829268292683,0.40787933576538826,22.641509433962266,96,82,0.11826844265063603,0.0922645690884566,cp,82,6,7042,0.5
Constitutional,dlt_only,0.7317073170731707,0.44579739869871404,0.8170731707317073,0.38898566352990144,11.666666666666663,96,82,0.11826844265063603,0.0922645690884566,cp,82,6,7042,0.5
Infection,dlt_only,0.7317073170731707,0.44579739869871404,0.8170731707317073,0.38898566352990144,11.666666666666663,96,82,0.11826844265063603,0.0922645690884566,cp,82,6,7042,0.5
Gastrointestinal,dlt_only,0.5975609756097561,0.4934073042031418,0.8292682926829268,0.37858991295610456,38.77551020408163,96,82,0.11826844265063603,0.0922645690884566,cp,82,6,7042,0.5
Overall_Survival,dlt_only,10.74210905930226,1.8929516916363294,10.830015101302227,1.0447227062100939,0.8183313119861051,96,82,0.11826844265063603,0.0922645690884566,cp,82,6,7042,0.5
all_constraints,dlt_only,0.4634146341463415,0.5017284187715013,0.6219512195121951,0.48788391410300636,34.210526315789465,96,82,0.11826844265063603,0.0922645690884566,cp,82,6,7042,0.5
Any_DLT,all_constraints,0.7121212121212122,0.4562439130098156,0.9393939393939394,0.24043472671155017,31.914893617021278,96,66,0.26978906740744907,0.18210384332039825,cp,66,6,7042,0.5
Blood,all_constraints,0.6818181818181818,0.46933966408105793,0.8333333333333334,0.37553380809940545,22.222222222222236,96,66,0.26978906740744907,0.18210384332039825,cp,66,6,7042,0.5
Constitutional,all_constraints,0.8333333333333334,0.37553380809940545,0.9696969696969697,0.17273340683501223,16.36363636363636,96,66,0.26978906740744907,0.18210384332039825,cp,66,6,7042,0.5
Infection,all_constraints,0.7878787878787878,0.41194292043554975,0.9393939393939394,0.24043472671155017,19.23076923076924,96,66,0.26978906740744907,0.18210384332039825,cp,66,6,7042,0.5
Gastrointestinal,all_constraints,0.6515151515151515,0.4801417817021661,0.9242424242424242,0.2666375275454884,41.860465116279066,96,66,0.26978906740744907,0.18210384332039825,cp,66,6,7042,0.5
Overall_Survival,all_constraints,10.879786702693124,1.9753297467455233,10.649619213859086,1.1846962205887621,-2.115551482062268,96,66,0.26978906740744907,0.18210384332039825,cp,66,6,7042,0.5
all_constraints,all_constraints,0.5,0.5038314736557788,0.7424242424242424,0.4406500813258681,48.484848484848484,96,66,0.26978906740744907,0.18210384332039825,cp,66,6,7042,0.5
Any_DLT,dlt_only,0.6629213483146067,0.4753902756663849,0.9887640449438202,0.10599978800063597,49.15254237288136,96,89,0.012005053460597992,0.0019762227775008668,nominal,96,7,8042,0.5
Blood,dlt_only,0.6404494382022472,0.4825875099925579,1.0,0.0,56.140350877192986,96,89,0.012005053460597992,0.0019762227775008668,nominal,96,7,8042,0.5
Constitutional,dlt_only,0.7640449438202247,0.4269998911569044,0.9325842696629213,0.2521612403074291,22.05882352941176,96,89,0.012005053460597992,0.0019762227775008668,nominal,96,7,8042,0.5
Infection,dlt_only,0.7303370786516854,0.4462990473127607,0.9550561797752809,0.20835461246451933,30.769230769230766,96,89,0.012005053460597992,0.0019762227775008668,nominal,96,7,8042,0.5
Gastrointestinal,dlt_only,0.5955056179775281,0.4935746494980983,0.9662921348314607,0.18149869785703643,62.26415094339623,96,89,0.012005053460597992,0.0019762227775008668,nominal,96,7,8042,0.5
Overall_Survival,dlt_only,10.71576736798791,1.835496263026903,11.995458026371207,0.9937979649847446,11.942128029078173,96,89,0.012005053460597992,0.0019762227775008668,nominal,96,7,8042,0.5
all_constraints,dlt_only,0.449438202247191,0.5002552974381312,0.9101123595505618,0.28764124744526687,102.50000000000001,96,89,0.012005053460597992,0.0019762227775008668,nominal,96,7,8042,0.5
Any_DLT,all_constraints,0.6962025316455697,0.4628349204449165,1.0,0.0,43.636363636363626,96,79,0.05580394218365351,0.027597500309159726,nominal,88,7,8042,0.5
Blood,all_constraints,0.6708860759493671,0.4728939542678913,1.0,0.0,49.056603773584904,96,79,0.05580394218365351,0.027597500309159726,nominal,88,7,8042,0.5
Constitutional,all_constraints,0.7848101265822784,0.41357993292926903,0.9620253164556962,0.192356371638255,22.58064516129033,96,79,0.05580394218365351,0.027597500309159726,nominal,88,7,8042,0.5
Infection,all_constraints,0.7848101265822784,0.41357993292926903,0.9873417721518988,0.11250879009260241,25.80645161290324,96,79,0.05580394218365351,0.027597500309159726,nominal,88,7,8042,0.5
Gastrointestinal,all_constraints,0.6075949367088608,0.49140618529724805,0.9746835443037974,0.15808822141886292,60.41666666666666,96,79,0.05580394218365351,0.027597500309159726,nominal,88,7,8042,0.5
Overall_Survival,all_constraints,10.749081326121424,1.676045393324067,11.644082737983107,1.3603961883016507,8.326306078703986,96,79,0.05580394218365351,0.027597500309159726,nominal,88,7,8042,0.5
all_constraints,all_constraints,0.46835443037974683,0.5021860682332357,0.9367088607594937,0.2450417103112758,100.0,96,79,0.05580394218365351,0.027597500309159726,nominal,88,7,8042,0.5
Any_DLT,dlt_only,0.6629213483146067,0.4753902756663849,0.9887640449438202,0.10599978800063597,49.15254237288136,96,89,0.012077542642752329,0.0029176731713966256,robust_reg,96,7,8042,0.5
Blood,dlt_only,0.6404494382022472,0.4825875099925579,1.0,0.0,56.140350877192986,96,89,0.012077542642752329,0.0029176731713966256,robust_reg,96,7,8042,0.5
Constitutional,dlt_only,0.7640449438202247,0.4269998911569044,0.9325842696629213,0.2521612403074291,22.05882352941176,96,89,0.012077542642752329,0.0029176731713966256,robust_reg,96,7,8042,0.5
Infection,dlt_only,0.7303370786516854,0.4462990473127607,0.9550561797752809,0.20835461246451933,30.769230769230766,96,89,0.012077542642752329,0.0029176731713966256,robust_reg,96,7,8042,0.5
Gastrointestinal,dlt_only,0.5955056179775281,0.4935746494980983,0.9775280898876404,0.14905216367918436,64.15094339622641,96,89,0.012077542642752329,0.0029176731713966256,robust_reg,96,7,8042,0.5
Overall_Survival,dlt_only,10.71576736798791,1.835496263026903,11.937782353011038,0.989175466117353,11.403896175217028,96,89,0.012077542642752329,0.0029176731713966256,robust_reg,96,7,8042,0.5
all_constraints,dlt_only,0.449438202247191,0.5002552974381312,0.9101123595505618,0.28764124744526687,102.50000000000001,96,89,0.012077542642752329,0.0029176731713966256,robust_reg,96,7,8042,0.5
Any_DLT,all_constraints,0.6962025316455697,0.4628349204449165,1.0,0.0,43.636363636363626,96,79,0.05560022095839182,0.027077002313243444,robust_reg,88,7,8042,0.5
Blood,all_constraints,0.6708860759493671,0.4728939542678913,1.0,0.0,49.056603773584904,96,79,0.05560022095839182,0.027077002313243444,robust_reg,88,7,8042,0.5
Constitutional,all_constraints,0.7848101265822784,0.41357993292926903,0.9620253164556962,0.192356371638255,22.58064516129033,96,79,0.05560022095839182,0.027077002313243444,robust_reg,88,7,8042,0.5
Infection,all_constraints,0.7848101265822784,0.41357993292926903,0.9873417721518988,0.11250879009260241,25.80645161290324,96,79,0.05560022095839182,0.027077002313243444,robust_reg,88,7,8042,0.5
Gastrointestinal,all_constraints,0.6075949367088608,0.49140618529724805,0.9746835443037974,0.15808822141886292,60.41666666666666,96,79,0.05560022095839182,0.027077002313243444,robust_reg,88,7,8042,0.5
Overall_Survival,all_constraints,10.749081326121424,1.676045393324067,11.644082737983107,1.3603961883016507,8.326306078703986,96,79,0.05560022095839182,0.027077002313243444,robust_reg,88,7,8042,0.5
all_constraints,all_constraints,0.46835443037974683,0.5021860682332357,0.9367088607594937,0.2450417103112758,100.0,96,79,0.05560022095839182,0.027077002313243444,robust_reg,88,7,8042,0.5
Any_DLT,dlt_only,0.6629213483146067,0.4753902756663849,0.9775280898876404,0.14905216367918436,47.45762711864407,96,89,0.042348481714725494,0.027164314781497747,cp,89,7,8042,0.5
Blood,dlt_only,0.6404494382022472,0.4825875099925579,0.9887640449438202,0.10599978800063599,54.38596491228069,96,89,0.042348481714725494,0.027164314781497747,cp,89,7,8042,0.5
Constitutional,dlt_only,0.7640449438202247,0.4269998911569044,0.8764044943820225,0.3309842319473132,14.705882352941183,96,89,0.042348481714725494,0.027164314781497747,cp,89,7,8042,0.5
Infection,dlt_only,0.7303370786516854,0.4462990473127607,0.9662921348314607,0.18149869785703643,32.30769230769231,96,89,0.042348481714725494,0.027164314781497747,cp,89,7,8042,0.5
Gastrointestinal,dlt_only,0.5955056179775281,0.4935746494980983,0.9438202247191011,0.23157320469295906,58.49056603773584,96,89,0.042348481714725494,0.027164314781497747,cp,89,7,8042,0.5
Overall_Survival,dlt_only,10.71576736798791,1.835496263026903,11.319151839387843,1.6542906874356078,5.630809728125234,96,89,0.042348481714725494,0.027164314781497747,cp,89,7,8042,0.5
all_constraints,dlt_only,0.449438202247191,0.5002552974381312,0.8314606741573034,0.3764654715598936,85.00000000000001,96,89,0.042348481714725494,0.027164314781497747,cp,89,7,8042,0.5
Any_DLT,all_constraints,0.6962025316455697,0.4628349204449165,1.0,0.0,43.636363636363626,96,79,0.13436721762021384,0.07860451392457889,cp,79,7,8042,0.5
Blood,all_constraints,0.6708860759493671,0.4728939542678913,1.0,0.0,49.056603773584904,96,79,0.13436721762021384,0.07860451392457889,cp,79,7,8042,0.5
Constitutional,all_constraints,0.7848101265822784,0.41357993292926903,0.9873417721518988,0.11250879009260241,25.80645161290324,96,79,0.13436721762021384,0.07860451392457889,cp,79,7,8042,0.5
Infection,all_constraints,0.7848101265822784,0.41357993292926903,0.9873417721518988,0.11250879009260241,25.80645161290324,96,79,0.13436721762021384,0.07860451392457889,cp,79,7,8042,0.5
Gastrointestinal,all_constraints,0.6075949367088608,0.49140618529724805,0.9620253164556962,0.192356371638255,58.33333333333333,96,79,0.13436721762021384,0.07860451392457889,cp,79,7,8042,0.5
Overall_Survival,all_constraints,10.749081326121424,1.676045393324067,11.387346951001973,1.4125383150570752,5.937862088079058,96,79,0.13436721762021384,0.07860451392457889,cp,79,7,8042,0.5
all_constraints,all_constraints,0.46835443037974683,0.5021860682332357,0.9493670886075949,0.2206478908203439,102.7027027027027,96,79,0.13436721762021384,0.07860451392457889,cp,79,7,8042,0.5
Any_DLT,dlt_only,0.6629213483146067,0.4753902756663849,0.9887640449438202,0.10599978800063597,49.15254237288136,96,89,0.011928796768188477,0.007365572127042008,nominal,94,8,9042,0.5
Blood,dlt_only,0.6292134831460674,0.48575205216218614,1.0,0.0,58.92857142857144,96,89,0.011928796768188477,0.007365572127042008,nominal,94,8,9042,0.5
Constitutional,dlt_only,0.7528089887640449,0.43382282926444893,0.9325842696629213,0.2521612403074291,23.880597014925378,96,89,0.011928796768188477,0.007365572127042008,nominal,94,8,9042,0.5
Infection,dlt_only,0.7303370786516854,0.4462990473127607,0.9662921348314607,0.18149869785703643,32.30769230769231,96,89,0.011928796768188477,0.007365572127042008,nominal,94,8,9042,0.5
Gastrointestinal,dlt_only,0.5955056179775281,0.4935746494980983,0.9550561797752809,0.20835461246451933,60.37735849056604,96,89,0.011928796768188477,0.007365572127042008,nominal,94,8,9042,0.5
Overall_Survival,dlt_only,10.76482227117964,1.7617928577087913,11.946180244108932,0.9949086295475945,10.974245028569676,96,89,0.011928796768188477,0.007365572127042008,nominal,94,8,9042,0.5
all_constraints,dlt_only,0.43820224719101125,0.4989775040423639,0.9101123595505618,0.2876412474452669,107.69230769230768,96,89,0.011928796768188477,0.007365572127042008,nominal,94,8,9042,0.5
Any_DLT,all_constraints,0.6956521739130435,0.46350162846617143,1.0,0.0,43.75000000000001,96,69,0.047617348531881966,0.028098291821440868,nominal,82,8,9042,0.5
Blood,all_constraints,0.6666666666666666,0.47485807993381707,0.9855072463768116,0.12038585308576917,47.82608695652175,96,69,0.047617348531881966,0.028098291821440868,nominal,82,8,9042,0.5
Constitutional,all_constraints,0.8405797101449275,0.36874941299243813,1.0,0.0,18.965517241379317,96,69,0.047617348531881966,0.028098291821440868,nominal,82,8,9042,0.5
Infection,all_constraints,0.7971014492753623,0.4051038408971624,0.9855072463768116,0.12038585308576917,23.636363636363644,96,69,0.047617348531881966,0.028098291821440868,nominal,82,8,9042,0.5
Gastrointestinal,all_constraints,0.6666666666666666,0.474858079933817,1.0,0.0,50.00000000000001,96,69,0.047617348531881966,0.028098291821440868,nominal,82,8,9042,0.5
Overall_Survival,all_constraints,10.862136201754046,1.853157369848801,11.928946283166768,1.1860675407717414,9.821365352060775,96,69,0.047617348531881966,0.028098291821440868,nominal,82,8,9042,0.5
all_constraints,all_constraints,0.5217391304347826,0.5031867754087855,0.9855072463768116,0.12038585308576917,88.8888888888889,96,69,0.047617348531881966,0.028098291821440868,nominal,82,8,9042,0.5
Any_DLT,dlt_only,0.6629213483146067,0.4753902756663849,0.9887640449438202,0.10599978800063597,49.15254237288136,96,89,0.014632999897003174,0.0047468648226201456,robust_reg,96,8,9042,0.5
Blood,dlt_only,0.6292134831460674,0.48575205216218614,0.9887640449438202,0.10599978800063597,57.142857142857146,96,89,0.014632999897003174,0.0047468648226201456,robust_reg,96,8,9042,0.5
Constitutional,dlt_only,0.7528089887640449,0.43382282926444893,0.9213483146067416,0.2707195421096928,22.38805970149255,96,89,0.014632999897003174,0.0047468648226201456,robust_reg,96,8,9042,0.5
Infection,dlt_only,0.7303370786516854,0.4462990473127607,0.9662921348314607,0.18149869785703643,32.30769230769231,96,89,0.014632999897003174,0.0047468648226201456,robust_reg,96,8,9042,0.5
Gastrointestinal,dlt_only,0.5955056179775281,0.4935746494980983,0.9662921348314607,0.18149869785703643,62.26415094339623,96,89,0.014632999897003174,0.0047468648226201456,robust_reg,96,8,9042,0.5
Overall_Survival,dlt_only,10.76482227117964,1.7617928577087913,11.970095407347396,0.9752957314683017,11.196405345163948,96,89,0.014632999897003174,0.0047468648226201456,robust_reg,96,8,9042,0.5
all_constraints,dlt_only,0.43820224719101125,0.4989775040423639,0.898876404494382,0.3032004969797108,105.12820512820511,96,89,0.014632999897003174,0.0047468648226201456,robust_reg,96,8,9042,0.5
Any_DLT,all_constraints,0.6956521739130435,0.46350162846617143,1.0,0.0,43.75000000000001,96,69,0.045811926325162254,0.023717843010275068,robust_reg,82,8,9042,0.5
Blood,all_constraints,0.6666666666666666,0.47485807993381707,0.9855072463768116,0.12038585308576917,47.82608695652175,96,69,0.045811926325162254,0.023717843010275068,robust_reg,82,8,9042,0.5
Constitutional,all_constraints,0.8405797101449275,0.36874941299243813,1.0,0.0,18.965517241379317,96,69,0.045811926325162254,0.023717843010275068,robust_reg,82,8,9042,0.5
Infection,all_constraints,0.7971014492753623,0.4051038408971624,0.9855072463768116,0.12038585308576917,23.636363636363644,96,69,0.045811926325162254,0.023717843010275068,robust_reg,82,8,9042,0.5
Gastrointestinal,all_constraints,0.6666666666666666,0.474858079933817,1.0,0.0,50.00000000000001,96,69,0.045811926325162254,0.023717843010275068,robust_reg,82,8,9042,0.5
Overall_Survival,all_constraints,10.862136201754046,1.853157369848801,11.928946283166768,1.1860675407717414,9.821365352060775,96,69,0.045811926325162254,0.023717843010275068,robust_reg,82,8,9042,0.5
all_constraints,all_constraints,0.5217391304347826,0.5031867754087855,0.9855072463768116,0.12038585308576917,88.8888888888889,96,69,0.045811926325162254,0.023717843010275068,robust_reg,82,8,9042,0.5
Any_DLT,dlt_only,0.6629213483146067,0.4753902756663849,0.9662921348314607,0.18149869785703643,45.762711864406796,96,89,0.06338715304931004,0.05712129629365427,cp,89,8,9042,0.5
Blood,dlt_only,0.6292134831460674,0.48575205216218614,0.9101123595505618,0.28764124744526687,44.642857142857146,96,89,0.06338715304931004,0.05712129629365427,cp,89,8,9042,0.5
Constitutional,dlt_only,0.7528089887640449,0.43382282926444893,0.9101123595505618,0.28764124744526687,20.89552238805971,96,89,0.06338715304931004,0.05712129629365427,cp,89,8,9042,0.5
Infection,dlt_only,0.7303370786516854,0.4462990473127607,0.9213483146067416,0.27071954210969273,26.153846153846157,96,89,0.06338715304931004,0.05712129629365427,cp,89,8,9042,0.5
Gastrointestinal,dlt_only,0.5955056179775281,0.4935746494980983,0.9101123595505618,0.28764124744526687,52.83018867924528,96,89,0.06338715304931004,0.05712129629365427,cp,89,8,9042,0.5
Overall_Survival,dlt_only,10.76482227117964,1.7617928577087913,11.139657103380307,1.4425447202314916,3.482034563675076,96,89,0.06338715304931004,0.05712129629365427,cp,89,8,9042,0.5
all_constraints,dlt_only,0.43820224719101125,0.4989775040423639,0.8202247191011236,0.386175824087028,87.17948717948717,96,89,0.06338715304931004,0.05712129629365427,cp,89,8,9042,0.5
Any_DLT,all_constraints,0.6956521739130435,0.46350162846617143,0.9420289855072463,0.23540065789143494,35.416666666666664,96,69,0.11327572663625081,0.13078333791668265,cp,69,8,9042,0.5
Blood,all_constraints,0.6666666666666666,0.47485807993381707,0.9565217391304348,0.20542514084466046,43.47826086956523,96,69,0.11327572663625081,0.13078333791668265,cp,69,8,9042,0.5
Constitutional,all_constraints,0.8405797101449275,0.36874941299243813,1.0,0.0,18.965517241379317,96,69,0.11327572663625081,0.13078333791668265,cp,69,8,9042,0.5
Infection,all_constraints,0.7971014492753623,0.4051038408971624,1.0,0.0,25.454545454545457,96,69,0.11327572663625081,0.13078333791668265,cp,69,8,9042,0.5
Gastrointestinal,all_constraints,0.6666666666666666,0.474858079933817,0.9565217391304348,0.20542514084466046,43.47826086956523,96,69,0.11327572663625081,0.13078333791668265,cp,69,8,9042,0.5
Overall_Survival,all_constraints,10.862136201754046,1.853157369848801,11.581635574231832,1.4223854052730835,6.623921474687452,96,69,0.11327572663625081,0.13078333791668265,cp,69,8,9042,0.5
all_constraints,all_constraints,0.5217391304347826,0.5031867754087855,0.9130434782608695,0.2838356211727966,74.99999999999999,96,69,0.11327572663625081,0.13078333791668265,cp,69,8,9042,0.5
Any_DLT,dlt_only,0.6022727272727273,0.49223330435304313,0.9659090909090909,0.18250263020391777,60.37735849056604,96,88,0.01364106684923172,0.0021992908561472365,nominal,96,9,10042,0.5
Blood,dlt_only,0.5909090909090909,0.4944836767609949,1.0,0.0,69.23076923076923,96,88,0.01364106684923172,0.0021992908561472365,nominal,96,9,10042,0.5
Constitutional,dlt_only,0.7159090909090909,0.4535647728106717,0.875,0.3326141667278259,22.222222222222218,96,88,0.01364106684923172,0.0021992908561472365,nominal,96,9,10042,0.5
Infection,dlt_only,0.6818181818181818,0.4684396830725553,0.9659090909090909,0.18250263020391777,41.66666666666668,96,88,0.01364106684923172,0.0021992908561472365,nominal,96,9,10042,0.5
Gastrointestinal,dlt_only,0.5681818181818182,0.49816801268349625,0.9318181818181818,0.25350211613320417,63.99999999999997,96,88,0.01364106684923172,0.0021992908561472365,nominal,96,9,10042,0.5
Overall_Survival,dlt_only,10.72897928358462,1.7746109489399582,12.02419604994447,0.9407465714517506,12.07213409705746,96,88,0.01364106684923172,0.0021992908561472365,nominal,96,9,10042,0.5
all_constraints,dlt_only,0.4090909090909091,0.4944836767609948,0.8522727272727273,0.3568628548597954,108.33333333333333,96,88,0.01364106684923172,0.0021992908561472365,nominal,96,9,10042,0.5
Any_DLT,all_constraints,0.6704545454545454,0.47274184126735436,0.9772727272727273,0.14988675627759449,45.76271186440679,96,88,0.07436566799879074,0.04658365060538625,nominal,88,9,10042,0.5
Blood,all_constraints,0.6477272727272727,0.4804158334617546,0.9886363636363636,0.10660035817780522,52.631578947368425,96,88,0.07436566799879074,0.04658365060538625,nominal,88,9,10042,0.5
Constitutional,all_constraints,0.7613636363636364,0.4286926981732773,0.9204545454545454,0.27213886368640305,20.8955223880597,96,88,0.07436566799879074,0.04658365060538625,nominal,88,9,10042,0.5
Infection,all_constraints,0.7272727272727273,0.4479140087646834,1.0,0.0,37.49999999999999,96,88,0.07436566799879074,0.04658365060538625,nominal,88,9,10042,0.5
Gastrointestinal,all_constraints,0.625,0.4868972843601013,0.9772727272727273,0.14988675627759449,56.36363636363636,96,88,0.07436566799879074,0.04658365060538625,nominal,88,9,10042,0.5
Overall_Survival,all_constraints,10.705965380514716,1.839694929266403,11.578396936982442,1.3897110585814756,8.149022768704128,96,88,0.07436566799879074,0.04658365060538625,nominal,88,9,10042,0.5
all_constraints,all_constraints,0.45454545454545453,0.5007830858361343,0.8977272727272727,0.3047430697456363,97.50000000000001,96,88,0.07436566799879074,0.04658365060538625,nominal,88,9,10042,0.5
Any_DLT,dlt_only,0.6022727272727273,0.49223330435304313,0.9659090909090909,0.18250263020391777,60.37735849056604,96,88,0.014578623076279959,0.0028216962974360418,robust_reg,96,9,10042,0.5
Blood,dlt_only,0.5909090909090909,0.4944836767609949,1.0,0.0,69.23076923076923,96,88,0.014578623076279959,0.0028216962974360418,robust_reg,96,9,10042,0.5
Constitutional,dlt_only,0.7159090909090909,0.4535647728106717,0.875,0.3326141667278259,22.222222222222218,96,88,0.014578623076279959,0.0028216962974360418,robust_reg,96,9,10042,0.5
Infection,dlt_only,0.6818181818181818,0.4684396830725553,0.9545454545454546,0.20949259494173825,40.000000000000014,96,88,0.014578623076279959,0.0028216962974360418,robust_reg,96,9,10042,0.5
Gastrointestinal,dlt_only,0.5681818181818182,0.49816801268349625,0.9318181818181818,0.25350211613320417,63.99999999999997,96,88,0.014578623076279959,0.0028216962974360418,robust_reg,96,9,10042,0.5
Overall_Survival,dlt_only,10.72897928358462,1.7746109489399582,12.024776321570465,0.9381934315930527,12.077542548417636,96,88,0.014578623076279959,0.0028216962974360418,robust_reg,96,9,10042,0.5
all_constraints,dlt_only,0.4090909090909091,0.4944836767609948,0.8522727272727273,0.3568628548597954,108.33333333333333,96,88,0.014578623076279959,0.0028216962974360418,robust_reg,96,9,10042,0.5
Any_DLT,all_constraints,0.6704545454545454,0.47274184126735436,0.9772727272727273,0.14988675627759449,45.76271186440679,96,88,0.08108506600062053,0.05425751835789154,robust_reg,95,9,10042,0.5
Blood,all_constraints,0.6477272727272727,0.4804158334617546,0.9772727272727273,0.14988675627759449,50.87719298245615,96,88,0.08108506600062053,0.05425751835789154,robust_reg,95,9,10042,0.5
Constitutional,all_constraints,0.7613636363636364,0.4286926981732773,0.9090909090909091,0.28912724941310364,19.402985074626862,96,88,0.08108506600062053,0.05425751835789154,robust_reg,95,9,10042,0.5
Infection,all_constraints,0.7272727272727273,0.4479140087646834,0.9772727272727273,0.14988675627759449,34.375,96,88,0.08108506600062053,0.05425751835789154,robust_reg,95,9,10042,0.5
Gastrointestinal,all_constraints,0.625,0.4868972843601013,0.9886363636363636,0.10660035817780522,58.18181818181819,96,88,0.08108506600062053,0.05425751835789154,robust_reg,95,9,10042,0.5
Overall_Survival,all_constraints,10.705965380514716,1.839694929266403,11.66301402596252,1.2603339734755319,8.939396041665432,96,88,0.08108506600062053,0.05425751835789154,robust_reg,95,9,10042,0.5
all_constraints,all_constraints,0.45454545454545453,0.5007830858361343,0.9090909090909091,0.28912724941310364,100.0,96,88,0.08108506600062053,0.05425751835789154,robust_reg,95,9,10042,0.5
Any_DLT,dlt_only,0.6022727272727273,0.49223330435304313,0.9090909090909091,0.28912724941310364,50.94339622641508,96,88,0.05877170463403066,0.04070654513956162,cp,88,9,10042,0.5
Blood,dlt_only,0.5909090909090909,0.4944836767609949,0.9090909090909091,0.28912724941310364,53.84615384615383,96,88,0.05877170463403066,0.04070654513956162,cp,88,9,10042,0.5
Constitutional,dlt_only,0.7159090909090909,0.4535647728106717,0.8636363636363636,0.345140923469373,20.63492063492063,96,88,0.05877170463403066,0.04070654513956162,cp,88,9,10042,0.5
Infection,dlt_only,0.6818181818181818,0.4684396830725553,0.9545454545454546,0.20949259494173825,40.000000000000014,96,88,0.05877170463403066,0.04070654513956162,cp,88,9,10042,0.5
Gastrointestinal,dlt_only,0.5681818181818182,0.49816801268349625,0.9204545454545454,0.27213886368640305,61.99999999999998,96,88,0.05877170463403066,0.04070654513956162,cp,88,9,10042,0.5
Overall_Survival,dlt_only,10.72897928358462,1.7746109489399582,11.473366907154572,1.2570896441536854,6.938102907038591,96,88,0.05877170463403066,0.04070654513956162,cp,88,9,10042,0.5
all_constraints,dlt_only,0.4090909090909091,0.4944836767609948,0.7840909090909091,0.4138094301899204,91.66666666666664,96,88,0.05877170463403066,0.04070654513956162,cp,88,9,10042,0.5
Any_DLT,all_constraints,0.6704545454545454,0.47274184126735436,0.9886363636363636,0.10660035817780522,47.457627118644076,96,88,0.14805020143588385,0.07759013570019671,cp,88,9,10042,0.5
Blood,all_constraints,0.6477272727272727,0.4804158334617546,0.9545454545454546,0.20949259494173825,47.36842105263159,96,88,0.14805020143588385,0.07759013570019671,cp,88,9,10042,0.5
Constitutional,all_constraints,0.7613636363636364,0.4286926981732773,0.9204545454545454,0.27213886368640305,20.8955223880597,96,88,0.14805020143588385,0.07759013570019671,cp,88,9,10042,0.5
Infection,all_constraints,0.7272727272727273,0.4479140087646834,0.9886363636363636,0.10660035817780522,35.9375,96,88,0.14805020143588385,0.07759013570019671,cp,88,9,10042,0.5
Gastrointestinal,all_constraints,0.625,0.4868972843601013,0.9772727272727273,0.14988675627759449,56.36363636363636,96,88,0.14805020143588385,0.07759013570019671,cp,88,9,10042,0.5
Overall_Survival,all_constraints,10.705965380514716,1.839694929266403,10.885227384305153,1.1902435678157361,1.6744123245223805,96,88,0.14805020143588385,0.07759013570019671,cp,88,9,10042,0.5
all_constraints,all_constraints,0.45454545454545453,0.5007830858361343,0.875,0.3326141667278259,92.5,96,88,0.14805020143588385,0.07759013570019671,cp,88,9,10042,0.5
Any_DLT,dlt_only,0.8541666666666666,0.35479176002615415,1.0,0.0,17.07317073170732,96,96,0.016720359524091084,0.001682002720797906,nominal,96,0,1042,0.6
Blood,dlt_only,0.875,0.33245498310218435,0.9895833333333334,0.10206207261596574,13.0952380952381,96,96,0.016720359524091084,0.001682002720797906,nominal,96,0,1042,0.6
Constitutional,dlt_only,0.8645833333333334,0.34396424742808945,0.96875,0.17490598978639324,12.048192771084333,96,96,0.016720359524091084,0.001682002720797906,nominal,96,0,1042,0.6
Infection,dlt_only,0.8645833333333334,0.34396424742808945,1.0,0.0,15.662650602409633,96,96,0.016720359524091084,0.001682002720797906,nominal,96,0,1042,0.6
Gastrointestinal,dlt_only,0.8645833333333334,0.3439642474280894,1.0,0.0,15.662650602409633,96,96,0.016720359524091084,0.001682002720797906,nominal,96,0,1042,0.6
Overall_Survival,dlt_only,10.690597206168823,1.779425762099106,11.928525342216346,0.9582011685872592,11.579597586308823,96,96,0.016720359524091084,0.001682002720797906,nominal,96,0,1042,0.6
all_constraints,dlt_only,0.6979166666666666,0.4615714956689105,0.96875,0.17490598978639324,38.80597014925374,96,96,0.016720359524091084,0.001682002720797906,nominal,96,0,1042,0.6
Any_DLT,all_constraints,0.8888888888888888,0.31603030875998483,1.0,0.0,12.500000000000007,96,90,0.06717120856046677,0.016153652042399293,nominal,94,0,1042,0.6
Blood,all_constraints,0.8777777777777778,0.3293772734489573,1.0,0.0,13.924050632911394,96,90,0.06717120856046677,0.016153652042399293,nominal,94,0,1042,0.6
Constitutional,all_constraints,0.9,0.3016806854192959,0.9777777777777777,0.14823135407896973,8.64197530864197,96,90,0.06717120856046677,0.016153652042399293,nominal,94,0,1042,0.6
Infection,all_constraints,0.9111111111111111,0.2861776161146146,1.0,0.0,9.756097560975613,96,90,0.06717120856046677,0.016153652042399293,nominal,94,0,1042,0.6
Gastrointestinal,all_constraints,0.9,0.3016806854192959,1.0,0.0,11.111111111111109,96,90,0.06717120856046677,0.016153652042399293,nominal,94,0,1042,0.6
Overall_Survival,all_constraints,10.734056448961857,1.7903855880651505,11.849114674490831,1.1531915202470362,10.388041378679514,96,90,0.06717120856046677,0.016153652042399293,nominal,94,0,1042,0.6
all_constraints,all_constraints,0.7444444444444445,0.4386165972131145,0.9777777777777777,0.14823135407896973,31.343283582089544,96,90,0.06717120856046677,0.016153652042399293,nominal,94,0,1042,0.6
Any_DLT,dlt_only,0.8541666666666666,0.35479176002615415,0.9791666666666666,0.143575886163796,14.634146341463415,96,96,0.01730901002883911,0.0038560989911938398,robust_reg,96,0,1042,0.6
Blood,dlt_only,0.875,0.33245498310218435,0.9479166666666666,0.22336148028967082,8.333333333333329,96,96,0.01730901002883911,0.0038560989911938398,robust_reg,96,0,1042,0.6
Constitutional,dlt_only,0.8645833333333334,0.34396424742808945,0.9479166666666666,0.22336148028967082,9.63855421686746,96,96,0.01730901002883911,0.0038560989911938398,robust_reg,96,0,1042,0.6
Infection,dlt_only,0.8645833333333334,0.34396424742808945,0.9791666666666666,0.143575886163796,13.253012048192762,96,96,0.01730901002883911,0.0038560989911938398,robust_reg,96,0,1042,0.6
Gastrointestinal,dlt_only,0.8645833333333334,0.3439642474280894,1.0,0.0,15.662650602409633,96,96,0.01730901002883911,0.0038560989911938398,robust_reg,96,0,1042,0.6
Overall_Survival,dlt_only,10.690597206168823,1.779425762099106,11.790856842536122,1.0793141516279547,10.291844460592097,96,96,0.01730901002883911,0.0038560989911938398,robust_reg,96,0,1042,0.6
all_constraints,dlt_only,0.6979166666666666,0.4615714956689105,0.9166666666666666,0.27783625115549687,31.343283582089555,96,96,0.01730901002883911,0.0038560989911938398,robust_reg,96,0,1042,0.6
Any_DLT,all_constraints,0.8888888888888888,0.31603030875998483,1.0,0.0,12.500000000000007,96,90,0.06375833600759506,0.016074848552262582,robust_reg,90,0,1042,0.6
Blood,all_constraints,0.8777777777777778,0.3293772734489573,1.0,0.0,13.924050632911394,96,90,0.06375833600759506,0.016074848552262582,robust_reg,90,0,1042,0.6
Constitutional,all_constraints,0.9,0.3016806854192959,1.0,0.0,11.111111111111109,96,90,0.06375833600759506,0.016074848552262582,robust_reg,90,0,1042,0.6
Infection,all_constraints,0.9111111111111111,0.2861776161146146,1.0,0.0,9.756097560975613,96,90,0.06375833600759506,0.016074848552262582,robust_reg,90,0,1042,0.6
Gastrointestinal,all_constraints,0.9,0.3016806854192959,1.0,0.0,11.111111111111109,96,90,0.06375833600759506,0.016074848552262582,robust_reg,90,0,1042,0.6
Overall_Survival,all_constraints,10.734056448961857,1.7903855880651505,11.784930084118239,1.0781454894016202,9.790088585364362,96,90,0.06375833600759506,0.016074848552262582,robust_reg,90,0,1042,0.6
all_constraints,all_constraints,0.7444444444444445,0.4386165972131145,1.0,0.0,34.32835820895522,96,90,0.06375833600759506,0.016074848552262582,robust_reg,90,0,1042,0.6
Any_DLT,dlt_only,0.8541666666666666,0.35479176002615415,1.0,0.0,17.07317073170732,96,96,0.030203451712926228,0.026498672211555212,cp,96,0,1042,0.6
Blood,dlt_only,0.875,0.33245498310218435,0.96875,0.17490598978639324,10.714285714285714,96,96,0.030203451712926228,0.026498672211555212,cp,96,0,1042,0.6
Constitutional,dlt_only,0.8645833333333334,0.34396424742808945,0.9583333333333334,0.20087527770480487,10.843373493975903,96,96,0.030203451712926228,0.026498672211555212,cp,96,0,1042,0.6
Infection,dlt_only,0.8645833333333334,0.34396424742808945,0.9791666666666666,0.143575886163796,13.253012048192762,96,96,0.030203451712926228,0.026498672211555212,cp,96,0,1042,0.6
Gastrointestinal,dlt_only,0.8645833333333334,0.3439642474280894,0.9583333333333334,0.20087527770480484,10.843373493975903,96,96,0.030203451712926228,0.026498672211555212,cp,96,0,1042,0.6
Overall_Survival,dlt_only,10.690597206168823,1.779425762099106,11.254438882120803,1.1587185735999923,5.274183145041005,96,96,0.030203451712926228,0.026498672211555212,cp,96,0,1042,0.6
all_constraints,dlt_only,0.6979166666666666,0.4615714956689105,0.8854166666666666,0.320190458671962,26.865671641791046,96,96,0.030203451712926228,0.026498672211555212,cp,96,0,1042,0.6
Any_DLT,all_constraints,0.8888888888888888,0.31603030875998483,1.0,0.0,12.500000000000007,96,90,0.09179721027612686,0.025848323395312376,cp,95,0,1042,0.6
Blood,all_constraints,0.8777777777777778,0.3293772734489573,1.0,0.0,13.924050632911394,96,90,0.09179721027612686,0.025848323395312376,cp,95,0,1042,0.6
Constitutional,all_constraints,0.9,0.3016806854192959,1.0,0.0,11.111111111111109,96,90,0.09179721027612686,0.025848323395312376,cp,95,0,1042,0.6
Infection,all_constraints,0.9111111111111111,0.2861776161146146,1.0,0.0,9.756097560975613,96,90,0.09179721027612686,0.025848323395312376,cp,95,0,1042,0.6
Gastrointestinal,all_constraints,0.9,0.3016806854192959,1.0,0.0,11.111111111111109,96,90,0.09179721027612686,0.025848323395312376,cp,95,0,1042,0.6
Overall_Survival,all_constraints,10.734056448961857,1.7903855880651505,11.52570325185809,1.3494393387581425,7.375094463685228,96,90,0.09179721027612686,0.025848323395312376,cp,95,0,1042,0.6
all_constraints,all_constraints,0.7444444444444445,0.4386165972131145,1.0,0.0,34.32835820895522,96,90,0.09179721027612686,0.025848323395312376,cp,95,0,1042,0.6
Any_DLT,dlt_only,0.8541666666666666,0.35479176002615415,1.0,0.0,17.07317073170732,96,96,0.018028331299622852,0.0016279879348993858,nominal,96,1,2042,0.6
Blood,dlt_only,0.875,0.33245498310218435,1.0,0.0,14.285714285714286,96,96,0.018028331299622852,0.0016279879348993858,nominal,96,1,2042,0.6
Constitutional,dlt_only,0.8645833333333334,0.34396424742808945,0.9791666666666666,0.143575886163796,13.253012048192762,96,96,0.018028331299622852,0.0016279879348993858,nominal,96,1,2042,0.6
Infection,dlt_only,0.8645833333333334,0.34396424742808945,1.0,0.0,15.662650602409633,96,96,0.018028331299622852,0.0016279879348993858,nominal,96,1,2042,0.6
Gastrointestinal,dlt_only,0.8645833333333334,0.3439642474280894,1.0,0.0,15.662650602409633,96,96,0.018028331299622852,0.0016279879348993858,nominal,96,1,2042,0.6
Overall_Survival,dlt_only,10.690597206168823,1.779425762099106,11.94812450417013,0.9642490522635561,11.762928429065427,96,96,0.018028331299622852,0.0016279879348993858,nominal,96,1,2042,0.6
all_constraints,dlt_only,0.6979166666666666,0.4615714956689105,0.9791666666666666,0.143575886163796,40.29850746268657,96,96,0.018028331299622852,0.0016279879348993858,nominal,96,1,2042,0.6
Any_DLT,all_constraints,0.8709677419354839,0.33705264882291225,1.0,0.0,14.814814814814813,96,93,0.06683546056350072,0.01824237556575652,nominal,96,1,2042,0.6
Blood,all_constraints,0.8817204301075269,0.32468922819237606,0.989247311827957,0.10369516947304254,12.195121951219514,96,93,0.06683546056350072,0.01824237556575652,nominal,96,1,2042,0.6
Constitutional,all_constraints,0.8709677419354839,0.33705264882291225,0.956989247311828,0.20398095044388959,9.876543209876546,96,93,0.06683546056350072,0.01824237556575652,nominal,96,1,2042,0.6
Infection,all_constraints,0.8817204301075269,0.32468922819237606,0.989247311827957,0.10369516947304254,12.195121951219514,96,93,0.06683546056350072,0.01824237556575652,nominal,96,1,2042,0.6
Gastrointestinal,all_constraints,0.8709677419354839,0.3370526488229122,1.0,0.0,14.814814814814813,96,93,0.06683546056350072,0.01824237556575652,nominal,96,1,2042,0.6
Overall_Survival,all_constraints,10.738579750698028,1.7462009002739591,11.880753456754947,1.0748734414169485,10.636171007461911,96,93,0.06683546056350072,0.01824237556575652,nominal,96,1,2042,0.6
all_constraints,all_constraints,0.7096774193548387,0.45637144390360274,0.946236559139785,0.22677279367959727,33.33333333333333,96,93,0.06683546056350072,0.01824237556575652,nominal,96,1,2042,0.6
Any_DLT,dlt_only,0.8541666666666666,0.35479176002615415,1.0,0.0,17.07317073170732,96,96,0.01827703167994817,0.0010377865036387145,robust_reg,96,1,2042,0.6
Blood,dlt_only,0.875,0.33245498310218435,1.0,0.0,14.285714285714286,96,96,0.01827703167994817,0.0010377865036387145,robust_reg,96,1,2042,0.6
Constitutional,dlt_only,0.8645833333333334,0.34396424742808945,0.9791666666666666,0.143575886163796,13.253012048192762,96,96,0.01827703167994817,0.0010377865036387145,robust_reg,96,1,2042,0.6
Infection,dlt_only,0.8645833333333334,0.34396424742808945,1.0,0.0,15.662650602409633,96,96,0.01827703167994817,0.0010377865036387145,robust_reg,96,1,2042,0.6
Gastrointestinal,dlt_only,0.8645833333333334,0.3439642474280894,1.0,0.0,15.662650602409633,96,96,0.01827703167994817,0.0010377865036387145,robust_reg,96,1,2042,0.6
Overall_Survival,dlt_only,10.690597206168823,1.779425762099106,11.94812450417013,0.9642490522635561,11.762928429065427,96,96,0.01827703167994817,0.0010377865036387145,robust_reg,96,1,2042,0.6
all_constraints,dlt_only,0.6979166666666666,0.4615714956689105,0.9791666666666666,0.143575886163796,40.29850746268657,96,96,0.01827703167994817,0.0010377865036387145,robust_reg,96,1,2042,0.6
Any_DLT,all_constraints,0.8709677419354839,0.33705264882291225,0.967741935483871,0.17764234361221226,11.111111111111114,96,93,0.08481390029191971,0.05310730178217543,robust_reg,96,1,2042,0.6
Blood,all_constraints,0.8817204301075269,0.32468922819237606,0.978494623655914,0.1458479422322764,10.975609756097564,96,93,0.08481390029191971,0.05310730178217543,robust_reg,96,1,2042,0.6
Constitutional,all_constraints,0.8709677419354839,0.33705264882291225,0.9354838709677419,0.24700165520054562,7.407407407407401,96,93,0.08481390029191971,0.05310730178217543,robust_reg,96,1,2042,0.6
Infection,all_constraints,0.8817204301075269,0.32468922819237606,0.967741935483871,0.17764234361221226,9.756097560975613,96,93,0.08481390029191971,0.05310730178217543,robust_reg,96,1,2042,0.6
Gastrointestinal,all_constraints,0.8709677419354839,0.3370526488229122,0.989247311827957,0.10369516947304255,13.580246913580247,96,93,0.08481390029191971,0.05310730178217543,robust_reg,96,1,2042,0.6
Overall_Survival,all_constraints,10.738579750698028,1.7462009002739591,11.685596297308907,1.2665751868802475,8.818824915364818,96,93,0.08481390029191971,0.05310730178217543,robust_reg,96,1,2042,0.6
all_constraints,all_constraints,0.7096774193548387,0.45637144390360274,0.9247311827956989,0.2652545594323927,30.30303030303029,96,93,0.08481390029191971,0.05310730178217543,robust_reg,96,1,2042,0.6
Any_DLT,dlt_only,0.8541666666666666,0.35479176002615415,0.9270833333333334,0.2613645031536837,8.536585365853668,96,96,0.04720226675271988,0.0413025960754529,cp,96,1,2042,0.6
Blood,dlt_only,0.875,0.33245498310218435,0.7708333333333334,0.42250298452179547,-11.9047619047619,96,96,0.04720226675271988,0.0413025960754529,cp,96,1,2042,0.6
Constitutional,dlt_only,0.8645833333333334,0.34396424742808945,0.9791666666666666,0.143575886163796,13.253012048192762,96,96,0.04720226675271988,0.0413025960754529,cp,96,1,2042,0.6
Infection,dlt_only,0.8645833333333334,0.34396424742808945,0.84375,0.36499819754421575,-2.4096385542168717,96,96,0.04720226675271988,0.0413025960754529,cp,96,1,2042,0.6
Gastrointestinal,dlt_only,0.8645833333333334,0.3439642474280894,1.0,0.0,15.662650602409633,96,96,0.04720226675271988,0.0413025960754529,cp,96,1,2042,0.6
Overall_Survival,dlt_only,10.690597206168823,1.779425762099106,11.897435997206685,1.151462166352421,11.288787406015791,96,96,0.04720226675271988,0.0413025960754529,cp,96,1,2042,0.6
all_constraints,dlt_only,0.6979166666666666,0.4615714956689105,0.7395833333333334,0.44116572054326264,5.970149253731354,96,96,0.04720226675271988,0.0413025960754529,cp,96,1,2042,0.6
Any_DLT,all_constraints,0.8709677419354839,0.33705264882291225,0.989247311827957,0.10369516947304255,13.580246913580247,96,93,0.10542275508244832,0.08153075741310319,cp,93,1,2042,0.6
Blood,all_constraints,0.8817204301075269,0.32468922819237606,0.989247311827957,0.10369516947304253,12.195121951219514,96,93,0.10542275508244832,0.08153075741310319,cp,93,1,2042,0.6
Constitutional,all_constraints,0.8709677419354839,0.33705264882291225,0.946236559139785,0.22677279367959727,8.64197530864198,96,93,0.10542275508244832,0.08153075741310319,cp,93,1,2042,0.6
Infection,all_constraints,0.8817204301075269,0.32468922819237606,0.989247311827957,0.10369516947304254,12.195121951219514,96,93,0.10542275508244832,0.08153075741310319,cp,93,1,2042,0.6
Gastrointestinal,all_constraints,0.8709677419354839,0.3370526488229122,0.978494623655914,0.1458479422322764,12.34567901234568,96,93,0.10542275508244832,0.08153075741310319,cp,93,1,2042,0.6
Overall_Survival,all_constraints,10.738579750698028,1.7462009002739591,11.669135362263297,1.278421169315262,8.665537093066536,96,93,0.10542275508244832,0.08153075741310319,cp,93,1,2042,0.6
all_constraints,all_constraints,0.7096774193548387,0.45637144390360274,0.9139784946236559,0.28191557395227324,28.787878787878775,96,93,0.10542275508244832,0.08153075741310319,cp,93,1,2042,0.6
Any_DLT,dlt_only,0.8494623655913979,0.35953582875036627,1.0,0.0,17.721518987341767,96,93,0.0224195991953214,0.01746355186708394,nominal,96,2,3042,0.6
Blood,dlt_only,0.8709677419354839,0.3370526488229122,1.0,0.0,14.814814814814813,96,93,0.0224195991953214,0.01746355186708394,nominal,96,2,3042,0.6
Constitutional,dlt_only,0.8709677419354839,0.3370526488229122,0.956989247311828,0.20398095044388956,9.876543209876546,96,93,0.0224195991953214,0.01746355186708394,nominal,96,2,3042,0.6
Infection,dlt_only,0.8602150537634409,0.34864326633713344,1.0,0.0,16.249999999999996,96,93,0.0224195991953214,0.01746355186708394,nominal,96,2,3042,0.6
Gastrointestinal,dlt_only,0.8602150537634409,0.34864326633713344,1.0,0.0,16.249999999999996,96,93,0.0224195991953214,0.01746355186708394,nominal,96,2,3042,0.6
Overall_Survival,dlt_only,10.640908919689798,1.7758764419689788,10.938233012369064,1.0169218935902369,2.7941606767172122,96,93,0.0224195991953214,0.01746355186708394,nominal,96,2,3042,0.6
all_constraints,dlt_only,0.6989247311827957,0.46121168950265595,0.956989247311828,0.20398095044388956,36.92307692307692,96,93,0.0224195991953214,0.01746355186708394,nominal,96,2,3042,0.6
Any_DLT,all_constraints,0.851063829787234,0.35793454103634004,1.0,0.0,17.5,96,94,0.07371290524800618,0.021795963705546352,nominal,95,2,3042,0.6
Blood,all_constraints,0.8723404255319149,0.3354997092507591,1.0,0.0,14.63414634146341,96,94,0.07371290524800618,0.021795963705546352,nominal,95,2,3042,0.6
Constitutional,all_constraints,0.8829787234042553,0.32316921825641187,0.9787234042553191,0.14507865158346242,10.8433734939759,96,94,0.07371290524800618,0.021795963705546352,nominal,95,2,3042,0.6
Infection,all_constraints,0.8723404255319149,0.3354997092507591,1.0,0.0,14.63414634146341,96,94,0.07371290524800618,0.021795963705546352,nominal,95,2,3042,0.6
Gastrointestinal,all_constraints,0.8617021276595744,0.3470633740209737,1.0,0.0,16.049382716049386,96,94,0.07371290524800618,0.021795963705546352,nominal,95,2,3042,0.6
Overall_Survival,all_constraints,10.703259509290463,1.7957658489370125,10.98402829547762,1.0301148932235897,2.6232082473890146,96,94,0.07371290524800618,0.021795963705546352,nominal,95,2,3042,0.6
all_constraints,all_constraints,0.7127659574468085,0.45489784805160016,0.9787234042553191,0.14507865158346242,37.3134328358209,96,94,0.07371290524800618,0.021795963705546352,nominal,95,2,3042,0.6
Any_DLT,dlt_only,0.8494623655913979,0.35953582875036627,1.0,0.0,17.721518987341767,96,93,0.028959497809410095,0.016215597091769535,robust_reg,96,2,3042,0.6
Blood,dlt_only,0.8709677419354839,0.3370526488229122,1.0,0.0,14.814814814814813,96,93,0.028959497809410095,0.016215597091769535,robust_reg,96,2,3042,0.6
Constitutional,dlt_only,0.8709677419354839,0.3370526488229122,0.956989247311828,0.20398095044388956,9.876543209876546,96,93,0.028959497809410095,0.016215597091769535,robust_reg,96,2,3042,0.6
Infection,dlt_only,0.8602150537634409,0.34864326633713344,1.0,0.0,16.249999999999996,96,93,0.028959497809410095,0.016215597091769535,robust_reg,96,2,3042,0.6
Gastrointestinal,dlt_only,0.8602150537634409,0.34864326633713344,1.0,0.0,16.249999999999996,96,93,0.028959497809410095,0.016215597091769535,robust_reg,96,2,3042,0.6
Overall_Survival,dlt_only,10.640908919689798,1.7758764419689788,10.948154095015283,1.0197732582453731,2.887395970065708,96,93,0.028959497809410095,0.016215597091769535,robust_reg,96,2,3042,0.6
all_constraints,dlt_only,0.6989247311827957,0.46121168950265595,0.956989247311828,0.20398095044388956,36.92307692307692,96,93,0.028959497809410095,0.016215597091769535,robust_reg,96,2,3042,0.6
Any_DLT,all_constraints,0.851063829787234,0.35793454103634004,1.0,0.0,17.5,96,94,0.07601304103930791,0.02945502524366924,robust_reg,94,2,3042,0.6
Blood,all_constraints,0.8723404255319149,0.3354997092507591,1.0,0.0,14.63414634146341,96,94,0.07601304103930791,0.02945502524366924,robust_reg,94,2,3042,0.6
Constitutional,all_constraints,0.8829787234042553,0.32316921825641187,0.9680851063829787,0.1767160202664313,9.638554216867472,96,94,0.07601304103930791,0.02945502524366924,robust_reg,94,2,3042,0.6
Infection,all_constraints,0.8723404255319149,0.3354997092507591,1.0,0.0,14.63414634146341,96,94,0.07601304103930791,0.02945502524366924,robust_reg,94,2,3042,0.6
Gastrointestinal,all_constraints,0.8617021276595744,0.3470633740209737,1.0,0.0,16.049382716049386,96,94,0.07601304103930791,0.02945502524366924,robust_reg,94,2,3042,0.6
Overall_Survival,all_constraints,10.703259509290463,1.7957658489370125,10.965262795481053,1.0192183268882908,2.447883151512581,96,94,0.07601304103930791,0.02945502524366924,robust_reg,94,2,3042,0.6
all_constraints,all_constraints,0.7127659574468085,0.45489784805160016,0.9680851063829787,0.1767160202664313,35.820895522388064,96,94,0.07601304103930791,0.02945502524366924,robust_reg,94,2,3042,0.6
Any_DLT,dlt_only,0.8494623655913979,0.35953582875036627,0.956989247311828,0.20398095044388956,12.658227848101268,96,93,0.14679285883903503,0.14493129452418363,cp,93,2,3042,0.6
Blood,dlt_only,0.8709677419354839,0.3370526488229122,0.9247311827956989,0.2652545594323927,6.172839506172834,96,93,0.14679285883903503,0.14493129452418363,cp,93,2,3042,0.6
Constitutional,dlt_only,0.8709677419354839,0.3370526488229122,0.9354838709677419,0.24700165520054562,7.407407407407401,96,93,0.14679285883903503,0.14493129452418363,cp,93,2,3042,0.6
Infection,dlt_only,0.8602150537634409,0.34864326633713344,0.967741935483871,0.17764234361221223,12.500000000000002,96,93,0.14679285883903503,0.14493129452418363,cp,93,2,3042,0.6
Gastrointestinal,dlt_only,0.8602150537634409,0.34864326633713344,0.978494623655914,0.1458479422322764,13.75,96,93,0.14679285883903503,0.14493129452418363,cp,93,2,3042,0.6
Overall_Survival,dlt_only,10.640908919689798,1.7758764419689788,10.536366203675342,1.1501977428653132,-0.9824603969780319,96,93,0.14679285883903503,0.14493129452418363,cp,93,2,3042,0.6
all_constraints,dlt_only,0.6989247311827957,0.46121168950265595,0.8387096774193549,0.3697920267630219,19.999999999999996,96,93,0.14679285883903503,0.14493129452418363,cp,93,2,3042,0.6
Any_DLT,all_constraints,0.851063829787234,0.35793454103634004,0.9893617021276596,0.10314212462587934,16.250000000000004,96,94,0.1030321295062701,0.0503154502245552,cp,94,2,3042,0.6
Blood,all_constraints,0.8723404255319149,0.3354997092507591,0.9893617021276596,0.10314212462587934,13.414634146341463,96,94,0.1030321295062701,0.0503154502245552,cp,94,2,3042,0.6
Constitutional,all_constraints,0.8829787234042553,0.32316921825641187,0.9893617021276596,0.10314212462587934,12.048192771084343,96,94,0.1030321295062701,0.0503154502245552,cp,94,2,3042,0.6
Infection,all_constraints,0.8723404255319149,0.3354997092507591,0.9893617021276596,0.10314212462587934,13.414634146341463,96,94,0.1030321295062701,0.0503154502245552,cp,94,2,3042,0.6
Gastrointestinal,all_constraints,0.8617021276595744,0.3470633740209737,1.0,0.0,16.049382716049386,96,94,0.1030321295062701,0.0503154502245552,cp,94,2,3042,0.6
Overall_Survival,all_constraints,10.703259509290463,1.7957658489370125,10.923058782893184,1.1217400090145417,2.0535732447852406,96,94,0.1030321295062701,0.0503154502245552,cp,94,2,3042,0.6
all_constraints,all_constraints,0.7127659574468085,0.45489784805160016,0.9787234042553191,0.14507865158346242,37.3134328358209,96,94,0.1030321295062701,0.0503154502245552,cp,94,2,3042,0.6
Any_DLT,dlt_only,0.8541666666666666,0.35479176002615415,0.9270833333333334,0.2613645031536837,8.536585365853668,96,96,0.01646344115336736,0.006343001045860197,nominal,96,3,4042,0.6
Blood,dlt_only,0.875,0.33245498310218435,0.6770833333333334,0.4700457237930586,-22.619047619047617,96,96,0.01646344115336736,0.006343001045860197,nominal,96,3,4042,0.6
Constitutional,dlt_only,0.8645833333333334,0.34396424742808945,0.9270833333333334,0.2613645031536837,7.228915662650602,96,96,0.01646344115336736,0.006343001045860197,nominal,96,3,4042,0.6
Infection,dlt_only,0.8645833333333334,0.34396424742808945,0.9166666666666666,0.27783625115549687,6.02409638554216,96,96,0.01646344115336736,0.006343001045860197,nominal,96,3,4042,0.6
Gastrointestinal,dlt_only,0.8645833333333334,0.3439642474280894,1.0,0.0,15.662650602409633,96,96,0.01646344115336736,0.006343001045860197,nominal,96,3,4042,0.6
Overall_Survival,dlt_only,10.690597206168823,1.779425762099106,12.298998198262787,1.0507932539836276,15.045006009260774,96,96,0.01646344115336736,0.006343001045860197,nominal,96,3,4042,0.6
all_constraints,dlt_only,0.6979166666666666,0.4615714956689105,0.59375,0.49371044145328746,-14.925373134328353,96,96,0.01646344115336736,0.006343001045860197,nominal,96,3,4042,0.6
Any_DLT,all_constraints,0.8777777777777778,0.3293772734489573,0.9444444444444444,0.23034469096157234,7.594936708860758,96,90,0.05265010396639506,0.021931655914300463,nominal,96,3,4042,0.6
Blood,all_constraints,0.9,0.3016806854192959,0.6666666666666666,0.4740454631399772,-25.92592592592593,96,90,0.05265010396639506,0.021931655914300463,nominal,96,3,4042,0.6
Constitutional,all_constraints,0.8666666666666667,0.3418390448504524,0.9333333333333333,0.25084128112136317,7.692307692307691,96,90,0.05265010396639506,0.021931655914300463,nominal,96,3,4042,0.6
Infection,all_constraints,0.8777777777777778,0.3293772734489573,0.9111111111111111,0.28617761611461456,3.797468354430379,96,90,0.05265010396639506,0.021931655914300463,nominal,96,3,4042,0.6
Gastrointestinal,all_constraints,0.8777777777777778,0.3293772734489573,1.0,0.0,13.924050632911394,96,90,0.05265010396639506,0.021931655914300463,nominal,96,3,4042,0.6
Overall_Survival,all_constraints,10.724464667505378,1.7722315422123225,12.251202523917254,1.1493124552595506,14.236028592064079,96,90,0.05265010396639506,0.021931655914300463,nominal,96,3,4042,0.6
all_constraints,all_constraints,0.7222222222222222,0.45041248954328444,0.5777777777777777,0.49668061715319667,-20.000000000000007,96,90,0.05265010396639506,0.021931655914300463,nominal,96,3,4042,0.6
Any_DLT,dlt_only,0.8541666666666666,0.35479176002615415,0.65625,0.4774521193960599,-23.17073170731707,96,96,0.013401272396246592,0.006285688873479827,robust_reg,96,3,4042,0.6
Blood,dlt_only,0.875,0.33245498310218435,0.25,0.435285750066007,-71.42857142857143,96,96,0.013401272396246592,0.006285688873479827,robust_reg,96,3,4042,0.6
Constitutional,dlt_only,0.8645833333333334,0.34396424742808945,0.9166666666666666,0.27783625115549687,6.02409638554216,96,96,0.013401272396246592,0.006285688873479827,robust_reg,96,3,4042,0.6
Infection,dlt_only,0.8645833333333334,0.34396424742808945,0.5208333333333334,0.502188194262012,-39.75903614457831,96,96,0.013401272396246592,0.006285688873479827,robust_reg,96,3,4042,0.6
Gastrointestinal,dlt_only,0.8645833333333334,0.3439642474280894,0.9895833333333334,0.10206207261596574,14.457831325301203,96,96,0.013401272396246592,0.006285688873479827,robust_reg,96,3,4042,0.6
Overall_Survival,dlt_only,10.690597206168823,1.779425762099106,12.436239534902663,1.022300656014384,16.328763445755374,96,96,0.013401272396246592,0.006285688873479827,robust_reg,96,3,4042,0.6
all_constraints,dlt_only,0.6979166666666666,0.4615714956689105,0.1875,0.3923612728354477,-73.13432835820896,96,96,0.013401272396246592,0.006285688873479827,robust_reg,96,3,4042,0.6
Any_DLT,all_constraints,0.8777777777777778,0.3293772734489573,0.8,0.4022409138923946,-8.86075949367088,96,90,0.04895837108294169,0.02288777455321802,robust_reg,96,3,4042,0.6
Blood,all_constraints,0.9,0.3016806854192959,0.4,0.49264249635357604,-55.55555555555556,96,90,0.04895837108294169,0.02288777455321802,robust_reg,96,3,4042,0.6
Constitutional,all_constraints,0.8666666666666667,0.3418390448504524,0.9333333333333333,0.25084128112136317,7.692307692307691,96,90,0.04895837108294169,0.02288777455321802,robust_reg,96,3,4042,0.6
Infection,all_constraints,0.8777777777777778,0.3293772734489573,0.7444444444444445,0.4386165972131145,-15.189873417721516,96,90,0.04895837108294169,0.02288777455321802,robust_reg,96,3,4042,0.6
Gastrointestinal,all_constraints,0.8777777777777778,0.3293772734489573,1.0,0.0,13.924050632911394,96,90,0.04895837108294169,0.02288777455321802,robust_reg,96,3,4042,0.6
Overall_Survival,all_constraints,10.724464667505378,1.7722315422123225,12.347371275365706,1.1398413043854667,15.13275168668939,96,90,0.04895837108294169,0.02288777455321802,robust_reg,96,3,4042,0.6
all_constraints,all_constraints,0.7222222222222222,0.45041248954328444,0.3333333333333333,0.47404546313997725,-53.846153846153854,96,90,0.04895837108294169,0.02288777455321802,robust_reg,96,3,4042,0.6
Any_DLT,dlt_only,0.8541666666666666,0.35479176002615415,0.8958333333333334,0.3070801941090227,4.878048780487814,96,96,0.026948407292366028,0.02072747183458752,cp,96,3,4042,0.6
Blood,dlt_only,0.875,0.33245498310218435,0.5416666666666666,0.5008764248619175,-38.095238095238095,96,96,0.026948407292366028,0.02072747183458752,cp,96,3,4042,0.6
Constitutional,dlt_only,0.8645833333333334,0.34396424742808945,0.9583333333333334,0.20087527770480484,10.843373493975903,96,96,0.026948407292366028,0.02072747183458752,cp,96,3,4042,0.6
Infection,dlt_only,0.8645833333333334,0.34396424742808945,0.90625,0.2930106877878258,4.81927710843373,96,96,0.026948407292366028,0.02072747183458752,cp,96,3,4042,0.6
Gastrointestinal,dlt_only,0.8645833333333334,0.3439642474280894,0.9791666666666666,0.143575886163796,13.253012048192762,96,96,0.026948407292366028,0.02072747183458752,cp,96,3,4042,0.6
Overall_Survival,dlt_only,10.690597206168823,1.779425762099106,12.258119894530651,1.216780932651625,14.662629768310012,96,96,0.026948407292366028,0.02072747183458752,cp,96,3,4042,0.6
all_constraints,dlt_only,0.6979166666666666,0.4615714956689105,0.46875,0.501642040544954,-32.83582089552239,96,96,0.026948407292366028,0.02072747183458752,cp,96,3,4042,0.6
Any_DLT,all_constraints,0.8777777777777778,0.3293772734489573,0.8777777777777778,0.32937727344895723,0.0,96,90,0.08876819163560867,0.05115553025099658,cp,90,3,4042,0.6
Blood,all_constraints,0.9,0.3016806854192959,0.5444444444444444,0.5008108282005754,-39.506172839506185,96,90,0.08876819163560867,0.05115553025099658,cp,90,3,4042,0.6
Constitutional,all_constraints,0.8666666666666667,0.3418390448504524,0.9222222222222223,0.2693219858921545,6.410256410256413,96,90,0.08876819163560867,0.05115553025099658,cp,90,3,4042,0.6
Infection,all_constraints,0.8777777777777778,0.3293772734489573,0.8222222222222222,0.3844674641127626,-6.3291139240506356,96,90,0.08876819163560867,0.05115553025099658,cp,90,3,4042,0.6
Gastrointestinal,all_constraints,0.8777777777777778,0.3293772734489573,1.0,0.0,13.924050632911394,96,90,0.08876819163560867,0.05115553025099658,cp,90,3,4042,0.6
Overall_Survival,all_constraints,10.724464667505378,1.7722315422123225,12.254525080721017,1.2203753116457914,14.267009689086384,96,90,0.08876819163560867,0.05115553025099658,cp,90,3,4042,0.6
all_constraints,all_constraints,0.7222222222222222,0.45041248954328444,0.45555555555555555,0.5008108282005754,-36.92307692307693,96,90,0.08876819163560867,0.05115553025099658,cp,90,3,4042,0.6
Any_DLT,dlt_only,0.8541666666666666,0.35479176002615415,1.0,0.0,17.07317073170732,96,96,0.012882699569066366,0.0020931309103750604,nominal,96,4,5042,0.6
Blood,dlt_only,0.875,0.33245498310218435,1.0,0.0,14.285714285714286,96,96,0.012882699569066366,0.0020931309103750604,nominal,96,4,5042,0.6
Constitutional,dlt_only,0.8645833333333334,0.34396424742808945,0.9166666666666666,0.27783625115549687,6.02409638554216,96,96,0.012882699569066366,0.0020931309103750604,nominal,96,4,5042,0.6
Infection,dlt_only,0.8645833333333334,0.34396424742808945,1.0,0.0,15.662650602409633,96,96,0.012882699569066366,0.0020931309103750604,nominal,96,4,5042,0.6
Gastrointestinal,dlt_only,0.8645833333333334,0.3439642474280894,1.0,0.0,15.662650602409633,96,96,0.012882699569066366,0.0020931309103750604,nominal,96,4,5042,0.6
Overall_Survival,dlt_only,10.690597206168823,1.779425762099106,10.991495814130841,1.0167800073389321,2.8146099058749527,96,96,0.012882699569066366,0.0020931309103750604,nominal,96,4,5042,0.6
all_constraints,dlt_only,0.6979166666666666,0.4615714956689105,0.9166666666666666,0.27783625115549687,31.343283582089555,96,96,0.012882699569066366,0.0020931309103750604,nominal,96,4,5042,0.6
Any_DLT,all_constraints,0.8541666666666666,0.35479176002615415,1.0,0.0,17.07317073170732,96,96,0.07435250530640285,0.07573707318227155,nominal,96,4,5042,0.6
Blood,all_constraints,0.875,0.33245498310218435,1.0,0.0,14.285714285714286,96,96,0.07435250530640285,0.07573707318227155,nominal,96,4,5042,0.6
Constitutional,all_constraints,0.8645833333333334,0.34396424742808945,0.9270833333333334,0.2613645031536837,7.228915662650602,96,96,0.07435250530640285,0.07573707318227155,nominal,96,4,5042,0.6
Infection,all_constraints,0.8645833333333334,0.34396424742808945,1.0,0.0,15.662650602409633,96,96,0.07435250530640285,0.07573707318227155,nominal,96,4,5042,0.6
Gastrointestinal,all_constraints,0.8645833333333334,0.3439642474280894,1.0,0.0,15.662650602409633,96,96,0.07435250530640285,0.07573707318227155,nominal,96,4,5042,0.6
Overall_Survival,all_constraints,10.690597206168823,1.779425762099106,10.929097200549352,1.0546700802302018,2.230932377125824,96,96,0.07435250530640285,0.07573707318227155,nominal,96,4,5042,0.6
all_constraints,all_constraints,0.6979166666666666,0.4615714956689105,0.9270833333333334,0.2613645031536837,32.8358208955224,96,96,0.07435250530640285,0.07573707318227155,nominal,96,4,5042,0.6
Any_DLT,dlt_only,0.8541666666666666,0.35479176002615415,1.0,0.0,17.07317073170732,96,96,0.012002572417259216,0.0005031382126007058,robust_reg,96,4,5042,0.6
Blood,dlt_only,0.875,0.33245498310218435,1.0,0.0,14.285714285714286,96,96,0.012002572417259216,0.0005031382126007058,robust_reg,96,4,5042,0.6
Constitutional,dlt_only,0.8645833333333334,0.34396424742808945,0.90625,0.2930106877878258,4.81927710843373,96,96,0.012002572417259216,0.0005031382126007058,robust_reg,96,4,5042,0.6
Infection,dlt_only,0.8645833333333334,0.34396424742808945,1.0,0.0,15.662650602409633,96,96,0.012002572417259216,0.0005031382126007058,robust_reg,96,4,5042,0.6
Gastrointestinal,dlt_only,0.8645833333333334,0.3439642474280894,1.0,0.0,15.662650602409633,96,96,0.012002572417259216,0.0005031382126007058,robust_reg,96,4,5042,0.6
Overall_Survival,dlt_only,10.690597206168823,1.779425762099106,10.998024342438649,1.0133304840149577,2.8756778535480763,96,96,0.012002572417259216,0.0005031382126007058,robust_reg,96,4,5042,0.6
all_constraints,dlt_only,0.6979166666666666,0.4615714956689105,0.90625,0.2930106877878258,29.85074626865672,96,96,0.012002572417259216,0.0005031382126007058,robust_reg,96,4,5042,0.6
Any_DLT,all_constraints,0.8541666666666666,0.35479176002615415,1.0,0.0,17.07317073170732,96,96,0.05062991380691528,0.044271007837172055,robust_reg,96,4,5042,0.6
Blood,all_constraints,0.875,0.33245498310218435,1.0,0.0,14.285714285714286,96,96,0.05062991380691528,0.044271007837172055,robust_reg,96,4,5042,0.6
Constitutional,all_constraints,0.8645833333333334,0.34396424742808945,0.90625,0.2930106877878258,4.81927710843373,96,96,0.05062991380691528,0.044271007837172055,robust_reg,96,4,5042,0.6
Infection,all_constraints,0.8645833333333334,0.34396424742808945,1.0,0.0,15.662650602409633,96,96,0.05062991380691528,0.044271007837172055,robust_reg,96,4,5042,0.6
Gastrointestinal,all_constraints,0.8645833333333334,0.3439642474280894,1.0,0.0,15.662650602409633,96,96,0.05062991380691528,0.044271007837172055,robust_reg,96,4,5042,0.6
Overall_Survival,all_constraints,10.690597206168823,1.779425762099106,10.99396125265468,1.016625947094489,2.8376716532805686,96,96,0.05062991380691528,0.044271007837172055,robust_reg,96,4,5042,0.6
all_constraints,all_constraints,0.6979166666666666,0.4615714956689105,0.90625,0.2930106877878258,29.85074626865672,96,96,0.05062991380691528,0.044271007837172055,robust_reg,96,4,5042,0.6
Any_DLT,dlt_only,0.8541666666666666,0.35479176002615415,1.0,0.0,17.07317073170732,96,96,0.022295157114664715,0.020166352845992372,cp,96,4,5042,0.6
Blood,dlt_only,0.875,0.33245498310218435,1.0,0.0,14.285714285714286,96,96,0.022295157114664715,0.020166352845992372,cp,96,4,5042,0.6
Constitutional,dlt_only,0.8645833333333334,0.34396424742808945,0.9375,0.2433321316961438,8.43373493975903,96,96,0.022295157114664715,0.020166352845992372,cp,96,4,5042,0.6
Infection,dlt_only,0.8645833333333334,0.34396424742808945,1.0,0.0,15.662650602409633,96,96,0.022295157114664715,0.020166352845992372,cp,96,4,5042,0.6
Gastrointestinal,dlt_only,0.8645833333333334,0.3439642474280894,1.0,0.0,15.662650602409633,96,96,0.022295157114664715,0.020166352845992372,cp,96,4,5042,0.6
Overall_Survival,dlt_only,10.690597206168823,1.779425762099106,10.96364252427738,1.0373021237297557,2.5540698320483153,96,96,0.022295157114664715,0.020166352845992372,cp,96,4,5042,0.6
all_constraints,dlt_only,0.6979166666666666,0.4615714956689105,0.9375,0.2433321316961438,34.32835820895523,96,96,0.022295157114664715,0.020166352845992372,cp,96,4,5042,0.6
Any_DLT,all_constraints,0.8541666666666666,0.35479176002615415,1.0,0.0,17.07317073170732,96,96,0.07671821614106496,0.05999168773234093,cp,96,4,5042,0.6
Blood,all_constraints,0.875,0.33245498310218435,1.0,0.0,14.285714285714286,96,96,0.07671821614106496,0.05999168773234093,cp,96,4,5042,0.6
Constitutional,all_constraints,0.8645833333333334,0.34396424742808945,0.9375,0.2433321316961438,8.43373493975903,96,96,0.07671821614106496,0.05999168773234093,cp,96,4,5042,0.6
Infection,all_constraints,0.8645833333333334,0.34396424742808945,1.0,0.0,15.662650602409633,96,96,0.07671821614106496,0.05999168773234093,cp,96,4,5042,0.6
Gastrointestinal,all_constraints,0.8645833333333334,0.3439642474280894,1.0,0.0,15.662650602409633,96,96,0.07671821614106496,0.05999168773234093,cp,96,4,5042,0.6
Overall_Survival,all_constraints,10.690597206168823,1.779425762099106,10.857813595619968,1.0871882535206687,1.5641445115400627,96,96,0.07671821614106496,0.05999168773234093,cp,96,4,5042,0.6
all_constraints,all_constraints,0.6979166666666666,0.4615714956689105,0.9375,0.2433321316961438,34.32835820895523,96,96,0.07671821614106496,0.05999168773234093,cp,96,4,5042,0.6
Any_DLT,dlt_only,0.8541666666666666,0.35479176002615415,1.0,0.0,17.07317073170732,96,96,0.009399446348349253,0.0007017322616804505,nominal,96,5,6042,0.6
Blood,dlt_only,0.875,0.33245498310218435,1.0,0.0,14.285714285714286,96,96,0.009399446348349253,0.0007017322616804505,nominal,96,5,6042,0.6
Constitutional,dlt_only,0.8645833333333334,0.34396424742808945,0.96875,0.17490598978639324,12.048192771084333,96,96,0.009399446348349253,0.0007017322616804505,nominal,96,5,6042,0.6
Infection,dlt_only,0.8645833333333334,0.34396424742808945,1.0,0.0,15.662650602409633,96,96,0.009399446348349253,0.0007017322616804505,nominal,96,5,6042,0.6
Gastrointestinal,dlt_only,0.8645833333333334,0.3439642474280894,1.0,0.0,15.662650602409633,96,96,0.009399446348349253,0.0007017322616804505,nominal,96,5,6042,0.6
Overall_Survival,dlt_only,10.690597206168823,1.779425762099106,11.964190556552445,0.9803699432921742,11.913210514083513,96,96,0.009399446348349253,0.0007017322616804505,nominal,96,5,6042,0.6
all_constraints,dlt_only,0.6979166666666666,0.4615714956689105,0.96875,0.17490598978639324,38.80597014925374,96,96,0.009399446348349253,0.0007017322616804505,nominal,96,5,6042,0.6
Any_DLT,all_constraints,0.8541666666666666,0.35479176002615415,0.9895833333333334,0.10206207261596574,15.853658536585376,96,96,0.04082041730483373,0.019331972387686264,nominal,96,5,6042,0.6
Blood,all_constraints,0.875,0.33245498310218435,0.9895833333333334,0.10206207261596574,13.0952380952381,96,96,0.04082041730483373,0.019331972387686264,nominal,96,5,6042,0.6
Constitutional,all_constraints,0.8645833333333334,0.34396424742808945,0.9270833333333334,0.2613645031536837,7.228915662650602,96,96,0.04082041730483373,0.019331972387686264,nominal,96,5,6042,0.6
Infection,all_constraints,0.8645833333333334,0.34396424742808945,1.0,0.0,15.662650602409633,96,96,0.04082041730483373,0.019331972387686264,nominal,96,5,6042,0.6
Gastrointestinal,all_constraints,0.8645833333333334,0.3439642474280894,1.0,0.0,15.662650602409633,96,96,0.04082041730483373,0.019331972387686264,nominal,96,5,6042,0.6
Overall_Survival,all_constraints,10.690597206168823,1.779425762099106,11.958598173740397,0.9617007090412867,11.860899284839727,96,96,0.04082041730483373,0.019331972387686264,nominal,96,5,6042,0.6
all_constraints,all_constraints,0.6979166666666666,0.4615714956689105,0.9270833333333334,0.2613645031536837,32.8358208955224,96,96,0.04082041730483373,0.019331972387686264,nominal,96,5,6042,0.6
Any_DLT,dlt_only,0.8541666666666666,0.35479176002615415,1.0,0.0,17.07317073170732,96,96,0.010570729772249857,0.0008531207823555196,robust_reg,96,5,6042,0.6
Blood,dlt_only,0.875,0.33245498310218435,1.0,0.0,14.285714285714286,96,96,0.010570729772249857,0.0008531207823555196,robust_reg,96,5,6042,0.6
Constitutional,dlt_only,0.8645833333333334,0.34396424742808945,0.9791666666666666,0.143575886163796,13.253012048192762,96,96,0.010570729772249857,0.0008531207823555196,robust_reg,96,5,6042,0.6
Infection,dlt_only,0.8645833333333334,0.34396424742808945,1.0,0.0,15.662650602409633,96,96,0.010570729772249857,0.0008531207823555196,robust_reg,96,5,6042,0.6
Gastrointestinal,dlt_only,0.8645833333333334,0.3439642474280894,1.0,0.0,15.662650602409633,96,96,0.010570729772249857,0.0008531207823555196,robust_reg,96,5,6042,0.6
Overall_Survival,dlt_only,10.690597206168823,1.779425762099106,11.968716383245104,0.969095364561894,11.955545162049175,96,96,0.010570729772249857,0.0008531207823555196,robust_reg,96,5,6042,0.6
all_constraints,dlt_only,0.6979166666666666,0.4615714956689105,0.9791666666666666,0.143575886163796,40.29850746268657,96,96,0.010570729772249857,0.0008531207823555196,robust_reg,96,5,6042,0.6
Any_DLT,all_constraints,0.8541666666666666,0.35479176002615415,1.0,0.0,17.07317073170732,96,96,0.037924014031887054,0.005225198858596082,robust_reg,96,5,6042,0.6
Blood,all_constraints,0.875,0.33245498310218435,1.0,0.0,14.285714285714286,96,96,0.037924014031887054,0.005225198858596082,robust_reg,96,5,6042,0.6
Constitutional,all_constraints,0.8645833333333334,0.34396424742808945,0.96875,0.17490598978639324,12.048192771084333,96,96,0.037924014031887054,0.005225198858596082,robust_reg,96,5,6042,0.6
Infection,all_constraints,0.8645833333333334,0.34396424742808945,1.0,0.0,15.662650602409633,96,96,0.037924014031887054,0.005225198858596082,robust_reg,96,5,6042,0.6
Gastrointestinal,all_constraints,0.8645833333333334,0.3439642474280894,1.0,0.0,15.662650602409633,96,96,0.037924014031887054,0.005225198858596082,robust_reg,96,5,6042,0.6
Overall_Survival,all_constraints,10.690597206168823,1.779425762099106,11.954684004871119,0.9741534583558796,11.824286092949764,96,96,0.037924014031887054,0.005225198858596082,robust_reg,96,5,6042,0.6
all_constraints,all_constraints,0.6979166666666666,0.4615714956689105,0.96875,0.17490598978639324,38.80597014925374,96,96,0.037924014031887054,0.005225198858596082,robust_reg,96,5,6042,0.6
Any_DLT,dlt_only,0.8541666666666666,0.35479176002615415,1.0,0.0,17.07317073170732,96,96,0.010633975267410278,0.007078851159927222,cp,96,5,6042,0.6
Blood,dlt_only,0.875,0.33245498310218435,1.0,0.0,14.285714285714286,96,96,0.010633975267410278,0.007078851159927222,cp,96,5,6042,0.6
Constitutional,dlt_only,0.8645833333333334,0.34396424742808945,0.9375,0.2433321316961438,8.43373493975903,96,96,0.010633975267410278,0.007078851159927222,cp,96,5,6042,0.6
Infection,dlt_only,0.8645833333333334,0.34396424742808945,1.0,0.0,15.662650602409633,96,96,0.010633975267410278,0.007078851159927222,cp,96,5,6042,0.6
Gastrointestinal,dlt_only,0.8645833333333334,0.3439642474280894,1.0,0.0,15.662650602409633,96,96,0.010633975267410278,0.007078851159927222,cp,96,5,6042,0.6
Overall_Survival,dlt_only,10.690597206168823,1.779425762099106,11.914096234527747,1.0178048139290925,11.444627505495442,96,96,0.010633975267410278,0.007078851159927222,cp,96,5,6042,0.6
all_constraints,dlt_only,0.6979166666666666,0.4615714956689105,0.9375,0.2433321316961438,34.32835820895523,96,96,0.010633975267410278,0.007078851159927222,cp,96,5,6042,0.6
Any_DLT,all_constraints,0.8541666666666666,0.35479176002615415,0.9895833333333334,0.10206207261596574,15.853658536585376,96,96,0.07741975039243698,0.1319375225051004,cp,96,5,6042,0.6
Blood,all_constraints,0.875,0.33245498310218435,0.9479166666666666,0.22336148028967082,8.333333333333329,96,96,0.07741975039243698,0.1319375225051004,cp,96,5,6042,0.6
Constitutional,all_constraints,0.8645833333333334,0.34396424742808945,0.9479166666666666,0.22336148028967082,9.63855421686746,96,96,0.07741975039243698,0.1319375225051004,cp,96,5,6042,0.6
Infection,all_constraints,0.8645833333333334,0.34396424742808945,0.9791666666666666,0.143575886163796,13.253012048192762,96,96,0.07741975039243698,0.1319375225051004,cp,96,5,6042,0.6
Gastrointestinal,all_constraints,0.8645833333333334,0.3439642474280894,1.0,0.0,15.662650602409633,96,96,0.07741975039243698,0.1319375225051004,cp,96,5,6042,0.6
Overall_Survival,all_constraints,10.690597206168823,1.779425762099106,11.72090302185434,1.2108133962400416,9.637495415981041,96,96,0.07741975039243698,0.1319375225051004,cp,96,5,6042,0.6
all_constraints,all_constraints,0.6979166666666666,0.4615714956689105,0.8854166666666666,0.320190458671962,26.865671641791046,96,96,0.07741975039243698,0.1319375225051004,cp,96,5,6042,0.6
Any_DLT,dlt_only,0.8494623655913979,0.35953582875036627,0.6236559139784946,0.4870938329080301,-26.582278481012658,96,93,0.01204545795917511,0.0037130664343207626,nominal,96,6,7042,0.6
Blood,dlt_only,0.8817204301075269,0.32468922819237606,0.23655913978494625,0.4272726820591678,-73.17073170731707,96,93,0.01204545795917511,0.0037130664343207626,nominal,96,6,7042,0.6
Constitutional,dlt_only,0.8817204301075269,0.32468922819237606,0.9032258064516129,0.29725249584033764,2.4390243902439,96,93,0.01204545795917511,0.0037130664343207626,nominal,96,6,7042,0.6
Infection,dlt_only,0.8709677419354839,0.33705264882291225,0.3548387096774194,0.4810577405983832,-59.25925925925925,96,93,0.01204545795917511,0.0037130664343207626,nominal,96,6,7042,0.6
Gastrointestinal,dlt_only,0.8602150537634409,0.34864326633713344,0.989247311827957,0.10369516947304255,14.999999999999998,96,93,0.01204545795917511,0.0037130664343207626,nominal,96,6,7042,0.6
Overall_Survival,dlt_only,10.725176180813543,1.7971325277494445,12.271537444878776,1.2803234401812602,14.418049997458745,96,93,0.01204545795917511,0.0037130664343207626,nominal,96,6,7042,0.6
all_constraints,dlt_only,0.7096774193548387,0.45637144390360274,0.1935483870967742,0.397220355999282,-72.72727272727272,96,93,0.01204545795917511,0.0037130664343207626,nominal,96,6,7042,0.6
Any_DLT,all_constraints,0.8850574712643678,0.3208015889133736,0.7126436781609196,0.455152567751188,-19.480519480519483,96,87,0.06058687220017115,0.0245928847175896,nominal,95,6,7042,0.6
Blood,all_constraints,0.8620689655172413,0.3468266034531822,0.25287356321839083,0.43717887363044405,-70.66666666666666,96,87,0.06058687220017115,0.0245928847175896,nominal,95,6,7042,0.6
Constitutional,all_constraints,0.9195402298850575,0.2735805142573971,1.0,0.0,8.750000000000002,96,87,0.06058687220017115,0.0245928847175896,nominal,95,6,7042,0.6
Infection,all_constraints,0.9080459770114943,0.2906361870283388,0.40229885057471265,0.4932042860614262,-55.696202531645575,96,87,0.06058687220017115,0.0245928847175896,nominal,95,6,7042,0.6
Gastrointestinal,all_constraints,0.896551724137931,0.3063089623779221,1.0,0.0,11.538461538461537,96,87,0.06058687220017115,0.0245928847175896,nominal,95,6,7042,0.6
Overall_Survival,all_constraints,10.794965147977107,1.752869724952563,12.300777607355501,1.305936321131043,13.949210939884981,96,87,0.06058687220017115,0.0245928847175896,nominal,95,6,7042,0.6
all_constraints,all_constraints,0.7471264367816092,0.43717887363044405,0.20689655172413793,0.40742900749794664,-72.30769230769232,96,87,0.06058687220017115,0.0245928847175896,nominal,95,6,7042,0.6
Any_DLT,dlt_only,0.8494623655913979,0.35953582875036627,0.6344086021505376,0.48420589935344344,-25.316455696202535,96,93,0.013821353514989218,0.007332623121864182,robust_reg,96,6,7042,0.6
Blood,dlt_only,0.8817204301075269,0.32468922819237606,0.2903225806451613,0.4563714439036028,-67.07317073170731,96,93,0.013821353514989218,0.007332623121864182,robust_reg,96,6,7042,0.6
Constitutional,dlt_only,0.8817204301075269,0.32468922819237606,0.9032258064516129,0.29725249584033764,2.4390243902439,96,93,0.013821353514989218,0.007332623121864182,robust_reg,96,6,7042,0.6
Infection,dlt_only,0.8709677419354839,0.33705264882291225,0.3978494623655914,0.492106937526453,-54.32098765432099,96,93,0.013821353514989218,0.007332623121864182,robust_reg,96,6,7042,0.6
Gastrointestinal,dlt_only,0.8602150537634409,0.34864326633713344,0.9247311827956989,0.2652545594323927,7.499999999999993,96,93,0.013821353514989218,0.007332623121864182,robust_reg,96,6,7042,0.6
Overall_Survival,dlt_only,10.725176180813543,1.7971325277494445,12.39969899592209,1.1021446870415073,15.61300986462237,96,93,0.013821353514989218,0.007332623121864182,robust_reg,96,6,7042,0.6
all_constraints,dlt_only,0.7096774193548387,0.45637144390360274,0.15053763440860216,0.3595358287503663,-78.7878787878788,96,93,0.013821353514989218,0.007332623121864182,robust_reg,96,6,7042,0.6
Any_DLT,all_constraints,0.8850574712643678,0.3208015889133736,0.7816091954022989,0.4155491563098284,-11.688311688311686,96,87,0.06626991679271062,0.02554825710034008,robust_reg,96,6,7042,0.6
Blood,all_constraints,0.8620689655172413,0.3468266034531822,0.41379310344827586,0.4953674731351026,-52.0,96,87,0.06626991679271062,0.02554825710034008,robust_reg,96,6,7042,0.6
Constitutional,all_constraints,0.9195402298850575,0.2735805142573971,1.0,0.0,8.750000000000002,96,87,0.06626991679271062,0.02554825710034008,robust_reg,96,6,7042,0.6
Infection,all_constraints,0.9080459770114943,0.2906361870283388,0.5517241379310345,0.5002004409781857,-39.24050632911393,96,87,0.06626991679271062,0.02554825710034008,robust_reg,96,6,7042,0.6
Gastrointestinal,all_constraints,0.896551724137931,0.3063089623779221,0.896551724137931,0.3063089623779221,0.0,96,87,0.06626991679271062,0.02554825710034008,robust_reg,96,6,7042,0.6
Overall_Survival,all_constraints,10.794965147977107,1.752869724952563,12.112803573747142,1.1699464694847865,12.207898846407922,96,87,0.06626991679271062,0.02554825710034008,robust_reg,96,6,7042,0.6
all_constraints,all_constraints,0.7471264367816092,0.43717887363044405,0.26436781609195403,0.44355252212380036,-64.61538461538461,96,87,0.06626991679271062,0.02554825710034008,robust_reg,96,6,7042,0.6
Any_DLT,dlt_only,0.8494623655913979,0.35953582875036627,0.8924731182795699,0.31146098895220203,5.063291139240501,96,93,0.03892498960097631,0.027623218615550192,cp,93,6,7042,0.6
Blood,dlt_only,0.8817204301075269,0.32468922819237606,0.7634408602150538,0.42727268205916763,-13.414634146341463,96,93,0.03892498960097631,0.027623218615550192,cp,93,6,7042,0.6
Constitutional,dlt_only,0.8817204301075269,0.32468922819237606,0.9139784946236559,0.28191557395227324,3.6585365853658502,96,93,0.03892498960097631,0.027623218615550192,cp,93,6,7042,0.6
Infection,dlt_only,0.8709677419354839,0.33705264882291225,0.7956989247311828,0.4053752900211121,-8.64197530864198,96,93,0.03892498960097631,0.027623218615550192,cp,93,6,7042,0.6
Gastrointestinal,dlt_only,0.8602150537634409,0.34864326633713344,0.946236559139785,0.22677279367959727,10.000000000000004,96,93,0.03892498960097631,0.027623218615550192,cp,93,6,7042,0.6
Overall_Survival,dlt_only,10.725176180813543,1.7971325277494445,11.254561258934025,1.3615749798762038,4.935910321617918,96,93,0.03892498960097631,0.027623218615550192,cp,93,6,7042,0.6
all_constraints,dlt_only,0.7096774193548387,0.45637144390360274,0.6989247311827957,0.461211689502656,-1.5151515151515138,96,93,0.03892498960097631,0.027623218615550192,cp,93,6,7042,0.6
Any_DLT,all_constraints,0.8850574712643678,0.3208015889133736,0.7586206896551724,0.43040049606014763,-14.285714285714294,96,87,0.06140873581171036,0.06238873810227153,cp,88,6,7042,0.6
Blood,all_constraints,0.8620689655172413,0.3468266034531822,0.5172413793103449,0.5025994976241309,-39.99999999999999,96,87,0.06140873581171036,0.06238873810227153,cp,88,6,7042,0.6
Constitutional,all_constraints,0.9195402298850575,0.2735805142573971,0.9770114942528736,0.15073552182801675,6.250000000000004,96,87,0.06140873581171036,0.06238873810227153,cp,88,6,7042,0.6
Infection,all_constraints,0.9080459770114943,0.2906361870283388,0.6091954022988506,0.49075930345955115,-32.91139240506329,96,87,0.06140873581171036,0.06238873810227153,cp,88,6,7042,0.6
Gastrointestinal,all_constraints,0.896551724137931,0.3063089623779221,0.9770114942528736,0.15073552182801672,8.974358974358976,96,87,0.06140873581171036,0.06238873810227153,cp,88,6,7042,0.6
Overall_Survival,all_constraints,10.794965147977107,1.752869724952563,11.695714256338595,1.321319228400234,8.344159485593906,96,87,0.06140873581171036,0.06238873810227153,cp,88,6,7042,0.6
all_constraints,all_constraints,0.7471264367816092,0.43717887363044405,0.45977011494252873,0.5012681058876768,-38.46153846153846,96,87,0.06140873581171036,0.06238873810227153,cp,88,6,7042,0.6
Any_DLT,dlt_only,0.8617021276595744,0.3470633740209737,1.0,0.0,16.049382716049386,96,94,0.011757177611192068,0.0006688404777745276,nominal,96,7,8042,0.6
Blood,dlt_only,0.8723404255319149,0.3354997092507591,1.0,0.0,14.63414634146341,96,94,0.011757177611192068,0.0006688404777745276,nominal,96,7,8042,0.6
Constitutional,dlt_only,0.8829787234042553,0.32316921825641187,0.9361702127659575,0.24576020475855118,6.024096385542172,96,94,0.011757177611192068,0.0006688404777745276,nominal,96,7,8042,0.6
Infection,dlt_only,0.8723404255319149,0.3354997092507591,1.0,0.0,14.63414634146341,96,94,0.011757177611192068,0.0006688404777745276,nominal,96,7,8042,0.6
Gastrointestinal,dlt_only,0.8723404255319149,0.3354997092507591,1.0,0.0,14.63414634146341,96,94,0.011757177611192068,0.0006688404777745276,nominal,96,7,8042,0.6
Overall_Survival,dlt_only,10.681233770447589,1.7940106391980075,11.975312218416216,0.9753195913833275,12.115439805736965,96,94,0.011757177611192068,0.0006688404777745276,nominal,96,7,8042,0.6
all_constraints,dlt_only,0.7127659574468085,0.45489784805160016,0.9361702127659575,0.24576020475855118,31.343283582089562,96,94,0.011757177611192068,0.0006688404777745276,nominal,96,7,8042,0.6
Any_DLT,all_constraints,0.8901098901098901,0.31448545101657555,1.0,0.0,12.345679012345686,96,91,0.046969570219516754,0.023471009241477568,nominal,96,7,8042,0.6
Blood,all_constraints,0.8791208791208791,0.3277927812629611,1.0,0.0,13.750000000000002,96,91,0.046969570219516754,0.023471009241477568,nominal,96,7,8042,0.6
Constitutional,all_constraints,0.8901098901098901,0.31448545101657555,0.9560439560439561,0.2061330698622676,7.40740740740742,96,91,0.046969570219516754,0.023471009241477568,nominal,96,7,8042,0.6
Infection,all_constraints,0.9010989010989011,0.3001830943106058,1.0,0.0,10.97560975609756,96,91,0.046969570219516754,0.023471009241477568,nominal,96,7,8042,0.6
Gastrointestinal,all_constraints,0.8901098901098901,0.31448545101657555,1.0,0.0,12.345679012345686,96,91,0.046969570219516754,0.023471009241477568,nominal,96,7,8042,0.6
Overall_Survival,all_constraints,10.715006415107574,1.7873701649048257,11.893092099447658,1.0719454869626732,10.994726822366134,96,91,0.046969570219516754,0.023471009241477568,nominal,96,7,8042,0.6
all_constraints,all_constraints,0.7362637362637363,0.4430993075338713,0.9560439560439561,0.2061330698622676,29.850746268656714,96,91,0.046969570219516754,0.023471009241477568,nominal,96,7,8042,0.6
Any_DLT,dlt_only,0.8617021276595744,0.3470633740209737,1.0,0.0,16.049382716049386,96,94,0.011482832332452139,0.0007912616781760984,robust_reg,96,7,8042,0.6
Blood,dlt_only,0.8723404255319149,0.3354997092507591,1.0,0.0,14.63414634146341,96,94,0.011482832332452139,0.0007912616781760984,robust_reg,96,7,8042,0.6
Constitutional,dlt_only,0.8829787234042553,0.32316921825641187,0.9361702127659575,0.24576020475855118,6.024096385542172,96,94,0.011482832332452139,0.0007912616781760984,robust_reg,96,7,8042,0.6
Infection,dlt_only,0.8723404255319149,0.3354997092507591,1.0,0.0,14.63414634146341,96,94,0.011482832332452139,0.0007912616781760984,robust_reg,96,7,8042,0.6
Gastrointestinal,dlt_only,0.8723404255319149,0.3354997092507591,1.0,0.0,14.63414634146341,96,94,0.011482832332452139,0.0007912616781760984,robust_reg,96,7,8042,0.6
Overall_Survival,dlt_only,10.681233770447589,1.7940106391980075,11.975312218416216,0.9753195913833275,12.115439805736965,96,94,0.011482832332452139,0.0007912616781760984,robust_reg,96,7,8042,0.6
all_constraints,dlt_only,0.7127659574468085,0.45489784805160016,0.9361702127659575,0.24576020475855118,31.343283582089562,96,94,0.011482832332452139,0.0007912616781760984,robust_reg,96,7,8042,0.6
Any_DLT,all_constraints,0.8901098901098901,0.31448545101657555,1.0,0.0,12.345679012345686,96,91,0.04435543964306513,0.021103886001266267,robust_reg,94,7,8042,0.6
Blood,all_constraints,0.8791208791208791,0.3277927812629611,1.0,0.0,13.750000000000002,96,91,0.04435543964306513,0.021103886001266267,robust_reg,94,7,8042,0.6
Constitutional,all_constraints,0.8901098901098901,0.31448545101657555,0.967032967032967,0.17953950048508055,8.641975308641983,96,91,0.04435543964306513,0.021103886001266267,robust_reg,94,7,8042,0.6
Infection,all_constraints,0.9010989010989011,0.3001830943106058,1.0,0.0,10.97560975609756,96,91,0.04435543964306513,0.021103886001266267,robust_reg,94,7,8042,0.6
Gastrointestinal,all_constraints,0.8901098901098901,0.31448545101657555,1.0,0.0,12.345679012345686,96,91,0.04435543964306513,0.021103886001266267,robust_reg,94,7,8042,0.6
Overall_Survival,all_constraints,10.715006415107574,1.7873701649048257,11.873217850235463,1.1620967569503702,10.809246306141954,96,91,0.04435543964306513,0.021103886001266267,robust_reg,94,7,8042,0.6
all_constraints,all_constraints,0.7362637362637363,0.4430993075338713,0.967032967032967,0.17953950048508055,31.343283582089544,96,91,0.04435543964306513,0.021103886001266267,robust_reg,94,7,8042,0.6
Any_DLT,dlt_only,0.8617021276595744,0.3470633740209737,0.851063829787234,0.3579345410363401,-1.2345679012345634,96,94,0.05614590893189112,0.06665783912345895,cp,94,7,8042,0.6
Blood,dlt_only,0.8723404255319149,0.3354997092507591,0.6702127659574468,0.47265659343666083,-23.170731707317074,96,94,0.05614590893189112,0.06665783912345895,cp,94,7,8042,0.6
Constitutional,dlt_only,0.8829787234042553,0.32316921825641187,0.9468085106382979,0.2256184464259304,7.2289156626506,96,94,0.05614590893189112,0.06665783912345895,cp,94,7,8042,0.6
Infection,dlt_only,0.8723404255319149,0.3354997092507591,0.7872340425531915,0.41145794871387054,-9.756097560975611,96,94,0.05614590893189112,0.06665783912345895,cp,94,7,8042,0.6
Gastrointestinal,dlt_only,0.8723404255319149,0.3354997092507591,0.9893617021276596,0.10314212462587934,13.414634146341463,96,94,0.05614590893189112,0.06665783912345895,cp,94,7,8042,0.6
Overall_Survival,dlt_only,10.681233770447589,1.7940106391980075,11.29256407074523,1.5316791708116229,5.723405305378165,96,94,0.05614590893189112,0.06665783912345895,cp,94,7,8042,0.6
all_constraints,dlt_only,0.7127659574468085,0.45489784805160016,0.6063829787234043,0.4911711942619928,-14.925373134328348,96,94,0.05614590893189112,0.06665783912345895,cp,94,7,8042,0.6
Any_DLT,all_constraints,0.8901098901098901,0.31448545101657555,1.0,0.0,12.345679012345686,96,91,0.4077257265647252,0.6066747240857107,cp,92,7,8042,0.6
Blood,all_constraints,0.8791208791208791,0.3277927812629611,1.0,0.0,13.750000000000002,96,91,0.4077257265647252,0.6066747240857107,cp,92,7,8042,0.6
Constitutional,all_constraints,0.8901098901098901,0.31448545101657555,0.978021978021978,0.14742395237484895,9.876543209876546,96,91,0.4077257265647252,0.6066747240857107,cp,92,7,8042,0.6
Infection,all_constraints,0.9010989010989011,0.3001830943106058,1.0,0.0,10.97560975609756,96,91,0.4077257265647252,0.6066747240857107,cp,92,7,8042,0.6
Gastrointestinal,all_constraints,0.8901098901098901,0.31448545101657555,1.0,0.0,12.345679012345686,96,91,0.4077257265647252,0.6066747240857107,cp,92,7,8042,0.6
Overall_Survival,all_constraints,10.715006415107574,1.7873701649048257,11.614380693083644,1.2498273947269194,8.393595329145132,96,91,0.4077257265647252,0.6066747240857107,cp,92,7,8042,0.6
all_constraints,all_constraints,0.7362637362637363,0.4430993075338713,0.978021978021978,0.14742395237484895,32.835820895522374,96,91,0.4077257265647252,0.6066747240857107,cp,92,7,8042,0.6
Any_DLT,dlt_only,0.8541666666666666,0.35479176002615415,0.9895833333333334,0.10206207261596574,15.853658536585376,96,96,0.010047343870004019,0.0021022698270839967,nominal,96,8,9042,0.6
Blood,dlt_only,0.875,0.33245498310218435,0.9895833333333334,0.10206207261596574,13.0952380952381,96,96,0.010047343870004019,0.0021022698270839967,nominal,96,8,9042,0.6
Constitutional,dlt_only,0.8645833333333334,0.34396424742808945,0.9583333333333334,0.20087527770480484,10.843373493975903,96,96,0.010047343870004019,0.0021022698270839967,nominal,96,8,9042,0.6
Infection,dlt_only,0.8645833333333334,0.34396424742808945,0.9895833333333334,0.10206207261596574,14.457831325301203,96,96,0.010047343870004019,0.0021022698270839967,nominal,96,8,9042,0.6
Gastrointestinal,dlt_only,0.8645833333333334,0.3439642474280894,1.0,0.0,15.662650602409633,96,96,0.010047343870004019,0.0021022698270839967,nominal,96,8,9042,0.6
Overall_Survival,dlt_only,10.690597206168823,1.779425762099106,11.941119771643661,0.9691211587118165,11.697406060283015,96,96,0.010047343870004019,0.0021022698270839967,nominal,96,8,9042,0.6
all_constraints,dlt_only,0.6979166666666666,0.4615714956689105,0.9583333333333334,0.20087527770480484,37.31343283582091,96,96,0.010047343870004019,0.0021022698270839967,nominal,96,8,9042,0.6
Any_DLT,all_constraints,0.8953488372093024,0.30789875216841534,1.0,0.0,11.688311688311686,96,86,0.04227564483880997,0.02321412440238009,nominal,89,8,9042,0.6
Blood,all_constraints,0.8953488372093024,0.3078987521684154,1.0,0.0,11.688311688311686,96,86,0.04227564483880997,0.02321412440238009,nominal,89,8,9042,0.6
Constitutional,all_constraints,0.9186046511627907,0.2750450777629762,0.9883720930232558,0.10783277320343843,7.594936708860762,96,86,0.04227564483880997,0.02321412440238009,nominal,89,8,9042,0.6
Infection,all_constraints,0.9186046511627907,0.27504507776297615,1.0,0.0,8.86075949367089,96,86,0.04227564483880997,0.02321412440238009,nominal,89,8,9042,0.6
Gastrointestinal,all_constraints,0.8837209302325582,0.32243940246603525,0.9883720930232558,0.10783277320343843,11.842105263157892,96,86,0.04227564483880997,0.02321412440238009,nominal,89,8,9042,0.6
Overall_Survival,all_constraints,10.824497792672501,1.7668110649912439,11.892242861927572,1.0657797869071994,9.864153420381934,96,86,0.04227564483880997,0.02321412440238009,nominal,89,8,9042,0.6
all_constraints,all_constraints,0.7674418604651163,0.42494064927182096,0.9767441860465116,0.15159886590034527,27.272727272727266,96,86,0.04227564483880997,0.02321412440238009,nominal,89,8,9042,0.6
Any_DLT,dlt_only,0.8541666666666666,0.35479176002615415,0.9895833333333334,0.10206207261596574,15.853658536585376,96,96,0.013905413448810577,0.0030908570123961594,robust_reg,96,8,9042,0.6
Blood,dlt_only,0.875,0.33245498310218435,0.9895833333333334,0.10206207261596574,13.0952380952381,96,96,0.013905413448810577,0.0030908570123961594,robust_reg,96,8,9042,0.6
Constitutional,dlt_only,0.8645833333333334,0.34396424742808945,0.9583333333333334,0.20087527770480484,10.843373493975903,96,96,0.013905413448810577,0.0030908570123961594,robust_reg,96,8,9042,0.6
Infection,dlt_only,0.8645833333333334,0.34396424742808945,0.9895833333333334,0.10206207261596574,14.457831325301203,96,96,0.013905413448810577,0.0030908570123961594,robust_reg,96,8,9042,0.6
Gastrointestinal,dlt_only,0.8645833333333334,0.3439642474280894,1.0,0.0,15.662650602409633,96,96,0.013905413448810577,0.0030908570123961594,robust_reg,96,8,9042,0.6
Overall_Survival,dlt_only,10.690597206168823,1.779425762099106,11.944062851279233,0.9756199967164106,11.724935669516379,96,96,0.013905413448810577,0.0030908570123961594,robust_reg,96,8,9042,0.6
all_constraints,dlt_only,0.6979166666666666,0.4615714956689105,0.9583333333333334,0.20087527770480484,37.31343283582091,96,96,0.013905413448810577,0.0030908570123961594,robust_reg,96,8,9042,0.6
Any_DLT,all_constraints,0.8953488372093024,0.30789875216841534,1.0,0.0,11.688311688311686,96,86,0.045742553969224296,0.021530958097572068,robust_reg,93,8,9042,0.6
Blood,all_constraints,0.8953488372093024,0.3078987521684154,1.0,0.0,11.688311688311686,96,86,0.045742553969224296,0.021530958097572068,robust_reg,93,8,9042,0.6
Constitutional,all_constraints,0.9186046511627907,0.2750450777629762,0.9767441860465116,0.15159886590034527,6.329113924050633,96,86,0.045742553969224296,0.021530958097572068,robust_reg,93,8,9042,0.6
Infection,all_constraints,0.9186046511627907,0.27504507776297615,1.0,0.0,8.86075949367089,96,86,0.045742553969224296,0.021530958097572068,robust_reg,93,8,9042,0.6
Gastrointestinal,all_constraints,0.8837209302325582,0.32243940246603525,0.9767441860465116,0.15159886590034527,10.526315789473678,96,86,0.045742553969224296,0.021530958097572068,robust_reg,93,8,9042,0.6
Overall_Survival,all_constraints,10.824497792672501,1.7668110649912439,11.935014567859456,1.0348532312244683,10.259291437416197,96,86,0.045742553969224296,0.021530958097572068,robust_reg,93,8,9042,0.6
all_constraints,all_constraints,0.7674418604651163,0.42494064927182096,0.9534883720930233,0.2118254966704237,24.242424242424242,96,86,0.045742553969224296,0.021530958097572068,robust_reg,93,8,9042,0.6
Any_DLT,dlt_only,0.8541666666666666,0.35479176002615415,0.9895833333333334,0.10206207261596574,15.853658536585376,96,96,0.022678961356480915,0.014469921140780564,cp,96,8,9042,0.6
Blood,dlt_only,0.875,0.33245498310218435,0.9791666666666666,0.143575886163796,11.9047619047619,96,96,0.022678961356480915,0.014469921140780564,cp,96,8,9042,0.6
Constitutional,dlt_only,0.8645833333333334,0.34396424742808945,0.9583333333333334,0.20087527770480484,10.843373493975903,96,96,0.022678961356480915,0.014469921140780564,cp,96,8,9042,0.6
Infection,dlt_only,0.8645833333333334,0.34396424742808945,0.9895833333333334,0.10206207261596574,14.457831325301203,96,96,0.022678961356480915,0.014469921140780564,cp,96,8,9042,0.6
Gastrointestinal,dlt_only,0.8645833333333334,0.3439642474280894,1.0,0.0,15.662650602409633,96,96,0.022678961356480915,0.014469921140780564,cp,96,8,9042,0.6
Overall_Survival,dlt_only,10.690597206168823,1.779425762099106,11.462165802529805,1.0988590216331942,7.217263745712559,96,96,0.022678961356480915,0.014469921140780564,cp,96,8,9042,0.6
all_constraints,dlt_only,0.6979166666666666,0.4615714956689105,0.9479166666666666,0.22336148028967082,35.820895522388064,96,96,0.022678961356480915,0.014469921140780564,cp,96,8,9042,0.6
Any_DLT,all_constraints,0.8953488372093024,0.30789875216841534,0.9883720930232558,0.10783277320343843,10.389610389610384,96,86,0.07455425212780635,0.06440748880966478,cp,89,8,9042,0.6
Blood,all_constraints,0.8953488372093024,0.3078987521684154,0.9767441860465116,0.15159886590034527,9.090909090909083,96,86,0.07455425212780635,0.06440748880966478,cp,89,8,9042,0.6
Constitutional,all_constraints,0.9186046511627907,0.2750450777629762,0.9883720930232558,0.10783277320343843,7.594936708860762,96,86,0.07455425212780635,0.06440748880966478,cp,89,8,9042,0.6
Infection,all_constraints,0.9186046511627907,0.27504507776297615,0.9883720930232558,0.10783277320343843,7.594936708860762,96,86,0.07455425212780635,0.06440748880966478,cp,89,8,9042,0.6
Gastrointestinal,all_constraints,0.8837209302325582,0.32243940246603525,0.9767441860465116,0.15159886590034527,10.526315789473678,96,86,0.07455425212780635,0.06440748880966478,cp,89,8,9042,0.6
Overall_Survival,all_constraints,10.824497792672501,1.7668110649912439,11.612279369398594,1.1356321713194852,7.277765599983508,96,86,0.07455425212780635,0.06440748880966478,cp,89,8,9042,0.6
all_constraints,all_constraints,0.7674418604651163,0.42494064927182096,0.9418604651162791,0.23537960143467368,22.727272727272727,96,86,0.07455425212780635,0.06440748880966478,cp,89,8,9042,0.6
Any_DLT,dlt_only,0.8541666666666666,0.35479176002615415,1.0,0.0,17.07317073170732,96,96,0.014036412040392557,0.002187607783928627,nominal,96,9,10042,0.6
Blood,dlt_only,0.875,0.33245498310218435,1.0,0.0,14.285714285714286,96,96,0.014036412040392557,0.002187607783928627,nominal,96,9,10042,0.6
Constitutional,dlt_only,0.8645833333333334,0.34396424742808945,0.9375,0.2433321316961438,8.43373493975903,96,96,0.014036412040392557,0.002187607783928627,nominal,96,9,10042,0.6
Infection,dlt_only,0.8645833333333334,0.34396424742808945,1.0,0.0,15.662650602409633,96,96,0.014036412040392557,0.002187607783928627,nominal,96,9,10042,0.6
Gastrointestinal,dlt_only,0.8645833333333334,0.3439642474280894,1.0,0.0,15.662650602409633,96,96,0.014036412040392557,0.002187607783928627,nominal,96,9,10042,0.6
Overall_Survival,dlt_only,10.690597206168823,1.779425762099106,11.958778740473884,0.9689607835223852,11.86258830866136,96,96,0.014036412040392557,0.002187607783928627,nominal,96,9,10042,0.6
all_constraints,dlt_only,0.6979166666666666,0.4615714956689105,0.9375,0.2433321316961438,34.32835820895523,96,96,0.014036412040392557,0.002187607783928627,nominal,96,9,10042,0.6
Any_DLT,all_constraints,0.851063829787234,0.3579345410363401,1.0,0.0,17.5,96,94,0.054331871370474495,0.021458713577895597,nominal,96,9,10042,0.6
Blood,all_constraints,0.8723404255319149,0.3354997092507591,1.0,0.0,14.63414634146341,96,94,0.054331871370474495,0.021458713577895597,nominal,96,9,10042,0.6
Constitutional,all_constraints,0.8723404255319149,0.3354997092507591,0.9361702127659575,0.24576020475855118,7.317073170731705,96,94,0.054331871370474495,0.021458713577895597,nominal,96,9,10042,0.6
Infection,all_constraints,0.8617021276595744,0.3470633740209737,1.0,0.0,16.049382716049386,96,94,0.054331871370474495,0.021458713577895597,nominal,96,9,10042,0.6
Gastrointestinal,all_constraints,0.8617021276595744,0.3470633740209737,1.0,0.0,16.049382716049386,96,94,0.054331871370474495,0.021458713577895597,nominal,96,9,10042,0.6
Overall_Survival,all_constraints,10.710532699901927,1.7930739213017046,11.922426385255195,0.9916660693023195,11.314971153249589,96,94,0.054331871370474495,0.021458713577895597,nominal,96,9,10042,0.6
all_constraints,all_constraints,0.7021276595744681,0.45977524275495457,0.9361702127659575,0.24576020475855118,33.333333333333336,96,94,0.054331871370474495,0.021458713577895597,nominal,96,9,10042,0.6
Any_DLT,dlt_only,0.8541666666666666,0.35479176002615415,1.0,0.0,17.07317073170732,96,96,0.014799589912096659,0.002739793567519584,robust_reg,96,9,10042,0.6
Blood,dlt_only,0.875,0.33245498310218435,1.0,0.0,14.285714285714286,96,96,0.014799589912096659,0.002739793567519584,robust_reg,96,9,10042,0.6
Constitutional,dlt_only,0.8645833333333334,0.34396424742808945,0.96875,0.17490598978639324,12.048192771084333,96,96,0.014799589912096659,0.002739793567519584,robust_reg,96,9,10042,0.6
Infection,dlt_only,0.8645833333333334,0.34396424742808945,1.0,0.0,15.662650602409633,96,96,0.014799589912096659,0.002739793567519584,robust_reg,96,9,10042,0.6
Gastrointestinal,dlt_only,0.8645833333333334,0.3439642474280894,1.0,0.0,15.662650602409633,96,96,0.014799589912096659,0.002739793567519584,robust_reg,96,9,10042,0.6
Overall_Survival,dlt_only,10.690597206168823,1.779425762099106,11.957702342996283,0.966213762047208,11.852519671177017,96,96,0.014799589912096659,0.002739793567519584,robust_reg,96,9,10042,0.6
all_constraints,dlt_only,0.6979166666666666,0.4615714956689105,0.96875,0.17490598978639324,38.80597014925374,96,96,0.014799589912096659,0.002739793567519584,robust_reg,96,9,10042,0.6
Any_DLT,all_constraints,0.851063829787234,0.3579345410363401,1.0,0.0,17.5,96,94,0.05803785721460978,0.028494049414123198,robust_reg,96,9,10042,0.6
Blood,all_constraints,0.8723404255319149,0.3354997092507591,1.0,0.0,14.63414634146341,96,94,0.05803785721460978,0.028494049414123198,robust_reg,96,9,10042,0.6
Constitutional,all_constraints,0.8723404255319149,0.3354997092507591,0.9574468085106383,0.20292981026189993,9.756097560975611,96,94,0.05803785721460978,0.028494049414123198,robust_reg,96,9,10042,0.6
Infection,all_constraints,0.8617021276595744,0.3470633740209737,1.0,0.0,16.049382716049386,96,94,0.05803785721460978,0.028494049414123198,robust_reg,96,9,10042,0.6
Gastrointestinal,all_constraints,0.8617021276595744,0.3470633740209737,1.0,0.0,16.049382716049386,96,94,0.05803785721460978,0.028494049414123198,robust_reg,96,9,10042,0.6
Overall_Survival,all_constraints,10.710532699901927,1.7930739213017046,11.92178836244738,0.9833907155183605,11.309014187095883,96,94,0.05803785721460978,0.028494049414123198,robust_reg,96,9,10042,0.6
all_constraints,all_constraints,0.7021276595744681,0.45977524275495457,0.9574468085106383,0.20292981026189993,36.36363636363637,96,94,0.05803785721460978,0.028494049414123198,robust_reg,96,9,10042,0.6
Any_DLT,dlt_only,0.8541666666666666,0.35479176002615415,0.9895833333333334,0.10206207261596574,15.853658536585376,96,96,0.0486125722527504,0.031287311252134055,cp,96,9,10042,0.6
Blood,dlt_only,0.875,0.33245498310218435,0.9583333333333334,0.20087527770480484,9.523809523809529,96,96,0.0486125722527504,0.031287311252134055,cp,96,9,10042,0.6
Constitutional,dlt_only,0.8645833333333334,0.34396424742808945,0.9583333333333334,0.20087527770480487,10.843373493975903,96,96,0.0486125722527504,0.031287311252134055,cp,96,9,10042,0.6
Infection,dlt_only,0.8645833333333334,0.34396424742808945,0.9791666666666666,0.143575886163796,13.253012048192762,96,96,0.0486125722527504,0.031287311252134055,cp,96,9,10042,0.6
Gastrointestinal,dlt_only,0.8645833333333334,0.3439642474280894,1.0,0.0,15.662650602409633,96,96,0.0486125722527504,0.031287311252134055,cp,96,9,10042,0.6
Overall_Survival,dlt_only,10.690597206168823,1.779425762099106,11.334867035600828,1.2955932469106728,6.026509249270383,96,96,0.0486125722527504,0.031287311252134055,cp,96,9,10042,0.6
all_constraints,dlt_only,0.6979166666666666,0.4615714956689105,0.9166666666666666,0.2778362511554969,31.343283582089555,96,96,0.0486125722527504,0.031287311252134055,cp,96,9,10042,0.6
Any_DLT,all_constraints,0.851063829787234,0.3579345410363401,0.9787234042553191,0.14507865158346242,14.999999999999995,96,94,0.08344471951325734,0.06448383516592733,cp,94,9,10042,0.6
Blood,all_constraints,0.8723404255319149,0.3354997092507591,0.9468085106382979,0.2256184464259304,8.53658536585365,96,94,0.08344471951325734,0.06448383516592733,cp,94,9,10042,0.6
Constitutional,all_constraints,0.8723404255319149,0.3354997092507591,0.9468085106382979,0.22561844642593043,8.53658536585365,96,94,0.08344471951325734,0.06448383516592733,cp,94,9,10042,0.6
Infection,all_constraints,0.8617021276595744,0.3470633740209737,0.9787234042553191,0.14507865158346242,13.580246913580249,96,94,0.08344471951325734,0.06448383516592733,cp,94,9,10042,0.6
Gastrointestinal,all_constraints,0.8617021276595744,0.3470633740209737,1.0,0.0,16.049382716049386,96,94,0.08344471951325734,0.06448383516592733,cp,94,9,10042,0.6
Overall_Survival,all_constraints,10.710532699901927,1.7930739213017046,11.438950691018283,1.1314720532171236,6.80095016303928,96,94,0.08344471951325734,0.06448383516592733,cp,94,9,10042,0.6
all_constraints,all_constraints,0.7021276595744681,0.45977524275495457,0.8936170212765957,0.3099804054293941,27.272727272727263,96,94,0.08344471951325734,0.06448383516592733,cp,94,9,10042,0.6
