outcome,constraint_mode,given_mean,given_sd,prescribed_mean,prescribed_sd,pct_change,n_test,n_prescribed_eval,mean_solve_time,solve_time_sd,method,n_method_feasible,realization,subsample_seed,rhs,frac
Any_DLT,dlt_only,0.8695652173913043,0.33862655057584784,0.9782608695652174,0.14662959759729013,12.500000000000005,96,92,0.07344826310873032,0.06270727531055109,nominal,96,0,1042,0.6,0.3
Blood,dlt_only,0.8804347826086957,0.32623025995934074,0.9891304347826086,0.10425720702853734,12.345679012345672,96,92,0.07344826310873032,0.06270727531055109,nominal,96,0,1042,0.6,0.3
Constitutional,dlt_only,0.8913043478260869,0.31296251010007803,0.9891304347826086,0.10425720702853734,10.97560975609756,96,92,0.07344826310873032,0.06270727531055109,nominal,96,0,1042,0.6,0.3
Infection,dlt_only,0.8913043478260869,0.31296251010007803,0.9891304347826086,0.10425720702853734,10.97560975609756,96,92,0.07344826310873032,0.06270727531055109,nominal,96,0,1042,0.6,0.3
Gastrointestinal,dlt_only,0.8695652173913043,0.3386265505758479,0.8369565217391305,0.37142949024106275,-3.749999999999991,96,92,0.07344826310873032,0.06270727531055109,nominal,96,0,1042,0.6,0.3
Overall_Survival,dlt_only,10.745877906690678,1.7806001794901174,11.147009219478669,0.9920805987882678,3.7328854493892507,96,92,0.07344826310873032,0.06270727531055109,nominal,96,0,1042,0.6,0.3
all_constraints,dlt_only,0.7282608695652174,0.4472937149826407,0.8260869565217391,0.38111160870476846,13.43283582089552,96,92,0.07344826310873032,0.06270727531055109,nominal,96,0,1042,0.6,0.3
Any_DLT,all_constraints,0.8461538461538461,0.36313651960128135,1.0,0.0,18.181818181818183,96,78,0.07260737816492717,0.05276676122141907,nominal,93,0,1042,0.6,0.3
Blood,all_constraints,0.8846153846153846,0.3215534223058485,1.0,0.0,13.04347826086957,96,78,0.07260737816492717,0.05276676122141907,nominal,93,0,1042,0.6,0.3
Constitutional,all_constraints,0.8846153846153846,0.3215534223058485,0.9743589743589743,0.1590849625452554,10.144927536231886,96,78,0.07260737816492717,0.05276676122141907,nominal,93,0,1042,0.6,0.3
Infection,all_constraints,0.8589743589743589,0.35030076036261,1.0,0.0,16.4179104477612,96,78,0.07260737816492717,0.05276676122141907,nominal,93,0,1042,0.6,0.3
Gastrointestinal,all_constraints,0.8846153846153846,0.32155342230584855,1.0,0.0,13.04347826086957,96,78,0.07260737816492717,0.05276676122141907,nominal,93,0,1042,0.6,0.3
Overall_Survival,all_constraints,10.728718083935833,1.8146414585800956,11.286093612678298,1.0525524914257425,5.195173592798814,96,78,0.07260737816492717,0.05276676122141907,nominal,93,0,1042,0.6,0.3
all_constraints,all_constraints,0.7307692307692307,0.4464310689240829,0.9743589743589743,0.1590849625452554,33.333333333333336,96,78,0.07260737816492717,0.05276676122141907,nominal,93,0,1042,0.6,0.3
Any_DLT,dlt_only,0.8695652173913043,0.33862655057584784,0.9782608695652174,0.14662959759729013,12.500000000000005,96,92,0.0959315871198972,0.056345708280569694,robust_reg,96,0,1042,0.6,0.3
Blood,dlt_only,0.8804347826086957,0.32623025995934074,0.9891304347826086,0.10425720702853734,12.345679012345672,96,92,0.0959315871198972,0.056345708280569694,robust_reg,96,0,1042,0.6,0.3
Constitutional,dlt_only,0.8913043478260869,0.31296251010007803,0.9891304347826086,0.10425720702853734,10.97560975609756,96,92,0.0959315871198972,0.056345708280569694,robust_reg,96,0,1042,0.6,0.3
Infection,dlt_only,0.8913043478260869,0.31296251010007803,0.9891304347826086,0.10425720702853734,10.97560975609756,96,92,0.0959315871198972,0.056345708280569694,robust_reg,96,0,1042,0.6,0.3
Gastrointestinal,dlt_only,0.8695652173913043,0.3386265505758479,0.7934782608695652,0.40702737651969145,-8.750000000000002,96,92,0.0959315871198972,0.056345708280569694,robust_reg,96,0,1042,0.6,0.3
Overall_Survival,dlt_only,10.745877906690678,1.7806001794901174,11.097134233692447,1.0052380898318836,3.268754121829983,96,92,0.0959315871198972,0.056345708280569694,robust_reg,96,0,1042,0.6,0.3
all_constraints,dlt_only,0.7282608695652174,0.4472937149826407,0.782608695652174,0.41473113113479426,7.462686567164182,96,92,0.0959315871198972,0.056345708280569694,robust_reg,96,0,1042,0.6,0.3
Any_DLT,all_constraints,0.8461538461538461,0.36313651960128135,1.0,0.0,18.181818181818183,96,78,0.08725387354691823,0.07045266306411015,robust_reg,94,0,1042,0.6,0.3
Blood,all_constraints,0.8846153846153846,0.3215534223058485,1.0,0.0,13.04347826086957,96,78,0.08725387354691823,0.07045266306411015,robust_reg,94,0,1042,0.6,0.3
Constitutional,all_constraints,0.8846153846153846,0.3215534223058485,0.9358974358974359,0.2465209134587992,5.797101449275367,96,78,0.08725387354691823,0.07045266306411015,robust_reg,94,0,1042,0.6,0.3
Infection,all_constraints,0.8589743589743589,0.35030076036261,1.0,0.0,16.4179104477612,96,78,0.08725387354691823,0.07045266306411015,robust_reg,94,0,1042,0.6,0.3
Gastrointestinal,all_constraints,0.8846153846153846,0.32155342230584855,1.0,0.0,13.04347826086957,96,78,0.08725387354691823,0.07045266306411015,robust_reg,94,0,1042,0.6,0.3
Overall_Survival,all_constraints,10.728718083935833,1.8146414585800956,11.340106046750181,1.1488549795968555,5.698611502615418,96,78,0.08725387354691823,0.07045266306411015,robust_reg,94,0,1042,0.6,0.3
all_constraints,all_constraints,0.7307692307692307,0.4464310689240829,0.9358974358974359,0.2465209134587992,28.0701754385965,96,78,0.08725387354691823,0.07045266306411015,robust_reg,94,0,1042,0.6,0.3
Any_DLT,dlt_only,0.8695652173913043,0.33862655057584784,1.0,0.0,15.000000000000004,96,92,0.17702832569678625,0.1409602583318383,cp,92,0,1042,0.6,0.3
Blood,dlt_only,0.8804347826086957,0.32623025995934074,1.0,0.0,13.580246913580243,96,92,0.17702832569678625,0.1409602583318383,cp,92,0,1042,0.6,0.3
Constitutional,dlt_only,0.8913043478260869,0.31296251010007803,0.967391304347826,0.17858337274913305,8.53658536585366,96,92,0.17702832569678625,0.1409602583318383,cp,92,0,1042,0.6,0.3
Infection,dlt_only,0.8913043478260869,0.31296251010007803,1.0,0.0,12.195121951219518,96,92,0.17702832569678625,0.1409602583318383,cp,92,0,1042,0.6,0.3
Gastrointestinal,dlt_only,0.8695652173913043,0.3386265505758479,0.9782608695652174,0.14662959759729016,12.500000000000005,96,92,0.17702832569678625,0.1409602583318383,cp,92,0,1042,0.6,0.3
Overall_Survival,dlt_only,10.745877906690678,1.7806001794901174,11.024539916176755,1.1705738465866038,2.59319910300278,96,92,0.17702832569678625,0.1409602583318383,cp,92,0,1042,0.6,0.3
all_constraints,dlt_only,0.7282608695652174,0.4472937149826407,0.9456521739130435,0.22794497286530102,29.85074626865671,96,92,0.17702832569678625,0.1409602583318383,cp,92,0,1042,0.6,0.3
Any_DLT,all_constraints,0.8461538461538461,0.36313651960128135,1.0,0.0,18.181818181818183,96,78,0.23756668965021768,0.1406073651859424,cp,78,0,1042,0.6,0.3
Blood,all_constraints,0.8846153846153846,0.3215534223058485,1.0,0.0,13.04347826086957,96,78,0.23756668965021768,0.1406073651859424,cp,78,0,1042,0.6,0.3
Constitutional,all_constraints,0.8846153846153846,0.3215534223058485,0.9358974358974359,0.2465209134587992,5.797101449275367,96,78,0.23756668965021768,0.1406073651859424,cp,78,0,1042,0.6,0.3
Infection,all_constraints,0.8589743589743589,0.35030076036261,1.0,0.0,16.4179104477612,96,78,0.23756668965021768,0.1406073651859424,cp,78,0,1042,0.6,0.3
Gastrointestinal,all_constraints,0.8846153846153846,0.32155342230584855,0.9871794871794872,0.11322770341445956,11.594202898550733,96,78,0.23756668965021768,0.1406073651859424,cp,78,0,1042,0.6,0.3
Overall_Survival,all_constraints,10.728718083935833,1.8146414585800956,10.803769992965071,1.1482414573346142,0.6995421861407047,96,78,0.23756668965021768,0.1406073651859424,cp,78,0,1042,0.6,0.3
all_constraints,all_constraints,0.7307692307692307,0.4464310689240829,0.9230769230769231,0.2681940937606046,26.315789473684227,96,78,0.23756668965021768,0.1406073651859424,cp,78,0,1042,0.6,0.3
Any_DLT,dlt_only,0.8809523809523809,0.32578956563800526,0.9642857142857143,0.18669145807013005,9.459459459459465,96,84,0.06342044472694397,0.06880896565111425,nominal,96,1,2042,0.6,0.3
Blood,dlt_only,0.8690476190476191,0.33937440336141056,0.9642857142857143,0.18669145807013005,10.95890410958904,96,84,0.06342044472694397,0.06880896565111425,nominal,96,1,2042,0.6,0.3
Constitutional,dlt_only,0.9166666666666666,0.27804538648895283,0.9523809523809523,0.21423789866216117,3.8961038961038947,96,84,0.06342044472694397,0.06880896565111425,nominal,96,1,2042,0.6,0.3
Infection,dlt_only,0.9047619047619048,0.2953065639704594,0.9642857142857143,0.18669145807013005,6.578947368421054,96,84,0.06342044472694397,0.06880896565111425,nominal,96,1,2042,0.6,0.3
Gastrointestinal,dlt_only,0.8928571428571429,0.3111524301168833,0.9880952380952381,0.10910894511799617,10.666666666666666,96,84,0.06342044472694397,0.06880896565111425,nominal,96,1,2042,0.6,0.3
Overall_Survival,dlt_only,10.880081554272012,1.725319220469979,11.056345958357747,0.9420030516934794,1.6200650997558554,96,84,0.06342044472694397,0.06880896565111425,nominal,96,1,2042,0.6,0.3
all_constraints,dlt_only,0.7380952380952381,0.4423117697549976,0.9166666666666666,0.27804538648895283,24.193548387096765,96,84,0.06342044472694397,0.06880896565111425,nominal,96,1,2042,0.6,0.3
Any_DLT,all_constraints,0.8607594936708861,0.34840947082971635,1.0,0.0,16.17647058823529,96,79,0.09446783860524495,0.07587698105479593,nominal,96,1,2042,0.6,0.3
Blood,all_constraints,0.8734177215189873,0.3346290946166707,1.0,0.0,14.492753623188406,96,79,0.09446783860524495,0.07587698105479593,nominal,96,1,2042,0.6,0.3
Constitutional,all_constraints,0.9367088607594937,0.24504171031127583,0.9493670886075949,0.2206478908203439,1.3513513513513467,96,79,0.09446783860524495,0.07587698105479593,nominal,96,1,2042,0.6,0.3
Infection,all_constraints,0.8987341772151899,0.30360807685198876,1.0,0.0,11.267605633802816,96,79,0.09446783860524495,0.07587698105479593,nominal,96,1,2042,0.6,0.3
Gastrointestinal,all_constraints,0.8734177215189873,0.33462909461667056,1.0,0.0,14.492753623188406,96,79,0.09446783860524495,0.07587698105479593,nominal,96,1,2042,0.6,0.3
Overall_Survival,all_constraints,10.946549944965541,1.7481406994643973,10.834316737837666,0.9021161854640006,-1.0252838354745097,96,79,0.09446783860524495,0.07587698105479593,nominal,96,1,2042,0.6,0.3
all_constraints,all_constraints,0.7341772151898734,0.4445931807813449,0.9493670886075949,0.2206478908203439,29.310344827586196,96,79,0.09446783860524495,0.07587698105479593,nominal,96,1,2042,0.6,0.3
Any_DLT,dlt_only,0.8809523809523809,0.32578956563800526,0.5119047619047619,0.5028604352367053,-41.891891891891895,96,84,0.028312459588050842,0.04198297833561891,robust_reg,96,1,2042,0.6,0.3
Blood,dlt_only,0.8690476190476191,0.33937440336141056,0.2619047619047619,0.4423117697549976,-69.86301369863014,96,84,0.028312459588050842,0.04198297833561891,robust_reg,96,1,2042,0.6,0.3
Constitutional,dlt_only,0.9166666666666666,0.27804538648895283,0.9761904761904762,0.1533709949008578,6.493506493506495,96,84,0.028312459588050842,0.04198297833561891,robust_reg,96,1,2042,0.6,0.3
Infection,dlt_only,0.9047619047619048,0.2953065639704594,0.32142857142857145,0.4698298663029244,-64.47368421052632,96,84,0.028312459588050842,0.04198297833561891,robust_reg,96,1,2042,0.6,0.3
Gastrointestinal,dlt_only,0.8928571428571429,0.3111524301168833,0.6785714285714286,0.46982986630292434,-24.0,96,84,0.028312459588050842,0.04198297833561891,robust_reg,96,1,2042,0.6,0.3
Overall_Survival,dlt_only,10.880081554272012,1.725319220469979,11.007908620269607,0.9365927907823834,1.174872314696981,96,84,0.028312459588050842,0.04198297833561891,robust_reg,96,1,2042,0.6,0.3
all_constraints,dlt_only,0.7380952380952381,0.4423117697549976,0.23809523809523808,0.4284757973243222,-67.74193548387096,96,84,0.028312459588050842,0.04198297833561891,robust_reg,96,1,2042,0.6,0.3
Any_DLT,all_constraints,0.8607594936708861,0.34840947082971635,0.9493670886075949,0.2206478908203439,10.294117647058814,96,79,0.06836336602767308,0.011874275579542232,robust_reg,96,1,2042,0.6,0.3
Blood,all_constraints,0.8734177215189873,0.3346290946166707,0.810126582278481,0.3947069463729926,-7.246376811594203,96,79,0.06836336602767308,0.011874275579542232,robust_reg,96,1,2042,0.6,0.3
Constitutional,all_constraints,0.9367088607594937,0.24504171031127583,0.9873417721518988,0.11250879009260241,5.405405405405411,96,79,0.06836336602767308,0.011874275579542232,robust_reg,96,1,2042,0.6,0.3
Infection,all_constraints,0.8987341772151899,0.30360807685198876,0.8481012658227848,0.3612161649468224,-5.633802816901413,96,79,0.06836336602767308,0.011874275579542232,robust_reg,96,1,2042,0.6,0.3
Gastrointestinal,all_constraints,0.8734177215189873,0.33462909461667056,0.9620253164556962,0.19235637163825503,10.144927536231888,96,79,0.06836336602767308,0.011874275579542232,robust_reg,96,1,2042,0.6,0.3
Overall_Survival,all_constraints,10.946549944965541,1.7481406994643973,10.986248296162204,1.0483637337938263,0.36265628345230555,96,79,0.06836336602767308,0.011874275579542232,robust_reg,96,1,2042,0.6,0.3
all_constraints,all_constraints,0.7341772151898734,0.4445931807813449,0.7974683544303798,0.40445426464663115,8.620689655172413,96,79,0.06836336602767308,0.011874275579542232,robust_reg,96,1,2042,0.6,0.3
Any_DLT,dlt_only,0.8809523809523809,0.32578956563800526,1.0,0.0,13.513513513513516,96,84,0.46347876638174057,0.32449286079808687,cp,84,1,2042,0.6,0.3
Blood,dlt_only,0.8690476190476191,0.33937440336141056,1.0,0.0,15.06849315068493,96,84,0.46347876638174057,0.32449286079808687,cp,84,1,2042,0.6,0.3
Constitutional,dlt_only,0.9166666666666666,0.27804538648895283,0.9880952380952381,0.10910894511799617,7.792207792207802,96,84,0.46347876638174057,0.32449286079808687,cp,84,1,2042,0.6,0.3
Infection,dlt_only,0.9047619047619048,0.2953065639704594,1.0,0.0,10.526315789473683,96,84,0.46347876638174057,0.32449286079808687,cp,84,1,2042,0.6,0.3
Gastrointestinal,dlt_only,0.8928571428571429,0.3111524301168833,1.0,0.0,11.999999999999995,96,84,0.46347876638174057,0.32449286079808687,cp,84,1,2042,0.6,0.3
Overall_Survival,dlt_only,10.880081554272012,1.725319220469979,10.549540157214855,1.0945852200555188,-3.0380415386442725,96,84,0.46347876638174057,0.32449286079808687,cp,84,1,2042,0.6,0.3
all_constraints,dlt_only,0.7380952380952381,0.4423117697549976,0.9880952380952381,0.10910894511799617,33.87096774193548,96,84,0.46347876638174057,0.32449286079808687,cp,84,1,2042,0.6,0.3
Any_DLT,all_constraints,0.8607594936708861,0.34840947082971635,1.0,0.0,16.17647058823529,96,79,0.6197805280486742,0.40538346582232315,cp,79,1,2042,0.6,0.3
Blood,all_constraints,0.8734177215189873,0.3346290946166707,1.0,0.0,14.492753623188406,96,79,0.6197805280486742,0.40538346582232315,cp,79,1,2042,0.6,0.3
Constitutional,all_constraints,0.9367088607594937,0.24504171031127583,0.9746835443037974,0.1580882214188629,4.054054054054052,96,79,0.6197805280486742,0.40538346582232315,cp,79,1,2042,0.6,0.3
Infection,all_constraints,0.8987341772151899,0.30360807685198876,1.0,0.0,11.267605633802816,96,79,0.6197805280486742,0.40538346582232315,cp,79,1,2042,0.6,0.3
Gastrointestinal,all_constraints,0.8734177215189873,0.33462909461667056,1.0,0.0,14.492753623188406,96,79,0.6197805280486742,0.40538346582232315,cp,79,1,2042,0.6,0.3
Overall_Survival,all_constraints,10.946549944965541,1.7481406994643973,10.39155768687927,0.9183335731704558,-5.070019877281235,96,79,0.6197805280486742,0.40538346582232315,cp,79,1,2042,0.6,0.3
all_constraints,all_constraints,0.7341772151898734,0.4445931807813449,0.9746835443037974,0.1580882214188629,32.75862068965516,96,79,0.6197805280486742,0.40538346582232315,cp,79,1,2042,0.6,0.3
Any_DLT,dlt_only,0.8791208791208791,0.3277927812629611,1.0,0.0,13.750000000000002,96,91,0.013007005055745443,0.002457465962503202,nominal,96,2,3042,0.6,0.3
Blood,dlt_only,0.8791208791208791,0.3277927812629611,0.978021978021978,0.14742395237484895,11.249999999999998,96,91,0.013007005055745443,0.002457465962503202,nominal,96,2,3042,0.6,0.3
Constitutional,dlt_only,0.8901098901098901,0.31448545101657555,0.978021978021978,0.14742395237484895,9.876543209876546,96,91,0.013007005055745443,0.002457465962503202,nominal,96,2,3042,0.6,0.3
Infection,dlt_only,0.9010989010989011,0.30018309431060586,1.0,0.0,10.97560975609756,96,91,0.013007005055745443,0.002457465962503202,nominal,96,2,3042,0.6,0.3
Gastrointestinal,dlt_only,0.8791208791208791,0.32779278126296113,1.0,0.0,13.750000000000002,96,91,0.013007005055745443,0.002457465962503202,nominal,96,2,3042,0.6,0.3
Overall_Survival,dlt_only,10.67333413317055,1.8173570095736453,11.860435192994863,1.017919254271717,11.122120276690714,96,91,0.013007005055745443,0.002457465962503202,nominal,96,2,3042,0.6,0.3
all_constraints,dlt_only,0.7362637362637363,0.4430993075338713,0.9560439560439561,0.20613306986226762,29.850746268656714,96,91,0.013007005055745443,0.002457465962503202,nominal,96,2,3042,0.6,0.3
Any_DLT,all_constraints,0.92,0.2731201101980493,1.0,0.0,8.69565217391304,96,75,0.06336866567532222,0.042294561640747436,nominal,96,2,3042,0.6,0.3
Blood,all_constraints,0.8933333333333333,0.31076772125910473,0.9733333333333334,0.16219218941214866,8.955223880597023,96,75,0.06336866567532222,0.042294561640747436,nominal,96,2,3042,0.6,0.3
Constitutional,all_constraints,0.92,0.27312011019804927,1.0,0.0,8.69565217391304,96,75,0.06336866567532222,0.042294561640747436,nominal,96,2,3042,0.6,0.3
Infection,all_constraints,0.9466666666666667,0.2262104576963036,1.0,0.0,5.633802816901409,96,75,0.06336866567532222,0.042294561640747436,nominal,96,2,3042,0.6,0.3
Gastrointestinal,all_constraints,0.8933333333333333,0.3107677212591047,1.0,0.0,11.940298507462687,96,75,0.06336866567532222,0.042294561640747436,nominal,96,2,3042,0.6,0.3
Overall_Survival,all_constraints,10.692065286181592,1.7959261907289907,11.33965909959863,1.0356826691976775,6.056770100852156,96,75,0.06336866567532222,0.042294561640747436,nominal,96,2,3042,0.6,0.3
all_constraints,all_constraints,0.7733333333333333,0.4214945523463591,0.9733333333333334,0.16219218941214866,25.862068965517253,96,75,0.06336866567532222,0.042294561640747436,nominal,96,2,3042,0.6,0.3
Any_DLT,dlt_only,0.8791208791208791,0.3277927812629611,1.0,0.0,13.750000000000002,96,91,0.012482884029547373,0.002218156553093824,robust_reg,96,2,3042,0.6,0.3
Blood,dlt_only,0.8791208791208791,0.3277927812629611,1.0,0.0,13.750000000000002,96,91,0.012482884029547373,0.002218156553093824,robust_reg,96,2,3042,0.6,0.3
Constitutional,dlt_only,0.8901098901098901,0.31448545101657555,0.978021978021978,0.14742395237484895,9.876543209876546,96,91,0.012482884029547373,0.002218156553093824,robust_reg,96,2,3042,0.6,0.3
Infection,dlt_only,0.9010989010989011,0.30018309431060586,1.0,0.0,10.97560975609756,96,91,0.012482884029547373,0.002218156553093824,robust_reg,96,2,3042,0.6,0.3
Gastrointestinal,dlt_only,0.8791208791208791,0.32779278126296113,1.0,0.0,13.750000000000002,96,91,0.012482884029547373,0.002218156553093824,robust_reg,96,2,3042,0.6,0.3
Overall_Survival,dlt_only,10.67333413317055,1.8173570095736453,11.916755085279936,0.9921724589058695,11.649789434072773,96,91,0.012482884029547373,0.002218156553093824,robust_reg,96,2,3042,0.6,0.3
all_constraints,dlt_only,0.7362637362637363,0.4430993075338713,0.978021978021978,0.14742395237484895,32.835820895522374,96,91,0.012482884029547373,0.002218156553093824,robust_reg,96,2,3042,0.6,0.3
Any_DLT,all_constraints,0.92,0.2731201101980493,1.0,0.0,8.69565217391304,96,75,0.06398046513398488,0.05070144731758281,robust_reg,93,2,3042,0.6,0.3
Blood,all_constraints,0.8933333333333333,0.31076772125910473,0.9866666666666667,0.11547005383792519,10.447761194029855,96,75,0.06398046513398488,0.05070144731758281,robust_reg,93,2,3042,0.6,0.3
Constitutional,all_constraints,0.92,0.27312011019804927,1.0,0.0,8.69565217391304,96,75,0.06398046513398488,0.05070144731758281,robust_reg,93,2,3042,0.6,0.3
Infection,all_constraints,0.9466666666666667,0.2262104576963036,1.0,0.0,5.633802816901409,96,75,0.06398046513398488,0.05070144731758281,robust_reg,93,2,3042,0.6,0.3
Gastrointestinal,all_constraints,0.8933333333333333,0.3107677212591047,1.0,0.0,11.940298507462687,96,75,0.06398046513398488,0.05070144731758281,robust_reg,93,2,3042,0.6,0.3
Overall_Survival,all_constraints,10.692065286181592,1.7959261907289907,11.24702782427373,0.9748335626606353,5.190414791138345,96,75,0.06398046513398488,0.05070144731758281,robust_reg,93,2,3042,0.6,0.3
all_constraints,all_constraints,0.7733333333333333,0.4214945523463591,0.9866666666666667,0.11547005383792519,27.58620689655173,96,75,0.06398046513398488,0.05070144731758281,robust_reg,93,2,3042,0.6,0.3
Any_DLT,dlt_only,0.8791208791208791,0.3277927812629611,0.989010989010989,0.1048284836721918,12.500000000000007,96,91,0.02015483131011327,0.02153779283852615,cp,91,2,3042,0.6,0.3
Blood,dlt_only,0.8791208791208791,0.3277927812629611,0.989010989010989,0.1048284836721918,12.500000000000007,96,91,0.02015483131011327,0.02153779283852615,cp,91,2,3042,0.6,0.3
Constitutional,dlt_only,0.8901098901098901,0.31448545101657555,0.9560439560439561,0.20613306986226757,7.40740740740742,96,91,0.02015483131011327,0.02153779283852615,cp,91,2,3042,0.6,0.3
Infection,dlt_only,0.9010989010989011,0.30018309431060586,0.989010989010989,0.1048284836721918,9.756097560975613,96,91,0.02015483131011327,0.02153779283852615,cp,91,2,3042,0.6,0.3
Gastrointestinal,dlt_only,0.8791208791208791,0.32779278126296113,1.0,0.0,13.750000000000002,96,91,0.02015483131011327,0.02153779283852615,cp,91,2,3042,0.6,0.3
Overall_Survival,dlt_only,10.67333413317055,1.8173570095736453,11.676354919313097,1.1819397716443316,9.397445761820212,96,91,0.02015483131011327,0.02153779283852615,cp,91,2,3042,0.6,0.3
all_constraints,dlt_only,0.7362637362637363,0.4430993075338713,0.9560439560439561,0.20613306986226757,29.850746268656714,96,91,0.02015483131011327,0.02153779283852615,cp,91,2,3042,0.6,0.3
Any_DLT,all_constraints,0.92,0.2731201101980493,1.0,0.0,8.69565217391304,96,75,0.38441793620586395,0.23574327012264207,cp,75,2,3042,0.6,0.3
Blood,all_constraints,0.8933333333333333,0.31076772125910473,0.9866666666666667,0.11547005383792518,10.447761194029855,96,75,0.38441793620586395,0.23574327012264207,cp,75,2,3042,0.6,0.3
Constitutional,all_constraints,0.92,0.27312011019804927,1.0,0.0,8.69565217391304,96,75,0.38441793620586395,0.23574327012264207,cp,75,2,3042,0.6,0.3
Infection,all_constraints,0.9466666666666667,0.2262104576963036,1.0,0.0,5.633802816901409,96,75,0.38441793620586395,0.23574327012264207,cp,75,2,3042,0.6,0.3
Gastrointestinal,all_constraints,0.8933333333333333,0.3107677212591047,1.0,0.0,11.940298507462687,96,75,0.38441793620586395,0.23574327012264207,cp,75,2,3042,0.6,0.3
Overall_Survival,all_constraints,10.692065286181592,1.7959261907289907,10.099250169823838,0.9258654569418199,-5.544439736295914,96,75,0.38441793620586395,0.23574327012264207,cp,75,2,3042,0.6,0.3
all_constraints,all_constraints,0.7733333333333333,0.4214945523463591,0.9866666666666667,0.11547005383792518,27.58620689655173,96,75,0.38441793620586395,0.23574327012264207,cp,75,2,3042,0.6,0.3
Any_DLT,dlt_only,0.8764044943820225,0.3309842319473132,0.9438202247191011,0.23157320469295906,7.692307692307685,96,89,0.01376786082983017,0.0030657723106694706,nominal,96,3,4042,0.6,0.3
Blood,dlt_only,0.8764044943820225,0.3309842319473132,0.6741573033707865,0.4713443274024455,-23.07692307692308,96,89,0.01376786082983017,0.0030657723106694706,nominal,96,3,4042,0.6,0.3
Constitutional,dlt_only,0.898876404494382,0.3032004969797108,0.9887640449438202,0.10599978800063597,10.000000000000002,96,89,0.01376786082983017,0.0030657723106694706,nominal,96,3,4042,0.6,0.3
Infection,dlt_only,0.898876404494382,0.3032004969797108,0.9438202247191011,0.23157320469295906,5.000000000000001,96,89,0.01376786082983017,0.0030657723106694706,nominal,96,3,4042,0.6,0.3
Gastrointestinal,dlt_only,0.8876404494382022,0.3175975958515819,0.7865168539325843,0.4120875379300647,-11.39240506329113,96,89,0.01376786082983017,0.0030657723106694706,nominal,96,3,4042,0.6,0.3
Overall_Survival,dlt_only,10.75320932131724,1.8039552876524312,12.1918425763045,0.9303661198912514,13.378640850367377,96,89,0.01376786082983017,0.0030657723106694706,nominal,96,3,4042,0.6,0.3
all_constraints,dlt_only,0.7415730337078652,0.44025018423517004,0.43820224719101125,0.4989775040423639,-40.909090909090914,96,89,0.01376786082983017,0.0030657723106694706,nominal,96,3,4042,0.6,0.3
Any_DLT,all_constraints,0.9041095890410958,0.2964785715342602,0.958904109589041,0.19988581215169668,6.0606060606060606,96,73,0.055239662528038025,0.011504187868127552,nominal,96,3,4042,0.6,0.3
Blood,all_constraints,0.8904109589041096,0.31453863195058485,0.6986301369863014,0.46202848357509646,-21.538461538461537,96,73,0.055239662528038025,0.011504187868127552,nominal,96,3,4042,0.6,0.3
Constitutional,all_constraints,0.9452054794520548,0.22915369411186495,0.958904109589041,0.19988581215169668,1.4492753623188346,96,73,0.055239662528038025,0.011504187868127552,nominal,96,3,4042,0.6,0.3
Infection,all_constraints,0.9315068493150684,0.25433830943623054,0.9726027397260274,0.16436770598316272,4.4117647058823595,96,73,0.055239662528038025,0.011504187868127552,nominal,96,3,4042,0.6,0.3
Gastrointestinal,all_constraints,0.9315068493150684,0.25433830943623054,0.9863013698630136,0.11704114719613057,5.882352941176471,96,73,0.055239662528038025,0.011504187868127552,nominal,96,3,4042,0.6,0.3
Overall_Survival,all_constraints,10.922119746461602,1.8700306267300253,12.091132503034904,1.188709257128368,10.70316736778154,96,73,0.055239662528038025,0.011504187868127552,nominal,96,3,4042,0.6,0.3
all_constraints,all_constraints,0.821917808219178,0.38522957633600546,0.6438356164383562,0.4821785922507987,-21.66666666666666,96,73,0.055239662528038025,0.011504187868127552,nominal,96,3,4042,0.6,0.3
Any_DLT,dlt_only,0.8764044943820225,0.3309842319473132,0.9438202247191011,0.23157320469295906,7.692307692307685,96,89,0.017460539937019348,0.021859773585651075,robust_reg,96,3,4042,0.6,0.3
Blood,dlt_only,0.8764044943820225,0.3309842319473132,0.7191011235955056,0.45198461470556867,-17.948717948717952,96,89,0.017460539937019348,0.021859773585651075,robust_reg,96,3,4042,0.6,0.3
Constitutional,dlt_only,0.898876404494382,0.3032004969797108,0.9775280898876404,0.14905216367918436,8.749999999999996,96,89,0.017460539937019348,0.021859773585651075,robust_reg,96,3,4042,0.6,0.3
Infection,dlt_only,0.898876404494382,0.3032004969797108,0.9550561797752809,0.20835461246451933,6.250000000000003,96,89,0.017460539937019348,0.021859773585651075,robust_reg,96,3,4042,0.6,0.3
Gastrointestinal,dlt_only,0.8876404494382022,0.3175975958515819,0.9662921348314607,0.18149869785703643,8.860759493670896,96,89,0.017460539937019348,0.021859773585651075,robust_reg,96,3,4042,0.6,0.3
Overall_Survival,dlt_only,10.75320932131724,1.8039552876524312,12.121121872247807,1.0406857620087049,12.720970177887338,96,89,0.017460539937019348,0.021859773585651075,robust_reg,96,3,4042,0.6,0.3
all_constraints,dlt_only,0.7415730337078652,0.44025018423517004,0.651685393258427,0.4791356705641377,-12.121212121212121,96,89,0.017460539937019348,0.021859773585651075,robust_reg,96,3,4042,0.6,0.3
Any_DLT,all_constraints,0.9041095890410958,0.2964785715342602,0.958904109589041,0.19988581215169668,6.0606060606060606,96,73,0.05932314942280451,0.016569154366794216,robust_reg,96,3,4042,0.6,0.3
Blood,all_constraints,0.8904109589041096,0.31453863195058485,0.7808219178082192,0.4165524957735337,-12.307692307692307,96,73,0.05932314942280451,0.016569154366794216,robust_reg,96,3,4042,0.6,0.3
Constitutional,all_constraints,0.9452054794520548,0.22915369411186495,0.9726027397260274,0.16436770598316272,2.898550724637681,96,73,0.05932314942280451,0.016569154366794216,robust_reg,96,3,4042,0.6,0.3
Infection,all_constraints,0.9315068493150684,0.25433830943623054,0.9863013698630136,0.11704114719613057,5.882352941176471,96,73,0.05932314942280451,0.016569154366794216,robust_reg,96,3,4042,0.6,0.3
Gastrointestinal,all_constraints,0.9315068493150684,0.25433830943623054,1.0,0.0,7.352941176470594,96,73,0.05932314942280451,0.016569154366794216,robust_reg,96,3,4042,0.6,0.3
Overall_Survival,all_constraints,10.922119746461602,1.8700306267300253,11.767237744703333,1.1216913248336593,7.737673801969814,96,73,0.05932314942280451,0.016569154366794216,robust_reg,96,3,4042,0.6,0.3
all_constraints,all_constraints,0.821917808219178,0.38522957633600546,0.7397260273972602,0.44182064172246954,-10.0,96,73,0.05932314942280451,0.016569154366794216,robust_reg,96,3,4042,0.6,0.3
Any_DLT,dlt_only,0.8764044943820225,0.3309842319473132,0.9662921348314607,0.18149869785703643,10.256410256410257,96,89,0.06635907044013341,0.018681161335826,cp,89,3,4042,0.6,0.3
Blood,dlt_only,0.8764044943820225,0.3309842319473132,0.8089887640449438,0.3953250818337538,-7.692307692307699,96,89,0.06635907044013341,0.018681161335826,cp,89,3,4042,0.6,0.3
Constitutional,dlt_only,0.898876404494382,0.3032004969797108,0.9775280898876404,0.14905216367918436,8.749999999999996,96,89,0.06635907044013341,0.018681161335826,cp,89,3,4042,0.6,0.3
Infection,dlt_only,0.898876404494382,0.3032004969797108,0.9550561797752809,0.20835461246451933,6.250000000000003,96,89,0.06635907044013341,0.018681161335826,cp,89,3,4042,0.6,0.3
Gastrointestinal,dlt_only,0.8876404494382022,0.3175975958515819,0.9325842696629213,0.2521612403074291,5.063291139240507,96,89,0.06635907044013341,0.018681161335826,cp,89,3,4042,0.6,0.3
Overall_Survival,dlt_only,10.75320932131724,1.8039552876524312,11.719003454635692,1.2838391586531146,8.981450136973107,96,89,0.06635907044013341,0.018681161335826,cp,89,3,4042,0.6,0.3
all_constraints,dlt_only,0.7415730337078652,0.44025018423517004,0.7078651685393258,0.45732043647085324,-4.5454545454545565,96,89,0.06635907044013341,0.018681161335826,cp,89,3,4042,0.6,0.3
Any_DLT,all_constraints,0.9041095890410958,0.2964785715342602,1.0,0.0,10.60606060606061,96,73,0.779329352080822,0.4468772086070326,cp,73,3,4042,0.6,0.3
Blood,all_constraints,0.8904109589041096,0.31453863195058485,0.9726027397260274,0.16436770598316272,9.23076923076923,96,73,0.779329352080822,0.4468772086070326,cp,73,3,4042,0.6,0.3
Constitutional,all_constraints,0.9452054794520548,0.22915369411186495,1.0,0.0,5.797101449275362,96,73,0.779329352080822,0.4468772086070326,cp,73,3,4042,0.6,0.3
Infection,all_constraints,0.9315068493150684,0.25433830943623054,1.0,0.0,7.352941176470594,96,73,0.779329352080822,0.4468772086070326,cp,73,3,4042,0.6,0.3
Gastrointestinal,all_constraints,0.9315068493150684,0.25433830943623054,0.9726027397260274,0.16436770598316272,4.4117647058823595,96,73,0.779329352080822,0.4468772086070326,cp,73,3,4042,0.6,0.3
Overall_Survival,all_constraints,10.922119746461602,1.8700306267300253,10.394368617001028,0.9604675344600887,-4.8319478426479225,96,73,0.779329352080822,0.4468772086070326,cp,73,3,4042,0.6,0.3
all_constraints,all_constraints,0.821917808219178,0.38522957633600546,0.9452054794520548,0.22915369411186493,15.000000000000007,96,73,0.779329352080822,0.4468772086070326,cp,73,3,4042,0.6,0.3
Any_DLT,dlt_only,0.8586956521739131,0.3502439256481347,1.0,0.0,16.45569620253164,96,92,0.034153262774149575,0.043271057344889764,nominal,96,4,5042,0.6,0.3
Blood,dlt_only,0.8804347826086957,0.32623025995934074,0.967391304347826,0.17858337274913305,9.876543209876536,96,92,0.034153262774149575,0.043271057344889764,nominal,96,4,5042,0.6,0.3
Constitutional,dlt_only,0.8804347826086957,0.32623025995934074,0.9021739130434783,0.29870720011393176,2.469135802469134,96,92,0.034153262774149575,0.043271057344889764,nominal,96,4,5042,0.6,0.3
Infection,dlt_only,0.8804347826086957,0.32623025995934074,1.0,0.0,13.580246913580243,96,92,0.034153262774149575,0.043271057344889764,nominal,96,4,5042,0.6,0.3
Gastrointestinal,dlt_only,0.8695652173913043,0.3386265505758479,1.0,0.0,15.000000000000004,96,92,0.034153262774149575,0.043271057344889764,nominal,96,4,5042,0.6,0.3
Overall_Survival,dlt_only,10.71691978941453,1.805205550538583,10.566890916535428,0.9876804479859073,-1.3999253127497506,96,92,0.034153262774149575,0.043271057344889764,nominal,96,4,5042,0.6,0.3
all_constraints,dlt_only,0.717391304347826,0.4527349601029049,0.8695652173913043,0.33862655057584784,21.212121212121215,96,92,0.034153262774149575,0.043271057344889764,nominal,96,4,5042,0.6,0.3
Any_DLT,all_constraints,0.8860759493670886,0.3197491714129677,1.0,0.0,12.857142857142865,96,79,0.04848369210958481,0.0033160650079596034,nominal,96,4,5042,0.6,0.3
Blood,all_constraints,0.8987341772151899,0.3036080768519887,0.9620253164556962,0.19235637163825503,7.04225352112676,96,79,0.04848369210958481,0.0033160650079596034,nominal,96,4,5042,0.6,0.3
Constitutional,all_constraints,0.9113924050632911,0.28599235321145144,0.9620253164556962,0.192356371638255,5.555555555555561,96,79,0.04848369210958481,0.0033160650079596034,nominal,96,4,5042,0.6,0.3
Infection,all_constraints,0.9240506329113924,0.26660986087588917,1.0,0.0,8.219178082191776,96,79,0.04848369210958481,0.0033160650079596034,nominal,96,4,5042,0.6,0.3
Gastrointestinal,all_constraints,0.8734177215189873,0.33462909461667056,1.0,0.0,14.492753623188406,96,79,0.04848369210958481,0.0033160650079596034,nominal,96,4,5042,0.6,0.3
Overall_Survival,all_constraints,10.88727099804859,1.80285841983552,10.650178176850163,0.9338863645161776,-2.1777066194175116,96,79,0.04848369210958481,0.0033160650079596034,nominal,96,4,5042,0.6,0.3
all_constraints,all_constraints,0.759493670886076,0.4301219228883507,0.9240506329113924,0.26660986087588917,21.666666666666664,96,79,0.04848369210958481,0.0033160650079596034,nominal,96,4,5042,0.6,0.3
Any_DLT,dlt_only,0.8586956521739131,0.3502439256481347,1.0,0.0,16.45569620253164,96,92,0.059868541856606804,0.05707451369557,robust_reg,96,4,5042,0.6,0.3
Blood,dlt_only,0.8804347826086957,0.32623025995934074,1.0,0.0,13.580246913580243,96,92,0.059868541856606804,0.05707451369557,robust_reg,96,4,5042,0.6,0.3
Constitutional,dlt_only,0.8804347826086957,0.32623025995934074,0.9130434782608695,0.28331529878993134,3.703703703703695,96,92,0.059868541856606804,0.05707451369557,robust_reg,96,4,5042,0.6,0.3
Infection,dlt_only,0.8804347826086957,0.32623025995934074,1.0,0.0,13.580246913580243,96,92,0.059868541856606804,0.05707451369557,robust_reg,96,4,5042,0.6,0.3
Gastrointestinal,dlt_only,0.8695652173913043,0.3386265505758479,1.0,0.0,15.000000000000004,96,92,0.059868541856606804,0.05707451369557,robust_reg,96,4,5042,0.6,0.3
Overall_Survival,dlt_only,10.71691978941453,1.805205550538583,10.253473347533415,0.9679329464483792,-4.324436974314916,96,92,0.059868541856606804,0.05707451369557,robust_reg,96,4,5042,0.6,0.3
all_constraints,dlt_only,0.717391304347826,0.4527349601029049,0.9130434782608695,0.28331529878993134,27.27272727272727,96,92,0.059868541856606804,0.05707451369557,robust_reg,96,4,5042,0.6,0.3
Any_DLT,all_constraints,0.8860759493670886,0.3197491714129677,1.0,0.0,12.857142857142865,96,79,0.08356043696403503,0.07385989852386704,robust_reg,96,4,5042,0.6,0.3
Blood,all_constraints,0.8987341772151899,0.3036080768519887,1.0,0.0,11.267605633802816,96,79,0.08356043696403503,0.07385989852386704,robust_reg,96,4,5042,0.6,0.3
Constitutional,all_constraints,0.9113924050632911,0.28599235321145144,0.9620253164556962,0.192356371638255,5.555555555555561,96,79,0.08356043696403503,0.07385989852386704,robust_reg,96,4,5042,0.6,0.3
Infection,all_constraints,0.9240506329113924,0.26660986087588917,1.0,0.0,8.219178082191776,96,79,0.08356043696403503,0.07385989852386704,robust_reg,96,4,5042,0.6,0.3
Gastrointestinal,all_constraints,0.8734177215189873,0.33462909461667056,1.0,0.0,14.492753623188406,96,79,0.08356043696403503,0.07385989852386704,robust_reg,96,4,5042,0.6,0.3
Overall_Survival,all_constraints,10.88727099804859,1.80285841983552,10.32738149007755,0.9310418270058194,-5.142606517936356,96,79,0.08356043696403503,0.07385989852386704,robust_reg,96,4,5042,0.6,0.3
all_constraints,all_constraints,0.759493670886076,0.4301219228883507,0.9620253164556962,0.192356371638255,26.66666666666666,96,79,0.08356043696403503,0.07385989852386704,robust_reg,96,4,5042,0.6,0.3
Any_DLT,dlt_only,0.8586956521739131,0.3502439256481347,0.9891304347826086,0.10425720702853734,15.189873417721508,96,92,0.28650208562612534,0.22506312047475033,cp,92,4,5042,0.6,0.3
Blood,dlt_only,0.8804347826086957,0.32623025995934074,0.967391304347826,0.17858337274913305,9.876543209876536,96,92,0.28650208562612534,0.22506312047475033,cp,92,4,5042,0.6,0.3
Constitutional,dlt_only,0.8804347826086957,0.32623025995934074,0.9239130434782609,0.26659001127895315,4.938271604938268,96,92,0.28650208562612534,0.22506312047475033,cp,92,4,5042,0.6,0.3
Infection,dlt_only,0.8804347826086957,0.32623025995934074,1.0,0.0,13.580246913580243,96,92,0.28650208562612534,0.22506312047475033,cp,92,4,5042,0.6,0.3
Gastrointestinal,dlt_only,0.8695652173913043,0.3386265505758479,0.9891304347826086,0.10425720702853734,13.749999999999996,96,92,0.28650208562612534,0.22506312047475033,cp,92,4,5042,0.6,0.3
Overall_Survival,dlt_only,10.71691978941453,1.805205550538583,10.520528614512786,1.0196901465159007,-1.8325337761296432,96,92,0.28650208562612534,0.22506312047475033,cp,92,4,5042,0.6,0.3
all_constraints,dlt_only,0.717391304347826,0.4527349601029049,0.8913043478260869,0.31296251010007803,24.242424242424242,96,92,0.28650208562612534,0.22506312047475033,cp,92,4,5042,0.6,0.3
Any_DLT,all_constraints,0.8860759493670886,0.3197491714129677,1.0,0.0,12.857142857142865,96,79,0.3707491457462311,0.20528534471166926,cp,79,4,5042,0.6,0.3
Blood,all_constraints,0.8987341772151899,0.3036080768519887,1.0,0.0,11.267605633802816,96,79,0.3707491457462311,0.20528534471166926,cp,79,4,5042,0.6,0.3
Constitutional,all_constraints,0.9113924050632911,0.28599235321145144,0.9873417721518988,0.11250879009260241,8.333333333333341,96,79,0.3707491457462311,0.20528534471166926,cp,79,4,5042,0.6,0.3
Infection,all_constraints,0.9240506329113924,0.26660986087588917,1.0,0.0,8.219178082191776,96,79,0.3707491457462311,0.20528534471166926,cp,79,4,5042,0.6,0.3
Gastrointestinal,all_constraints,0.8734177215189873,0.33462909461667056,1.0,0.0,14.492753623188406,96,79,0.3707491457462311,0.20528534471166926,cp,79,4,5042,0.6,0.3
Overall_Survival,all_constraints,10.88727099804859,1.80285841983552,10.48655065188641,0.9268738870412266,-3.6806316866183044,96,79,0.3707491457462311,0.20528534471166926,cp,79,4,5042,0.6,0.3
all_constraints,all_constraints,0.759493670886076,0.4301219228883507,0.9873417721518988,0.11250879009260241,30.0,96,79,0.3707491457462311,0.20528534471166926,cp,79,4,5042,0.6,0.3
Any_DLT,dlt_only,0.8541666666666666,0.35479176002615415,0.8854166666666666,0.320190458671962,3.658536585365854,96,96,0.00962045043706894,0.004666436005048991,nominal,96,5,6042,0.6,0.3
Blood,dlt_only,0.875,0.33245498310218435,0.6666666666666666,0.4738791022072739,-23.809523809523814,96,96,0.00962045043706894,0.004666436005048991,nominal,96,5,6042,0.6,0.3
Constitutional,dlt_only,0.8645833333333334,0.34396424742808945,0.9479166666666666,0.22336148028967082,9.63855421686746,96,96,0.00962045043706894,0.004666436005048991,nominal,96,5,6042,0.6,0.3
Infection,dlt_only,0.8645833333333334,0.34396424742808945,0.6458333333333334,0.48077058029500197,-25.301204819277107,96,96,0.00962045043706894,0.004666436005048991,nominal,96,5,6042,0.6,0.3
Gastrointestinal,dlt_only,0.8645833333333334,0.3439642474280894,1.0,0.0,15.662650602409633,96,96,0.00962045043706894,0.004666436005048991,nominal,96,5,6042,0.6,0.3
Overall_Survival,dlt_only,10.690597206168823,1.779425762099106,10.242330364514103,0.9358924005666676,-4.193094483029021,96,96,0.00962045043706894,0.004666436005048991,nominal,96,5,6042,0.6,0.3
all_constraints,dlt_only,0.6979166666666666,0.4615714956689105,0.5208333333333334,0.502188194262012,-25.373134328358198,96,96,0.00962045043706894,0.004666436005048991,nominal,96,5,6042,0.6,0.3
Any_DLT,all_constraints,0.9066666666666666,0.29285792761297375,0.96,0.19727878476642877,5.882352941176472,96,75,0.05217540015776952,0.038846418804137264,nominal,96,5,6042,0.6,0.3
Blood,all_constraints,0.8933333333333333,0.31076772125910473,0.84,0.36907481113754737,-5.970149253731344,96,75,0.05217540015776952,0.038846418804137264,nominal,96,5,6042,0.6,0.3
Constitutional,all_constraints,0.8933333333333333,0.3107677212591047,0.9733333333333334,0.16219218941214866,8.955223880597023,96,75,0.05217540015776952,0.038846418804137264,nominal,96,5,6042,0.6,0.3
Infection,all_constraints,0.92,0.27312011019804927,0.88,0.3271498540837624,-4.347826086956525,96,75,0.05217540015776952,0.038846418804137264,nominal,96,5,6042,0.6,0.3
Gastrointestinal,all_constraints,0.88,0.3271498540837624,1.0,0.0,13.636363636363637,96,75,0.05217540015776952,0.038846418804137264,nominal,96,5,6042,0.6,0.3
Overall_Survival,all_constraints,10.893691791136698,1.7988373868922158,10.243513290403317,0.8585250203305884,-5.968394491042765,96,75,0.05217540015776952,0.038846418804137264,nominal,96,5,6042,0.6,0.3
all_constraints,all_constraints,0.7466666666666667,0.43784895992991885,0.76,0.4299591432506872,1.7857142857142823,96,75,0.05217540015776952,0.038846418804137264,nominal,96,5,6042,0.6,0.3
Any_DLT,dlt_only,0.8541666666666666,0.35479176002615415,0.8958333333333334,0.3070801941090227,4.878048780487814,96,96,0.022223182022571564,0.03987224842726548,robust_reg,96,5,6042,0.6,0.3
Blood,dlt_only,0.875,0.33245498310218435,0.6875,0.46594555814804667,-21.428571428571427,96,96,0.022223182022571564,0.03987224842726548,robust_reg,96,5,6042,0.6,0.3
Constitutional,dlt_only,0.8645833333333334,0.34396424742808945,0.9479166666666666,0.22336148028967082,9.63855421686746,96,96,0.022223182022571564,0.03987224842726548,robust_reg,96,5,6042,0.6,0.3
Infection,dlt_only,0.8645833333333334,0.34396424742808945,0.7395833333333334,0.44116572054326264,-14.457831325301203,96,96,0.022223182022571564,0.03987224842726548,robust_reg,96,5,6042,0.6,0.3
Gastrointestinal,dlt_only,0.8645833333333334,0.3439642474280894,1.0,0.0,15.662650602409633,96,96,0.022223182022571564,0.03987224842726548,robust_reg,96,5,6042,0.6,0.3
Overall_Survival,dlt_only,10.690597206168823,1.779425762099106,10.283560551554055,0.9832991038298134,-3.8074267205567716,96,96,0.022223182022571564,0.03987224842726548,robust_reg,96,5,6042,0.6,0.3
all_constraints,dlt_only,0.6979166666666666,0.4615714956689105,0.6458333333333334,0.48077058029500197,-7.462686567164169,96,96,0.022223182022571564,0.03987224842726548,robust_reg,96,5,6042,0.6,0.3
Any_DLT,all_constraints,0.9066666666666666,0.29285792761297375,0.9733333333333334,0.16219218941214866,7.352941176470599,96,75,0.050415108601252236,0.06903404707770006,robust_reg,96,5,6042,0.6,0.3
Blood,all_constraints,0.8933333333333333,0.31076772125910473,0.8533333333333334,0.3561556497471953,-4.477611940298499,96,75,0.050415108601252236,0.06903404707770006,robust_reg,96,5,6042,0.6,0.3
Constitutional,all_constraints,0.8933333333333333,0.3107677212591047,0.9733333333333334,0.16219218941214866,8.955223880597023,96,75,0.050415108601252236,0.06903404707770006,robust_reg,96,5,6042,0.6,0.3
Infection,all_constraints,0.92,0.27312011019804927,0.88,0.3271498540837624,-4.347826086956525,96,75,0.050415108601252236,0.06903404707770006,robust_reg,96,5,6042,0.6,0.3
Gastrointestinal,all_constraints,0.88,0.3271498540837624,1.0,0.0,13.636363636363637,96,75,0.050415108601252236,0.06903404707770006,robust_reg,96,5,6042,0.6,0.3
Overall_Survival,all_constraints,10.893691791136698,1.7988373868922158,10.352616857769325,0.8581196810895483,-4.966864711626971,96,75,0.050415108601252236,0.06903404707770006,robust_reg,96,5,6042,0.6,0.3
all_constraints,all_constraints,0.7466666666666667,0.43784895992991885,0.7866666666666666,0.41241979837307774,5.357142857142847,96,75,0.050415108601252236,0.06903404707770006,robust_reg,96,5,6042,0.6,0.3
Any_DLT,dlt_only,0.8541666666666666,0.35479176002615415,0.96875,0.17490598978639324,13.414634146341468,96,96,0.05861041943232218,0.050240714057546834,cp,96,5,6042,0.6,0.3
Blood,dlt_only,0.875,0.33245498310218435,0.9375,0.2433321316961438,7.142857142857143,96,96,0.05861041943232218,0.050240714057546834,cp,96,5,6042,0.6,0.3
Constitutional,dlt_only,0.8645833333333334,0.34396424742808945,0.9166666666666666,0.27783625115549687,6.02409638554216,96,96,0.05861041943232218,0.050240714057546834,cp,96,5,6042,0.6,0.3
Infection,dlt_only,0.8645833333333334,0.34396424742808945,0.9375,0.2433321316961438,8.43373493975903,96,96,0.05861041943232218,0.050240714057546834,cp,96,5,6042,0.6,0.3
Gastrointestinal,dlt_only,0.8645833333333334,0.3439642474280894,0.96875,0.17490598978639324,12.048192771084333,96,96,0.05861041943232218,0.050240714057546834,cp,96,5,6042,0.6,0.3
Overall_Survival,dlt_only,10.690597206168823,1.779425762099106,10.28779091142585,1.000318334033142,-3.7678558734823606,96,96,0.05861041943232218,0.050240714057546834,cp,96,5,6042,0.6,0.3
all_constraints,dlt_only,0.6979166666666666,0.4615714956689105,0.84375,0.36499819754421575,20.89552238805971,96,96,0.05861041943232218,0.050240714057546834,cp,96,5,6042,0.6,0.3
Any_DLT,all_constraints,0.9066666666666666,0.29285792761297375,1.0,0.0,10.294117647058828,96,75,0.6399813244740168,0.3792642042386185,cp,75,5,6042,0.6,0.3
Blood,all_constraints,0.8933333333333333,0.31076772125910473,1.0,0.0,11.940298507462687,96,75,0.6399813244740168,0.3792642042386185,cp,75,5,6042,0.6,0.3
Constitutional,all_constraints,0.8933333333333333,0.3107677212591047,0.9866666666666667,0.11547005383792519,10.447761194029855,96,75,0.6399813244740168,0.3792642042386185,cp,75,5,6042,0.6,0.3
Infection,all_constraints,0.92,0.27312011019804927,1.0,0.0,8.69565217391304,96,75,0.6399813244740168,0.3792642042386185,cp,75,5,6042,0.6,0.3
Gastrointestinal,all_constraints,0.88,0.3271498540837624,1.0,0.0,13.636363636363637,96,75,0.6399813244740168,0.3792642042386185,cp,75,5,6042,0.6,0.3
Overall_Survival,all_constraints,10.893691791136698,1.7988373868922158,10.25573236885702,0.9592270401129006,-5.85622793917057,96,75,0.6399813244740168,0.3792642042386185,cp,75,5,6042,0.6,0.3
all_constraints,all_constraints,0.7466666666666667,0.43784895992991885,0.9866666666666667,0.11547005383792519,32.14285714285714,96,75,0.6399813244740168,0.3792642042386185,cp,75,5,6042,0.6,0.3
Any_DLT,dlt_only,0.8541666666666666,0.35479176002615415,1.0,0.0,17.07317073170732,96,96,0.008984444042046865,0.0016604363268993485,nominal,96,6,7042,0.6,0.3
Blood,dlt_only,0.875,0.33245498310218435,1.0,0.0,14.285714285714286,96,96,0.008984444042046865,0.0016604363268993485,nominal,96,6,7042,0.6,0.3
Constitutional,dlt_only,0.8645833333333334,0.34396424742808945,1.0,0.0,15.662650602409633,96,96,0.008984444042046865,0.0016604363268993485,nominal,96,6,7042,0.6,0.3
Infection,dlt_only,0.8645833333333334,0.34396424742808945,1.0,0.0,15.662650602409633,96,96,0.008984444042046865,0.0016604363268993485,nominal,96,6,7042,0.6,0.3
Gastrointestinal,dlt_only,0.8645833333333334,0.3439642474280894,1.0,0.0,15.662650602409633,96,96,0.008984444042046865,0.0016604363268993485,nominal,96,6,7042,0.6,0.3
Overall_Survival,dlt_only,10.690597206168823,1.779425762099106,10.324845292022028,0.9088566001992414,-3.4212486645343287,96,96,0.008984444042046865,0.0016604363268993485,nominal,96,6,7042,0.6,0.3
all_constraints,dlt_only,0.6979166666666666,0.4615714956689105,1.0,0.0,43.28358208955225,96,96,0.008984444042046865,0.0016604363268993485,nominal,96,6,7042,0.6,0.3
Any_DLT,all_constraints,0.8767123287671232,0.3310423554409472,1.0,0.0,14.062500000000007,96,73,0.04094504316647848,0.018115973097532916,nominal,96,6,7042,0.6,0.3
Blood,all_constraints,0.8904109589041096,0.31453863195058485,1.0,0.0,12.307692307692307,96,73,0.04094504316647848,0.018115973097532916,nominal,96,6,7042,0.6,0.3
Constitutional,all_constraints,0.9452054794520548,0.22915369411186495,1.0,0.0,5.797101449275362,96,73,0.04094504316647848,0.018115973097532916,nominal,96,6,7042,0.6,0.3
Infection,all_constraints,0.9178082191780822,0.2765574411670027,1.0,0.0,8.955223880597014,96,73,0.04094504316647848,0.018115973097532916,nominal,96,6,7042,0.6,0.3
Gastrointestinal,all_constraints,0.8904109589041096,0.31453863195058485,1.0,0.0,12.307692307692307,96,73,0.04094504316647848,0.018115973097532916,nominal,96,6,7042,0.6,0.3
Overall_Survival,all_constraints,10.884015473157968,1.919528518992486,10.361428825132439,0.981770967927456,-4.801414049018268,96,73,0.04094504316647848,0.018115973097532916,nominal,96,6,7042,0.6,0.3
all_constraints,all_constraints,0.7945205479452054,0.40684777762112845,1.0,0.0,25.86206896551725,96,73,0.04094504316647848,0.018115973097532916,nominal,96,6,7042,0.6,0.3
Any_DLT,dlt_only,0.8541666666666666,0.35479176002615415,1.0,0.0,17.07317073170732,96,96,0.008926227688789368,0.0004617408031593249,robust_reg,96,6,7042,0.6,0.3
Blood,dlt_only,0.875,0.33245498310218435,1.0,0.0,14.285714285714286,96,96,0.008926227688789368,0.0004617408031593249,robust_reg,96,6,7042,0.6,0.3
Constitutional,dlt_only,0.8645833333333334,0.34396424742808945,1.0,0.0,15.662650602409633,96,96,0.008926227688789368,0.0004617408031593249,robust_reg,96,6,7042,0.6,0.3
Infection,dlt_only,0.8645833333333334,0.34396424742808945,1.0,0.0,15.662650602409633,96,96,0.008926227688789368,0.0004617408031593249,robust_reg,96,6,7042,0.6,0.3
Gastrointestinal,dlt_only,0.8645833333333334,0.3439642474280894,1.0,0.0,15.662650602409633,96,96,0.008926227688789368,0.0004617408031593249,robust_reg,96,6,7042,0.6,0.3
Overall_Survival,dlt_only,10.690597206168823,1.779425762099106,10.324845292022028,0.9088566001992414,-3.4212486645343287,96,96,0.008926227688789368,0.0004617408031593249,robust_reg,96,6,7042,0.6,0.3
all_constraints,dlt_only,0.6979166666666666,0.4615714956689105,1.0,0.0,43.28358208955225,96,96,0.008926227688789368,0.0004617408031593249,robust_reg,96,6,7042,0.6,0.3
Any_DLT,all_constraints,0.8767123287671232,0.3310423554409472,1.0,0.0,14.062500000000007,96,73,0.0448154533902804,0.0430285324765603,robust_reg,96,6,7042,0.6,0.3
Blood,all_constraints,0.8904109589041096,0.31453863195058485,1.0,0.0,12.307692307692307,96,73,0.0448154533902804,0.0430285324765603,robust_reg,96,6,7042,0.6,0.3
Constitutional,all_constraints,0.9452054794520548,0.22915369411186495,1.0,0.0,5.797101449275362,96,73,0.0448154533902804,0.0430285324765603,robust_reg,96,6,7042,0.6,0.3
Infection,all_constraints,0.9178082191780822,0.2765574411670027,1.0,0.0,8.955223880597014,96,73,0.0448154533902804,0.0430285324765603,robust_reg,96,6,7042,0.6,0.3
Gastrointestinal,all_constraints,0.8904109589041096,0.31453863195058485,1.0,0.0,12.307692307692307,96,73,0.0448154533902804,0.0430285324765603,robust_reg,96,6,7042,0.6,0.3
Overall_Survival,all_constraints,10.884015473157968,1.919528518992486,10.356374809397622,0.9827469603202235,-4.847849261714185,96,73,0.0448154533902804,0.0430285324765603,robust_reg,96,6,7042,0.6,0.3
all_constraints,all_constraints,0.7945205479452054,0.40684777762112845,1.0,0.0,25.86206896551725,96,73,0.0448154533902804,0.0430285324765603,robust_reg,96,6,7042,0.6,0.3
Any_DLT,dlt_only,0.8541666666666666,0.35479176002615415,0.96875,0.17490598978639324,13.414634146341468,96,96,0.01851521184047063,0.011283814171889697,cp,96,6,7042,0.6,0.3
Blood,dlt_only,0.875,0.33245498310218435,0.9791666666666666,0.14357588616379596,11.9047619047619,96,96,0.01851521184047063,0.011283814171889697,cp,96,6,7042,0.6,0.3
Constitutional,dlt_only,0.8645833333333334,0.34396424742808945,0.9479166666666666,0.22336148028967082,9.63855421686746,96,96,0.01851521184047063,0.011283814171889697,cp,96,6,7042,0.6,0.3
Infection,dlt_only,0.8645833333333334,0.34396424742808945,0.96875,0.17490598978639324,12.048192771084333,96,96,0.01851521184047063,0.011283814171889697,cp,96,6,7042,0.6,0.3
Gastrointestinal,dlt_only,0.8645833333333334,0.3439642474280894,0.9791666666666666,0.143575886163796,13.253012048192762,96,96,0.01851521184047063,0.011283814171889697,cp,96,6,7042,0.6,0.3
Overall_Survival,dlt_only,10.690597206168823,1.779425762099106,10.314893878466473,0.9199354803132008,-3.5143343300368404,96,96,0.01851521184047063,0.011283814171889697,cp,96,6,7042,0.6,0.3
all_constraints,dlt_only,0.6979166666666666,0.4615714956689105,0.9270833333333334,0.26136450315368365,32.8358208955224,96,96,0.01851521184047063,0.011283814171889697,cp,96,6,7042,0.6,0.3
Any_DLT,all_constraints,0.8767123287671232,0.3310423554409472,1.0,0.0,14.062500000000007,96,73,0.21326007197300592,0.14365999954059852,cp,73,6,7042,0.6,0.3
Blood,all_constraints,0.8904109589041096,0.31453863195058485,1.0,0.0,12.307692307692307,96,73,0.21326007197300592,0.14365999954059852,cp,73,6,7042,0.6,0.3
Constitutional,all_constraints,0.9452054794520548,0.22915369411186495,0.9863013698630136,0.11704114719613058,4.347826086956515,96,73,0.21326007197300592,0.14365999954059852,cp,73,6,7042,0.6,0.3
Infection,all_constraints,0.9178082191780822,0.2765574411670027,1.0,0.0,8.955223880597014,96,73,0.21326007197300592,0.14365999954059852,cp,73,6,7042,0.6,0.3
Gastrointestinal,all_constraints,0.8904109589041096,0.31453863195058485,1.0,0.0,12.307692307692307,96,73,0.21326007197300592,0.14365999954059852,cp,73,6,7042,0.6,0.3
Overall_Survival,all_constraints,10.884015473157968,1.919528518992486,10.026253126281295,0.9880868169068628,-7.880936488854466,96,73,0.21326007197300592,0.14365999954059852,cp,73,6,7042,0.6,0.3
all_constraints,all_constraints,0.7945205479452054,0.40684777762112845,0.9863013698630136,0.11704114719613058,24.137931034482758,96,73,0.21326007197300592,0.14365999954059852,cp,73,6,7042,0.6,0.3
Any_DLT,dlt_only,0.8709677419354839,0.33705264882291225,1.0,0.0,14.814814814814813,96,93,0.008836279312769571,0.0008102512140444133,nominal,96,7,8042,0.6,0.3
Blood,dlt_only,0.8709677419354839,0.3370526488229122,1.0,0.0,14.814814814814813,96,93,0.008836279312769571,0.0008102512140444133,nominal,96,7,8042,0.6,0.3
Constitutional,dlt_only,0.8817204301075269,0.32468922819237606,0.946236559139785,0.22677279367959727,7.317073170731713,96,93,0.008836279312769571,0.0008102512140444133,nominal,96,7,8042,0.6,0.3
Infection,dlt_only,0.8817204301075269,0.32468922819237606,1.0,0.0,13.414634146341463,96,93,0.008836279312769571,0.0008102512140444133,nominal,96,7,8042,0.6,0.3
Gastrointestinal,dlt_only,0.8817204301075269,0.32468922819237606,1.0,0.0,13.414634146341463,96,93,0.008836279312769571,0.0008102512140444133,nominal,96,7,8042,0.6,0.3
Overall_Survival,dlt_only,10.73157334755521,1.7488506442574776,12.000765975445347,0.9521187461894307,11.826715308051963,96,93,0.008836279312769571,0.0008102512140444133,nominal,96,7,8042,0.6,0.3
all_constraints,dlt_only,0.7204301075268817,0.4512203596877334,0.946236559139785,0.22677279367959727,31.34328358208955,96,93,0.008836279312769571,0.0008102512140444133,nominal,96,7,8042,0.6,0.3
Any_DLT,all_constraints,0.8888888888888888,0.31603030875998483,1.0,0.0,12.500000000000007,96,90,0.0306802640358607,0.009495680251922,nominal,96,7,8042,0.6,0.3
Blood,all_constraints,0.8666666666666667,0.34183904485045247,1.0,0.0,15.384615384615381,96,90,0.0306802640358607,0.009495680251922,nominal,96,7,8042,0.6,0.3
Constitutional,all_constraints,0.9111111111111111,0.28617761611461456,0.9888888888888889,0.10540925533894599,8.536585365853666,96,90,0.0306802640358607,0.009495680251922,nominal,96,7,8042,0.6,0.3
Infection,all_constraints,0.9111111111111111,0.2861776161146146,1.0,0.0,9.756097560975613,96,90,0.0306802640358607,0.009495680251922,nominal,96,7,8042,0.6,0.3
Gastrointestinal,all_constraints,0.9,0.3016806854192959,1.0,0.0,11.111111111111109,96,90,0.0306802640358607,0.009495680251922,nominal,96,7,8042,0.6,0.3
Overall_Survival,all_constraints,10.734814466881401,1.7704465141909054,11.860487920181061,1.1280572425056383,10.4861938394235,96,90,0.0306802640358607,0.009495680251922,nominal,96,7,8042,0.6,0.3
all_constraints,all_constraints,0.7444444444444445,0.4386165972131145,0.9888888888888889,0.10540925533894599,32.83582089552239,96,90,0.0306802640358607,0.009495680251922,nominal,96,7,8042,0.6,0.3
Any_DLT,dlt_only,0.8709677419354839,0.33705264882291225,1.0,0.0,14.814814814814813,96,93,0.009144318600495657,0.0005923646100139474,robust_reg,96,7,8042,0.6,0.3
Blood,dlt_only,0.8709677419354839,0.3370526488229122,1.0,0.0,14.814814814814813,96,93,0.009144318600495657,0.0005923646100139474,robust_reg,96,7,8042,0.6,0.3
Constitutional,dlt_only,0.8817204301075269,0.32468922819237606,0.946236559139785,0.22677279367959727,7.317073170731713,96,93,0.009144318600495657,0.0005923646100139474,robust_reg,96,7,8042,0.6,0.3
Infection,dlt_only,0.8817204301075269,0.32468922819237606,1.0,0.0,13.414634146341463,96,93,0.009144318600495657,0.0005923646100139474,robust_reg,96,7,8042,0.6,0.3
Gastrointestinal,dlt_only,0.8817204301075269,0.32468922819237606,1.0,0.0,13.414634146341463,96,93,0.009144318600495657,0.0005923646100139474,robust_reg,96,7,8042,0.6,0.3
Overall_Survival,dlt_only,10.73157334755521,1.7488506442574776,12.000765975445347,0.9521187461894307,11.826715308051963,96,93,0.009144318600495657,0.0005923646100139474,robust_reg,96,7,8042,0.6,0.3
all_constraints,dlt_only,0.7204301075268817,0.4512203596877334,0.946236559139785,0.22677279367959727,31.34328358208955,96,93,0.009144318600495657,0.0005923646100139474,robust_reg,96,7,8042,0.6,0.3
Any_DLT,all_constraints,0.8888888888888888,0.31603030875998483,1.0,0.0,12.500000000000007,96,90,0.032860214511553444,0.010039542387812787,robust_reg,96,7,8042,0.6,0.3
Blood,all_constraints,0.8666666666666667,0.34183904485045247,1.0,0.0,15.384615384615381,96,90,0.032860214511553444,0.010039542387812787,robust_reg,96,7,8042,0.6,0.3
Constitutional,all_constraints,0.9111111111111111,0.28617761611461456,0.9888888888888889,0.10540925533894599,8.536585365853666,96,90,0.032860214511553444,0.010039542387812787,robust_reg,96,7,8042,0.6,0.3
Infection,all_constraints,0.9111111111111111,0.2861776161146146,1.0,0.0,9.756097560975613,96,90,0.032860214511553444,0.010039542387812787,robust_reg,96,7,8042,0.6,0.3
Gastrointestinal,all_constraints,0.9,0.3016806854192959,1.0,0.0,11.111111111111109,96,90,0.032860214511553444,0.010039542387812787,robust_reg,96,7,8042,0.6,0.3
Overall_Survival,all_constraints,10.734814466881401,1.7704465141909054,11.864925991982275,1.1836785086227228,10.527536629416808,96,90,0.032860214511553444,0.010039542387812787,robust_reg,96,7,8042,0.6,0.3
all_constraints,all_constraints,0.7444444444444445,0.4386165972131145,0.9888888888888889,0.10540925533894599,32.83582089552239,96,90,0.032860214511553444,0.010039542387812787,robust_reg,96,7,8042,0.6,0.3
Any_DLT,dlt_only,0.8709677419354839,0.33705264882291225,1.0,0.0,14.814814814814813,96,93,0.08810871591170628,0.016329530835558013,cp,93,7,8042,0.6,0.3
Blood,dlt_only,0.8709677419354839,0.3370526488229122,0.989247311827957,0.10369516947304255,13.580246913580247,96,93,0.08810871591170628,0.016329530835558013,cp,93,7,8042,0.6,0.3
Constitutional,dlt_only,0.8817204301075269,0.32468922819237606,0.956989247311828,0.20398095044388956,8.536585365853663,96,93,0.08810871591170628,0.016329530835558013,cp,93,7,8042,0.6,0.3
Infection,dlt_only,0.8817204301075269,0.32468922819237606,1.0,0.0,13.414634146341463,96,93,0.08810871591170628,0.016329530835558013,cp,93,7,8042,0.6,0.3
Gastrointestinal,dlt_only,0.8817204301075269,0.32468922819237606,1.0,0.0,13.414634146341463,96,93,0.08810871591170628,0.016329530835558013,cp,93,7,8042,0.6,0.3
Overall_Survival,dlt_only,10.73157334755521,1.7488506442574776,11.875054096631784,1.1019253142090506,10.655294541103547,96,93,0.08810871591170628,0.016329530835558013,cp,93,7,8042,0.6,0.3
all_constraints,dlt_only,0.7204301075268817,0.4512203596877334,0.946236559139785,0.22677279367959727,31.34328358208955,96,93,0.08810871591170628,0.016329530835558013,cp,93,7,8042,0.6,0.3
Any_DLT,all_constraints,0.8888888888888888,0.31603030875998483,1.0,0.0,12.500000000000007,96,90,0.3363882278402646,0.1431043532084699,cp,90,7,8042,0.6,0.3
Blood,all_constraints,0.8666666666666667,0.34183904485045247,1.0,0.0,15.384615384615381,96,90,0.3363882278402646,0.1431043532084699,cp,90,7,8042,0.6,0.3
Constitutional,all_constraints,0.9111111111111111,0.28617761611461456,0.9777777777777777,0.14823135407896973,7.317073170731706,96,90,0.3363882278402646,0.1431043532084699,cp,90,7,8042,0.6,0.3
Infection,all_constraints,0.9111111111111111,0.2861776161146146,1.0,0.0,9.756097560975613,96,90,0.3363882278402646,0.1431043532084699,cp,90,7,8042,0.6,0.3
Gastrointestinal,all_constraints,0.9,0.3016806854192959,1.0,0.0,11.111111111111109,96,90,0.3363882278402646,0.1431043532084699,cp,90,7,8042,0.6,0.3
Overall_Survival,all_constraints,10.734814466881401,1.7704465141909054,11.39457570662632,1.5448464457570679,6.145995739194061,96,90,0.3363882278402646,0.1431043532084699,cp,90,7,8042,0.6,0.3
all_constraints,all_constraints,0.7444444444444445,0.4386165972131145,0.9777777777777777,0.14823135407896973,31.343283582089544,96,90,0.3363882278402646,0.1431043532084699,cp,90,7,8042,0.6,0.3
Any_DLT,dlt_only,0.8541666666666666,0.35479176002615415,1.0,0.0,17.07317073170732,96,96,0.007880061864852905,0.0006016702896095245,nominal,96,8,9042,0.6,0.3
Blood,dlt_only,0.875,0.33245498310218435,1.0,0.0,14.285714285714286,96,96,0.007880061864852905,0.0006016702896095245,nominal,96,8,9042,0.6,0.3
Constitutional,dlt_only,0.8645833333333334,0.34396424742808945,0.9166666666666666,0.27783625115549687,6.02409638554216,96,96,0.007880061864852905,0.0006016702896095245,nominal,96,8,9042,0.6,0.3
Infection,dlt_only,0.8645833333333334,0.34396424742808945,1.0,0.0,15.662650602409633,96,96,0.007880061864852905,0.0006016702896095245,nominal,96,8,9042,0.6,0.3
Gastrointestinal,dlt_only,0.8645833333333334,0.3439642474280894,1.0,0.0,15.662650602409633,96,96,0.007880061864852905,0.0006016702896095245,nominal,96,8,9042,0.6,0.3
Overall_Survival,dlt_only,10.690597206168823,1.779425762099106,11.992224108393252,0.9740353829262507,12.175436761131996,96,96,0.007880061864852905,0.0006016702896095245,nominal,96,8,9042,0.6,0.3
all_constraints,dlt_only,0.6979166666666666,0.4615714956689105,0.9166666666666666,0.27783625115549687,31.343283582089555,96,96,0.007880061864852905,0.0006016702896095245,nominal,96,8,9042,0.6,0.3
Any_DLT,all_constraints,0.8586956521739131,0.3502439256481347,0.9891304347826086,0.10425720702853734,15.189873417721508,96,92,0.02650120109319687,0.00995962647860644,nominal,93,8,9042,0.6,0.3
Blood,all_constraints,0.8695652173913043,0.3386265505758479,1.0,0.0,15.000000000000004,96,92,0.02650120109319687,0.00995962647860644,nominal,93,8,9042,0.6,0.3
Constitutional,all_constraints,0.8695652173913043,0.33862655057584784,0.9130434782608695,0.2833152987899314,4.9999999999999964,96,92,0.02650120109319687,0.00995962647860644,nominal,93,8,9042,0.6,0.3
Infection,all_constraints,0.8695652173913043,0.3386265505758479,1.0,0.0,15.000000000000004,96,92,0.02650120109319687,0.00995962647860644,nominal,93,8,9042,0.6,0.3
Gastrointestinal,all_constraints,0.8695652173913043,0.3386265505758479,0.9565217391304348,0.20504855915155562,10.000000000000005,96,92,0.02650120109319687,0.00995962647860644,nominal,93,8,9042,0.6,0.3
Overall_Survival,all_constraints,10.734027515668437,1.753048680586275,11.724543867729155,1.2927371079631447,9.227816405490513,96,92,0.02650120109319687,0.00995962647860644,nominal,93,8,9042,0.6,0.3
all_constraints,all_constraints,0.6956521739130435,0.46265194557299216,0.8913043478260869,0.31296251010007803,28.124999999999996,96,92,0.02650120109319687,0.00995962647860644,nominal,93,8,9042,0.6,0.3
Any_DLT,dlt_only,0.8541666666666666,0.35479176002615415,1.0,0.0,17.07317073170732,96,96,0.008389919996261597,0.0010062981815061104,robust_reg,96,8,9042,0.6,0.3
Blood,dlt_only,0.875,0.33245498310218435,1.0,0.0,14.285714285714286,96,96,0.008389919996261597,0.0010062981815061104,robust_reg,96,8,9042,0.6,0.3
Constitutional,dlt_only,0.8645833333333334,0.34396424742808945,0.9166666666666666,0.27783625115549687,6.02409638554216,96,96,0.008389919996261597,0.0010062981815061104,robust_reg,96,8,9042,0.6,0.3
Infection,dlt_only,0.8645833333333334,0.34396424742808945,1.0,0.0,15.662650602409633,96,96,0.008389919996261597,0.0010062981815061104,robust_reg,96,8,9042,0.6,0.3
Gastrointestinal,dlt_only,0.8645833333333334,0.3439642474280894,1.0,0.0,15.662650602409633,96,96,0.008389919996261597,0.0010062981815061104,robust_reg,96,8,9042,0.6,0.3
Overall_Survival,dlt_only,10.690597206168823,1.779425762099106,11.992224108393252,0.9740353829262507,12.175436761131996,96,96,0.008389919996261597,0.0010062981815061104,robust_reg,96,8,9042,0.6,0.3
all_constraints,dlt_only,0.6979166666666666,0.4615714956689105,0.9166666666666666,0.27783625115549687,31.343283582089555,96,96,0.008389919996261597,0.0010062981815061104,robust_reg,96,8,9042,0.6,0.3
Any_DLT,all_constraints,0.8586956521739131,0.3502439256481347,0.9891304347826086,0.10425720702853734,15.189873417721508,96,92,0.04885585606098175,0.047520628273578586,robust_reg,93,8,9042,0.6,0.3
Blood,all_constraints,0.8695652173913043,0.3386265505758479,1.0,0.0,15.000000000000004,96,92,0.04885585606098175,0.047520628273578586,robust_reg,93,8,9042,0.6,0.3
Constitutional,all_constraints,0.8695652173913043,0.33862655057584784,0.9347826086956522,0.2482619949886758,7.500000000000008,96,92,0.04885585606098175,0.047520628273578586,robust_reg,93,8,9042,0.6,0.3
Infection,all_constraints,0.8695652173913043,0.3386265505758479,1.0,0.0,15.000000000000004,96,92,0.04885585606098175,0.047520628273578586,robust_reg,93,8,9042,0.6,0.3
Gastrointestinal,all_constraints,0.8695652173913043,0.3386265505758479,0.9782608695652174,0.14662959759729013,12.500000000000005,96,92,0.04885585606098175,0.047520628273578586,robust_reg,93,8,9042,0.6,0.3
Overall_Survival,all_constraints,10.734027515668437,1.753048680586275,11.506658912084175,1.472029931282953,7.19796362817153,96,92,0.04885585606098175,0.047520628273578586,robust_reg,93,8,9042,0.6,0.3
all_constraints,all_constraints,0.6956521739130435,0.46265194557299216,0.9347826086956522,0.2482619949886758,34.37500000000001,96,92,0.04885585606098175,0.047520628273578586,robust_reg,93,8,9042,0.6,0.3
Any_DLT,dlt_only,0.8541666666666666,0.35479176002615415,1.0,0.0,17.07317073170732,96,96,0.00839922825495402,0.000763759240571675,cp,96,8,9042,0.6,0.3
Blood,dlt_only,0.875,0.33245498310218435,1.0,0.0,14.285714285714286,96,96,0.00839922825495402,0.000763759240571675,cp,96,8,9042,0.6,0.3
Constitutional,dlt_only,0.8645833333333334,0.34396424742808945,0.9166666666666666,0.27783625115549687,6.02409638554216,96,96,0.00839922825495402,0.000763759240571675,cp,96,8,9042,0.6,0.3
Infection,dlt_only,0.8645833333333334,0.34396424742808945,1.0,0.0,15.662650602409633,96,96,0.00839922825495402,0.000763759240571675,cp,96,8,9042,0.6,0.3
Gastrointestinal,dlt_only,0.8645833333333334,0.3439642474280894,1.0,0.0,15.662650602409633,96,96,0.00839922825495402,0.000763759240571675,cp,96,8,9042,0.6,0.3
Overall_Survival,dlt_only,10.690597206168823,1.779425762099106,11.992224108393252,0.9740353829262507,12.175436761131996,96,96,0.00839922825495402,0.000763759240571675,cp,96,8,9042,0.6,0.3
all_constraints,dlt_only,0.6979166666666666,0.4615714956689105,0.9166666666666666,0.27783625115549687,31.343283582089555,96,96,0.00839922825495402,0.000763759240571675,cp,96,8,9042,0.6,0.3
Any_DLT,all_constraints,0.8586956521739131,0.3502439256481347,0.9891304347826086,0.10425720702853734,15.189873417721508,96,92,0.033986322581768036,0.012939344201300728,cp,93,8,9042,0.6,0.3
Blood,all_constraints,0.8695652173913043,0.3386265505758479,1.0,0.0,15.000000000000004,96,92,0.033986322581768036,0.012939344201300728,cp,93,8,9042,0.6,0.3
Constitutional,all_constraints,0.8695652173913043,0.33862655057584784,0.9130434782608695,0.2833152987899314,4.9999999999999964,96,92,0.033986322581768036,0.012939344201300728,cp,93,8,9042,0.6,0.3
Infection,all_constraints,0.8695652173913043,0.3386265505758479,1.0,0.0,15.000000000000004,96,92,0.033986322581768036,0.012939344201300728,cp,93,8,9042,0.6,0.3
Gastrointestinal,all_constraints,0.8695652173913043,0.3386265505758479,0.9565217391304348,0.20504855915155562,10.000000000000005,96,92,0.033986322581768036,0.012939344201300728,cp,93,8,9042,0.6,0.3
Overall_Survival,all_constraints,10.734027515668437,1.753048680586275,11.729832761659166,1.2889888559909142,9.277088628076966,96,92,0.033986322581768036,0.012939344201300728,cp,93,8,9042,0.6,0.3
all_constraints,all_constraints,0.6956521739130435,0.46265194557299216,0.8913043478260869,0.31296251010007803,28.124999999999996,96,92,0.033986322581768036,0.012939344201300728,cp,93,8,9042,0.6,0.3
Any_DLT,dlt_only,0.8541666666666666,0.35479176002615415,1.0,0.0,17.07317073170732,96,96,0.011969298124313354,0.0014409564944517668,nominal,96,9,10042,0.6,0.3
Blood,dlt_only,0.875,0.33245498310218435,1.0,0.0,14.285714285714286,96,96,0.011969298124313354,0.0014409564944517668,nominal,96,9,10042,0.6,0.3
Constitutional,dlt_only,0.8645833333333334,0.34396424742808945,0.9583333333333334,0.20087527770480487,10.843373493975903,96,96,0.011969298124313354,0.0014409564944517668,nominal,96,9,10042,0.6,0.3
Infection,dlt_only,0.8645833333333334,0.34396424742808945,1.0,0.0,15.662650602409633,96,96,0.011969298124313354,0.0014409564944517668,nominal,96,9,10042,0.6,0.3
Gastrointestinal,dlt_only,0.8645833333333334,0.3439642474280894,1.0,0.0,15.662650602409633,96,96,0.011969298124313354,0.0014409564944517668,nominal,96,9,10042,0.6,0.3
Overall_Survival,dlt_only,10.690597206168823,1.779425762099106,11.959693942368459,0.9656791166870303,11.871149120344048,96,96,0.011969298124313354,0.0014409564944517668,nominal,96,9,10042,0.6,0.3
all_constraints,dlt_only,0.6979166666666666,0.4615714956689105,0.9583333333333334,0.20087527770480487,37.31343283582091,96,96,0.011969298124313354,0.0014409564944517668,nominal,96,9,10042,0.6,0.3
Any_DLT,all_constraints,0.8541666666666666,0.35479176002615415,1.0,0.0,17.07317073170732,96,96,0.04277293632427851,0.011782495744241667,nominal,96,9,10042,0.6,0.3
Blood,all_constraints,0.875,0.33245498310218435,1.0,0.0,14.285714285714286,96,96,0.04277293632427851,0.011782495744241667,nominal,96,9,10042,0.6,0.3
Constitutional,all_constraints,0.8645833333333334,0.34396424742808945,0.9583333333333334,0.20087527770480487,10.843373493975903,96,96,0.04277293632427851,0.011782495744241667,nominal,96,9,10042,0.6,0.3
Infection,all_constraints,0.8645833333333334,0.34396424742808945,1.0,0.0,15.662650602409633,96,96,0.04277293632427851,0.011782495744241667,nominal,96,9,10042,0.6,0.3
Gastrointestinal,all_constraints,0.8645833333333334,0.3439642474280894,1.0,0.0,15.662650602409633,96,96,0.04277293632427851,0.011782495744241667,nominal,96,9,10042,0.6,0.3
Overall_Survival,all_constraints,10.690597206168823,1.779425762099106,11.939664219614029,0.9736316160955296,11.683790805666625,96,96,0.04277293632427851,0.011782495744241667,nominal,96,9,10042,0.6,0.3
all_constraints,all_constraints,0.6979166666666666,0.4615714956689105,0.9583333333333334,0.20087527770480487,37.31343283582091,96,96,0.04277293632427851,0.011782495744241667,nominal,96,9,10042,0.6,0.3
Any_DLT,dlt_only,0.8541666666666666,0.35479176002615415,1.0,0.0,17.07317073170732,96,96,0.011401462058226267,0.001167097887310474,robust_reg,96,9,10042,0.6,0.3
Blood,dlt_only,0.875,0.33245498310218435,1.0,0.0,14.285714285714286,96,96,0.011401462058226267,0.001167097887310474,robust_reg,96,9,10042,0.6,0.3
Constitutional,dlt_only,0.8645833333333334,0.34396424742808945,0.9375,0.2433321316961438,8.43373493975903,96,96,0.011401462058226267,0.001167097887310474,robust_reg,96,9,10042,0.6,0.3
Infection,dlt_only,0.8645833333333334,0.34396424742808945,1.0,0.0,15.662650602409633,96,96,0.011401462058226267,0.001167097887310474,robust_reg,96,9,10042,0.6,0.3
Gastrointestinal,dlt_only,0.8645833333333334,0.3439642474280894,1.0,0.0,15.662650602409633,96,96,0.011401462058226267,0.001167097887310474,robust_reg,96,9,10042,0.6,0.3
Overall_Survival,dlt_only,10.690597206168823,1.779425762099106,11.970223255500732,0.9731869603481815,11.96964046679753,96,96,0.011401462058226267,0.001167097887310474,robust_reg,96,9,10042,0.6,0.3
all_constraints,dlt_only,0.6979166666666666,0.4615714956689105,0.9375,0.2433321316961438,34.32835820895523,96,96,0.011401462058226267,0.001167097887310474,robust_reg,96,9,10042,0.6,0.3
Any_DLT,all_constraints,0.8541666666666666,0.35479176002615415,1.0,0.0,17.07317073170732,96,96,0.04194685071706772,0.008113484347742924,robust_reg,96,9,10042,0.6,0.3
Blood,all_constraints,0.875,0.33245498310218435,1.0,0.0,14.285714285714286,96,96,0.04194685071706772,0.008113484347742924,robust_reg,96,9,10042,0.6,0.3
Constitutional,all_constraints,0.8645833333333334,0.34396424742808945,0.9479166666666666,0.22336148028967082,9.63855421686746,96,96,0.04194685071706772,0.008113484347742924,robust_reg,96,9,10042,0.6,0.3
Infection,all_constraints,0.8645833333333334,0.34396424742808945,1.0,0.0,15.662650602409633,96,96,0.04194685071706772,0.008113484347742924,robust_reg,96,9,10042,0.6,0.3
Gastrointestinal,all_constraints,0.8645833333333334,0.3439642474280894,1.0,0.0,15.662650602409633,96,96,0.04194685071706772,0.008113484347742924,robust_reg,96,9,10042,0.6,0.3
Overall_Survival,all_constraints,10.690597206168823,1.779425762099106,11.8978836335075,1.0134160932134901,11.29297460241073,96,96,0.04194685071706772,0.008113484347742924,robust_reg,96,9,10042,0.6,0.3
all_constraints,all_constraints,0.6979166666666666,0.4615714956689105,0.9479166666666666,0.22336148028967082,35.820895522388064,96,96,0.04194685071706772,0.008113484347742924,robust_reg,96,9,10042,0.6,0.3
Any_DLT,dlt_only,0.8541666666666666,0.35479176002615415,1.0,0.0,17.07317073170732,96,96,0.013183956344922384,0.0013508585543075967,cp,96,9,10042,0.6,0.3
Blood,dlt_only,0.875,0.33245498310218435,1.0,0.0,14.285714285714286,96,96,0.013183956344922384,0.0013508585543075967,cp,96,9,10042,0.6,0.3
Constitutional,dlt_only,0.8645833333333334,0.34396424742808945,0.9583333333333334,0.20087527770480484,10.843373493975903,96,96,0.013183956344922384,0.0013508585543075967,cp,96,9,10042,0.6,0.3
Infection,dlt_only,0.8645833333333334,0.34396424742808945,1.0,0.0,15.662650602409633,96,96,0.013183956344922384,0.0013508585543075967,cp,96,9,10042,0.6,0.3
Gastrointestinal,dlt_only,0.8645833333333334,0.3439642474280894,1.0,0.0,15.662650602409633,96,96,0.013183956344922384,0.0013508585543075967,cp,96,9,10042,0.6,0.3
Overall_Survival,dlt_only,10.690597206168823,1.779425762099106,11.939204634153741,0.9666964439777715,11.67949183666214,96,96,0.013183956344922384,0.0013508585543075967,cp,96,9,10042,0.6,0.3
all_constraints,dlt_only,0.6979166666666666,0.4615714956689105,0.9583333333333334,0.20087527770480484,37.31343283582091,96,96,0.013183956344922384,0.0013508585543075967,cp,96,9,10042,0.6,0.3
Any_DLT,all_constraints,0.8541666666666666,0.35479176002615415,1.0,0.0,17.07317073170732,96,96,0.20051791270573935,0.041883813592580706,cp,96,9,10042,0.6,0.3
Blood,all_constraints,0.875,0.33245498310218435,1.0,0.0,14.285714285714286,96,96,0.20051791270573935,0.041883813592580706,cp,96,9,10042,0.6,0.3
Constitutional,all_constraints,0.8645833333333334,0.34396424742808945,0.9479166666666666,0.22336148028967082,9.63855421686746,96,96,0.20051791270573935,0.041883813592580706,cp,96,9,10042,0.6,0.3
Infection,all_constraints,0.8645833333333334,0.34396424742808945,1.0,0.0,15.662650602409633,96,96,0.20051791270573935,0.041883813592580706,cp,96,9,10042,0.6,0.3
Gastrointestinal,all_constraints,0.8645833333333334,0.3439642474280894,1.0,0.0,15.662650602409633,96,96,0.20051791270573935,0.041883813592580706,cp,96,9,10042,0.6,0.3
Overall_Survival,all_constraints,10.690597206168823,1.779425762099106,11.436280143140822,1.3134235713204392,6.975128915545669,96,96,0.20051791270573935,0.041883813592580706,cp,96,9,10042,0.6,0.3
all_constraints,all_constraints,0.6979166666666666,0.4615714956689105,0.9479166666666666,0.22336148028967082,35.820895522388064,96,96,0.20051791270573935,0.041883813592580706,cp,96,9,10042,0.6,0.3
Any_DLT,dlt_only,0.8636363636363636,0.3451409234693729,1.0,0.0,15.789473684210524,96,88,0.025619583825270336,0.035821932546581885,nominal,95,0,1042,0.6,0.4
Blood,dlt_only,0.875,0.3326141667278259,1.0,0.0,14.285714285714286,96,88,0.025619583825270336,0.035821932546581885,nominal,95,0,1042,0.6,0.4
Constitutional,dlt_only,0.8977272727272727,0.30474306974563625,0.9659090909090909,0.18250263020391777,7.594936708860766,96,88,0.025619583825270336,0.035821932546581885,nominal,95,0,1042,0.6,0.4
Infection,dlt_only,0.875,0.3326141667278259,1.0,0.0,14.285714285714286,96,88,0.025619583825270336,0.035821932546581885,nominal,95,0,1042,0.6,0.4
Gastrointestinal,dlt_only,0.875,0.3326141667278259,0.9886363636363636,0.10660035817780522,12.987012987012989,96,88,0.025619583825270336,0.035821932546581885,nominal,95,0,1042,0.6,0.4
Overall_Survival,dlt_only,10.74911151472851,1.8127096120731954,11.890636027371453,0.9749885449818756,10.619710392610763,96,88,0.025619583825270336,0.035821932546581885,nominal,95,0,1042,0.6,0.4
all_constraints,dlt_only,0.7272727272727273,0.4479140087646834,0.9545454545454546,0.20949259494173825,31.250000000000004,96,88,0.025619583825270336,0.035821932546581885,nominal,95,0,1042,0.6,0.4
Any_DLT,all_constraints,0.8681318681318682,0.3402218625410715,1.0,0.0,15.189873417721516,96,91,0.052429946760336556,0.03189700900955011,nominal,93,0,1042,0.6,0.4
Blood,all_constraints,0.8791208791208791,0.3277927812629611,1.0,0.0,13.750000000000002,96,91,0.052429946760336556,0.03189700900955011,nominal,93,0,1042,0.6,0.4
Constitutional,all_constraints,0.9010989010989011,0.30018309431060586,0.967032967032967,0.17953950048508055,7.317073170731706,96,91,0.052429946760336556,0.03189700900955011,nominal,93,0,1042,0.6,0.4
Infection,all_constraints,0.8901098901098901,0.3144854510165755,1.0,0.0,12.345679012345686,96,91,0.052429946760336556,0.03189700900955011,nominal,93,0,1042,0.6,0.4
Gastrointestinal,all_constraints,0.8681318681318682,0.3402218625410715,0.978021978021978,0.14742395237484895,12.658227848101259,96,91,0.052429946760336556,0.03189700900955011,nominal,93,0,1042,0.6,0.4
Overall_Survival,all_constraints,10.75733323537095,1.7870529897985445,11.653102359691681,1.1748536111871752,8.32705564400824,96,91,0.052429946760336556,0.03189700900955011,nominal,93,0,1042,0.6,0.4
all_constraints,all_constraints,0.7362637362637363,0.4430993075338713,0.9560439560439561,0.20613306986226762,29.850746268656714,96,91,0.052429946760336556,0.03189700900955011,nominal,93,0,1042,0.6,0.4
Any_DLT,dlt_only,0.8636363636363636,0.3451409234693729,1.0,0.0,15.789473684210524,96,88,0.015495826800664267,0.016312626395545076,robust_reg,96,0,1042,0.6,0.4
Blood,dlt_only,0.875,0.3326141667278259,1.0,0.0,14.285714285714286,96,88,0.015495826800664267,0.016312626395545076,robust_reg,96,0,1042,0.6,0.4
Constitutional,dlt_only,0.8977272727272727,0.30474306974563625,0.9886363636363636,0.10660035817780522,10.126582278481015,96,88,0.015495826800664267,0.016312626395545076,robust_reg,96,0,1042,0.6,0.4
Infection,dlt_only,0.875,0.3326141667278259,1.0,0.0,14.285714285714286,96,88,0.015495826800664267,0.016312626395545076,robust_reg,96,0,1042,0.6,0.4
Gastrointestinal,dlt_only,0.875,0.3326141667278259,1.0,0.0,14.285714285714286,96,88,0.015495826800664267,0.016312626395545076,robust_reg,96,0,1042,0.6,0.4
Overall_Survival,dlt_only,10.74911151472851,1.8127096120731954,11.921759037526794,0.9566415629097438,10.909250696594917,96,88,0.015495826800664267,0.016312626395545076,robust_reg,96,0,1042,0.6,0.4
all_constraints,dlt_only,0.7272727272727273,0.4479140087646834,0.9886363636363636,0.10660035817780522,35.9375,96,88,0.015495826800664267,0.016312626395545076,robust_reg,96,0,1042,0.6,0.4
Any_DLT,all_constraints,0.8681318681318682,0.3402218625410715,1.0,0.0,15.189873417721516,96,91,0.05071270217498144,0.015299979873387232,robust_reg,92,0,1042,0.6,0.4
Blood,all_constraints,0.8791208791208791,0.3277927812629611,1.0,0.0,13.750000000000002,96,91,0.05071270217498144,0.015299979873387232,robust_reg,92,0,1042,0.6,0.4
Constitutional,all_constraints,0.9010989010989011,0.30018309431060586,0.967032967032967,0.17953950048508055,7.317073170731706,96,91,0.05071270217498144,0.015299979873387232,robust_reg,92,0,1042,0.6,0.4
Infection,all_constraints,0.8901098901098901,0.3144854510165755,1.0,0.0,12.345679012345686,96,91,0.05071270217498144,0.015299979873387232,robust_reg,92,0,1042,0.6,0.4
Gastrointestinal,all_constraints,0.8681318681318682,0.3402218625410715,0.989010989010989,0.1048284836721918,13.924050632911394,96,91,0.05071270217498144,0.015299979873387232,robust_reg,92,0,1042,0.6,0.4
Overall_Survival,all_constraints,10.75733323537095,1.7870529897985445,11.806123667443087,1.1163101803828135,9.749539306113824,96,91,0.05071270217498144,0.015299979873387232,robust_reg,92,0,1042,0.6,0.4
all_constraints,all_constraints,0.7362637362637363,0.4430993075338713,0.967032967032967,0.17953950048508055,31.343283582089544,96,91,0.05071270217498144,0.015299979873387232,robust_reg,92,0,1042,0.6,0.4
Any_DLT,dlt_only,0.8636363636363636,0.3451409234693729,1.0,0.0,15.789473684210524,96,88,0.0727322722474734,0.030951508487464047,cp,88,0,1042,0.6,0.4
Blood,dlt_only,0.875,0.3326141667278259,1.0,0.0,14.285714285714286,96,88,0.0727322722474734,0.030951508487464047,cp,88,0,1042,0.6,0.4
Constitutional,dlt_only,0.8977272727272727,0.30474306974563625,0.9659090909090909,0.18250263020391777,7.594936708860766,96,88,0.0727322722474734,0.030951508487464047,cp,88,0,1042,0.6,0.4
Infection,dlt_only,0.875,0.3326141667278259,1.0,0.0,14.285714285714286,96,88,0.0727322722474734,0.030951508487464047,cp,88,0,1042,0.6,0.4
Gastrointestinal,dlt_only,0.875,0.3326141667278259,1.0,0.0,14.285714285714286,96,88,0.0727322722474734,0.030951508487464047,cp,88,0,1042,0.6,0.4
Overall_Survival,dlt_only,10.74911151472851,1.8127096120731954,11.078546690935037,1.1659737865055662,3.0647665693590804,96,88,0.0727322722474734,0.030951508487464047,cp,88,0,1042,0.6,0.4
all_constraints,dlt_only,0.7272727272727273,0.4479140087646834,0.9659090909090909,0.18250263020391777,32.8125,96,88,0.0727322722474734,0.030951508487464047,cp,88,0,1042,0.6,0.4
Any_DLT,all_constraints,0.8681318681318682,0.3402218625410715,1.0,0.0,15.189873417721516,96,91,0.05821062624454498,0.01805358431718632,cp,93,0,1042,0.6,0.4
Blood,all_constraints,0.8791208791208791,0.3277927812629611,1.0,0.0,13.750000000000002,96,91,0.05821062624454498,0.01805358431718632,cp,93,0,1042,0.6,0.4
Constitutional,all_constraints,0.9010989010989011,0.30018309431060586,0.967032967032967,0.17953950048508055,7.317073170731706,96,91,0.05821062624454498,0.01805358431718632,cp,93,0,1042,0.6,0.4
Infection,all_constraints,0.8901098901098901,0.3144854510165755,1.0,0.0,12.345679012345686,96,91,0.05821062624454498,0.01805358431718632,cp,93,0,1042,0.6,0.4
Gastrointestinal,all_constraints,0.8681318681318682,0.3402218625410715,0.978021978021978,0.14742395237484895,12.658227848101259,96,91,0.05821062624454498,0.01805358431718632,cp,93,0,1042,0.6,0.4
Overall_Survival,all_constraints,10.75733323537095,1.7870529897985445,11.652979419894848,1.173319528532839,8.325912797596928,96,91,0.05821062624454498,0.01805358431718632,cp,93,0,1042,0.6,0.4
all_constraints,all_constraints,0.7362637362637363,0.4430993075338713,0.9560439560439561,0.20613306986226762,29.850746268656714,96,91,0.05821062624454498,0.01805358431718632,cp,93,0,1042,0.6,0.4
Any_DLT,dlt_only,0.8526315789473684,0.3563533105934119,1.0,0.0,17.283950617283953,96,95,0.011925863722960154,0.002027512183406215,nominal,96,1,2042,0.6,0.4
Blood,dlt_only,0.8736842105263158,0.33396729560733096,1.0,0.0,14.457831325301198,96,95,0.011925863722960154,0.002027512183406215,nominal,96,1,2042,0.6,0.4
Constitutional,dlt_only,0.8736842105263158,0.333967295607331,0.9789473684210527,0.1443214031708876,12.048192771084336,96,95,0.011925863722960154,0.002027512183406215,nominal,96,1,2042,0.6,0.4
Infection,dlt_only,0.8736842105263158,0.333967295607331,1.0,0.0,14.457831325301198,96,95,0.011925863722960154,0.002027512183406215,nominal,96,1,2042,0.6,0.4
Gastrointestinal,dlt_only,0.8631578947368421,0.34550383548659225,1.0,0.0,15.853658536585364,96,95,0.011925863722960154,0.002027512183406215,nominal,96,1,2042,0.6,0.4
Overall_Survival,dlt_only,10.6999871958255,1.7864730982355768,11.947530096371393,0.9693467860950545,11.659293396468833,96,95,0.011925863722960154,0.002027512183406215,nominal,96,1,2042,0.6,0.4
all_constraints,dlt_only,0.7052631578947368,0.4583430892442982,0.9789473684210527,0.1443214031708876,38.805970149253746,96,95,0.011925863722960154,0.002027512183406215,nominal,96,1,2042,0.6,0.4
Any_DLT,all_constraints,0.8651685393258427,0.34347857005916343,1.0,0.0,15.584415584415584,96,89,0.045950911939144135,0.00998515826148736,nominal,96,1,2042,0.6,0.4
Blood,all_constraints,0.8764044943820225,0.3309842319473132,1.0,0.0,14.102564102564099,96,89,0.045950911939144135,0.00998515826148736,nominal,96,1,2042,0.6,0.4
Constitutional,all_constraints,0.9213483146067416,0.2707195421096928,0.9550561797752809,0.20835461246451933,3.6585365853658502,96,89,0.045950911939144135,0.00998515826148736,nominal,96,1,2042,0.6,0.4
Infection,all_constraints,0.898876404494382,0.3032004969797108,1.0,0.0,11.250000000000004,96,89,0.045950911939144135,0.00998515826148736,nominal,96,1,2042,0.6,0.4
Gastrointestinal,all_constraints,0.8764044943820225,0.3309842319473132,1.0,0.0,14.102564102564099,96,89,0.045950911939144135,0.00998515826148736,nominal,96,1,2042,0.6,0.4
Overall_Survival,all_constraints,10.823762510447287,1.73753575266128,11.950989285092126,0.9928095780589706,10.414370913597006,96,89,0.045950911939144135,0.00998515826148736,nominal,96,1,2042,0.6,0.4
all_constraints,all_constraints,0.7415730337078652,0.44025018423517004,0.9550561797752809,0.20835461246451933,28.787878787878785,96,89,0.045950911939144135,0.00998515826148736,nominal,96,1,2042,0.6,0.4
Any_DLT,dlt_only,0.8526315789473684,0.3563533105934119,0.9894736842105263,0.10259783520851541,16.04938271604938,96,95,0.014454983174800873,0.0033989974055662654,robust_reg,96,1,2042,0.6,0.4
Blood,dlt_only,0.8736842105263158,0.33396729560733096,0.9894736842105263,0.10259783520851541,13.25301204819276,96,95,0.014454983174800873,0.0033989974055662654,robust_reg,96,1,2042,0.6,0.4
Constitutional,dlt_only,0.8736842105263158,0.333967295607331,0.968421052631579,0.1758040240472914,10.843373493975898,96,95,0.014454983174800873,0.0033989974055662654,robust_reg,96,1,2042,0.6,0.4
Infection,dlt_only,0.8736842105263158,0.333967295607331,1.0,0.0,14.457831325301198,96,95,0.014454983174800873,0.0033989974055662654,robust_reg,96,1,2042,0.6,0.4
Gastrointestinal,dlt_only,0.8631578947368421,0.34550383548659225,1.0,0.0,15.853658536585364,96,95,0.014454983174800873,0.0033989974055662654,robust_reg,96,1,2042,0.6,0.4
Overall_Survival,dlt_only,10.6999871958255,1.7864730982355768,11.902632405316483,0.9507719089956387,11.23968830504941,96,95,0.014454983174800873,0.0033989974055662654,robust_reg,96,1,2042,0.6,0.4
all_constraints,dlt_only,0.7052631578947368,0.4583430892442982,0.968421052631579,0.1758040240472914,37.313432835820905,96,95,0.014454983174800873,0.0033989974055662654,robust_reg,96,1,2042,0.6,0.4
Any_DLT,all_constraints,0.8651685393258427,0.34347857005916343,1.0,0.0,15.584415584415584,96,89,0.05282609164714813,0.015585304716429261,robust_reg,96,1,2042,0.6,0.4
Blood,all_constraints,0.8764044943820225,0.3309842319473132,0.9887640449438202,0.10599978800063599,12.820512820512812,96,89,0.05282609164714813,0.015585304716429261,robust_reg,96,1,2042,0.6,0.4
Constitutional,all_constraints,0.9213483146067416,0.2707195421096928,0.9550561797752809,0.20835461246451933,3.6585365853658502,96,89,0.05282609164714813,0.015585304716429261,robust_reg,96,1,2042,0.6,0.4
Infection,all_constraints,0.898876404494382,0.3032004969797108,0.9775280898876404,0.1490521636791844,8.749999999999996,96,89,0.05282609164714813,0.015585304716429261,robust_reg,96,1,2042,0.6,0.4
Gastrointestinal,all_constraints,0.8764044943820225,0.3309842319473132,1.0,0.0,14.102564102564099,96,89,0.05282609164714813,0.015585304716429261,robust_reg,96,1,2042,0.6,0.4
Overall_Survival,all_constraints,10.823762510447287,1.73753575266128,11.843619801471032,1.058888040128482,9.422391613261667,96,89,0.05282609164714813,0.015585304716429261,robust_reg,96,1,2042,0.6,0.4
all_constraints,all_constraints,0.7415730337078652,0.44025018423517004,0.9325842696629213,0.2521612403074291,25.757575757575744,96,89,0.05282609164714813,0.015585304716429261,robust_reg,96,1,2042,0.6,0.4
Any_DLT,dlt_only,0.8526315789473684,0.3563533105934119,1.0,0.0,17.283950617283953,96,95,0.027309390405813854,0.005551536584592757,cp,95,1,2042,0.6,0.4
Blood,dlt_only,0.8736842105263158,0.33396729560733096,1.0,0.0,14.457831325301198,96,95,0.027309390405813854,0.005551536584592757,cp,95,1,2042,0.6,0.4
Constitutional,dlt_only,0.8736842105263158,0.333967295607331,0.9789473684210527,0.1443214031708876,12.048192771084336,96,95,0.027309390405813854,0.005551536584592757,cp,95,1,2042,0.6,0.4
Infection,dlt_only,0.8736842105263158,0.333967295607331,1.0,0.0,14.457831325301198,96,95,0.027309390405813854,0.005551536584592757,cp,95,1,2042,0.6,0.4
Gastrointestinal,dlt_only,0.8631578947368421,0.34550383548659225,1.0,0.0,15.853658536585364,96,95,0.027309390405813854,0.005551536584592757,cp,95,1,2042,0.6,0.4
Overall_Survival,dlt_only,10.6999871958255,1.7864730982355768,11.881411859198538,1.0672261894176849,11.041365206810339,96,95,0.027309390405813854,0.005551536584592757,cp,95,1,2042,0.6,0.4
all_constraints,dlt_only,0.7052631578947368,0.4583430892442982,0.9789473684210527,0.1443214031708876,38.805970149253746,96,95,0.027309390405813854,0.005551536584592757,cp,95,1,2042,0.6,0.4
Any_DLT,all_constraints,0.8651685393258427,0.34347857005916343,0.9775280898876404,0.14905216367918436,12.98701298701298,96,89,0.19101998209953308,0.09386154914503353,cp,89,1,2042,0.6,0.4
Blood,all_constraints,0.8764044943820225,0.3309842319473132,0.9438202247191011,0.23157320469295903,7.692307692307685,96,89,0.19101998209953308,0.09386154914503353,cp,89,1,2042,0.6,0.4
Constitutional,all_constraints,0.9213483146067416,0.2707195421096928,0.9662921348314607,0.18149869785703643,4.878048780487805,96,89,0.19101998209953308,0.09386154914503353,cp,89,1,2042,0.6,0.4
Infection,all_constraints,0.898876404494382,0.3032004969797108,0.9438202247191011,0.23157320469295906,5.000000000000001,96,89,0.19101998209953308,0.09386154914503353,cp,89,1,2042,0.6,0.4
Gastrointestinal,all_constraints,0.8764044943820225,0.3309842319473132,1.0,0.0,14.102564102564099,96,89,0.19101998209953308,0.09386154914503353,cp,89,1,2042,0.6,0.4
Overall_Survival,all_constraints,10.823762510447287,1.73753575266128,11.459416137307983,1.410606679093505,5.872760292432065,96,89,0.19101998209953308,0.09386154914503353,cp,89,1,2042,0.6,0.4
all_constraints,all_constraints,0.7415730337078652,0.44025018423517004,0.898876404494382,0.30320049697971074,21.212121212121204,96,89,0.19101998209953308,0.09386154914503353,cp,89,1,2042,0.6,0.4
Any_DLT,dlt_only,0.8586956521739131,0.3502439256481347,1.0,0.0,16.45569620253164,96,92,0.02629758169253667,0.031772019998348416,nominal,96,2,3042,0.6,0.4
Blood,dlt_only,0.8695652173913043,0.3386265505758479,0.9891304347826086,0.10425720702853734,13.749999999999996,96,92,0.02629758169253667,0.031772019998348416,nominal,96,2,3042,0.6,0.4
Constitutional,dlt_only,0.8913043478260869,0.31296251010007803,0.9456521739130435,0.22794497286530102,6.097560975609759,96,92,0.02629758169253667,0.031772019998348416,nominal,96,2,3042,0.6,0.4
Infection,dlt_only,0.8804347826086957,0.32623025995934074,1.0,0.0,13.580246913580243,96,92,0.02629758169253667,0.031772019998348416,nominal,96,2,3042,0.6,0.4
Gastrointestinal,dlt_only,0.8804347826086957,0.32623025995934074,1.0,0.0,13.580246913580243,96,92,0.02629758169253667,0.031772019998348416,nominal,96,2,3042,0.6,0.4
Overall_Survival,dlt_only,10.70519979759556,1.8144755734042586,10.347772439445887,0.9892803292144294,-3.338820058547183,96,92,0.02629758169253667,0.031772019998348416,nominal,96,2,3042,0.6,0.4
all_constraints,dlt_only,0.7282608695652174,0.4472937149826407,0.9347826086956522,0.2482619949886758,28.358208955223883,96,92,0.02629758169253667,0.031772019998348416,nominal,96,2,3042,0.6,0.4
Any_DLT,all_constraints,0.8777777777777778,0.3293772734489573,1.0,0.0,13.924050632911394,96,90,0.04913442333539327,0.026623272447069298,nominal,95,2,3042,0.6,0.4
Blood,all_constraints,0.8777777777777778,0.3293772734489573,1.0,0.0,13.924050632911394,96,90,0.04913442333539327,0.026623272447069298,nominal,95,2,3042,0.6,0.4
Constitutional,all_constraints,0.9,0.3016806854192959,0.9888888888888889,0.10540925533894599,9.876543209876546,96,90,0.04913442333539327,0.026623272447069298,nominal,95,2,3042,0.6,0.4
Infection,all_constraints,0.9,0.3016806854192959,1.0,0.0,11.111111111111109,96,90,0.04913442333539327,0.026623272447069298,nominal,95,2,3042,0.6,0.4
Gastrointestinal,all_constraints,0.8888888888888888,0.31603030875998483,1.0,0.0,12.500000000000007,96,90,0.04913442333539327,0.026623272447069298,nominal,95,2,3042,0.6,0.4
Overall_Survival,all_constraints,10.732313268343969,1.7907983115383468,10.453630261099915,0.9064401636818653,-2.5966723135640923,96,90,0.04913442333539327,0.026623272447069298,nominal,95,2,3042,0.6,0.4
all_constraints,all_constraints,0.7444444444444445,0.4386165972131145,0.9888888888888889,0.10540925533894599,32.83582089552239,96,90,0.04913442333539327,0.026623272447069298,nominal,95,2,3042,0.6,0.4
Any_DLT,dlt_only,0.8586956521739131,0.3502439256481347,1.0,0.0,16.45569620253164,96,92,0.025443303088347118,0.03147500383239081,robust_reg,96,2,3042,0.6,0.4
Blood,dlt_only,0.8695652173913043,0.3386265505758479,1.0,0.0,15.000000000000004,96,92,0.025443303088347118,0.03147500383239081,robust_reg,96,2,3042,0.6,0.4
Constitutional,dlt_only,0.8913043478260869,0.31296251010007803,0.9782608695652174,0.14662959759729013,9.756097560975615,96,92,0.025443303088347118,0.03147500383239081,robust_reg,96,2,3042,0.6,0.4
Infection,dlt_only,0.8804347826086957,0.32623025995934074,1.0,0.0,13.580246913580243,96,92,0.025443303088347118,0.03147500383239081,robust_reg,96,2,3042,0.6,0.4
Gastrointestinal,dlt_only,0.8804347826086957,0.32623025995934074,1.0,0.0,13.580246913580243,96,92,0.025443303088347118,0.03147500383239081,robust_reg,96,2,3042,0.6,0.4
Overall_Survival,dlt_only,10.70519979759556,1.8144755734042586,11.942411466245314,0.9751732267886583,11.557109554626326,96,92,0.025443303088347118,0.03147500383239081,robust_reg,96,2,3042,0.6,0.4
all_constraints,dlt_only,0.7282608695652174,0.4472937149826407,0.9782608695652174,0.14662959759729013,34.32835820895522,96,92,0.025443303088347118,0.03147500383239081,robust_reg,96,2,3042,0.6,0.4
Any_DLT,all_constraints,0.8777777777777778,0.3293772734489573,1.0,0.0,13.924050632911394,96,90,0.0480493555466334,0.005619302544685076,robust_reg,95,2,3042,0.6,0.4
Blood,all_constraints,0.8777777777777778,0.3293772734489573,1.0,0.0,13.924050632911394,96,90,0.0480493555466334,0.005619302544685076,robust_reg,95,2,3042,0.6,0.4
Constitutional,all_constraints,0.9,0.3016806854192959,0.9777777777777777,0.14823135407896973,8.64197530864197,96,90,0.0480493555466334,0.005619302544685076,robust_reg,95,2,3042,0.6,0.4
Infection,all_constraints,0.9,0.3016806854192959,1.0,0.0,11.111111111111109,96,90,0.0480493555466334,0.005619302544685076,robust_reg,95,2,3042,0.6,0.4
Gastrointestinal,all_constraints,0.8888888888888888,0.31603030875998483,1.0,0.0,12.500000000000007,96,90,0.0480493555466334,0.005619302544685076,robust_reg,95,2,3042,0.6,0.4
Overall_Survival,all_constraints,10.732313268343969,1.7907983115383468,11.685984754074578,1.1565318549713524,8.885982563922719,96,90,0.0480493555466334,0.005619302544685076,robust_reg,95,2,3042,0.6,0.4
all_constraints,all_constraints,0.7444444444444445,0.4386165972131145,0.9777777777777777,0.14823135407896973,31.343283582089544,96,90,0.0480493555466334,0.005619302544685076,robust_reg,95,2,3042,0.6,0.4
Any_DLT,dlt_only,0.8586956521739131,0.3502439256481347,1.0,0.0,16.45569620253164,96,92,0.04122993350028992,0.022055113136760826,cp,92,2,3042,0.6,0.4
Blood,dlt_only,0.8695652173913043,0.3386265505758479,1.0,0.0,15.000000000000004,96,92,0.04122993350028992,0.022055113136760826,cp,92,2,3042,0.6,0.4
Constitutional,dlt_only,0.8913043478260869,0.31296251010007803,0.9565217391304348,0.20504855915155562,7.317073170731716,96,92,0.04122993350028992,0.022055113136760826,cp,92,2,3042,0.6,0.4
Infection,dlt_only,0.8804347826086957,0.32623025995934074,1.0,0.0,13.580246913580243,96,92,0.04122993350028992,0.022055113136760826,cp,92,2,3042,0.6,0.4
Gastrointestinal,dlt_only,0.8804347826086957,0.32623025995934074,1.0,0.0,13.580246913580243,96,92,0.04122993350028992,0.022055113136760826,cp,92,2,3042,0.6,0.4
Overall_Survival,dlt_only,10.70519979759556,1.8144755734042586,10.43523387604678,0.977383717816811,-2.5218204858672064,96,92,0.04122993350028992,0.022055113136760826,cp,92,2,3042,0.6,0.4
all_constraints,dlt_only,0.7282608695652174,0.4472937149826407,0.9565217391304348,0.20504855915155562,31.343283582089555,96,92,0.04122993350028992,0.022055113136760826,cp,92,2,3042,0.6,0.4
Any_DLT,all_constraints,0.8777777777777778,0.3293772734489573,1.0,0.0,13.924050632911394,96,90,0.3062843630711238,0.24852223504332163,cp,91,2,3042,0.6,0.4
Blood,all_constraints,0.8777777777777778,0.3293772734489573,0.9888888888888889,0.105409255338946,12.658227848101271,96,90,0.3062843630711238,0.24852223504332163,cp,91,2,3042,0.6,0.4
Constitutional,all_constraints,0.9,0.3016806854192959,1.0,0.0,11.111111111111109,96,90,0.3062843630711238,0.24852223504332163,cp,91,2,3042,0.6,0.4
Infection,all_constraints,0.9,0.3016806854192959,1.0,0.0,11.111111111111109,96,90,0.3062843630711238,0.24852223504332163,cp,91,2,3042,0.6,0.4
Gastrointestinal,all_constraints,0.8888888888888888,0.31603030875998483,1.0,0.0,12.500000000000007,96,90,0.3062843630711238,0.24852223504332163,cp,91,2,3042,0.6,0.4
Overall_Survival,all_constraints,10.732313268343969,1.7907983115383468,10.75873735663393,1.2802420309483467,0.2462105571209999,96,90,0.3062843630711238,0.24852223504332163,cp,91,2,3042,0.6,0.4
all_constraints,all_constraints,0.7444444444444445,0.4386165972131145,0.9888888888888889,0.105409255338946,32.83582089552239,96,90,0.3062843630711238,0.24852223504332163,cp,91,2,3042,0.6,0.4
Any_DLT,dlt_only,0.8631578947368421,0.34550383548659225,0.8631578947368421,0.3455038354865923,0.0,96,95,0.026578808824221294,0.035238059671401915,nominal,96,3,4042,0.6,0.4
Blood,dlt_only,0.8736842105263158,0.33396729560733096,0.5157894736842106,0.5024018459178219,-40.963855421686745,96,95,0.026578808824221294,0.035238059671401915,nominal,96,3,4042,0.6,0.4
Constitutional,dlt_only,0.8736842105263158,0.333967295607331,0.9263157894736842,0.26264227200873946,6.024096385542162,96,95,0.026578808824221294,0.035238059671401915,nominal,96,3,4042,0.6,0.4
Infection,dlt_only,0.8736842105263158,0.333967295607331,0.8210526315789474,0.38534172091962604,-6.024096385542175,96,95,0.026578808824221294,0.035238059671401915,nominal,96,3,4042,0.6,0.4
Gastrointestinal,dlt_only,0.8736842105263158,0.333967295607331,1.0,0.0,14.457831325301198,96,95,0.026578808824221294,0.035238059671401915,nominal,96,3,4042,0.6,0.4
Overall_Survival,dlt_only,10.735931318339748,1.7322367987232548,12.443573966740704,1.095562990991126,15.9058641282835,96,95,0.026578808824221294,0.035238059671401915,nominal,96,3,4042,0.6,0.4
all_constraints,dlt_only,0.7052631578947368,0.4583430892442982,0.42105263157894735,0.49634723964864647,-40.298507462686565,96,95,0.026578808824221294,0.035238059671401915,nominal,96,3,4042,0.6,0.4
Any_DLT,all_constraints,0.8804347826086957,0.32623025995934074,0.9239130434782609,0.26659001127895315,4.938271604938268,96,92,0.0573273499806722,0.038279705267030444,nominal,96,3,4042,0.6,0.4
Blood,all_constraints,0.8695652173913043,0.3386265505758479,0.5652173913043478,0.4984447862792268,-35.00000000000001,96,92,0.0573273499806722,0.038279705267030444,nominal,96,3,4042,0.6,0.4
Constitutional,all_constraints,0.8913043478260869,0.312962510100078,0.967391304347826,0.17858337274913305,8.53658536585366,96,92,0.0573273499806722,0.038279705267030444,nominal,96,3,4042,0.6,0.4
Infection,all_constraints,0.9021739130434783,0.29870720011393176,0.8913043478260869,0.31296251010007803,-1.2048192771084392,96,92,0.0573273499806722,0.038279705267030444,nominal,96,3,4042,0.6,0.4
Gastrointestinal,all_constraints,0.8913043478260869,0.312962510100078,0.9782608695652174,0.14662959759729013,9.756097560975615,96,92,0.0573273499806722,0.038279705267030444,nominal,96,3,4042,0.6,0.4
Overall_Survival,all_constraints,10.683799438036694,1.8089443614273417,12.320925144960748,1.3740186613989238,15.323441032555555,96,92,0.0573273499806722,0.038279705267030444,nominal,96,3,4042,0.6,0.4
all_constraints,all_constraints,0.7282608695652174,0.4472937149826407,0.4891304347826087,0.502620937661408,-32.83582089552239,96,92,0.0573273499806722,0.038279705267030444,nominal,96,3,4042,0.6,0.4
Any_DLT,dlt_only,0.8631578947368421,0.34550383548659225,0.7263157894736842,0.4482140745926371,-15.853658536585364,96,95,0.01943109432856242,0.021864015955380296,robust_reg,96,3,4042,0.6,0.4
Blood,dlt_only,0.8736842105263158,0.33396729560733096,0.3684210526315789,0.48493543283632795,-57.831325301204814,96,95,0.01943109432856242,0.021864015955380296,robust_reg,96,3,4042,0.6,0.4
Constitutional,dlt_only,0.8736842105263158,0.333967295607331,0.9473684210526315,0.22448148540588725,8.433734939759024,96,95,0.01943109432856242,0.021864015955380296,robust_reg,96,3,4042,0.6,0.4
Infection,dlt_only,0.8736842105263158,0.333967295607331,0.6736842105263158,0.4713517289748864,-22.89156626506025,96,95,0.01943109432856242,0.021864015955380296,robust_reg,96,3,4042,0.6,0.4
Gastrointestinal,dlt_only,0.8736842105263158,0.333967295607331,0.9894736842105263,0.10259783520851541,13.25301204819276,96,95,0.01943109432856242,0.021864015955380296,robust_reg,96,3,4042,0.6,0.4
Overall_Survival,dlt_only,10.735931318339748,1.7322367987232548,12.60011702173526,0.9684655207387025,17.363986859817185,96,95,0.01943109432856242,0.021864015955380296,robust_reg,96,3,4042,0.6,0.4
all_constraints,dlt_only,0.7052631578947368,0.4583430892442982,0.30526315789473685,0.46296188461572396,-56.71641791044777,96,95,0.01943109432856242,0.021864015955380296,robust_reg,96,3,4042,0.6,0.4
Any_DLT,all_constraints,0.8804347826086957,0.32623025995934074,0.9021739130434783,0.29870720011393176,2.469135802469134,96,92,0.07088251163562138,0.05462974548969725,robust_reg,92,3,4042,0.6,0.4
Blood,all_constraints,0.8695652173913043,0.3386265505758479,0.6739130434782609,0.47134821015106604,-22.499999999999996,96,92,0.07088251163562138,0.05462974548969725,robust_reg,92,3,4042,0.6,0.4
Constitutional,all_constraints,0.8913043478260869,0.312962510100078,0.967391304347826,0.17858337274913305,8.53658536585366,96,92,0.07088251163562138,0.05462974548969725,robust_reg,92,3,4042,0.6,0.4
Infection,all_constraints,0.9021739130434783,0.29870720011393176,0.9021739130434783,0.29870720011393176,0.0,96,92,0.07088251163562138,0.05462974548969725,robust_reg,92,3,4042,0.6,0.4
Gastrointestinal,all_constraints,0.8913043478260869,0.312962510100078,0.9891304347826086,0.10425720702853734,10.97560975609756,96,92,0.07088251163562138,0.05462974548969725,robust_reg,92,3,4042,0.6,0.4
Overall_Survival,all_constraints,10.683799438036694,1.8089443614273417,12.228259038906772,1.3137899697191857,14.456089426121762,96,92,0.07088251163562138,0.05462974548969725,robust_reg,92,3,4042,0.6,0.4
all_constraints,all_constraints,0.7282608695652174,0.4472937149826407,0.6195652173913043,0.48815398634167767,-14.925373134328364,96,92,0.07088251163562138,0.05462974548969725,robust_reg,92,3,4042,0.6,0.4
Any_DLT,dlt_only,0.8631578947368421,0.34550383548659225,0.968421052631579,0.17580402404729137,12.19512195121951,96,95,0.07526615510384242,0.04863169829145017,cp,95,3,4042,0.6,0.4
Blood,dlt_only,0.8736842105263158,0.33396729560733096,0.8421052631578947,0.3665767306309684,-3.6144578313253124,96,95,0.07526615510384242,0.04863169829145017,cp,95,3,4042,0.6,0.4
Constitutional,dlt_only,0.8736842105263158,0.333967295607331,0.9157894736842105,0.27917652063748477,4.819277108433724,96,95,0.07526615510384242,0.04863169829145017,cp,95,3,4042,0.6,0.4
Infection,dlt_only,0.8736842105263158,0.333967295607331,0.9578947368421052,0.20189472049435528,9.63855421686746,96,95,0.07526615510384242,0.04863169829145017,cp,95,3,4042,0.6,0.4
Gastrointestinal,dlt_only,0.8736842105263158,0.333967295607331,1.0,0.0,14.457831325301198,96,95,0.07526615510384242,0.04863169829145017,cp,95,3,4042,0.6,0.4
Overall_Survival,dlt_only,10.735931318339748,1.7322367987232548,12.13389164056885,1.0760513069443047,13.021323262761785,96,95,0.07526615510384242,0.04863169829145017,cp,95,3,4042,0.6,0.4
all_constraints,dlt_only,0.7052631578947368,0.4583430892442982,0.7684210526315789,0.42407926745360536,8.955223880597012,96,95,0.07526615510384242,0.04863169829145017,cp,95,3,4042,0.6,0.4
Any_DLT,all_constraints,0.8804347826086957,0.32623025995934074,1.0,0.0,13.580246913580243,96,92,0.16700021674235663,0.039305431589507965,cp,96,3,4042,0.6,0.4
Blood,all_constraints,0.8695652173913043,0.3386265505758479,0.8804347826086957,0.32623025995934074,1.2500000000000056,96,92,0.16700021674235663,0.039305431589507965,cp,96,3,4042,0.6,0.4
Constitutional,all_constraints,0.8913043478260869,0.312962510100078,0.9565217391304348,0.20504855915155562,7.317073170731716,96,92,0.16700021674235663,0.039305431589507965,cp,96,3,4042,0.6,0.4
Infection,all_constraints,0.9021739130434783,0.29870720011393176,0.9782608695652174,0.14662959759729013,8.433734939759036,96,92,0.16700021674235663,0.039305431589507965,cp,96,3,4042,0.6,0.4
Gastrointestinal,all_constraints,0.8913043478260869,0.312962510100078,1.0,0.0,12.195121951219518,96,92,0.16700021674235663,0.039305431589507965,cp,96,3,4042,0.6,0.4
Overall_Survival,all_constraints,10.683799438036694,1.8089443614273417,12.01219348144698,1.3310760414702227,12.43372314423003,96,92,0.16700021674235663,0.039305431589507965,cp,96,3,4042,0.6,0.4
all_constraints,all_constraints,0.7282608695652174,0.4472937149826407,0.8260869565217391,0.3811116087047685,13.43283582089552,96,92,0.16700021674235663,0.039305431589507965,cp,96,3,4042,0.6,0.4
Any_DLT,dlt_only,0.8541666666666666,0.35479176002615415,1.0,0.0,17.07317073170732,96,96,0.0093525101741155,0.0009673742005420803,nominal,96,4,5042,0.6,0.4
Blood,dlt_only,0.875,0.33245498310218435,1.0,0.0,14.285714285714286,96,96,0.0093525101741155,0.0009673742005420803,nominal,96,4,5042,0.6,0.4
Constitutional,dlt_only,0.8645833333333334,0.34396424742808945,0.90625,0.2930106877878258,4.81927710843373,96,96,0.0093525101741155,0.0009673742005420803,nominal,96,4,5042,0.6,0.4
Infection,dlt_only,0.8645833333333334,0.34396424742808945,1.0,0.0,15.662650602409633,96,96,0.0093525101741155,0.0009673742005420803,nominal,96,4,5042,0.6,0.4
Gastrointestinal,dlt_only,0.8645833333333334,0.3439642474280894,1.0,0.0,15.662650602409633,96,96,0.0093525101741155,0.0009673742005420803,nominal,96,4,5042,0.6,0.4
Overall_Survival,dlt_only,10.690597206168823,1.779425762099106,10.99250041320976,1.0149740041122877,2.824006940105541,96,96,0.0093525101741155,0.0009673742005420803,nominal,96,4,5042,0.6,0.4
all_constraints,dlt_only,0.6979166666666666,0.4615714956689105,0.90625,0.2930106877878258,29.85074626865672,96,96,0.0093525101741155,0.0009673742005420803,nominal,96,4,5042,0.6,0.4
Any_DLT,all_constraints,0.875,0.3326141667278259,1.0,0.0,14.285714285714286,96,88,0.03079630931218465,0.028887250994174996,nominal,96,4,5042,0.6,0.4
Blood,all_constraints,0.8977272727272727,0.30474306974563625,1.0,0.0,11.392405063291143,96,88,0.03079630931218465,0.028887250994174996,nominal,96,4,5042,0.6,0.4
Constitutional,all_constraints,0.8977272727272727,0.30474306974563625,0.9318181818181818,0.2535021161332041,3.7974683544303764,96,88,0.03079630931218465,0.028887250994174996,nominal,96,4,5042,0.6,0.4
Infection,all_constraints,0.9090909090909091,0.2891272494131036,1.0,0.0,10.000000000000004,96,88,0.03079630931218465,0.028887250994174996,nominal,96,4,5042,0.6,0.4
Gastrointestinal,all_constraints,0.8636363636363636,0.3451409234693729,1.0,0.0,15.789473684210524,96,88,0.03079630931218465,0.028887250994174996,nominal,96,4,5042,0.6,0.4
Overall_Survival,all_constraints,10.718038445171718,1.843622463614387,10.985402351298985,1.0638688537825063,2.494522738418704,96,88,0.03079630931218465,0.028887250994174996,nominal,96,4,5042,0.6,0.4
all_constraints,all_constraints,0.75,0.4354941703556927,0.9318181818181818,0.2535021161332041,24.242424242424235,96,88,0.03079630931218465,0.028887250994174996,nominal,96,4,5042,0.6,0.4
Any_DLT,dlt_only,0.8541666666666666,0.35479176002615415,1.0,0.0,17.07317073170732,96,96,0.009254428247610727,0.0010797992599549907,robust_reg,96,4,5042,0.6,0.4
Blood,dlt_only,0.875,0.33245498310218435,1.0,0.0,14.285714285714286,96,96,0.009254428247610727,0.0010797992599549907,robust_reg,96,4,5042,0.6,0.4
Constitutional,dlt_only,0.8645833333333334,0.34396424742808945,0.90625,0.2930106877878258,4.81927710843373,96,96,0.009254428247610727,0.0010797992599549907,robust_reg,96,4,5042,0.6,0.4
Infection,dlt_only,0.8645833333333334,0.34396424742808945,1.0,0.0,15.662650602409633,96,96,0.009254428247610727,0.0010797992599549907,robust_reg,96,4,5042,0.6,0.4
Gastrointestinal,dlt_only,0.8645833333333334,0.3439642474280894,1.0,0.0,15.662650602409633,96,96,0.009254428247610727,0.0010797992599549907,robust_reg,96,4,5042,0.6,0.4
Overall_Survival,dlt_only,10.690597206168823,1.779425762099106,10.993554667321119,1.0144375994784731,2.8338684482236385,96,96,0.009254428247610727,0.0010797992599549907,robust_reg,96,4,5042,0.6,0.4
all_constraints,dlt_only,0.6979166666666666,0.4615714956689105,0.90625,0.2930106877878258,29.85074626865672,96,96,0.009254428247610727,0.0010797992599549907,robust_reg,96,4,5042,0.6,0.4
Any_DLT,all_constraints,0.875,0.3326141667278259,1.0,0.0,14.285714285714286,96,88,0.029743154843648274,0.013669742860903255,robust_reg,96,4,5042,0.6,0.4
Blood,all_constraints,0.8977272727272727,0.30474306974563625,1.0,0.0,11.392405063291143,96,88,0.029743154843648274,0.013669742860903255,robust_reg,96,4,5042,0.6,0.4
Constitutional,all_constraints,0.8977272727272727,0.30474306974563625,0.9318181818181818,0.2535021161332041,3.7974683544303764,96,88,0.029743154843648274,0.013669742860903255,robust_reg,96,4,5042,0.6,0.4
Infection,all_constraints,0.9090909090909091,0.2891272494131036,1.0,0.0,10.000000000000004,96,88,0.029743154843648274,0.013669742860903255,robust_reg,96,4,5042,0.6,0.4
Gastrointestinal,all_constraints,0.8636363636363636,0.3451409234693729,1.0,0.0,15.789473684210524,96,88,0.029743154843648274,0.013669742860903255,robust_reg,96,4,5042,0.6,0.4
Overall_Survival,all_constraints,10.718038445171718,1.843622463614387,10.980161548548176,1.0869430912695508,2.4456257058355684,96,88,0.029743154843648274,0.013669742860903255,robust_reg,96,4,5042,0.6,0.4
all_constraints,all_constraints,0.75,0.4354941703556927,0.9318181818181818,0.2535021161332041,24.242424242424235,96,88,0.029743154843648274,0.013669742860903255,robust_reg,96,4,5042,0.6,0.4
Any_DLT,dlt_only,0.8541666666666666,0.35479176002615415,1.0,0.0,17.07317073170732,96,96,0.011672941346963247,0.016641255280220174,cp,96,4,5042,0.6,0.4
Blood,dlt_only,0.875,0.33245498310218435,1.0,0.0,14.285714285714286,96,96,0.011672941346963247,0.016641255280220174,cp,96,4,5042,0.6,0.4
Constitutional,dlt_only,0.8645833333333334,0.34396424742808945,0.90625,0.2930106877878258,4.81927710843373,96,96,0.011672941346963247,0.016641255280220174,cp,96,4,5042,0.6,0.4
Infection,dlt_only,0.8645833333333334,0.34396424742808945,1.0,0.0,15.662650602409633,96,96,0.011672941346963247,0.016641255280220174,cp,96,4,5042,0.6,0.4
Gastrointestinal,dlt_only,0.8645833333333334,0.3439642474280894,1.0,0.0,15.662650602409633,96,96,0.011672941346963247,0.016641255280220174,cp,96,4,5042,0.6,0.4
Overall_Survival,dlt_only,10.690597206168823,1.779425762099106,10.99250041320976,1.0149740041122877,2.824006940105541,96,96,0.011672941346963247,0.016641255280220174,cp,96,4,5042,0.6,0.4
all_constraints,dlt_only,0.6979166666666666,0.4615714956689105,0.90625,0.2930106877878258,29.85074626865672,96,96,0.011672941346963247,0.016641255280220174,cp,96,4,5042,0.6,0.4
Any_DLT,all_constraints,0.875,0.3326141667278259,1.0,0.0,14.285714285714286,96,88,0.4857441857457161,0.3459287397153638,cp,88,4,5042,0.6,0.4
Blood,all_constraints,0.8977272727272727,0.30474306974563625,1.0,0.0,11.392405063291143,96,88,0.4857441857457161,0.3459287397153638,cp,88,4,5042,0.6,0.4
Constitutional,all_constraints,0.8977272727272727,0.30474306974563625,0.9545454545454546,0.20949259494173825,6.32911392405064,96,88,0.4857441857457161,0.3459287397153638,cp,88,4,5042,0.6,0.4
Infection,all_constraints,0.9090909090909091,0.2891272494131036,1.0,0.0,10.000000000000004,96,88,0.4857441857457161,0.3459287397153638,cp,88,4,5042,0.6,0.4
Gastrointestinal,all_constraints,0.8636363636363636,0.3451409234693729,1.0,0.0,15.789473684210524,96,88,0.4857441857457161,0.3459287397153638,cp,88,4,5042,0.6,0.4
Overall_Survival,all_constraints,10.718038445171718,1.843622463614387,10.250800100562662,0.9971557639871592,-4.359364327709968,96,88,0.4857441857457161,0.3459287397153638,cp,88,4,5042,0.6,0.4
all_constraints,all_constraints,0.75,0.4354941703556927,0.9545454545454546,0.20949259494173825,27.27272727272728,96,88,0.4857441857457161,0.3459287397153638,cp,88,4,5042,0.6,0.4
Any_DLT,dlt_only,0.8541666666666666,0.35479176002615415,0.7083333333333334,0.45691567036441355,-17.073170731707307,96,96,0.00957820067803065,0.010454683613072962,nominal,96,5,6042,0.6,0.4
Blood,dlt_only,0.875,0.33245498310218435,0.3958333333333333,0.49159604012508756,-54.761904761904766,96,96,0.00957820067803065,0.010454683613072962,nominal,96,5,6042,0.6,0.4
Constitutional,dlt_only,0.8645833333333334,0.34396424742808945,0.90625,0.2930106877878258,4.81927710843373,96,96,0.00957820067803065,0.010454683613072962,nominal,96,5,6042,0.6,0.4
Infection,dlt_only,0.8645833333333334,0.34396424742808945,0.3645833333333333,0.4838397226282506,-57.831325301204814,96,96,0.00957820067803065,0.010454683613072962,nominal,96,5,6042,0.6,0.4
Gastrointestinal,dlt_only,0.8645833333333334,0.3439642474280894,1.0,0.0,15.662650602409633,96,96,0.00957820067803065,0.010454683613072962,nominal,96,5,6042,0.6,0.4
Overall_Survival,dlt_only,10.690597206168823,1.779425762099106,10.533199855170663,1.0160599145282452,-1.4722970846505794,96,96,0.00957820067803065,0.010454683613072962,nominal,96,5,6042,0.6,0.4
all_constraints,dlt_only,0.6979166666666666,0.4615714956689105,0.20833333333333334,0.40824829046386296,-70.14925373134328,96,96,0.00957820067803065,0.010454683613072962,nominal,96,5,6042,0.6,0.4
Any_DLT,all_constraints,0.8617021276595744,0.3470633740209737,0.9042553191489362,0.2958184904168057,4.938271604938279,96,94,0.04012269278367361,0.023731702940391165,nominal,96,5,6042,0.6,0.4
Blood,all_constraints,0.8723404255319149,0.3354997092507591,0.723404255319149,0.4497132974175554,-17.073170731707314,96,94,0.04012269278367361,0.023731702940391165,nominal,96,5,6042,0.6,0.4
Constitutional,all_constraints,0.8723404255319149,0.3354997092507591,0.9468085106382979,0.2256184464259304,8.53658536585365,96,94,0.04012269278367361,0.023731702940391165,nominal,96,5,6042,0.6,0.4
Infection,all_constraints,0.8723404255319149,0.3354997092507591,0.7340425531914894,0.4442108361881319,-15.853658536585368,96,94,0.04012269278367361,0.023731702940391165,nominal,96,5,6042,0.6,0.4
Gastrointestinal,all_constraints,0.8723404255319149,0.3354997092507591,1.0,0.0,14.63414634146341,96,94,0.04012269278367361,0.023731702940391165,nominal,96,5,6042,0.6,0.4
Overall_Survival,all_constraints,10.727417949704732,1.7655798971904035,11.1128938844845,1.2221299250719302,3.5933710850743714,96,94,0.04012269278367361,0.023731702940391165,nominal,96,5,6042,0.6,0.4
all_constraints,all_constraints,0.7021276595744681,0.45977524275495457,0.5957446808510638,0.4933787163701949,-15.15151515151516,96,94,0.04012269278367361,0.023731702940391165,nominal,96,5,6042,0.6,0.4
Any_DLT,dlt_only,0.8541666666666666,0.35479176002615415,1.0,0.0,17.07317073170732,96,96,0.007260878880818685,0.00033146786359782536,robust_reg,96,5,6042,0.6,0.4
Blood,dlt_only,0.875,0.33245498310218435,1.0,0.0,14.285714285714286,96,96,0.007260878880818685,0.00033146786359782536,robust_reg,96,5,6042,0.6,0.4
Constitutional,dlt_only,0.8645833333333334,0.34396424742808945,0.9166666666666666,0.27783625115549687,6.02409638554216,96,96,0.007260878880818685,0.00033146786359782536,robust_reg,96,5,6042,0.6,0.4
Infection,dlt_only,0.8645833333333334,0.34396424742808945,1.0,0.0,15.662650602409633,96,96,0.007260878880818685,0.00033146786359782536,robust_reg,96,5,6042,0.6,0.4
Gastrointestinal,dlt_only,0.8645833333333334,0.3439642474280894,1.0,0.0,15.662650602409633,96,96,0.007260878880818685,0.00033146786359782536,robust_reg,96,5,6042,0.6,0.4
Overall_Survival,dlt_only,10.690597206168823,1.779425762099106,11.992224108393252,0.9740353829262507,12.175436761131996,96,96,0.007260878880818685,0.00033146786359782536,robust_reg,96,5,6042,0.6,0.4
all_constraints,dlt_only,0.6979166666666666,0.4615714956689105,0.9166666666666666,0.27783625115549687,31.343283582089555,96,96,0.007260878880818685,0.00033146786359782536,robust_reg,96,5,6042,0.6,0.4
Any_DLT,all_constraints,0.8617021276595744,0.3470633740209737,1.0,0.0,16.049382716049386,96,94,0.02757814774910609,0.00664344490711219,robust_reg,96,5,6042,0.6,0.4
Blood,all_constraints,0.8723404255319149,0.3354997092507591,1.0,0.0,14.63414634146341,96,94,0.02757814774910609,0.00664344490711219,robust_reg,96,5,6042,0.6,0.4
Constitutional,all_constraints,0.8723404255319149,0.3354997092507591,0.9148936170212766,0.2805361406225205,4.8780487804877986,96,94,0.02757814774910609,0.00664344490711219,robust_reg,96,5,6042,0.6,0.4
Infection,all_constraints,0.8723404255319149,0.3354997092507591,1.0,0.0,14.63414634146341,96,94,0.02757814774910609,0.00664344490711219,robust_reg,96,5,6042,0.6,0.4
Gastrointestinal,all_constraints,0.8723404255319149,0.3354997092507591,1.0,0.0,14.63414634146341,96,94,0.02757814774910609,0.00664344490711219,robust_reg,96,5,6042,0.6,0.4
Overall_Survival,all_constraints,10.727417949704732,1.7655798971904035,11.992793730077222,0.9825488736233332,11.795716232043702,96,94,0.02757814774910609,0.00664344490711219,robust_reg,96,5,6042,0.6,0.4
all_constraints,all_constraints,0.7021276595744681,0.45977524275495457,0.9148936170212766,0.2805361406225205,30.303030303030297,96,94,0.02757814774910609,0.00664344490711219,robust_reg,96,5,6042,0.6,0.4
Any_DLT,dlt_only,0.8541666666666666,0.35479176002615415,0.9270833333333334,0.2613645031536837,8.536585365853668,96,96,0.040511647860209145,0.048225373329954746,cp,96,5,6042,0.6,0.4
Blood,dlt_only,0.875,0.33245498310218435,0.8229166666666666,0.3837431066870447,-5.952380952380957,96,96,0.040511647860209145,0.048225373329954746,cp,96,5,6042,0.6,0.4
Constitutional,dlt_only,0.8645833333333334,0.34396424742808945,0.90625,0.2930106877878258,4.81927710843373,96,96,0.040511647860209145,0.048225373329954746,cp,96,5,6042,0.6,0.4
Infection,dlt_only,0.8645833333333334,0.34396424742808945,0.8333333333333334,0.3746343246326776,-3.614457831325301,96,96,0.040511647860209145,0.048225373329954746,cp,96,5,6042,0.6,0.4
Gastrointestinal,dlt_only,0.8645833333333334,0.3439642474280894,1.0,0.0,15.662650602409633,96,96,0.040511647860209145,0.048225373329954746,cp,96,5,6042,0.6,0.4
Overall_Survival,dlt_only,10.690597206168823,1.779425762099106,11.296382788239933,1.4052038877168287,5.666527046043344,96,96,0.040511647860209145,0.048225373329954746,cp,96,5,6042,0.6,0.4
all_constraints,dlt_only,0.6979166666666666,0.4615714956689105,0.6979166666666666,0.4615714956689106,0.0,96,96,0.040511647860209145,0.048225373329954746,cp,96,5,6042,0.6,0.4
Any_DLT,all_constraints,0.8617021276595744,0.3470633740209737,1.0,0.0,16.049382716049386,96,94,0.43683649847904843,0.24617468288924912,cp,94,5,6042,0.6,0.4
Blood,all_constraints,0.8723404255319149,0.3354997092507591,0.9680851063829787,0.1767160202664313,10.975609756097557,96,94,0.43683649847904843,0.24617468288924912,cp,94,5,6042,0.6,0.4
Constitutional,all_constraints,0.8723404255319149,0.3354997092507591,0.925531914893617,0.26393880449618323,6.0975609756097455,96,94,0.43683649847904843,0.24617468288924912,cp,94,5,6042,0.6,0.4
Infection,all_constraints,0.8723404255319149,0.3354997092507591,0.9574468085106383,0.2029298102618999,9.756097560975611,96,94,0.43683649847904843,0.24617468288924912,cp,94,5,6042,0.6,0.4
Gastrointestinal,all_constraints,0.8723404255319149,0.3354997092507591,1.0,0.0,14.63414634146341,96,94,0.43683649847904843,0.24617468288924912,cp,94,5,6042,0.6,0.4
Overall_Survival,all_constraints,10.727417949704732,1.7655798971904035,11.665067119136827,1.3444871113515842,8.740679013610203,96,94,0.43683649847904843,0.24617468288924912,cp,94,5,6042,0.6,0.4
all_constraints,all_constraints,0.7021276595744681,0.45977524275495457,0.8617021276595744,0.3470633740209737,22.72727272727272,96,94,0.43683649847904843,0.24617468288924912,cp,94,5,6042,0.6,0.4
Any_DLT,dlt_only,0.8631578947368421,0.34550383548659225,0.8526315789473684,0.3563533105934119,-1.219512195121955,96,95,0.014029304186503092,0.01663446866997907,nominal,96,6,7042,0.6,0.4
Blood,dlt_only,0.8842105263157894,0.3216697756533383,0.5789473684210527,0.49634723964864647,-34.52380952380952,96,95,0.014029304186503092,0.01663446866997907,nominal,96,6,7042,0.6,0.4
Constitutional,dlt_only,0.8631578947368421,0.34550383548659225,0.9789473684210527,0.1443214031708876,13.414634146341466,96,95,0.014029304186503092,0.01663446866997907,nominal,96,6,7042,0.6,0.4
Infection,dlt_only,0.8736842105263158,0.333967295607331,0.7052631578947368,0.45834308924429823,-19.27710843373495,96,95,0.014029304186503092,0.01663446866997907,nominal,96,6,7042,0.6,0.4
Gastrointestinal,dlt_only,0.8631578947368421,0.3455038354865923,1.0,0.0,15.853658536585364,96,95,0.014029304186503092,0.01663446866997907,nominal,96,6,7042,0.6,0.4
Overall_Survival,dlt_only,10.682295535441693,1.7869958575119873,11.483453488257005,1.5632197324484691,7.499866954225643,96,95,0.014029304186503092,0.01663446866997907,nominal,96,6,7042,0.6,0.4
all_constraints,dlt_only,0.7052631578947368,0.4583430892442982,0.5473684210526316,0.5003917837954912,-22.38805970149253,96,95,0.014029304186503092,0.01663446866997907,nominal,96,6,7042,0.6,0.4
Any_DLT,all_constraints,0.8709677419354839,0.3370526488229122,0.978494623655914,0.1458479422322764,12.34567901234568,96,93,0.06543493270874023,0.039147084038509625,nominal,95,6,7042,0.6,0.4
Blood,all_constraints,0.8817204301075269,0.32468922819237606,0.8924731182795699,0.31146098895220203,1.21951219512195,96,93,0.06543493270874023,0.039147084038509625,nominal,95,6,7042,0.6,0.4
Constitutional,all_constraints,0.8709677419354839,0.3370526488229122,0.978494623655914,0.1458479422322764,12.34567901234568,96,93,0.06543493270874023,0.039147084038509625,nominal,95,6,7042,0.6,0.4
Infection,all_constraints,0.8924731182795699,0.31146098895220203,0.9247311827956989,0.2652545594323927,3.614457831325298,96,93,0.06543493270874023,0.039147084038509625,nominal,95,6,7042,0.6,0.4
Gastrointestinal,all_constraints,0.8709677419354839,0.3370526488229122,0.978494623655914,0.1458479422322764,12.34567901234568,96,93,0.06543493270874023,0.039147084038509625,nominal,95,6,7042,0.6,0.4
Overall_Survival,all_constraints,10.683169499877998,1.8020225893716257,10.71363211759608,1.5317011151773494,0.28514588033475463,96,93,0.06543493270874023,0.039147084038509625,nominal,95,6,7042,0.6,0.4
all_constraints,all_constraints,0.7204301075268817,0.4512203596877334,0.8709677419354839,0.33705264882291225,20.895522388059696,96,93,0.06543493270874023,0.039147084038509625,nominal,95,6,7042,0.6,0.4
Any_DLT,dlt_only,0.8631578947368421,0.34550383548659225,0.8526315789473684,0.3563533105934119,-1.219512195121955,96,95,0.016697503626346588,0.020833299355918142,robust_reg,95,6,7042,0.6,0.4
Blood,dlt_only,0.8842105263157894,0.3216697756533383,0.5789473684210527,0.49634723964864647,-34.52380952380952,96,95,0.016697503626346588,0.020833299355918142,robust_reg,95,6,7042,0.6,0.4
Constitutional,dlt_only,0.8631578947368421,0.34550383548659225,0.9578947368421052,0.2018947204943553,10.975609756097557,96,95,0.016697503626346588,0.020833299355918142,robust_reg,95,6,7042,0.6,0.4
Infection,dlt_only,0.8736842105263158,0.333967295607331,0.6947368421052632,0.4629618846157239,-20.481927710843372,96,95,0.016697503626346588,0.020833299355918142,robust_reg,95,6,7042,0.6,0.4
Gastrointestinal,dlt_only,0.8631578947368421,0.3455038354865923,1.0,0.0,15.853658536585364,96,95,0.016697503626346588,0.020833299355918142,robust_reg,95,6,7042,0.6,0.4
Overall_Survival,dlt_only,10.682295535441693,1.7869958575119873,11.473889816357099,1.5263667137323003,7.410338707528329,96,95,0.016697503626346588,0.020833299355918142,robust_reg,95,6,7042,0.6,0.4
all_constraints,dlt_only,0.7052631578947368,0.4583430892442982,0.5263157894736842,0.501955861057691,-25.373134328358212,96,95,0.016697503626346588,0.020833299355918142,robust_reg,95,6,7042,0.6,0.4
Any_DLT,all_constraints,0.8709677419354839,0.3370526488229122,0.956989247311828,0.20398095044388959,9.876543209876546,96,93,0.07522586733102798,0.04728117318178959,robust_reg,93,6,7042,0.6,0.4
Blood,all_constraints,0.8817204301075269,0.32468922819237606,0.7849462365591398,0.4130865359806691,-10.975609756097564,96,93,0.07522586733102798,0.04728117318178959,robust_reg,93,6,7042,0.6,0.4
Constitutional,all_constraints,0.8709677419354839,0.3370526488229122,0.946236559139785,0.22677279367959727,8.64197530864198,96,93,0.07522586733102798,0.04728117318178959,robust_reg,93,6,7042,0.6,0.4
Infection,all_constraints,0.8924731182795699,0.31146098895220203,0.9139784946236559,0.2819155739522733,2.4096385542168655,96,93,0.07522586733102798,0.04728117318178959,robust_reg,93,6,7042,0.6,0.4
Gastrointestinal,all_constraints,0.8709677419354839,0.3370526488229122,0.978494623655914,0.1458479422322764,12.34567901234568,96,93,0.07522586733102798,0.04728117318178959,robust_reg,93,6,7042,0.6,0.4
Overall_Survival,all_constraints,10.683169499877998,1.8020225893716257,10.946705460704248,1.7745666885445879,2.466833095077817,96,93,0.07522586733102798,0.04728117318178959,robust_reg,93,6,7042,0.6,0.4
all_constraints,all_constraints,0.7204301075268817,0.4512203596877334,0.7419354838709677,0.4399413450640598,2.9850746268656687,96,93,0.07522586733102798,0.04728117318178959,robust_reg,93,6,7042,0.6,0.4
Any_DLT,dlt_only,0.8631578947368421,0.34550383548659225,1.0,0.0,15.853658536585364,96,95,0.05108590672413508,0.042098611528456974,cp,96,6,7042,0.6,0.4
Blood,dlt_only,0.8842105263157894,0.3216697756533383,0.9894736842105263,0.10259783520851541,11.904761904761903,96,95,0.05108590672413508,0.042098611528456974,cp,96,6,7042,0.6,0.4
Constitutional,dlt_only,0.8631578947368421,0.34550383548659225,0.9157894736842105,0.27917652063748477,6.097560975609749,96,95,0.05108590672413508,0.042098611528456974,cp,96,6,7042,0.6,0.4
Infection,dlt_only,0.8736842105263158,0.333967295607331,1.0,0.0,14.457831325301198,96,95,0.05108590672413508,0.042098611528456974,cp,96,6,7042,0.6,0.4
Gastrointestinal,dlt_only,0.8631578947368421,0.3455038354865923,1.0,0.0,15.853658536585364,96,95,0.05108590672413508,0.042098611528456974,cp,96,6,7042,0.6,0.4
Overall_Survival,dlt_only,10.682295535441693,1.7869958575119873,10.529499949865434,1.0927201391903683,-1.4303628379248077,96,95,0.05108590672413508,0.042098611528456974,cp,96,6,7042,0.6,0.4
all_constraints,dlt_only,0.7052631578947368,0.4583430892442982,0.9052631578947369,0.29440470807862057,28.35820895522389,96,95,0.05108590672413508,0.042098611528456974,cp,96,6,7042,0.6,0.4
Any_DLT,all_constraints,0.8709677419354839,0.3370526488229122,0.978494623655914,0.1458479422322764,12.34567901234568,96,93,0.07446740319331487,0.0407093673670393,cp,95,6,7042,0.6,0.4
Blood,all_constraints,0.8817204301075269,0.32468922819237606,0.8924731182795699,0.31146098895220203,1.21951219512195,96,93,0.07446740319331487,0.0407093673670393,cp,95,6,7042,0.6,0.4
Constitutional,all_constraints,0.8709677419354839,0.3370526488229122,0.978494623655914,0.1458479422322764,12.34567901234568,96,93,0.07446740319331487,0.0407093673670393,cp,95,6,7042,0.6,0.4
Infection,all_constraints,0.8924731182795699,0.31146098895220203,0.9247311827956989,0.2652545594323927,3.614457831325298,96,93,0.07446740319331487,0.0407093673670393,cp,95,6,7042,0.6,0.4
Gastrointestinal,all_constraints,0.8709677419354839,0.3370526488229122,0.978494623655914,0.1458479422322764,12.34567901234568,96,93,0.07446740319331487,0.0407093673670393,cp,95,6,7042,0.6,0.4
Overall_Survival,all_constraints,10.683169499877998,1.8020225893716257,10.71363211759608,1.5317011151773494,0.28514588033475463,96,93,0.07446740319331487,0.0407093673670393,cp,95,6,7042,0.6,0.4
all_constraints,all_constraints,0.7204301075268817,0.4512203596877334,0.8709677419354839,0.33705264882291225,20.895522388059696,96,93,0.07446740319331487,0.0407093673670393,cp,95,6,7042,0.6,0.4
Any_DLT,dlt_only,0.8695652173913043,0.33862655057584784,1.0,0.0,15.000000000000004,96,92,0.007778793573379517,0.00046936811440309936,nominal,96,7,8042,0.6,0.4
Blood,dlt_only,0.8695652173913043,0.3386265505758479,1.0,0.0,15.000000000000004,96,92,0.007778793573379517,0.00046936811440309936,nominal,96,7,8042,0.6,0.4
Constitutional,dlt_only,0.8804347826086957,0.32623025995934074,0.9456521739130435,0.22794497286530102,7.407407407407402,96,92,0.007778793573379517,0.00046936811440309936,nominal,96,7,8042,0.6,0.4
Infection,dlt_only,0.8913043478260869,0.31296251010007803,1.0,0.0,12.195121951219518,96,92,0.007778793573379517,0.00046936811440309936,nominal,96,7,8042,0.6,0.4
Gastrointestinal,dlt_only,0.8804347826086957,0.32623025995934074,1.0,0.0,13.580246913580243,96,92,0.007778793573379517,0.00046936811440309936,nominal,96,7,8042,0.6,0.4
Overall_Survival,dlt_only,10.698613991523501,1.813048803936,11.99441216540417,0.9939011467537129,12.111832195341647,96,92,0.007778793573379517,0.00046936811440309936,nominal,96,7,8042,0.6,0.4
all_constraints,dlt_only,0.717391304347826,0.4527349601029049,0.9456521739130435,0.22794497286530102,31.818181818181824,96,92,0.007778793573379517,0.00046936811440309936,nominal,96,7,8042,0.6,0.4
Any_DLT,all_constraints,0.8541666666666666,0.35479176002615415,1.0,0.0,17.07317073170732,96,96,0.0379742830991745,0.036176468237195385,nominal,96,7,8042,0.6,0.4
Blood,all_constraints,0.875,0.33245498310218435,1.0,0.0,14.285714285714286,96,96,0.0379742830991745,0.036176468237195385,nominal,96,7,8042,0.6,0.4
Constitutional,all_constraints,0.8645833333333334,0.34396424742808945,0.9375,0.2433321316961438,8.43373493975903,96,96,0.0379742830991745,0.036176468237195385,nominal,96,7,8042,0.6,0.4
Infection,all_constraints,0.8645833333333334,0.34396424742808945,1.0,0.0,15.662650602409633,96,96,0.0379742830991745,0.036176468237195385,nominal,96,7,8042,0.6,0.4
Gastrointestinal,all_constraints,0.8645833333333334,0.3439642474280894,0.9895833333333334,0.10206207261596575,14.457831325301203,96,96,0.0379742830991745,0.036176468237195385,nominal,96,7,8042,0.6,0.4
Overall_Survival,all_constraints,10.690597206168823,1.779425762099106,11.904911906178597,1.1896222218153119,11.358717166044524,96,96,0.0379742830991745,0.036176468237195385,nominal,96,7,8042,0.6,0.4
all_constraints,all_constraints,0.6979166666666666,0.4615714956689105,0.9270833333333334,0.2613645031536837,32.8358208955224,96,96,0.0379742830991745,0.036176468237195385,nominal,96,7,8042,0.6,0.4
Any_DLT,dlt_only,0.8695652173913043,0.33862655057584784,1.0,0.0,15.000000000000004,96,92,0.00861021876335144,0.001586795173494441,robust_reg,96,7,8042,0.6,0.4
Blood,dlt_only,0.8695652173913043,0.3386265505758479,1.0,0.0,15.000000000000004,96,92,0.00861021876335144,0.001586795173494441,robust_reg,96,7,8042,0.6,0.4
Constitutional,dlt_only,0.8804347826086957,0.32623025995934074,0.9456521739130435,0.22794497286530102,7.407407407407402,96,92,0.00861021876335144,0.001586795173494441,robust_reg,96,7,8042,0.6,0.4
Infection,dlt_only,0.8913043478260869,0.31296251010007803,1.0,0.0,12.195121951219518,96,92,0.00861021876335144,0.001586795173494441,robust_reg,96,7,8042,0.6,0.4
Gastrointestinal,dlt_only,0.8804347826086957,0.32623025995934074,1.0,0.0,13.580246913580243,96,92,0.00861021876335144,0.001586795173494441,robust_reg,96,7,8042,0.6,0.4
Overall_Survival,dlt_only,10.698613991523501,1.813048803936,11.973122577103602,0.9883300237086845,11.912838304007344,96,92,0.00861021876335144,0.001586795173494441,robust_reg,96,7,8042,0.6,0.4
all_constraints,dlt_only,0.717391304347826,0.4527349601029049,0.9456521739130435,0.22794497286530102,31.818181818181824,96,92,0.00861021876335144,0.001586795173494441,robust_reg,96,7,8042,0.6,0.4
Any_DLT,all_constraints,0.8541666666666666,0.35479176002615415,1.0,0.0,17.07317073170732,96,96,0.02903692175944646,0.00777814780973792,robust_reg,96,7,8042,0.6,0.4
Blood,all_constraints,0.875,0.33245498310218435,1.0,0.0,14.285714285714286,96,96,0.02903692175944646,0.00777814780973792,robust_reg,96,7,8042,0.6,0.4
Constitutional,all_constraints,0.8645833333333334,0.34396424742808945,0.9375,0.2433321316961438,8.43373493975903,96,96,0.02903692175944646,0.00777814780973792,robust_reg,96,7,8042,0.6,0.4
Infection,all_constraints,0.8645833333333334,0.34396424742808945,1.0,0.0,15.662650602409633,96,96,0.02903692175944646,0.00777814780973792,robust_reg,96,7,8042,0.6,0.4
Gastrointestinal,all_constraints,0.8645833333333334,0.3439642474280894,1.0,0.0,15.662650602409633,96,96,0.02903692175944646,0.00777814780973792,robust_reg,96,7,8042,0.6,0.4
Overall_Survival,all_constraints,10.690597206168823,1.779425762099106,11.91661479284672,1.0618078023485837,11.468186136228628,96,96,0.02903692175944646,0.00777814780973792,robust_reg,96,7,8042,0.6,0.4
all_constraints,all_constraints,0.6979166666666666,0.4615714956689105,0.9375,0.2433321316961438,34.32835820895523,96,96,0.02903692175944646,0.00777814780973792,robust_reg,96,7,8042,0.6,0.4
Any_DLT,dlt_only,0.8695652173913043,0.33862655057584784,1.0,0.0,15.000000000000004,96,92,0.02975364277760188,0.030357218421377143,cp,92,7,8042,0.6,0.4
Blood,dlt_only,0.8695652173913043,0.3386265505758479,1.0,0.0,15.000000000000004,96,92,0.02975364277760188,0.030357218421377143,cp,92,7,8042,0.6,0.4
Constitutional,dlt_only,0.8804347826086957,0.32623025995934074,0.9347826086956522,0.24826199498867577,6.172839506172841,96,92,0.02975364277760188,0.030357218421377143,cp,92,7,8042,0.6,0.4
Infection,dlt_only,0.8913043478260869,0.31296251010007803,1.0,0.0,12.195121951219518,96,92,0.02975364277760188,0.030357218421377143,cp,92,7,8042,0.6,0.4
Gastrointestinal,dlt_only,0.8804347826086957,0.32623025995934074,0.9891304347826086,0.10425720702853734,12.345679012345672,96,92,0.02975364277760188,0.030357218421377143,cp,92,7,8042,0.6,0.4
Overall_Survival,dlt_only,10.698613991523501,1.813048803936,11.834069521765096,1.11813267927463,10.613108680631107,96,92,0.02975364277760188,0.030357218421377143,cp,92,7,8042,0.6,0.4
all_constraints,dlt_only,0.717391304347826,0.4527349601029049,0.9347826086956522,0.24826199498867577,30.303030303030315,96,92,0.02975364277760188,0.030357218421377143,cp,92,7,8042,0.6,0.4
Any_DLT,all_constraints,0.8541666666666666,0.35479176002615415,1.0,0.0,17.07317073170732,96,96,0.04075312614440918,0.013283268970660726,cp,96,7,8042,0.6,0.4
Blood,all_constraints,0.875,0.33245498310218435,1.0,0.0,14.285714285714286,96,96,0.04075312614440918,0.013283268970660726,cp,96,7,8042,0.6,0.4
Constitutional,all_constraints,0.8645833333333334,0.34396424742808945,0.9375,0.2433321316961438,8.43373493975903,96,96,0.04075312614440918,0.013283268970660726,cp,96,7,8042,0.6,0.4
Infection,all_constraints,0.8645833333333334,0.34396424742808945,1.0,0.0,15.662650602409633,96,96,0.04075312614440918,0.013283268970660726,cp,96,7,8042,0.6,0.4
Gastrointestinal,all_constraints,0.8645833333333334,0.3439642474280894,1.0,0.0,15.662650602409633,96,96,0.04075312614440918,0.013283268970660726,cp,96,7,8042,0.6,0.4
Overall_Survival,all_constraints,10.690597206168823,1.779425762099106,11.905458580671153,1.1892846594924915,11.363830767109212,96,96,0.04075312614440918,0.013283268970660726,cp,96,7,8042,0.6,0.4
all_constraints,all_constraints,0.6979166666666666,0.4615714956689105,0.9375,0.2433321316961438,34.32835820895523,96,96,0.04075312614440918,0.013283268970660726,cp,96,7,8042,0.6,0.4
Any_DLT,dlt_only,0.8541666666666666,0.35479176002615415,1.0,0.0,17.07317073170732,96,96,0.02674706031878789,0.03718655169469653,nominal,96,8,9042,0.6,0.4
Blood,dlt_only,0.875,0.33245498310218435,1.0,0.0,14.285714285714286,96,96,0.02674706031878789,0.03718655169469653,nominal,96,8,9042,0.6,0.4
Constitutional,dlt_only,0.8645833333333334,0.34396424742808945,0.9166666666666666,0.27783625115549687,6.02409638554216,96,96,0.02674706031878789,0.03718655169469653,nominal,96,8,9042,0.6,0.4
Infection,dlt_only,0.8645833333333334,0.34396424742808945,1.0,0.0,15.662650602409633,96,96,0.02674706031878789,0.03718655169469653,nominal,96,8,9042,0.6,0.4
Gastrointestinal,dlt_only,0.8645833333333334,0.3439642474280894,0.9895833333333334,0.10206207261596574,14.457831325301203,96,96,0.02674706031878789,0.03718655169469653,nominal,96,8,9042,0.6,0.4
Overall_Survival,dlt_only,10.690597206168823,1.779425762099106,11.968703834106952,0.9713428612495835,11.955427777230444,96,96,0.02674706031878789,0.03718655169469653,nominal,96,8,9042,0.6,0.4
all_constraints,dlt_only,0.6979166666666666,0.4615714956689105,0.9166666666666666,0.27783625115549687,31.343283582089555,96,96,0.02674706031878789,0.03718655169469653,nominal,96,8,9042,0.6,0.4
Any_DLT,all_constraints,0.8631578947368421,0.34550383548659225,1.0,0.0,15.853658536585364,96,95,0.04840599497159322,0.01983035457517392,nominal,96,8,9042,0.6,0.4
Blood,all_constraints,0.8736842105263158,0.33396729560733096,1.0,0.0,14.457831325301198,96,95,0.04840599497159322,0.01983035457517392,nominal,96,8,9042,0.6,0.4
Constitutional,all_constraints,0.8736842105263158,0.333967295607331,0.9578947368421052,0.2018947204943553,9.63855421686746,96,95,0.04840599497159322,0.01983035457517392,nominal,96,8,9042,0.6,0.4
Infection,all_constraints,0.8736842105263158,0.333967295607331,1.0,0.0,14.457831325301198,96,95,0.04840599497159322,0.01983035457517392,nominal,96,8,9042,0.6,0.4
Gastrointestinal,all_constraints,0.8736842105263158,0.333967295607331,0.9894736842105263,0.10259783520851541,13.25301204819276,96,95,0.04840599497159322,0.01983035457517392,nominal,96,8,9042,0.6,0.4
Overall_Survival,all_constraints,10.735931318339748,1.7322367987232548,11.834566552505866,1.1296650163787563,10.233255053423862,96,95,0.04840599497159322,0.01983035457517392,nominal,96,8,9042,0.6,0.4
all_constraints,all_constraints,0.7052631578947368,0.4583430892442982,0.9578947368421052,0.2018947204943553,35.820895522388064,96,95,0.04840599497159322,0.01983035457517392,nominal,96,8,9042,0.6,0.4
Any_DLT,dlt_only,0.8541666666666666,0.35479176002615415,1.0,0.0,17.07317073170732,96,96,0.022389858961105347,0.029806505445669842,robust_reg,96,8,9042,0.6,0.4
Blood,dlt_only,0.875,0.33245498310218435,1.0,0.0,14.285714285714286,96,96,0.022389858961105347,0.029806505445669842,robust_reg,96,8,9042,0.6,0.4
Constitutional,dlt_only,0.8645833333333334,0.34396424742808945,0.9166666666666666,0.27783625115549687,6.02409638554216,96,96,0.022389858961105347,0.029806505445669842,robust_reg,96,8,9042,0.6,0.4
Infection,dlt_only,0.8645833333333334,0.34396424742808945,1.0,0.0,15.662650602409633,96,96,0.022389858961105347,0.029806505445669842,robust_reg,96,8,9042,0.6,0.4
Gastrointestinal,dlt_only,0.8645833333333334,0.3439642474280894,1.0,0.0,15.662650602409633,96,96,0.022389858961105347,0.029806505445669842,robust_reg,96,8,9042,0.6,0.4
Overall_Survival,dlt_only,10.690597206168823,1.779425762099106,11.992224108393252,0.9740353829262507,12.175436761131996,96,96,0.022389858961105347,0.029806505445669842,robust_reg,96,8,9042,0.6,0.4
all_constraints,dlt_only,0.6979166666666666,0.4615714956689105,0.9166666666666666,0.27783625115549687,31.343283582089555,96,96,0.022389858961105347,0.029806505445669842,robust_reg,96,8,9042,0.6,0.4
Any_DLT,all_constraints,0.8631578947368421,0.34550383548659225,1.0,0.0,15.853658536585364,96,95,0.048468934992949166,0.023720733719425638,robust_reg,95,8,9042,0.6,0.4
Blood,all_constraints,0.8736842105263158,0.33396729560733096,1.0,0.0,14.457831325301198,96,95,0.048468934992949166,0.023720733719425638,robust_reg,95,8,9042,0.6,0.4
Constitutional,all_constraints,0.8736842105263158,0.333967295607331,0.9578947368421052,0.2018947204943553,9.63855421686746,96,95,0.048468934992949166,0.023720733719425638,robust_reg,95,8,9042,0.6,0.4
Infection,all_constraints,0.8736842105263158,0.333967295607331,1.0,0.0,14.457831325301198,96,95,0.048468934992949166,0.023720733719425638,robust_reg,95,8,9042,0.6,0.4
Gastrointestinal,all_constraints,0.8736842105263158,0.333967295607331,1.0,0.0,14.457831325301198,96,95,0.048468934992949166,0.023720733719425638,robust_reg,95,8,9042,0.6,0.4
Overall_Survival,all_constraints,10.735931318339748,1.7322367987232548,11.791735788226983,1.1594617289276743,9.834307230371788,96,95,0.048468934992949166,0.023720733719425638,robust_reg,95,8,9042,0.6,0.4
all_constraints,all_constraints,0.7052631578947368,0.4583430892442982,0.9578947368421052,0.2018947204943553,35.820895522388064,96,95,0.048468934992949166,0.023720733719425638,robust_reg,95,8,9042,0.6,0.4
Any_DLT,dlt_only,0.8541666666666666,0.35479176002615415,1.0,0.0,17.07317073170732,96,96,0.027692988514900208,0.03294381994863456,cp,96,8,9042,0.6,0.4
Blood,dlt_only,0.875,0.33245498310218435,1.0,0.0,14.285714285714286,96,96,0.027692988514900208,0.03294381994863456,cp,96,8,9042,0.6,0.4
Constitutional,dlt_only,0.8645833333333334,0.34396424742808945,0.9166666666666666,0.27783625115549687,6.02409638554216,96,96,0.027692988514900208,0.03294381994863456,cp,96,8,9042,0.6,0.4
Infection,dlt_only,0.8645833333333334,0.34396424742808945,1.0,0.0,15.662650602409633,96,96,0.027692988514900208,0.03294381994863456,cp,96,8,9042,0.6,0.4
Gastrointestinal,dlt_only,0.8645833333333334,0.3439642474280894,0.9895833333333334,0.10206207261596574,14.457831325301203,96,96,0.027692988514900208,0.03294381994863456,cp,96,8,9042,0.6,0.4
Overall_Survival,dlt_only,10.690597206168823,1.779425762099106,11.969600591669106,0.9704426992786718,11.963816060362436,96,96,0.027692988514900208,0.03294381994863456,cp,96,8,9042,0.6,0.4
all_constraints,dlt_only,0.6979166666666666,0.4615714956689105,0.9166666666666666,0.27783625115549687,31.343283582089555,96,96,0.027692988514900208,0.03294381994863456,cp,96,8,9042,0.6,0.4
Any_DLT,all_constraints,0.8631578947368421,0.34550383548659225,1.0,0.0,15.853658536585364,96,95,0.11187772701183955,0.03398371738407046,cp,96,8,9042,0.6,0.4
Blood,all_constraints,0.8736842105263158,0.33396729560733096,1.0,0.0,14.457831325301198,96,95,0.11187772701183955,0.03398371738407046,cp,96,8,9042,0.6,0.4
Constitutional,all_constraints,0.8736842105263158,0.333967295607331,0.9473684210526315,0.22448148540588725,8.433734939759024,96,95,0.11187772701183955,0.03398371738407046,cp,96,8,9042,0.6,0.4
Infection,all_constraints,0.8736842105263158,0.333967295607331,1.0,0.0,14.457831325301198,96,95,0.11187772701183955,0.03398371738407046,cp,96,8,9042,0.6,0.4
Gastrointestinal,all_constraints,0.8736842105263158,0.333967295607331,0.9894736842105263,0.10259783520851541,13.25301204819276,96,95,0.11187772701183955,0.03398371738407046,cp,96,8,9042,0.6,0.4
Overall_Survival,all_constraints,10.735931318339748,1.7322367987232548,11.474147975693418,1.4121857870779042,6.876130588620706,96,95,0.11187772701183955,0.03398371738407046,cp,96,8,9042,0.6,0.4
all_constraints,all_constraints,0.7052631578947368,0.4583430892442982,0.9473684210526315,0.22448148540588725,34.32835820895522,96,95,0.11187772701183955,0.03398371738407046,cp,96,8,9042,0.6,0.4
Any_DLT,dlt_only,0.8541666666666666,0.35479176002615415,1.0,0.0,17.07317073170732,96,96,0.009182040890057882,0.0005256833929403897,nominal,96,9,10042,0.6,0.4
Blood,dlt_only,0.875,0.33245498310218435,1.0,0.0,14.285714285714286,96,96,0.009182040890057882,0.0005256833929403897,nominal,96,9,10042,0.6,0.4
Constitutional,dlt_only,0.8645833333333334,0.34396424742808945,0.9270833333333334,0.2613645031536837,7.228915662650602,96,96,0.009182040890057882,0.0005256833929403897,nominal,96,9,10042,0.6,0.4
Infection,dlt_only,0.8645833333333334,0.34396424742808945,1.0,0.0,15.662650602409633,96,96,0.009182040890057882,0.0005256833929403897,nominal,96,9,10042,0.6,0.4
Gastrointestinal,dlt_only,0.8645833333333334,0.3439642474280894,1.0,0.0,15.662650602409633,96,96,0.009182040890057882,0.0005256833929403897,nominal,96,9,10042,0.6,0.4
Overall_Survival,dlt_only,10.690597206168823,1.779425762099106,11.965757672067907,0.966145243880852,11.92786933515066,96,96,0.009182040890057882,0.0005256833929403897,nominal,96,9,10042,0.6,0.4
all_constraints,dlt_only,0.6979166666666666,0.4615714956689105,0.9270833333333334,0.2613645031536837,32.8358208955224,96,96,0.009182040890057882,0.0005256833929403897,nominal,96,9,10042,0.6,0.4
Any_DLT,all_constraints,0.8541666666666666,0.35479176002615415,1.0,0.0,17.07317073170732,96,96,0.03594095508257548,0.005123923905549063,nominal,96,9,10042,0.6,0.4
Blood,all_constraints,0.875,0.33245498310218435,1.0,0.0,14.285714285714286,96,96,0.03594095508257548,0.005123923905549063,nominal,96,9,10042,0.6,0.4
Constitutional,all_constraints,0.8645833333333334,0.34396424742808945,0.9791666666666666,0.143575886163796,13.253012048192762,96,96,0.03594095508257548,0.005123923905549063,nominal,96,9,10042,0.6,0.4
Infection,all_constraints,0.8645833333333334,0.34396424742808945,1.0,0.0,15.662650602409633,96,96,0.03594095508257548,0.005123923905549063,nominal,96,9,10042,0.6,0.4
Gastrointestinal,all_constraints,0.8645833333333334,0.3439642474280894,1.0,0.0,15.662650602409633,96,96,0.03594095508257548,0.005123923905549063,nominal,96,9,10042,0.6,0.4
Overall_Survival,all_constraints,10.690597206168823,1.779425762099106,11.963321583023445,0.9692726522073764,11.905082123197186,96,96,0.03594095508257548,0.005123923905549063,nominal,96,9,10042,0.6,0.4
all_constraints,all_constraints,0.6979166666666666,0.4615714956689105,0.9791666666666666,0.143575886163796,40.29850746268657,96,96,0.03594095508257548,0.005123923905549063,nominal,96,9,10042,0.6,0.4
Any_DLT,dlt_only,0.8541666666666666,0.35479176002615415,1.0,0.0,17.07317073170732,96,96,0.009336255490779877,0.0007187620711262016,robust_reg,96,9,10042,0.6,0.4
Blood,dlt_only,0.875,0.33245498310218435,1.0,0.0,14.285714285714286,96,96,0.009336255490779877,0.0007187620711262016,robust_reg,96,9,10042,0.6,0.4
Constitutional,dlt_only,0.8645833333333334,0.34396424742808945,0.9375,0.2433321316961438,8.43373493975903,96,96,0.009336255490779877,0.0007187620711262016,robust_reg,96,9,10042,0.6,0.4
Infection,dlt_only,0.8645833333333334,0.34396424742808945,1.0,0.0,15.662650602409633,96,96,0.009336255490779877,0.0007187620711262016,robust_reg,96,9,10042,0.6,0.4
Gastrointestinal,dlt_only,0.8645833333333334,0.3439642474280894,1.0,0.0,15.662650602409633,96,96,0.009336255490779877,0.0007187620711262016,robust_reg,96,9,10042,0.6,0.4
Overall_Survival,dlt_only,10.690597206168823,1.779425762099106,11.97190896868024,0.9679305697712762,11.985408652119618,96,96,0.009336255490779877,0.0007187620711262016,robust_reg,96,9,10042,0.6,0.4
all_constraints,dlt_only,0.6979166666666666,0.4615714956689105,0.9375,0.2433321316961438,34.32835820895523,96,96,0.009336255490779877,0.0007187620711262016,robust_reg,96,9,10042,0.6,0.4
Any_DLT,all_constraints,0.8541666666666666,0.35479176002615415,1.0,0.0,17.07317073170732,96,96,0.046596020460128784,0.06476022190592814,robust_reg,96,9,10042,0.6,0.4
Blood,all_constraints,0.875,0.33245498310218435,1.0,0.0,14.285714285714286,96,96,0.046596020460128784,0.06476022190592814,robust_reg,96,9,10042,0.6,0.4
Constitutional,all_constraints,0.8645833333333334,0.34396424742808945,0.96875,0.17490598978639324,12.048192771084333,96,96,0.046596020460128784,0.06476022190592814,robust_reg,96,9,10042,0.6,0.4
Infection,all_constraints,0.8645833333333334,0.34396424742808945,1.0,0.0,15.662650602409633,96,96,0.046596020460128784,0.06476022190592814,robust_reg,96,9,10042,0.6,0.4
Gastrointestinal,all_constraints,0.8645833333333334,0.3439642474280894,1.0,0.0,15.662650602409633,96,96,0.046596020460128784,0.06476022190592814,robust_reg,96,9,10042,0.6,0.4
Overall_Survival,all_constraints,10.690597206168823,1.779425762099106,11.845040662448506,1.1407170005504694,10.798680691229594,96,96,0.046596020460128784,0.06476022190592814,robust_reg,96,9,10042,0.6,0.4
all_constraints,all_constraints,0.6979166666666666,0.4615714956689105,0.96875,0.17490598978639324,38.80597014925374,96,96,0.046596020460128784,0.06476022190592814,robust_reg,96,9,10042,0.6,0.4
Any_DLT,dlt_only,0.8541666666666666,0.35479176002615415,1.0,0.0,17.07317073170732,96,96,0.014823690056800842,0.0014580450289787652,cp,96,9,10042,0.6,0.4
Blood,dlt_only,0.875,0.33245498310218435,1.0,0.0,14.285714285714286,96,96,0.014823690056800842,0.0014580450289787652,cp,96,9,10042,0.6,0.4
Constitutional,dlt_only,0.8645833333333334,0.34396424742808945,0.9270833333333334,0.2613645031536837,7.228915662650602,96,96,0.014823690056800842,0.0014580450289787652,cp,96,9,10042,0.6,0.4
Infection,dlt_only,0.8645833333333334,0.34396424742808945,1.0,0.0,15.662650602409633,96,96,0.014823690056800842,0.0014580450289787652,cp,96,9,10042,0.6,0.4
Gastrointestinal,dlt_only,0.8645833333333334,0.3439642474280894,1.0,0.0,15.662650602409633,96,96,0.014823690056800842,0.0014580450289787652,cp,96,9,10042,0.6,0.4
Overall_Survival,dlt_only,10.690597206168823,1.779425762099106,11.96349746973373,0.9713435389157725,11.906727370014481,96,96,0.014823690056800842,0.0014580450289787652,cp,96,9,10042,0.6,0.4
all_constraints,dlt_only,0.6979166666666666,0.4615714956689105,0.9270833333333334,0.2613645031536837,32.8358208955224,96,96,0.014823690056800842,0.0014580450289787652,cp,96,9,10042,0.6,0.4
Any_DLT,all_constraints,0.8541666666666666,0.35479176002615415,1.0,0.0,17.07317073170732,96,96,0.045701704919338226,0.005791258149469494,cp,96,9,10042,0.6,0.4
Blood,all_constraints,0.875,0.33245498310218435,1.0,0.0,14.285714285714286,96,96,0.045701704919338226,0.005791258149469494,cp,96,9,10042,0.6,0.4
Constitutional,all_constraints,0.8645833333333334,0.34396424742808945,0.9375,0.2433321316961438,8.43373493975903,96,96,0.045701704919338226,0.005791258149469494,cp,96,9,10042,0.6,0.4
Infection,all_constraints,0.8645833333333334,0.34396424742808945,1.0,0.0,15.662650602409633,96,96,0.045701704919338226,0.005791258149469494,cp,96,9,10042,0.6,0.4
Gastrointestinal,all_constraints,0.8645833333333334,0.3439642474280894,1.0,0.0,15.662650602409633,96,96,0.045701704919338226,0.005791258149469494,cp,96,9,10042,0.6,0.4
Overall_Survival,all_constraints,10.690597206168823,1.779425762099106,11.970263619538967,0.9777002620978335,11.970018032591621,96,96,0.045701704919338226,0.005791258149469494,cp,96,9,10042,0.6,0.4
all_constraints,all_constraints,0.6979166666666666,0.4615714956689105,0.9375,0.2433321316961438,34.32835820895523,96,96,0.045701704919338226,0.005791258149469494,cp,96,9,10042,0.6,0.4
Any_DLT,dlt_only,0.8526315789473684,0.3563533105934119,1.0,0.0,17.283950617283953,96,95,0.015232458710670471,0.001520834403036021,nominal,96,0,1042,0.6,0.5
Blood,dlt_only,0.8736842105263158,0.33396729560733096,0.9894736842105263,0.10259783520851541,13.25301204819276,96,95,0.015232458710670471,0.001520834403036021,nominal,96,0,1042,0.6,0.5
Constitutional,dlt_only,0.8736842105263158,0.333967295607331,0.968421052631579,0.1758040240472914,10.843373493975898,96,95,0.015232458710670471,0.001520834403036021,nominal,96,0,1042,0.6,0.5
Infection,dlt_only,0.8736842105263158,0.333967295607331,1.0,0.0,14.457831325301198,96,95,0.015232458710670471,0.001520834403036021,nominal,96,0,1042,0.6,0.5
Gastrointestinal,dlt_only,0.8631578947368421,0.34550383548659225,1.0,0.0,15.853658536585364,96,95,0.015232458710670471,0.001520834403036021,nominal,96,0,1042,0.6,0.5
Overall_Survival,dlt_only,10.6999871958255,1.7864730982355768,11.927724627449676,0.963252211268339,11.474195334581019,96,95,0.015232458710670471,0.001520834403036021,nominal,96,0,1042,0.6,0.5
all_constraints,dlt_only,0.7052631578947368,0.4583430892442982,0.968421052631579,0.1758040240472914,37.313432835820905,96,95,0.015232458710670471,0.001520834403036021,nominal,96,0,1042,0.6,0.5
Any_DLT,all_constraints,0.8888888888888888,0.31603030875998483,1.0,0.0,12.500000000000007,96,90,0.0607657382885615,0.014450640049610223,nominal,94,0,1042,0.6,0.5
Blood,all_constraints,0.8777777777777778,0.3293772734489573,1.0,0.0,13.924050632911394,96,90,0.0607657382885615,0.014450640049610223,nominal,94,0,1042,0.6,0.5
Constitutional,all_constraints,0.9,0.3016806854192959,0.9777777777777777,0.14823135407896973,8.64197530864197,96,90,0.0607657382885615,0.014450640049610223,nominal,94,0,1042,0.6,0.5
Infection,all_constraints,0.9111111111111111,0.2861776161146146,1.0,0.0,9.756097560975613,96,90,0.0607657382885615,0.014450640049610223,nominal,94,0,1042,0.6,0.5
Gastrointestinal,all_constraints,0.9,0.3016806854192959,1.0,0.0,11.111111111111109,96,90,0.0607657382885615,0.014450640049610223,nominal,94,0,1042,0.6,0.5
Overall_Survival,all_constraints,10.734056448961857,1.7903855880651505,11.849114674490831,1.1531915202470362,10.388041378679514,96,90,0.0607657382885615,0.014450640049610223,nominal,94,0,1042,0.6,0.5
all_constraints,all_constraints,0.7444444444444445,0.4386165972131145,0.9777777777777777,0.14823135407896973,31.343283582089544,96,90,0.0607657382885615,0.014450640049610223,nominal,94,0,1042,0.6,0.5
Any_DLT,dlt_only,0.8526315789473684,0.3563533105934119,0.9894736842105263,0.10259783520851541,16.04938271604938,96,95,0.01573500782251358,0.0033951701612232738,robust_reg,96,0,1042,0.6,0.5
Blood,dlt_only,0.8736842105263158,0.33396729560733096,0.9578947368421052,0.2018947204943553,9.63855421686746,96,95,0.01573500782251358,0.0033951701612232738,robust_reg,96,0,1042,0.6,0.5
Constitutional,dlt_only,0.8736842105263158,0.333967295607331,0.9578947368421052,0.20189472049435528,9.63855421686746,96,95,0.01573500782251358,0.0033951701612232738,robust_reg,96,0,1042,0.6,0.5
Infection,dlt_only,0.8736842105263158,0.333967295607331,0.9894736842105263,0.10259783520851541,13.25301204819276,96,95,0.01573500782251358,0.0033951701612232738,robust_reg,96,0,1042,0.6,0.5
Gastrointestinal,dlt_only,0.8631578947368421,0.34550383548659225,1.0,0.0,15.853658536585364,96,95,0.01573500782251358,0.0033951701612232738,robust_reg,96,0,1042,0.6,0.5
Overall_Survival,dlt_only,10.6999871958255,1.7864730982355768,11.8047168482402,1.076417219232626,10.324588545729295,96,95,0.01573500782251358,0.0033951701612232738,robust_reg,96,0,1042,0.6,0.5
all_constraints,dlt_only,0.7052631578947368,0.4583430892442982,0.9263157894736842,0.2626422720087394,31.34328358208956,96,95,0.01573500782251358,0.0033951701612232738,robust_reg,96,0,1042,0.6,0.5
Any_DLT,all_constraints,0.8888888888888888,0.31603030875998483,1.0,0.0,12.500000000000007,96,90,0.05801458408435186,0.014405384340883471,robust_reg,90,0,1042,0.6,0.5
Blood,all_constraints,0.8777777777777778,0.3293772734489573,1.0,0.0,13.924050632911394,96,90,0.05801458408435186,0.014405384340883471,robust_reg,90,0,1042,0.6,0.5
Constitutional,all_constraints,0.9,0.3016806854192959,1.0,0.0,11.111111111111109,96,90,0.05801458408435186,0.014405384340883471,robust_reg,90,0,1042,0.6,0.5
Infection,all_constraints,0.9111111111111111,0.2861776161146146,1.0,0.0,9.756097560975613,96,90,0.05801458408435186,0.014405384340883471,robust_reg,90,0,1042,0.6,0.5
Gastrointestinal,all_constraints,0.9,0.3016806854192959,1.0,0.0,11.111111111111109,96,90,0.05801458408435186,0.014405384340883471,robust_reg,90,0,1042,0.6,0.5
Overall_Survival,all_constraints,10.734056448961857,1.7903855880651505,11.784930084118239,1.0781454894016202,9.790088585364362,96,90,0.05801458408435186,0.014405384340883471,robust_reg,90,0,1042,0.6,0.5
all_constraints,all_constraints,0.7444444444444445,0.4386165972131145,1.0,0.0,34.32835820895522,96,90,0.05801458408435186,0.014405384340883471,robust_reg,90,0,1042,0.6,0.5
Any_DLT,dlt_only,0.8526315789473684,0.3563533105934119,1.0,0.0,17.283950617283953,96,95,0.026677000025908153,0.012548181450919682,cp,95,0,1042,0.6,0.5
Blood,dlt_only,0.8736842105263158,0.33396729560733096,0.9894736842105263,0.10259783520851541,13.25301204819276,96,95,0.026677000025908153,0.012548181450919682,cp,95,0,1042,0.6,0.5
Constitutional,dlt_only,0.8736842105263158,0.333967295607331,0.968421052631579,0.1758040240472914,10.843373493975898,96,95,0.026677000025908153,0.012548181450919682,cp,95,0,1042,0.6,0.5
Infection,dlt_only,0.8736842105263158,0.333967295607331,1.0,0.0,14.457831325301198,96,95,0.026677000025908153,0.012548181450919682,cp,95,0,1042,0.6,0.5
Gastrointestinal,dlt_only,0.8631578947368421,0.34550383548659225,1.0,0.0,15.853658536585364,96,95,0.026677000025908153,0.012548181450919682,cp,95,0,1042,0.6,0.5
Overall_Survival,dlt_only,10.6999871958255,1.7864730982355768,11.823893058927984,0.8981065379076749,10.503805682505543,96,95,0.026677000025908153,0.012548181450919682,cp,95,0,1042,0.6,0.5
all_constraints,dlt_only,0.7052631578947368,0.4583430892442982,0.968421052631579,0.1758040240472914,37.313432835820905,96,95,0.026677000025908153,0.012548181450919682,cp,95,0,1042,0.6,0.5
Any_DLT,all_constraints,0.8888888888888888,0.31603030875998483,1.0,0.0,12.500000000000007,96,90,0.11998376498619716,0.025256611809350318,cp,92,0,1042,0.6,0.5
Blood,all_constraints,0.8777777777777778,0.3293772734489573,0.9888888888888889,0.10540925533894599,12.658227848101271,96,90,0.11998376498619716,0.025256611809350318,cp,92,0,1042,0.6,0.5
Constitutional,all_constraints,0.9,0.3016806854192959,0.9777777777777777,0.14823135407896973,8.64197530864197,96,90,0.11998376498619716,0.025256611809350318,cp,92,0,1042,0.6,0.5
Infection,all_constraints,0.9111111111111111,0.2861776161146146,1.0,0.0,9.756097560975613,96,90,0.11998376498619716,0.025256611809350318,cp,92,0,1042,0.6,0.5
Gastrointestinal,all_constraints,0.9,0.3016806854192959,1.0,0.0,11.111111111111109,96,90,0.11998376498619716,0.025256611809350318,cp,92,0,1042,0.6,0.5
Overall_Survival,all_constraints,10.734056448961857,1.7903855880651505,11.712891529353177,1.2770314510090002,9.118967140199718,96,90,0.11998376498619716,0.025256611809350318,cp,92,0,1042,0.6,0.5
all_constraints,all_constraints,0.7444444444444445,0.4386165972131145,0.9666666666666667,0.18051113445691194,29.850746268656714,96,90,0.11998376498619716,0.025256611809350318,cp,92,0,1042,0.6,0.5
Any_DLT,dlt_only,0.8541666666666666,0.35479176002615415,1.0,0.0,17.07317073170732,96,96,0.01640794426202774,0.0014812180915628717,nominal,96,1,2042,0.6,0.5
Blood,dlt_only,0.875,0.33245498310218435,1.0,0.0,14.285714285714286,96,96,0.01640794426202774,0.0014812180915628717,nominal,96,1,2042,0.6,0.5
Constitutional,dlt_only,0.8645833333333334,0.34396424742808945,0.9791666666666666,0.143575886163796,13.253012048192762,96,96,0.01640794426202774,0.0014812180915628717,nominal,96,1,2042,0.6,0.5
Infection,dlt_only,0.8645833333333334,0.34396424742808945,1.0,0.0,15.662650602409633,96,96,0.01640794426202774,0.0014812180915628717,nominal,96,1,2042,0.6,0.5
Gastrointestinal,dlt_only,0.8645833333333334,0.3439642474280894,1.0,0.0,15.662650602409633,96,96,0.01640794426202774,0.0014812180915628717,nominal,96,1,2042,0.6,0.5
Overall_Survival,dlt_only,10.690597206168823,1.779425762099106,11.94812450417013,0.9642490522635561,11.762928429065427,96,96,0.01640794426202774,0.0014812180915628717,nominal,96,1,2042,0.6,0.5
all_constraints,dlt_only,0.6979166666666666,0.4615714956689105,0.9791666666666666,0.143575886163796,40.29850746268657,96,96,0.01640794426202774,0.0014812180915628717,nominal,96,1,2042,0.6,0.5
Any_DLT,all_constraints,0.9024390243902439,0.2985461106541011,1.0,0.0,10.810810810810809,96,82,0.06308420250813167,0.03065439457369921,nominal,96,1,2042,0.6,0.5
Blood,all_constraints,0.8780487804878049,0.32924319888319653,0.9878048780487805,0.11043152607484655,12.499999999999998,96,82,0.06308420250813167,0.03065439457369921,nominal,96,1,2042,0.6,0.5
Constitutional,all_constraints,0.9390243902439024,0.24075811208259257,1.0,0.0,6.4935064935065,96,82,0.06308420250813167,0.03065439457369921,nominal,96,1,2042,0.6,0.5
Infection,all_constraints,0.926829268292683,0.262019121198305,0.9878048780487805,0.11043152607484655,6.578947368421047,96,82,0.06308420250813167,0.03065439457369921,nominal,96,1,2042,0.6,0.5
Gastrointestinal,all_constraints,0.9146341463414634,0.28114490408192994,1.0,0.0,9.33333333333333,96,82,0.06308420250813167,0.03065439457369921,nominal,96,1,2042,0.6,0.5
Overall_Survival,all_constraints,10.859880837770792,1.770338366750562,11.976418870722503,1.0543811439913737,10.281310169337942,96,82,0.06308420250813167,0.03065439457369921,nominal,96,1,2042,0.6,0.5
all_constraints,all_constraints,0.7926829268292683,0.40787933576538826,0.9878048780487805,0.11043152607484655,24.61538461538461,96,82,0.06308420250813167,0.03065439457369921,nominal,96,1,2042,0.6,0.5
Any_DLT,dlt_only,0.8541666666666666,0.35479176002615415,1.0,0.0,17.07317073170732,96,96,0.016836166381835938,0.0016725985685170585,robust_reg,96,1,2042,0.6,0.5
Blood,dlt_only,0.875,0.33245498310218435,1.0,0.0,14.285714285714286,96,96,0.016836166381835938,0.0016725985685170585,robust_reg,96,1,2042,0.6,0.5
Constitutional,dlt_only,0.8645833333333334,0.34396424742808945,0.9791666666666666,0.143575886163796,13.253012048192762,96,96,0.016836166381835938,0.0016725985685170585,robust_reg,96,1,2042,0.6,0.5
Infection,dlt_only,0.8645833333333334,0.34396424742808945,1.0,0.0,15.662650602409633,96,96,0.016836166381835938,0.0016725985685170585,robust_reg,96,1,2042,0.6,0.5
Gastrointestinal,dlt_only,0.8645833333333334,0.3439642474280894,1.0,0.0,15.662650602409633,96,96,0.016836166381835938,0.0016725985685170585,robust_reg,96,1,2042,0.6,0.5
Overall_Survival,dlt_only,10.690597206168823,1.779425762099106,11.94812450417013,0.9642490522635561,11.762928429065427,96,96,0.016836166381835938,0.0016725985685170585,robust_reg,96,1,2042,0.6,0.5
all_constraints,dlt_only,0.6979166666666666,0.4615714956689105,0.9791666666666666,0.143575886163796,40.29850746268657,96,96,0.016836166381835938,0.0016725985685170585,robust_reg,96,1,2042,0.6,0.5
Any_DLT,all_constraints,0.9024390243902439,0.2985461106541011,1.0,0.0,10.810810810810809,96,82,0.08267379303773244,0.07509082056448252,robust_reg,96,1,2042,0.6,0.5
Blood,all_constraints,0.8780487804878049,0.32924319888319653,1.0,0.0,13.88888888888889,96,82,0.08267379303773244,0.07509082056448252,robust_reg,96,1,2042,0.6,0.5
Constitutional,all_constraints,0.9390243902439024,0.24075811208259257,1.0,0.0,6.4935064935065,96,82,0.08267379303773244,0.07509082056448252,robust_reg,96,1,2042,0.6,0.5
Infection,all_constraints,0.926829268292683,0.262019121198305,1.0,0.0,7.894736842105258,96,82,0.08267379303773244,0.07509082056448252,robust_reg,96,1,2042,0.6,0.5
Gastrointestinal,all_constraints,0.9146341463414634,0.28114490408192994,1.0,0.0,9.33333333333333,96,82,0.08267379303773244,0.07509082056448252,robust_reg,96,1,2042,0.6,0.5
Overall_Survival,all_constraints,10.859880837770792,1.770338366750562,11.8475257269546,1.1893954353737488,9.094435785600597,96,82,0.08267379303773244,0.07509082056448252,robust_reg,96,1,2042,0.6,0.5
all_constraints,all_constraints,0.7926829268292683,0.40787933576538826,1.0,0.0,26.153846153846146,96,82,0.08267379303773244,0.07509082056448252,robust_reg,96,1,2042,0.6,0.5
Any_DLT,dlt_only,0.8541666666666666,0.35479176002615415,1.0,0.0,17.07317073170732,96,96,0.15068788826465607,0.13109085643553348,cp,96,1,2042,0.6,0.5
Blood,dlt_only,0.875,0.33245498310218435,1.0,0.0,14.285714285714286,96,96,0.15068788826465607,0.13109085643553348,cp,96,1,2042,0.6,0.5
Constitutional,dlt_only,0.8645833333333334,0.34396424742808945,0.96875,0.17490598978639324,12.048192771084333,96,96,0.15068788826465607,0.13109085643553348,cp,96,1,2042,0.6,0.5
Infection,dlt_only,0.8645833333333334,0.34396424742808945,1.0,0.0,15.662650602409633,96,96,0.15068788826465607,0.13109085643553348,cp,96,1,2042,0.6,0.5
Gastrointestinal,dlt_only,0.8645833333333334,0.3439642474280894,1.0,0.0,15.662650602409633,96,96,0.15068788826465607,0.13109085643553348,cp,96,1,2042,0.6,0.5
Overall_Survival,dlt_only,10.690597206168823,1.779425762099106,11.802472692118968,1.1938678931782036,10.400499284628898,96,96,0.15068788826465607,0.13109085643553348,cp,96,1,2042,0.6,0.5
all_constraints,dlt_only,0.6979166666666666,0.4615714956689105,0.96875,0.17490598978639324,38.80597014925374,96,96,0.15068788826465607,0.13109085643553348,cp,96,1,2042,0.6,0.5
Any_DLT,all_constraints,0.9024390243902439,0.2985461106541011,1.0,0.0,10.810810810810809,96,82,1.2640615279475849,0.7451841716391256,cp,82,1,2042,0.6,0.5
Blood,all_constraints,0.8780487804878049,0.32924319888319653,0.8780487804878049,0.32924319888319653,0.0,96,82,1.2640615279475849,0.7451841716391256,cp,82,1,2042,0.6,0.5
Constitutional,all_constraints,0.9390243902439024,0.24075811208259257,1.0,0.0,6.4935064935065,96,82,1.2640615279475849,0.7451841716391256,cp,82,1,2042,0.6,0.5
Infection,all_constraints,0.926829268292683,0.262019121198305,0.9512195121951219,0.21673440675482067,2.6315789473684115,96,82,1.2640615279475849,0.7451841716391256,cp,82,1,2042,0.6,0.5
Gastrointestinal,all_constraints,0.9146341463414634,0.28114490408192994,1.0,0.0,9.33333333333333,96,82,1.2640615279475849,0.7451841716391256,cp,82,1,2042,0.6,0.5
Overall_Survival,all_constraints,10.859880837770792,1.770338366750562,10.826513755983193,0.9737826672502983,-0.30725090160794366,96,82,1.2640615279475849,0.7451841716391256,cp,82,1,2042,0.6,0.5
all_constraints,all_constraints,0.7926829268292683,0.40787933576538826,0.8780487804878049,0.32924319888319653,10.769230769230765,96,82,1.2640615279475849,0.7451841716391256,cp,82,1,2042,0.6,0.5
Any_DLT,dlt_only,0.8526315789473684,0.35635331059341196,1.0,0.0,17.283950617283953,96,95,0.03443912168343862,0.03876567257193591,nominal,96,2,3042,0.6,0.5
Blood,dlt_only,0.8842105263157894,0.3216697756533383,1.0,0.0,13.095238095238098,96,95,0.03443912168343862,0.03876567257193591,nominal,96,2,3042,0.6,0.5
Constitutional,dlt_only,0.8631578947368421,0.34550383548659225,0.9578947368421052,0.20189472049435528,10.975609756097557,96,95,0.03443912168343862,0.03876567257193591,nominal,96,2,3042,0.6,0.5
Infection,dlt_only,0.8631578947368421,0.34550383548659225,1.0,0.0,15.853658536585364,96,95,0.03443912168343862,0.03876567257193591,nominal,96,2,3042,0.6,0.5
Gastrointestinal,dlt_only,0.8631578947368421,0.34550383548659225,1.0,0.0,15.853658536585364,96,95,0.03443912168343862,0.03876567257193591,nominal,96,2,3042,0.6,0.5
Overall_Survival,dlt_only,10.690800269590603,1.7888646346012345,10.974129817445325,1.025749235214682,2.6502183251953286,96,95,0.03443912168343862,0.03876567257193591,nominal,96,2,3042,0.6,0.5
all_constraints,dlt_only,0.7052631578947368,0.4583430892442981,0.9578947368421052,0.20189472049435528,35.820895522388064,96,95,0.03443912168343862,0.03876567257193591,nominal,96,2,3042,0.6,0.5
Any_DLT,all_constraints,0.8850574712643678,0.3208015889133736,1.0,0.0,12.987012987012983,96,87,0.08283160130182902,0.04573314636926512,nominal,95,2,3042,0.6,0.5
Blood,all_constraints,0.8850574712643678,0.3208015889133736,1.0,0.0,12.987012987012983,96,87,0.08283160130182902,0.04573314636926512,nominal,95,2,3042,0.6,0.5
Constitutional,all_constraints,0.8850574712643678,0.3208015889133736,0.9770114942528736,0.15073552182801675,10.389610389610388,96,87,0.08283160130182902,0.04573314636926512,nominal,95,2,3042,0.6,0.5
Infection,all_constraints,0.9080459770114943,0.2906361870283388,1.0,0.0,10.126582278481012,96,87,0.08283160130182902,0.04573314636926512,nominal,95,2,3042,0.6,0.5
Gastrointestinal,all_constraints,0.8735632183908046,0.33426760276653933,1.0,0.0,14.47368421052631,96,87,0.08283160130182902,0.04573314636926512,nominal,95,2,3042,0.6,0.5
Overall_Survival,all_constraints,10.665487159322243,1.8356464523648337,10.966796515427145,1.0622997604387052,2.8250876083193286,96,87,0.08283160130182902,0.04573314636926512,nominal,95,2,3042,0.6,0.5
all_constraints,all_constraints,0.735632183908046,0.44355252212380036,0.9770114942528736,0.15073552182801675,32.81250000000001,96,87,0.08283160130182902,0.04573314636926512,nominal,95,2,3042,0.6,0.5
Any_DLT,dlt_only,0.8526315789473684,0.35635331059341196,1.0,0.0,17.283950617283953,96,95,0.06097747137149175,0.05196010591976228,robust_reg,96,2,3042,0.6,0.5
Blood,dlt_only,0.8842105263157894,0.3216697756533383,1.0,0.0,13.095238095238098,96,95,0.06097747137149175,0.05196010591976228,robust_reg,96,2,3042,0.6,0.5
Constitutional,dlt_only,0.8631578947368421,0.34550383548659225,0.9578947368421052,0.20189472049435528,10.975609756097557,96,95,0.06097747137149175,0.05196010591976228,robust_reg,96,2,3042,0.6,0.5
Infection,dlt_only,0.8631578947368421,0.34550383548659225,1.0,0.0,15.853658536585364,96,95,0.06097747137149175,0.05196010591976228,robust_reg,96,2,3042,0.6,0.5
Gastrointestinal,dlt_only,0.8631578947368421,0.34550383548659225,1.0,0.0,15.853658536585364,96,95,0.06097747137149175,0.05196010591976228,robust_reg,96,2,3042,0.6,0.5
Overall_Survival,dlt_only,10.690800269590603,1.7888646346012345,10.984289763722643,1.0286168138361769,2.7452528036357973,96,95,0.06097747137149175,0.05196010591976228,robust_reg,96,2,3042,0.6,0.5
all_constraints,dlt_only,0.7052631578947368,0.4583430892442981,0.9578947368421052,0.20189472049435528,35.820895522388064,96,95,0.06097747137149175,0.05196010591976228,robust_reg,96,2,3042,0.6,0.5
Any_DLT,all_constraints,0.8850574712643678,0.3208015889133736,1.0,0.0,12.987012987012983,96,87,0.08299981554349263,0.04878797310881815,robust_reg,94,2,3042,0.6,0.5
Blood,all_constraints,0.8850574712643678,0.3208015889133736,1.0,0.0,12.987012987012983,96,87,0.08299981554349263,0.04878797310881815,robust_reg,94,2,3042,0.6,0.5
Constitutional,all_constraints,0.8850574712643678,0.3208015889133736,0.9655172413793104,0.18352338815966718,9.090909090909093,96,87,0.08299981554349263,0.04878797310881815,robust_reg,94,2,3042,0.6,0.5
Infection,all_constraints,0.9080459770114943,0.2906361870283388,1.0,0.0,10.126582278481012,96,87,0.08299981554349263,0.04878797310881815,robust_reg,94,2,3042,0.6,0.5
Gastrointestinal,all_constraints,0.8735632183908046,0.33426760276653933,1.0,0.0,14.47368421052631,96,87,0.08299981554349263,0.04878797310881815,robust_reg,94,2,3042,0.6,0.5
Overall_Survival,all_constraints,10.665487159322243,1.8356464523648337,10.94599334246535,1.050068620353592,2.6300362932595016,96,87,0.08299981554349263,0.04878797310881815,robust_reg,94,2,3042,0.6,0.5
all_constraints,all_constraints,0.735632183908046,0.44355252212380036,0.9655172413793104,0.18352338815966718,31.250000000000007,96,87,0.08299981554349263,0.04878797310881815,robust_reg,94,2,3042,0.6,0.5
Any_DLT,dlt_only,0.8526315789473684,0.35635331059341196,1.0,0.0,17.283950617283953,96,95,0.12120440105597179,0.07741984373333208,cp,95,2,3042,0.6,0.5
Blood,dlt_only,0.8842105263157894,0.3216697756533383,1.0,0.0,13.095238095238098,96,95,0.12120440105597179,0.07741984373333208,cp,95,2,3042,0.6,0.5
Constitutional,dlt_only,0.8631578947368421,0.34550383548659225,0.9578947368421052,0.20189472049435528,10.975609756097557,96,95,0.12120440105597179,0.07741984373333208,cp,95,2,3042,0.6,0.5
Infection,dlt_only,0.8631578947368421,0.34550383548659225,1.0,0.0,15.853658536585364,96,95,0.12120440105597179,0.07741984373333208,cp,95,2,3042,0.6,0.5
Gastrointestinal,dlt_only,0.8631578947368421,0.34550383548659225,1.0,0.0,15.853658536585364,96,95,0.12120440105597179,0.07741984373333208,cp,95,2,3042,0.6,0.5
Overall_Survival,dlt_only,10.690800269590603,1.7888646346012345,10.944298329308133,1.0070657130306133,2.371179456402254,96,95,0.12120440105597179,0.07741984373333208,cp,95,2,3042,0.6,0.5
all_constraints,dlt_only,0.7052631578947368,0.4583430892442981,0.9578947368421052,0.20189472049435528,35.820895522388064,96,95,0.12120440105597179,0.07741984373333208,cp,95,2,3042,0.6,0.5
Any_DLT,all_constraints,0.8850574712643678,0.3208015889133736,1.0,0.0,12.987012987012983,96,87,0.9164127881328265,0.5563470090031042,cp,87,2,3042,0.6,0.5
Blood,all_constraints,0.8850574712643678,0.3208015889133736,1.0,0.0,12.987012987012983,96,87,0.9164127881328265,0.5563470090031042,cp,87,2,3042,0.6,0.5
Constitutional,all_constraints,0.8850574712643678,0.3208015889133736,0.9540229885057471,0.21064938228269575,7.792207792207782,96,87,0.9164127881328265,0.5563470090031042,cp,87,2,3042,0.6,0.5
Infection,all_constraints,0.9080459770114943,0.2906361870283388,1.0,0.0,10.126582278481012,96,87,0.9164127881328265,0.5563470090031042,cp,87,2,3042,0.6,0.5
Gastrointestinal,all_constraints,0.8735632183908046,0.33426760276653933,1.0,0.0,14.47368421052631,96,87,0.9164127881328265,0.5563470090031042,cp,87,2,3042,0.6,0.5
Overall_Survival,all_constraints,10.665487159322243,1.8356464523648337,10.482275351481524,1.3553651858369442,-1.7178006508646089,96,87,0.9164127881328265,0.5563470090031042,cp,87,2,3042,0.6,0.5
all_constraints,all_constraints,0.735632183908046,0.44355252212380036,0.9540229885057471,0.21064938228269575,29.687499999999993,96,87,0.9164127881328265,0.5563470090031042,cp,87,2,3042,0.6,0.5
Any_DLT,dlt_only,0.851063829787234,0.35793454103634004,0.925531914893617,0.26393880449618323,8.749999999999993,96,94,0.015667957564194996,0.009814303497071894,nominal,96,3,4042,0.6,0.5
Blood,dlt_only,0.8723404255319149,0.3354997092507591,0.6702127659574468,0.47265659343666083,-23.170731707317074,96,94,0.015667957564194996,0.009814303497071894,nominal,96,3,4042,0.6,0.5
Constitutional,dlt_only,0.8829787234042553,0.32316921825641187,0.9468085106382979,0.22561844642593043,7.2289156626506,96,94,0.015667957564194996,0.009814303497071894,nominal,96,3,4042,0.6,0.5
Infection,dlt_only,0.8723404255319149,0.3354997092507591,0.9148936170212766,0.2805361406225206,4.8780487804877986,96,94,0.015667957564194996,0.009814303497071894,nominal,96,3,4042,0.6,0.5
Gastrointestinal,dlt_only,0.8617021276595744,0.3470633740209737,1.0,0.0,16.049382716049386,96,94,0.015667957564194996,0.009814303497071894,nominal,96,3,4042,0.6,0.5
Overall_Survival,dlt_only,10.703259509290463,1.7957658489370125,12.291741926414327,1.0574182660316056,14.841109063505893,96,94,0.015667957564194996,0.009814303497071894,nominal,96,3,4042,0.6,0.5
all_constraints,dlt_only,0.7127659574468085,0.45489784805160016,0.6063829787234043,0.4911711942619928,-14.925373134328348,96,94,0.015667957564194996,0.009814303497071894,nominal,96,3,4042,0.6,0.5
Any_DLT,all_constraints,0.8526315789473684,0.35635331059341196,0.9473684210526315,0.22448148540588725,11.111111111111105,96,95,0.048722051084041595,0.02129153777565911,nominal,96,3,4042,0.6,0.5
Blood,all_constraints,0.8736842105263158,0.33396729560733096,0.6526315789473685,0.4786599435354422,-25.30120481927711,96,95,0.048722051084041595,0.02129153777565911,nominal,96,3,4042,0.6,0.5
Constitutional,all_constraints,0.8631578947368421,0.34550383548659225,0.9368421052631579,0.24453717969020553,8.536585365853659,96,95,0.048722051084041595,0.02129153777565911,nominal,96,3,4042,0.6,0.5
Infection,all_constraints,0.8631578947368421,0.34550383548659225,0.9157894736842105,0.27917652063748477,6.097560975609749,96,95,0.048722051084041595,0.02129153777565911,nominal,96,3,4042,0.6,0.5
Gastrointestinal,all_constraints,0.8631578947368421,0.34550383548659225,1.0,0.0,15.853658536585364,96,95,0.048722051084041595,0.02129153777565911,nominal,96,3,4042,0.6,0.5
Overall_Survival,all_constraints,10.692540032347143,1.7887633906221623,12.225835647847745,1.2800221210990426,14.339863221106176,96,95,0.048722051084041595,0.02129153777565911,nominal,96,3,4042,0.6,0.5
all_constraints,all_constraints,0.6947368421052632,0.46296188461572396,0.5684210526315789,0.49792402178140127,-18.181818181818187,96,95,0.048722051084041595,0.02129153777565911,nominal,96,3,4042,0.6,0.5
Any_DLT,dlt_only,0.851063829787234,0.35793454103634004,0.6595744680851063,0.47639306734033093,-22.500000000000007,96,94,0.014492625991503397,0.020380427102515086,robust_reg,96,3,4042,0.6,0.5
Blood,dlt_only,0.8723404255319149,0.3354997092507591,0.24468085106382978,0.43220291462960037,-71.95121951219514,96,94,0.014492625991503397,0.020380427102515086,robust_reg,96,3,4042,0.6,0.5
Constitutional,dlt_only,0.8829787234042553,0.32316921825641187,0.9361702127659575,0.24576020475855118,6.024096385542172,96,94,0.014492625991503397,0.020380427102515086,robust_reg,96,3,4042,0.6,0.5
Infection,dlt_only,0.8723404255319149,0.3354997092507591,0.5212765957446809,0.502225657293811,-40.24390243902439,96,94,0.014492625991503397,0.020380427102515086,robust_reg,96,3,4042,0.6,0.5
Gastrointestinal,dlt_only,0.8617021276595744,0.3470633740209737,1.0,0.0,16.049382716049386,96,94,0.014492625991503397,0.020380427102515086,robust_reg,96,3,4042,0.6,0.5
Overall_Survival,dlt_only,10.703259509290463,1.7957658489370125,12.424397588724945,1.0208213136205098,16.08050405524157,96,94,0.014492625991503397,0.020380427102515086,robust_reg,96,3,4042,0.6,0.5
all_constraints,dlt_only,0.7127659574468085,0.45489784805160016,0.19148936170212766,0.3955830254107684,-73.13432835820895,96,94,0.014492625991503397,0.020380427102515086,robust_reg,96,3,4042,0.6,0.5
Any_DLT,all_constraints,0.8526315789473684,0.35635331059341196,0.8210526315789474,0.38534172091962604,-3.7037037037037024,96,95,0.04551628232002258,0.022760342457697716,robust_reg,96,3,4042,0.6,0.5
Blood,all_constraints,0.8736842105263158,0.33396729560733096,0.4105263157894737,0.4945390469729999,-53.01204819277108,96,95,0.04551628232002258,0.022760342457697716,robust_reg,96,3,4042,0.6,0.5
Constitutional,all_constraints,0.8631578947368421,0.34550383548659225,0.9263157894736842,0.26264227200873946,7.317073170731704,96,95,0.04551628232002258,0.022760342457697716,robust_reg,96,3,4042,0.6,0.5
Infection,all_constraints,0.8631578947368421,0.34550383548659225,0.7368421052631579,0.44268345916331386,-14.63414634146342,96,95,0.04551628232002258,0.022760342457697716,robust_reg,96,3,4042,0.6,0.5
Gastrointestinal,all_constraints,0.8631578947368421,0.34550383548659225,0.9894736842105263,0.10259783520851541,14.634146341463408,96,95,0.04551628232002258,0.022760342457697716,robust_reg,96,3,4042,0.6,0.5
Overall_Survival,all_constraints,10.692540032347143,1.7887633906221623,12.312632689859344,1.2535815654559341,15.151616478508249,96,95,0.04551628232002258,0.022760342457697716,robust_reg,96,3,4042,0.6,0.5
all_constraints,all_constraints,0.6947368421052632,0.46296188461572396,0.3368421052631579,0.47513774745788245,-51.51515151515152,96,95,0.04551628232002258,0.022760342457697716,robust_reg,96,3,4042,0.6,0.5
Any_DLT,dlt_only,0.851063829787234,0.35793454103634004,0.9787234042553191,0.14507865158346242,14.999999999999995,96,94,0.1709032009045283,0.08429360898385022,cp,94,3,4042,0.6,0.5
Blood,dlt_only,0.8723404255319149,0.3354997092507591,0.8617021276595744,0.34706337402097365,-1.2195121951219592,96,94,0.1709032009045283,0.08429360898385022,cp,94,3,4042,0.6,0.5
Constitutional,dlt_only,0.8829787234042553,0.32316921825641187,0.9361702127659575,0.24576020475855118,6.024096385542172,96,94,0.1709032009045283,0.08429360898385022,cp,94,3,4042,0.6,0.5
Infection,dlt_only,0.8723404255319149,0.3354997092507591,0.9574468085106383,0.2029298102618999,9.756097560975611,96,94,0.1709032009045283,0.08429360898385022,cp,94,3,4042,0.6,0.5
Gastrointestinal,dlt_only,0.8617021276595744,0.3470633740209737,0.9893617021276596,0.10314212462587934,14.814814814814824,96,94,0.1709032009045283,0.08429360898385022,cp,94,3,4042,0.6,0.5
Overall_Survival,dlt_only,10.703259509290463,1.7957658489370125,11.877056217507384,1.3228839341988912,10.966721933613416,96,94,0.1709032009045283,0.08429360898385022,cp,94,3,4042,0.6,0.5
all_constraints,dlt_only,0.7127659574468085,0.45489784805160016,0.776595744680851,0.41876046786207405,8.955223880597012,96,94,0.1709032009045283,0.08429360898385022,cp,94,3,4042,0.6,0.5
Any_DLT,all_constraints,0.8526315789473684,0.35635331059341196,1.0,0.0,17.283950617283953,96,95,0.11032388110955556,0.07318829640415457,cp,95,3,4042,0.6,0.5
Blood,all_constraints,0.8736842105263158,0.33396729560733096,0.6947368421052632,0.4629618846157239,-20.481927710843372,96,95,0.11032388110955556,0.07318829640415457,cp,95,3,4042,0.6,0.5
Constitutional,all_constraints,0.8631578947368421,0.34550383548659225,0.968421052631579,0.1758040240472914,12.19512195121951,96,95,0.11032388110955556,0.07318829640415457,cp,95,3,4042,0.6,0.5
Infection,all_constraints,0.8631578947368421,0.34550383548659225,0.9578947368421052,0.20189472049435525,10.975609756097557,96,95,0.11032388110955556,0.07318829640415457,cp,95,3,4042,0.6,0.5
Gastrointestinal,all_constraints,0.8631578947368421,0.34550383548659225,0.9894736842105263,0.10259783520851541,14.634146341463408,96,95,0.11032388110955556,0.07318829640415457,cp,95,3,4042,0.6,0.5
Overall_Survival,all_constraints,10.692540032347143,1.7887633906221623,12.05403245683978,1.4715915031099918,12.733105701487588,96,95,0.11032388110955556,0.07318829640415457,cp,95,3,4042,0.6,0.5
all_constraints,all_constraints,0.6947368421052632,0.46296188461572396,0.6421052631578947,0.4819241017687551,-7.575757575757583,96,95,0.11032388110955556,0.07318829640415457,cp,95,3,4042,0.6,0.5
Any_DLT,dlt_only,0.8541666666666666,0.35479176002615415,1.0,0.0,17.07317073170732,96,96,0.011704854667186737,0.0018548465822234067,nominal,96,4,5042,0.6,0.5
Blood,dlt_only,0.875,0.33245498310218435,1.0,0.0,14.285714285714286,96,96,0.011704854667186737,0.0018548465822234067,nominal,96,4,5042,0.6,0.5
Constitutional,dlt_only,0.8645833333333334,0.34396424742808945,0.9166666666666666,0.27783625115549687,6.02409638554216,96,96,0.011704854667186737,0.0018548465822234067,nominal,96,4,5042,0.6,0.5
Infection,dlt_only,0.8645833333333334,0.34396424742808945,1.0,0.0,15.662650602409633,96,96,0.011704854667186737,0.0018548465822234067,nominal,96,4,5042,0.6,0.5
Gastrointestinal,dlt_only,0.8645833333333334,0.3439642474280894,1.0,0.0,15.662650602409633,96,96,0.011704854667186737,0.0018548465822234067,nominal,96,4,5042,0.6,0.5
Overall_Survival,dlt_only,10.690597206168823,1.779425762099106,10.991495814130841,1.0167800073389321,2.8146099058749527,96,96,0.011704854667186737,0.0018548465822234067,nominal,96,4,5042,0.6,0.5
all_constraints,dlt_only,0.6979166666666666,0.4615714956689105,0.9166666666666666,0.27783625115549687,31.343283582089555,96,96,0.011704854667186737,0.0018548465822234067,nominal,96,4,5042,0.6,0.5
Any_DLT,all_constraints,0.8837209302325582,0.32243940246603525,1.0,0.0,13.157894736842104,96,86,0.0886474500099818,0.12940849702270987,nominal,96,4,5042,0.6,0.5
Blood,all_constraints,0.872093023255814,0.33594508052243144,1.0,0.0,14.666666666666668,96,86,0.0886474500099818,0.12940849702270987,nominal,96,4,5042,0.6,0.5
Constitutional,all_constraints,0.9069767441860465,0.29216864496359496,0.9534883720930233,0.2118254966704237,5.1282051282051375,96,86,0.0886474500099818,0.12940849702270987,nominal,96,4,5042,0.6,0.5
Infection,all_constraints,0.9069767441860465,0.29216864496359496,1.0,0.0,10.256410256410263,96,86,0.0886474500099818,0.12940849702270987,nominal,96,4,5042,0.6,0.5
Gastrointestinal,all_constraints,0.8837209302325582,0.32243940246603525,1.0,0.0,13.157894736842104,96,86,0.0886474500099818,0.12940849702270987,nominal,96,4,5042,0.6,0.5
Overall_Survival,all_constraints,10.687127414823376,1.857972445205934,10.945017480988882,1.1005425673355953,2.413090591657072,96,86,0.0886474500099818,0.12940849702270987,nominal,96,4,5042,0.6,0.5
all_constraints,all_constraints,0.7441860465116279,0.4388768154016879,0.9534883720930233,0.2118254966704237,28.125000000000007,96,86,0.0886474500099818,0.12940849702270987,nominal,96,4,5042,0.6,0.5
Any_DLT,dlt_only,0.8541666666666666,0.35479176002615415,1.0,0.0,17.07317073170732,96,96,0.0109948068857193,0.0004650410650745885,robust_reg,96,4,5042,0.6,0.5
Blood,dlt_only,0.875,0.33245498310218435,1.0,0.0,14.285714285714286,96,96,0.0109948068857193,0.0004650410650745885,robust_reg,96,4,5042,0.6,0.5
Constitutional,dlt_only,0.8645833333333334,0.34396424742808945,0.90625,0.2930106877878258,4.81927710843373,96,96,0.0109948068857193,0.0004650410650745885,robust_reg,96,4,5042,0.6,0.5
Infection,dlt_only,0.8645833333333334,0.34396424742808945,1.0,0.0,15.662650602409633,96,96,0.0109948068857193,0.0004650410650745885,robust_reg,96,4,5042,0.6,0.5
Gastrointestinal,dlt_only,0.8645833333333334,0.3439642474280894,1.0,0.0,15.662650602409633,96,96,0.0109948068857193,0.0004650410650745885,robust_reg,96,4,5042,0.6,0.5
Overall_Survival,dlt_only,10.690597206168823,1.779425762099106,10.998024342438649,1.0133304840149577,2.8756778535480763,96,96,0.0109948068857193,0.0004650410650745885,robust_reg,96,4,5042,0.6,0.5
all_constraints,dlt_only,0.6979166666666666,0.4615714956689105,0.90625,0.2930106877878258,29.85074626865672,96,96,0.0109948068857193,0.0004650410650745885,robust_reg,96,4,5042,0.6,0.5
Any_DLT,all_constraints,0.8837209302325582,0.32243940246603525,1.0,0.0,13.157894736842104,96,86,0.05119222650925318,0.06879264716064667,robust_reg,96,4,5042,0.6,0.5
Blood,all_constraints,0.872093023255814,0.33594508052243144,1.0,0.0,14.666666666666668,96,86,0.05119222650925318,0.06879264716064667,robust_reg,96,4,5042,0.6,0.5
Constitutional,all_constraints,0.9069767441860465,0.29216864496359496,0.9534883720930233,0.2118254966704237,5.1282051282051375,96,86,0.05119222650925318,0.06879264716064667,robust_reg,96,4,5042,0.6,0.5
Infection,all_constraints,0.9069767441860465,0.29216864496359496,1.0,0.0,10.256410256410263,96,86,0.05119222650925318,0.06879264716064667,robust_reg,96,4,5042,0.6,0.5
Gastrointestinal,all_constraints,0.8837209302325582,0.32243940246603525,1.0,0.0,13.157894736842104,96,86,0.05119222650925318,0.06879264716064667,robust_reg,96,4,5042,0.6,0.5
Overall_Survival,all_constraints,10.687127414823376,1.857972445205934,10.99471056874703,1.0670748123859186,2.8780713655292085,96,86,0.05119222650925318,0.06879264716064667,robust_reg,96,4,5042,0.6,0.5
all_constraints,all_constraints,0.7441860465116279,0.4388768154016879,0.9534883720930233,0.2118254966704237,28.125000000000007,96,86,0.05119222650925318,0.06879264716064667,robust_reg,96,4,5042,0.6,0.5
Any_DLT,dlt_only,0.8541666666666666,0.35479176002615415,1.0,0.0,17.07317073170732,96,96,0.014949550231297811,0.016075520999827148,cp,96,4,5042,0.6,0.5
Blood,dlt_only,0.875,0.33245498310218435,1.0,0.0,14.285714285714286,96,96,0.014949550231297811,0.016075520999827148,cp,96,4,5042,0.6,0.5
Constitutional,dlt_only,0.8645833333333334,0.34396424742808945,0.9166666666666666,0.27783625115549687,6.02409638554216,96,96,0.014949550231297811,0.016075520999827148,cp,96,4,5042,0.6,0.5
Infection,dlt_only,0.8645833333333334,0.34396424742808945,1.0,0.0,15.662650602409633,96,96,0.014949550231297811,0.016075520999827148,cp,96,4,5042,0.6,0.5
Gastrointestinal,dlt_only,0.8645833333333334,0.3439642474280894,1.0,0.0,15.662650602409633,96,96,0.014949550231297811,0.016075520999827148,cp,96,4,5042,0.6,0.5
Overall_Survival,dlt_only,10.690597206168823,1.779425762099106,10.991495814130841,1.0167800073389321,2.8146099058749527,96,96,0.014949550231297811,0.016075520999827148,cp,96,4,5042,0.6,0.5
all_constraints,dlt_only,0.6979166666666666,0.4615714956689105,0.9166666666666666,0.27783625115549687,31.343283582089555,96,96,0.014949550231297811,0.016075520999827148,cp,96,4,5042,0.6,0.5
Any_DLT,all_constraints,0.8837209302325582,0.32243940246603525,1.0,0.0,13.157894736842104,96,86,1.0057988266150157,0.7913705646125584,cp,86,4,5042,0.6,0.5
Blood,all_constraints,0.872093023255814,0.33594508052243144,1.0,0.0,14.666666666666668,96,86,1.0057988266150157,0.7913705646125584,cp,86,4,5042,0.6,0.5
Constitutional,all_constraints,0.9069767441860465,0.29216864496359496,0.9767441860465116,0.15159886590034527,7.692307692307694,96,86,1.0057988266150157,0.7913705646125584,cp,86,4,5042,0.6,0.5
Infection,all_constraints,0.9069767441860465,0.29216864496359496,1.0,0.0,10.256410256410263,96,86,1.0057988266150157,0.7913705646125584,cp,86,4,5042,0.6,0.5
Gastrointestinal,all_constraints,0.8837209302325582,0.32243940246603525,1.0,0.0,13.157894736842104,96,86,1.0057988266150157,0.7913705646125584,cp,86,4,5042,0.6,0.5
Overall_Survival,all_constraints,10.687127414823376,1.857972445205934,10.536021320236225,1.0279547325219807,-1.4139074862863723,96,86,1.0057988266150157,0.7913705646125584,cp,86,4,5042,0.6,0.5
all_constraints,all_constraints,0.7441860465116279,0.4388768154016879,0.9767441860465116,0.15159886590034527,31.25,96,86,1.0057988266150157,0.7913705646125584,cp,86,4,5042,0.6,0.5
Any_DLT,dlt_only,0.8541666666666666,0.35479176002615415,1.0,0.0,17.07317073170732,96,96,0.008858636021614075,0.0007387961713003116,nominal,96,5,6042,0.6,0.5
Blood,dlt_only,0.875,0.33245498310218435,1.0,0.0,14.285714285714286,96,96,0.008858636021614075,0.0007387961713003116,nominal,96,5,6042,0.6,0.5
Constitutional,dlt_only,0.8645833333333334,0.34396424742808945,0.96875,0.17490598978639324,12.048192771084333,96,96,0.008858636021614075,0.0007387961713003116,nominal,96,5,6042,0.6,0.5
Infection,dlt_only,0.8645833333333334,0.34396424742808945,1.0,0.0,15.662650602409633,96,96,0.008858636021614075,0.0007387961713003116,nominal,96,5,6042,0.6,0.5
Gastrointestinal,dlt_only,0.8645833333333334,0.3439642474280894,1.0,0.0,15.662650602409633,96,96,0.008858636021614075,0.0007387961713003116,nominal,96,5,6042,0.6,0.5
Overall_Survival,dlt_only,10.690597206168823,1.779425762099106,11.964190556552445,0.9803699432921742,11.913210514083513,96,96,0.008858636021614075,0.0007387961713003116,nominal,96,5,6042,0.6,0.5
all_constraints,dlt_only,0.6979166666666666,0.4615714956689105,0.96875,0.17490598978639324,38.80597014925374,96,96,0.008858636021614075,0.0007387961713003116,nominal,96,5,6042,0.6,0.5
Any_DLT,all_constraints,0.8602150537634409,0.3486432663371334,0.989247311827957,0.10369516947304255,14.999999999999998,96,93,0.03712947169939677,0.016476561321852875,nominal,96,5,6042,0.6,0.5
Blood,all_constraints,0.8817204301075269,0.32468922819237606,0.989247311827957,0.10369516947304255,12.195121951219514,96,93,0.03712947169939677,0.016476561321852875,nominal,96,5,6042,0.6,0.5
Constitutional,all_constraints,0.8602150537634409,0.34864326633713344,0.9247311827956989,0.2652545594323927,7.499999999999993,96,93,0.03712947169939677,0.016476561321852875,nominal,96,5,6042,0.6,0.5
Infection,all_constraints,0.8709677419354839,0.33705264882291225,1.0,0.0,14.814814814814813,96,93,0.03712947169939677,0.016476561321852875,nominal,96,5,6042,0.6,0.5
Gastrointestinal,all_constraints,0.8602150537634409,0.3486432663371334,1.0,0.0,16.249999999999996,96,93,0.03712947169939677,0.016476561321852875,nominal,96,5,6042,0.6,0.5
Overall_Survival,all_constraints,10.694462856256617,1.8035207009347092,11.971209635492295,0.9732537488262833,11.938390888783522,96,93,0.03712947169939677,0.016476561321852875,nominal,96,5,6042,0.6,0.5
all_constraints,all_constraints,0.6989247311827957,0.46121168950265595,0.9247311827956989,0.2652545594323927,32.30769230769229,96,93,0.03712947169939677,0.016476561321852875,nominal,96,5,6042,0.6,0.5
Any_DLT,dlt_only,0.8541666666666666,0.35479176002615415,1.0,0.0,17.07317073170732,96,96,0.009560304383436838,0.0007510233459021426,robust_reg,96,5,6042,0.6,0.5
Blood,dlt_only,0.875,0.33245498310218435,1.0,0.0,14.285714285714286,96,96,0.009560304383436838,0.0007510233459021426,robust_reg,96,5,6042,0.6,0.5
Constitutional,dlt_only,0.8645833333333334,0.34396424742808945,0.9791666666666666,0.143575886163796,13.253012048192762,96,96,0.009560304383436838,0.0007510233459021426,robust_reg,96,5,6042,0.6,0.5
Infection,dlt_only,0.8645833333333334,0.34396424742808945,1.0,0.0,15.662650602409633,96,96,0.009560304383436838,0.0007510233459021426,robust_reg,96,5,6042,0.6,0.5
Gastrointestinal,dlt_only,0.8645833333333334,0.3439642474280894,1.0,0.0,15.662650602409633,96,96,0.009560304383436838,0.0007510233459021426,robust_reg,96,5,6042,0.6,0.5
Overall_Survival,dlt_only,10.690597206168823,1.779425762099106,11.968716383245104,0.969095364561894,11.955545162049175,96,96,0.009560304383436838,0.0007510233459021426,robust_reg,96,5,6042,0.6,0.5
all_constraints,dlt_only,0.6979166666666666,0.4615714956689105,0.9791666666666666,0.143575886163796,40.29850746268657,96,96,0.009560304383436838,0.0007510233459021426,robust_reg,96,5,6042,0.6,0.5
Any_DLT,all_constraints,0.8602150537634409,0.3486432663371334,1.0,0.0,16.249999999999996,96,93,0.03429377575715383,0.004795743550657272,robust_reg,96,5,6042,0.6,0.5
Blood,all_constraints,0.8817204301075269,0.32468922819237606,1.0,0.0,13.414634146341463,96,93,0.03429377575715383,0.004795743550657272,robust_reg,96,5,6042,0.6,0.5
Constitutional,all_constraints,0.8602150537634409,0.34864326633713344,0.967741935483871,0.17764234361221226,12.500000000000002,96,93,0.03429377575715383,0.004795743550657272,robust_reg,96,5,6042,0.6,0.5
Infection,all_constraints,0.8709677419354839,0.33705264882291225,1.0,0.0,14.814814814814813,96,93,0.03429377575715383,0.004795743550657272,robust_reg,96,5,6042,0.6,0.5
Gastrointestinal,all_constraints,0.8602150537634409,0.3486432663371334,1.0,0.0,16.249999999999996,96,93,0.03429377575715383,0.004795743550657272,robust_reg,96,5,6042,0.6,0.5
Overall_Survival,all_constraints,10.694462856256617,1.8035207009347092,11.967731949348758,0.9859154827805562,11.905872321088442,96,93,0.03429377575715383,0.004795743550657272,robust_reg,96,5,6042,0.6,0.5
all_constraints,all_constraints,0.6989247311827957,0.46121168950265595,0.967741935483871,0.17764234361221226,38.46153846153845,96,93,0.03429377575715383,0.004795743550657272,robust_reg,96,5,6042,0.6,0.5
Any_DLT,dlt_only,0.8541666666666666,0.35479176002615415,1.0,0.0,17.07317073170732,96,96,0.009341326852639517,0.0005119512112555037,cp,96,5,6042,0.6,0.5
Blood,dlt_only,0.875,0.33245498310218435,1.0,0.0,14.285714285714286,96,96,0.009341326852639517,0.0005119512112555037,cp,96,5,6042,0.6,0.5
Constitutional,dlt_only,0.8645833333333334,0.34396424742808945,0.9583333333333334,0.20087527770480487,10.843373493975903,96,96,0.009341326852639517,0.0005119512112555037,cp,96,5,6042,0.6,0.5
Infection,dlt_only,0.8645833333333334,0.34396424742808945,1.0,0.0,15.662650602409633,96,96,0.009341326852639517,0.0005119512112555037,cp,96,5,6042,0.6,0.5
Gastrointestinal,dlt_only,0.8645833333333334,0.3439642474280894,1.0,0.0,15.662650602409633,96,96,0.009341326852639517,0.0005119512112555037,cp,96,5,6042,0.6,0.5
Overall_Survival,dlt_only,10.690597206168823,1.779425762099106,11.973910023279847,0.9692423051168372,12.004126545620027,96,96,0.009341326852639517,0.0005119512112555037,cp,96,5,6042,0.6,0.5
all_constraints,dlt_only,0.6979166666666666,0.4615714956689105,0.9583333333333334,0.20087527770480487,37.31343283582091,96,96,0.009341326852639517,0.0005119512112555037,cp,96,5,6042,0.6,0.5
Any_DLT,all_constraints,0.8602150537634409,0.3486432663371334,0.989247311827957,0.10369516947304254,14.999999999999998,96,93,0.3937562008698781,0.3328114491719355,cp,93,5,6042,0.6,0.5
Blood,all_constraints,0.8817204301075269,0.32468922819237606,0.978494623655914,0.1458479422322764,10.975609756097564,96,93,0.3937562008698781,0.3328114491719355,cp,93,5,6042,0.6,0.5
Constitutional,all_constraints,0.8602150537634409,0.34864326633713344,0.989247311827957,0.10369516947304255,14.999999999999998,96,93,0.3937562008698781,0.3328114491719355,cp,93,5,6042,0.6,0.5
Infection,all_constraints,0.8709677419354839,0.33705264882291225,0.978494623655914,0.14584794223227637,12.34567901234568,96,93,0.3937562008698781,0.3328114491719355,cp,93,5,6042,0.6,0.5
Gastrointestinal,all_constraints,0.8602150537634409,0.3486432663371334,1.0,0.0,16.249999999999996,96,93,0.3937562008698781,0.3328114491719355,cp,93,5,6042,0.6,0.5
Overall_Survival,all_constraints,10.694462856256617,1.8035207009347092,10.834852455926443,1.1965120325336087,1.3127316589602542,96,93,0.3937562008698781,0.3328114491719355,cp,93,5,6042,0.6,0.5
all_constraints,all_constraints,0.6989247311827957,0.46121168950265595,0.946236559139785,0.22677279367959727,35.38461538461538,96,93,0.3937562008698781,0.3328114491719355,cp,93,5,6042,0.6,0.5
Any_DLT,dlt_only,0.8526315789473684,0.3563533105934119,0.6,0.49249689490326914,-29.62962962962963,96,95,0.012420743703842163,0.013202340098603353,nominal,96,6,7042,0.6,0.5
Blood,dlt_only,0.8736842105263158,0.33396729560733096,0.22105263157894736,0.41715723267721977,-74.6987951807229,96,95,0.012420743703842163,0.013202340098603353,nominal,96,6,7042,0.6,0.5
Constitutional,dlt_only,0.8736842105263158,0.333967295607331,0.9052631578947369,0.2944047080786205,3.6144578313252995,96,95,0.012420743703842163,0.013202340098603353,nominal,96,6,7042,0.6,0.5
Infection,dlt_only,0.8736842105263158,0.333967295607331,0.3368421052631579,0.47513774745788245,-61.44578313253013,96,95,0.012420743703842163,0.013202340098603353,nominal,96,6,7042,0.6,0.5
Gastrointestinal,dlt_only,0.8631578947368421,0.34550383548659225,0.9894736842105263,0.10259783520851541,14.634146341463408,96,95,0.012420743703842163,0.013202340098603353,nominal,96,6,7042,0.6,0.5
Overall_Survival,dlt_only,10.6999871958255,1.7864730982355768,12.282815113907349,1.2528583715621713,14.792801982972225,96,95,0.012420743703842163,0.013202340098603353,nominal,96,6,7042,0.6,0.5
all_constraints,dlt_only,0.7052631578947368,0.4583430892442982,0.17894736842105263,0.38534172091962604,-74.6268656716418,96,95,0.012420743703842163,0.013202340098603353,nominal,96,6,7042,0.6,0.5
Any_DLT,all_constraints,0.9166666666666666,0.27804538648895283,0.7023809523809523,0.4599570934615403,-23.376623376623378,96,84,0.08283965041240056,0.050858866155257386,nominal,95,6,7042,0.6,0.5
Blood,all_constraints,0.8928571428571429,0.31115243011688337,0.2261904761904762,0.4208766088869804,-74.66666666666667,96,84,0.08283965041240056,0.050858866155257386,nominal,95,6,7042,0.6,0.5
Constitutional,all_constraints,0.9166666666666666,0.27804538648895283,1.0,0.0,9.090909090909095,96,84,0.08283965041240056,0.050858866155257386,nominal,95,6,7042,0.6,0.5
Infection,all_constraints,0.9404761904761905,0.23802351185830545,0.38095238095238093,0.4885375743589512,-59.493670886075954,96,84,0.08283965041240056,0.050858866155257386,nominal,95,6,7042,0.6,0.5
Gastrointestinal,all_constraints,0.9047619047619048,0.2953065639704594,1.0,0.0,10.526315789473683,96,84,0.08283965041240056,0.050858866155257386,nominal,95,6,7042,0.6,0.5
Overall_Survival,all_constraints,10.784964242060683,1.778264295919552,12.381802311221415,1.2563867404991442,14.806150797729714,96,84,0.08283965041240056,0.050858866155257386,nominal,95,6,7042,0.6,0.5
all_constraints,all_constraints,0.7738095238095238,0.4208766088869804,0.17857142857142858,0.3852933254596006,-76.92307692307692,96,84,0.08283965041240056,0.050858866155257386,nominal,95,6,7042,0.6,0.5
Any_DLT,dlt_only,0.8526315789473684,0.3563533105934119,0.6421052631578947,0.48192410176875505,-24.691358024691358,96,95,0.015516365567843119,0.020081457772480184,robust_reg,96,6,7042,0.6,0.5
Blood,dlt_only,0.8736842105263158,0.33396729560733096,0.30526315789473685,0.46296188461572396,-65.0602409638554,96,95,0.015516365567843119,0.020081457772480184,robust_reg,96,6,7042,0.6,0.5
Constitutional,dlt_only,0.8736842105263158,0.333967295607331,0.9157894736842105,0.27917652063748477,4.819277108433724,96,95,0.015516365567843119,0.020081457772480184,robust_reg,96,6,7042,0.6,0.5
Infection,dlt_only,0.8736842105263158,0.333967295607331,0.4105263157894737,0.4945390469729999,-53.01204819277108,96,95,0.015516365567843119,0.020081457772480184,robust_reg,96,6,7042,0.6,0.5
Gastrointestinal,dlt_only,0.8631578947368421,0.34550383548659225,0.9157894736842105,0.27917652063748477,6.097560975609749,96,95,0.015516365567843119,0.020081457772480184,robust_reg,96,6,7042,0.6,0.5
Overall_Survival,dlt_only,10.6999871958255,1.7864730982355768,12.362599555423001,1.1164489843090284,15.538451861383106,96,95,0.015516365567843119,0.020081457772480184,robust_reg,96,6,7042,0.6,0.5
all_constraints,dlt_only,0.7052631578947368,0.4583430892442982,0.16842105263157894,0.37622513571472216,-76.11940298507463,96,95,0.015516365567843119,0.020081457772480184,robust_reg,96,6,7042,0.6,0.5
Any_DLT,all_constraints,0.9166666666666666,0.27804538648895283,0.7738095238095238,0.4208766088869804,-15.584415584415579,96,84,0.08292479068040848,0.06352617729438274,robust_reg,96,6,7042,0.6,0.5
Blood,all_constraints,0.8928571428571429,0.31115243011688337,0.39285714285714285,0.49131878451841643,-56.0,96,84,0.08292479068040848,0.06352617729438274,robust_reg,96,6,7042,0.6,0.5
Constitutional,all_constraints,0.9166666666666666,0.27804538648895283,0.9880952380952381,0.10910894511799617,7.792207792207802,96,84,0.08292479068040848,0.06352617729438274,robust_reg,96,6,7042,0.6,0.5
Infection,all_constraints,0.9404761904761905,0.23802351185830545,0.5357142857142857,0.5017182181223532,-43.037974683544306,96,84,0.08292479068040848,0.06352617729438274,robust_reg,96,6,7042,0.6,0.5
Gastrointestinal,all_constraints,0.9047619047619048,0.2953065639704594,0.9047619047619048,0.2953065639704594,0.0,96,84,0.08292479068040848,0.06352617729438274,robust_reg,96,6,7042,0.6,0.5
Overall_Survival,all_constraints,10.784964242060683,1.778264295919552,12.196001314486772,1.1194437855793837,13.08337274706144,96,84,0.08292479068040848,0.06352617729438274,robust_reg,96,6,7042,0.6,0.5
all_constraints,all_constraints,0.7738095238095238,0.4208766088869804,0.23809523809523808,0.4284757973243222,-69.23076923076924,96,84,0.08292479068040848,0.06352617729438274,robust_reg,96,6,7042,0.6,0.5
Any_DLT,dlt_only,0.8526315789473684,0.3563533105934119,0.9894736842105263,0.10259783520851543,16.04938271604938,96,95,0.11318050573269527,0.048258745376191195,cp,95,6,7042,0.6,0.5
Blood,dlt_only,0.8736842105263158,0.33396729560733096,0.9263157894736842,0.2626422720087394,6.024096385542162,96,95,0.11318050573269527,0.048258745376191195,cp,95,6,7042,0.6,0.5
Constitutional,dlt_only,0.8736842105263158,0.333967295607331,0.9789473684210527,0.1443214031708876,12.048192771084336,96,95,0.11318050573269527,0.048258745376191195,cp,95,6,7042,0.6,0.5
Infection,dlt_only,0.8736842105263158,0.333967295607331,0.9894736842105263,0.10259783520851541,13.25301204819276,96,95,0.11318050573269527,0.048258745376191195,cp,95,6,7042,0.6,0.5
Gastrointestinal,dlt_only,0.8631578947368421,0.34550383548659225,1.0,0.0,15.853658536585364,96,95,0.11318050573269527,0.048258745376191195,cp,95,6,7042,0.6,0.5
Overall_Survival,dlt_only,10.6999871958255,1.7864730982355768,10.664014210023009,1.2957123334402225,-0.33619653130543775,96,95,0.11318050573269527,0.048258745376191195,cp,95,6,7042,0.6,0.5
all_constraints,dlt_only,0.7052631578947368,0.4583430892442982,0.9052631578947369,0.2944047080786205,28.35820895522389,96,95,0.11318050573269527,0.048258745376191195,cp,95,6,7042,0.6,0.5
Any_DLT,all_constraints,0.9166666666666666,0.27804538648895283,1.0,0.0,9.090909090909095,96,84,0.3437124465902646,0.32424078566894726,cp,84,6,7042,0.6,0.5
Blood,all_constraints,0.8928571428571429,0.31115243011688337,1.0,0.0,11.999999999999995,96,84,0.3437124465902646,0.32424078566894726,cp,84,6,7042,0.6,0.5
Constitutional,all_constraints,0.9166666666666666,0.27804538648895283,1.0,0.0,9.090909090909095,96,84,0.3437124465902646,0.32424078566894726,cp,84,6,7042,0.6,0.5
Infection,all_constraints,0.9404761904761905,0.23802351185830545,1.0,0.0,6.329113924050634,96,84,0.3437124465902646,0.32424078566894726,cp,84,6,7042,0.6,0.5
Gastrointestinal,all_constraints,0.9047619047619048,0.2953065639704594,1.0,0.0,10.526315789473683,96,84,0.3437124465902646,0.32424078566894726,cp,84,6,7042,0.6,0.5
Overall_Survival,all_constraints,10.784964242060683,1.778264295919552,10.52041999090728,0.950837317951564,-2.4528987321227906,96,84,0.3437124465902646,0.32424078566894726,cp,84,6,7042,0.6,0.5
all_constraints,all_constraints,0.7738095238095238,0.4208766088869804,1.0,0.0,29.230769230769226,96,84,0.3437124465902646,0.32424078566894726,cp,84,6,7042,0.6,0.5
Any_DLT,dlt_only,0.8709677419354839,0.3370526488229122,1.0,0.0,14.814814814814813,96,93,0.010806200404961904,0.0005955394003587759,nominal,96,7,8042,0.6,0.5
Blood,dlt_only,0.8709677419354839,0.3370526488229122,1.0,0.0,14.814814814814813,96,93,0.010806200404961904,0.0005955394003587759,nominal,96,7,8042,0.6,0.5
Constitutional,dlt_only,0.8817204301075269,0.32468922819237606,0.946236559139785,0.22677279367959727,7.317073170731713,96,93,0.010806200404961904,0.0005955394003587759,nominal,96,7,8042,0.6,0.5
Infection,dlt_only,0.8817204301075269,0.324689228192376,1.0,0.0,13.414634146341463,96,93,0.010806200404961904,0.0005955394003587759,nominal,96,7,8042,0.6,0.5
Gastrointestinal,dlt_only,0.8817204301075269,0.32468922819237606,1.0,0.0,13.414634146341463,96,93,0.010806200404961904,0.0005955394003587759,nominal,96,7,8042,0.6,0.5
Overall_Survival,dlt_only,10.690157789226408,1.8054177732535939,11.980585318335413,0.980211175893417,12.07117382691492,96,93,0.010806200404961904,0.0005955394003587759,nominal,96,7,8042,0.6,0.5
all_constraints,dlt_only,0.7204301075268817,0.4512203596877334,0.946236559139785,0.22677279367959727,31.34328358208955,96,93,0.010806200404961904,0.0005955394003587759,nominal,96,7,8042,0.6,0.5
Any_DLT,all_constraints,0.8709677419354839,0.3370526488229122,1.0,0.0,14.814814814814813,96,93,0.04254362732172012,0.02106730191589019,nominal,96,7,8042,0.6,0.5
Blood,all_constraints,0.8817204301075269,0.3246892281923761,1.0,0.0,13.414634146341463,96,93,0.04254362732172012,0.02106730191589019,nominal,96,7,8042,0.6,0.5
Constitutional,all_constraints,0.8709677419354839,0.33705264882291225,0.946236559139785,0.22677279367959727,8.64197530864198,96,93,0.04254362732172012,0.02106730191589019,nominal,96,7,8042,0.6,0.5
Infection,all_constraints,0.8817204301075269,0.32468922819237606,1.0,0.0,13.414634146341463,96,93,0.04254362732172012,0.02106730191589019,nominal,96,7,8042,0.6,0.5
Gastrointestinal,all_constraints,0.8709677419354839,0.3370526488229122,1.0,0.0,14.814814814814813,96,93,0.04254362732172012,0.02106730191589019,nominal,96,7,8042,0.6,0.5
Overall_Survival,all_constraints,10.7426387401326,1.7709648796280513,11.883703950668789,1.0558943916072823,10.621833593578557,96,93,0.04254362732172012,0.02106730191589019,nominal,96,7,8042,0.6,0.5
all_constraints,all_constraints,0.7096774193548387,0.45637144390360274,0.946236559139785,0.22677279367959727,33.33333333333333,96,93,0.04254362732172012,0.02106730191589019,nominal,96,7,8042,0.6,0.5
Any_DLT,dlt_only,0.8709677419354839,0.3370526488229122,1.0,0.0,14.814814814814813,96,93,0.010424308478832245,0.0007057056331651073,robust_reg,96,7,8042,0.6,0.5
Blood,dlt_only,0.8709677419354839,0.3370526488229122,1.0,0.0,14.814814814814813,96,93,0.010424308478832245,0.0007057056331651073,robust_reg,96,7,8042,0.6,0.5
Constitutional,dlt_only,0.8817204301075269,0.32468922819237606,0.946236559139785,0.22677279367959727,7.317073170731713,96,93,0.010424308478832245,0.0007057056331651073,robust_reg,96,7,8042,0.6,0.5
Infection,dlt_only,0.8817204301075269,0.324689228192376,1.0,0.0,13.414634146341463,96,93,0.010424308478832245,0.0007057056331651073,robust_reg,96,7,8042,0.6,0.5
Gastrointestinal,dlt_only,0.8817204301075269,0.32468922819237606,1.0,0.0,13.414634146341463,96,93,0.010424308478832245,0.0007057056331651073,robust_reg,96,7,8042,0.6,0.5
Overall_Survival,dlt_only,10.690157789226408,1.8054177732535939,11.980585318335413,0.980211175893417,12.07117382691492,96,93,0.010424308478832245,0.0007057056331651073,robust_reg,96,7,8042,0.6,0.5
all_constraints,dlt_only,0.7204301075268817,0.4512203596877334,0.946236559139785,0.22677279367959727,31.34328358208955,96,93,0.010424308478832245,0.0007057056331651073,robust_reg,96,7,8042,0.6,0.5
Any_DLT,all_constraints,0.8709677419354839,0.3370526488229122,1.0,0.0,14.814814814814813,96,93,0.04026577373345693,0.018889557248643694,robust_reg,94,7,8042,0.6,0.5
Blood,all_constraints,0.8817204301075269,0.3246892281923761,1.0,0.0,13.414634146341463,96,93,0.04026577373345693,0.018889557248643694,robust_reg,94,7,8042,0.6,0.5
Constitutional,all_constraints,0.8709677419354839,0.33705264882291225,0.967741935483871,0.17764234361221226,11.111111111111114,96,93,0.04026577373345693,0.018889557248643694,robust_reg,94,7,8042,0.6,0.5
Infection,all_constraints,0.8817204301075269,0.32468922819237606,1.0,0.0,13.414634146341463,96,93,0.04026577373345693,0.018889557248643694,robust_reg,94,7,8042,0.6,0.5
Gastrointestinal,all_constraints,0.8709677419354839,0.3370526488229122,1.0,0.0,14.814814814814813,96,93,0.04026577373345693,0.018889557248643694,robust_reg,94,7,8042,0.6,0.5
Overall_Survival,all_constraints,10.7426387401326,1.7709648796280513,11.866510218622535,1.1431884891688056,10.461782302064668,96,93,0.04026577373345693,0.018889557248643694,robust_reg,94,7,8042,0.6,0.5
all_constraints,all_constraints,0.7096774193548387,0.45637144390360274,0.967741935483871,0.17764234361221226,36.36363636363636,96,93,0.04026577373345693,0.018889557248643694,robust_reg,94,7,8042,0.6,0.5
Any_DLT,dlt_only,0.8709677419354839,0.3370526488229122,1.0,0.0,14.814814814814813,96,93,0.10243390252192815,0.14241412644384055,cp,93,7,8042,0.6,0.5
Blood,dlt_only,0.8709677419354839,0.3370526488229122,1.0,0.0,14.814814814814813,96,93,0.10243390252192815,0.14241412644384055,cp,93,7,8042,0.6,0.5
Constitutional,dlt_only,0.8817204301075269,0.32468922819237606,0.956989247311828,0.20398095044388959,8.536585365853663,96,93,0.10243390252192815,0.14241412644384055,cp,93,7,8042,0.6,0.5
Infection,dlt_only,0.8817204301075269,0.324689228192376,1.0,0.0,13.414634146341463,96,93,0.10243390252192815,0.14241412644384055,cp,93,7,8042,0.6,0.5
Gastrointestinal,dlt_only,0.8817204301075269,0.32468922819237606,1.0,0.0,13.414634146341463,96,93,0.10243390252192815,0.14241412644384055,cp,93,7,8042,0.6,0.5
Overall_Survival,dlt_only,10.690157789226408,1.8054177732535939,11.679009388658349,1.3008560658048511,9.250112289535242,96,93,0.10243390252192815,0.14241412644384055,cp,93,7,8042,0.6,0.5
all_constraints,dlt_only,0.7204301075268817,0.4512203596877334,0.956989247311828,0.20398095044388959,32.83582089552239,96,93,0.10243390252192815,0.14241412644384055,cp,93,7,8042,0.6,0.5
Any_DLT,all_constraints,0.8709677419354839,0.3370526488229122,1.0,0.0,14.814814814814813,96,93,0.11902057627836864,0.051157681483804306,cp,94,7,8042,0.6,0.5
Blood,all_constraints,0.8817204301075269,0.3246892281923761,1.0,0.0,13.414634146341463,96,93,0.11902057627836864,0.051157681483804306,cp,94,7,8042,0.6,0.5
Constitutional,all_constraints,0.8709677419354839,0.33705264882291225,0.978494623655914,0.1458479422322764,12.34567901234568,96,93,0.11902057627836864,0.051157681483804306,cp,94,7,8042,0.6,0.5
Infection,all_constraints,0.8817204301075269,0.32468922819237606,0.978494623655914,0.1458479422322764,10.975609756097564,96,93,0.11902057627836864,0.051157681483804306,cp,94,7,8042,0.6,0.5
Gastrointestinal,all_constraints,0.8709677419354839,0.3370526488229122,1.0,0.0,14.814814814814813,96,93,0.11902057627836864,0.051157681483804306,cp,94,7,8042,0.6,0.5
Overall_Survival,all_constraints,10.7426387401326,1.7709648796280513,11.824654820944383,1.0674451418738848,10.072162966530398,96,93,0.11902057627836864,0.051157681483804306,cp,94,7,8042,0.6,0.5
all_constraints,all_constraints,0.7096774193548387,0.45637144390360274,0.956989247311828,0.20398095044388959,34.848484848484844,96,93,0.11902057627836864,0.051157681483804306,cp,94,7,8042,0.6,0.5
Any_DLT,dlt_only,0.8526315789473684,0.35635331059341196,1.0,0.0,17.283950617283953,96,95,0.009269607563813528,0.001910166223728049,nominal,96,8,9042,0.6,0.5
Blood,dlt_only,0.8736842105263158,0.33396729560733096,1.0,0.0,14.457831325301198,96,95,0.009269607563813528,0.001910166223728049,nominal,96,8,9042,0.6,0.5
Constitutional,dlt_only,0.8736842105263158,0.333967295607331,0.968421052631579,0.1758040240472914,10.843373493975898,96,95,0.009269607563813528,0.001910166223728049,nominal,96,8,9042,0.6,0.5
Infection,dlt_only,0.8631578947368421,0.34550383548659225,1.0,0.0,15.853658536585364,96,95,0.009269607563813528,0.001910166223728049,nominal,96,8,9042,0.6,0.5
Gastrointestinal,dlt_only,0.8631578947368421,0.3455038354865923,1.0,0.0,15.853658536585364,96,95,0.009269607563813528,0.001910166223728049,nominal,96,8,9042,0.6,0.5
Overall_Survival,dlt_only,10.693736232232505,1.7885985250798564,11.946117583105218,0.9730179115143173,11.71135441977567,96,95,0.009269607563813528,0.001910166223728049,nominal,96,8,9042,0.6,0.5
all_constraints,dlt_only,0.7052631578947368,0.4583430892442982,0.968421052631579,0.1758040240472914,37.313432835820905,96,95,0.009269607563813528,0.001910166223728049,nominal,96,8,9042,0.6,0.5
Any_DLT,all_constraints,0.875,0.3326141667278259,1.0,0.0,14.285714285714286,96,88,0.039888545870780945,0.03160979594224883,nominal,89,8,9042,0.6,0.5
Blood,all_constraints,0.8863636363636364,0.3191878408444575,1.0,0.0,12.820512820512823,96,88,0.039888545870780945,0.03160979594224883,nominal,89,8,9042,0.6,0.5
Constitutional,all_constraints,0.9090909090909091,0.2891272494131036,0.9886363636363636,0.10660035817780522,8.750000000000005,96,88,0.039888545870780945,0.03160979594224883,nominal,89,8,9042,0.6,0.5
Infection,all_constraints,0.8977272727272727,0.3047430697456363,1.0,0.0,11.392405063291143,96,88,0.039888545870780945,0.03160979594224883,nominal,89,8,9042,0.6,0.5
Gastrointestinal,all_constraints,0.875,0.3326141667278259,0.9886363636363636,0.10660035817780522,12.987012987012989,96,88,0.039888545870780945,0.03160979594224883,nominal,89,8,9042,0.6,0.5
Overall_Survival,all_constraints,10.825245108745344,1.7489352663097864,11.874389464611015,1.065125685983986,9.69164527293801,96,88,0.039888545870780945,0.03160979594224883,nominal,89,8,9042,0.6,0.5
all_constraints,all_constraints,0.75,0.4354941703556927,0.9772727272727273,0.14988675627759449,30.303030303030308,96,88,0.039888545870780945,0.03160979594224883,nominal,89,8,9042,0.6,0.5
Any_DLT,dlt_only,0.8526315789473684,0.35635331059341196,1.0,0.0,17.283950617283953,96,95,0.012784652411937714,0.0028281604944439195,robust_reg,96,8,9042,0.6,0.5
Blood,dlt_only,0.8736842105263158,0.33396729560733096,1.0,0.0,14.457831325301198,96,95,0.012784652411937714,0.0028281604944439195,robust_reg,96,8,9042,0.6,0.5
Constitutional,dlt_only,0.8736842105263158,0.333967295607331,0.968421052631579,0.1758040240472914,10.843373493975898,96,95,0.012784652411937714,0.0028281604944439195,robust_reg,96,8,9042,0.6,0.5
Infection,dlt_only,0.8631578947368421,0.34550383548659225,1.0,0.0,15.853658536585364,96,95,0.012784652411937714,0.0028281604944439195,robust_reg,96,8,9042,0.6,0.5
Gastrointestinal,dlt_only,0.8631578947368421,0.3455038354865923,1.0,0.0,15.853658536585364,96,95,0.012784652411937714,0.0028281604944439195,robust_reg,96,8,9042,0.6,0.5
Overall_Survival,dlt_only,10.693736232232505,1.7885985250798564,11.952965899402141,0.9768674195443099,11.775394865025113,96,95,0.012784652411937714,0.0028281604944439195,robust_reg,96,8,9042,0.6,0.5
all_constraints,dlt_only,0.7052631578947368,0.4583430892442982,0.968421052631579,0.1758040240472914,37.313432835820905,96,95,0.012784652411937714,0.0028281604944439195,robust_reg,96,8,9042,0.6,0.5
Any_DLT,all_constraints,0.875,0.3326141667278259,1.0,0.0,14.285714285714286,96,88,0.04155657688776652,0.019356665068764534,robust_reg,93,8,9042,0.6,0.5
Blood,all_constraints,0.8863636363636364,0.3191878408444575,1.0,0.0,12.820512820512823,96,88,0.04155657688776652,0.019356665068764534,robust_reg,93,8,9042,0.6,0.5
Constitutional,all_constraints,0.9090909090909091,0.2891272494131036,0.9772727272727273,0.14988675627759449,7.500000000000006,96,88,0.04155657688776652,0.019356665068764534,robust_reg,93,8,9042,0.6,0.5
Infection,all_constraints,0.8977272727272727,0.3047430697456363,1.0,0.0,11.392405063291143,96,88,0.04155657688776652,0.019356665068764534,robust_reg,93,8,9042,0.6,0.5
Gastrointestinal,all_constraints,0.875,0.3326141667278259,0.9772727272727273,0.14988675627759449,11.68831168831169,96,88,0.04155657688776652,0.019356665068764534,robust_reg,93,8,9042,0.6,0.5
Overall_Survival,all_constraints,10.825245108745344,1.7489352663097864,11.915961129081046,1.035985708819667,10.075670429434892,96,88,0.04155657688776652,0.019356665068764534,robust_reg,93,8,9042,0.6,0.5
all_constraints,all_constraints,0.75,0.4354941703556927,0.9545454545454546,0.20949259494173825,27.27272727272728,96,88,0.04155657688776652,0.019356665068764534,robust_reg,93,8,9042,0.6,0.5
Any_DLT,dlt_only,0.8526315789473684,0.35635331059341196,0.9894736842105263,0.10259783520851543,16.04938271604938,96,95,0.049321514864762626,0.03457479640088645,cp,95,8,9042,0.6,0.5
Blood,dlt_only,0.8736842105263158,0.33396729560733096,1.0,0.0,14.457831325301198,96,95,0.049321514864762626,0.03457479640088645,cp,95,8,9042,0.6,0.5
Constitutional,dlt_only,0.8736842105263158,0.333967295607331,0.9368421052631579,0.24453717969020555,7.228915662650599,96,95,0.049321514864762626,0.03457479640088645,cp,95,8,9042,0.6,0.5
Infection,dlt_only,0.8631578947368421,0.34550383548659225,1.0,0.0,15.853658536585364,96,95,0.049321514864762626,0.03457479640088645,cp,95,8,9042,0.6,0.5
Gastrointestinal,dlt_only,0.8631578947368421,0.3455038354865923,0.9894736842105263,0.10259783520851543,14.634146341463408,96,95,0.049321514864762626,0.03457479640088645,cp,95,8,9042,0.6,0.5
Overall_Survival,dlt_only,10.693736232232505,1.7885985250798564,11.705038925394954,1.2244085305717687,9.456963134308783,96,95,0.049321514864762626,0.03457479640088645,cp,95,8,9042,0.6,0.5
all_constraints,dlt_only,0.7052631578947368,0.4583430892442982,0.9368421052631579,0.24453717969020555,32.835820895522396,96,95,0.049321514864762626,0.03457479640088645,cp,95,8,9042,0.6,0.5
Any_DLT,all_constraints,0.875,0.3326141667278259,1.0,0.0,14.285714285714286,96,88,0.046350387235482536,0.017196723584140174,cp,89,8,9042,0.6,0.5
Blood,all_constraints,0.8863636363636364,0.3191878408444575,1.0,0.0,12.820512820512823,96,88,0.046350387235482536,0.017196723584140174,cp,89,8,9042,0.6,0.5
Constitutional,all_constraints,0.9090909090909091,0.2891272494131036,0.9886363636363636,0.10660035817780522,8.750000000000005,96,88,0.046350387235482536,0.017196723584140174,cp,89,8,9042,0.6,0.5
Infection,all_constraints,0.8977272727272727,0.3047430697456363,1.0,0.0,11.392405063291143,96,88,0.046350387235482536,0.017196723584140174,cp,89,8,9042,0.6,0.5
Gastrointestinal,all_constraints,0.875,0.3326141667278259,0.9886363636363636,0.10660035817780522,12.987012987012989,96,88,0.046350387235482536,0.017196723584140174,cp,89,8,9042,0.6,0.5
Overall_Survival,all_constraints,10.825245108745344,1.7489352663097864,11.877879821949039,1.0679083536789828,9.723888028672045,96,88,0.046350387235482536,0.017196723584140174,cp,89,8,9042,0.6,0.5
all_constraints,all_constraints,0.75,0.4354941703556927,0.9772727272727273,0.14988675627759449,30.303030303030308,96,88,0.046350387235482536,0.017196723584140174,cp,89,8,9042,0.6,0.5
Any_DLT,dlt_only,0.8541666666666666,0.35479176002615415,1.0,0.0,17.07317073170732,96,96,0.012770223120848337,0.0019444481700424652,nominal,96,9,10042,0.6,0.5
Blood,dlt_only,0.875,0.33245498310218435,1.0,0.0,14.285714285714286,96,96,0.012770223120848337,0.0019444481700424652,nominal,96,9,10042,0.6,0.5
Constitutional,dlt_only,0.8645833333333334,0.34396424742808945,0.9375,0.2433321316961438,8.43373493975903,96,96,0.012770223120848337,0.0019444481700424652,nominal,96,9,10042,0.6,0.5
Infection,dlt_only,0.8645833333333334,0.34396424742808945,1.0,0.0,15.662650602409633,96,96,0.012770223120848337,0.0019444481700424652,nominal,96,9,10042,0.6,0.5
Gastrointestinal,dlt_only,0.8645833333333334,0.3439642474280894,1.0,0.0,15.662650602409633,96,96,0.012770223120848337,0.0019444481700424652,nominal,96,9,10042,0.6,0.5
Overall_Survival,dlt_only,10.690597206168823,1.779425762099106,11.958778740473884,0.9689607835223852,11.86258830866136,96,96,0.012770223120848337,0.0019444481700424652,nominal,96,9,10042,0.6,0.5
all_constraints,dlt_only,0.6979166666666666,0.4615714956689105,0.9375,0.2433321316961438,34.32835820895523,96,96,0.012770223120848337,0.0019444481700424652,nominal,96,9,10042,0.6,0.5
Any_DLT,all_constraints,0.8541666666666666,0.35479176002615415,1.0,0.0,17.07317073170732,96,96,0.05219742159048716,0.04251472178777347,nominal,96,9,10042,0.6,0.5
Blood,all_constraints,0.875,0.33245498310218435,1.0,0.0,14.285714285714286,96,96,0.05219742159048716,0.04251472178777347,nominal,96,9,10042,0.6,0.5
Constitutional,all_constraints,0.8645833333333334,0.34396424742808945,0.9375,0.2433321316961438,8.43373493975903,96,96,0.05219742159048716,0.04251472178777347,nominal,96,9,10042,0.6,0.5
Infection,all_constraints,0.8645833333333334,0.34396424742808945,1.0,0.0,15.662650602409633,96,96,0.05219742159048716,0.04251472178777347,nominal,96,9,10042,0.6,0.5
Gastrointestinal,all_constraints,0.8645833333333334,0.3439642474280894,1.0,0.0,15.662650602409633,96,96,0.05219742159048716,0.04251472178777347,nominal,96,9,10042,0.6,0.5
Overall_Survival,all_constraints,10.690597206168823,1.779425762099106,11.906170461160004,0.9890473976348881,11.370489707438942,96,96,0.05219742159048716,0.04251472178777347,nominal,96,9,10042,0.6,0.5
all_constraints,all_constraints,0.6979166666666666,0.4615714956689105,0.9375,0.2433321316961438,34.32835820895523,96,96,0.05219742159048716,0.04251472178777347,nominal,96,9,10042,0.6,0.5
Any_DLT,dlt_only,0.8541666666666666,0.35479176002615415,1.0,0.0,17.07317073170732,96,96,0.013820630808671316,0.0026731057684465796,robust_reg,96,9,10042,0.6,0.5
Blood,dlt_only,0.875,0.33245498310218435,1.0,0.0,14.285714285714286,96,96,0.013820630808671316,0.0026731057684465796,robust_reg,96,9,10042,0.6,0.5
Constitutional,dlt_only,0.8645833333333334,0.34396424742808945,0.96875,0.17490598978639324,12.048192771084333,96,96,0.013820630808671316,0.0026731057684465796,robust_reg,96,9,10042,0.6,0.5
Infection,dlt_only,0.8645833333333334,0.34396424742808945,1.0,0.0,15.662650602409633,96,96,0.013820630808671316,0.0026731057684465796,robust_reg,96,9,10042,0.6,0.5
Gastrointestinal,dlt_only,0.8645833333333334,0.3439642474280894,1.0,0.0,15.662650602409633,96,96,0.013820630808671316,0.0026731057684465796,robust_reg,96,9,10042,0.6,0.5
Overall_Survival,dlt_only,10.690597206168823,1.779425762099106,11.957702342996283,0.966213762047208,11.852519671177017,96,96,0.013820630808671316,0.0026731057684465796,robust_reg,96,9,10042,0.6,0.5
all_constraints,dlt_only,0.6979166666666666,0.4615714956689105,0.96875,0.17490598978639324,38.80597014925374,96,96,0.013820630808671316,0.0026731057684465796,robust_reg,96,9,10042,0.6,0.5
Any_DLT,all_constraints,0.8541666666666666,0.35479176002615415,1.0,0.0,17.07317073170732,96,96,0.055974515775839485,0.04943412912826867,robust_reg,96,9,10042,0.6,0.5
Blood,all_constraints,0.875,0.33245498310218435,1.0,0.0,14.285714285714286,96,96,0.055974515775839485,0.04943412912826867,robust_reg,96,9,10042,0.6,0.5
Constitutional,all_constraints,0.8645833333333334,0.34396424742808945,0.9583333333333334,0.20087527770480484,10.843373493975903,96,96,0.055974515775839485,0.04943412912826867,robust_reg,96,9,10042,0.6,0.5
Infection,all_constraints,0.8645833333333334,0.34396424742808945,1.0,0.0,15.662650602409633,96,96,0.055974515775839485,0.04943412912826867,robust_reg,96,9,10042,0.6,0.5
Gastrointestinal,all_constraints,0.8645833333333334,0.3439642474280894,1.0,0.0,15.662650602409633,96,96,0.055974515775839485,0.04943412912826867,robust_reg,96,9,10042,0.6,0.5
Overall_Survival,all_constraints,10.690597206168823,1.779425762099106,11.900067590053945,0.9884356338078892,11.313403363352036,96,96,0.055974515775839485,0.04943412912826867,robust_reg,96,9,10042,0.6,0.5
all_constraints,all_constraints,0.6979166666666666,0.4615714956689105,0.9583333333333334,0.20087527770480484,37.31343283582091,96,96,0.055974515775839485,0.04943412912826867,robust_reg,96,9,10042,0.6,0.5
Any_DLT,dlt_only,0.8541666666666666,0.35479176002615415,1.0,0.0,17.07317073170732,96,96,0.015900537371635437,0.0017358264032759686,cp,96,9,10042,0.6,0.5
Blood,dlt_only,0.875,0.33245498310218435,1.0,0.0,14.285714285714286,96,96,0.015900537371635437,0.0017358264032759686,cp,96,9,10042,0.6,0.5
Constitutional,dlt_only,0.8645833333333334,0.34396424742808945,0.9270833333333334,0.2613645031536837,7.228915662650602,96,96,0.015900537371635437,0.0017358264032759686,cp,96,9,10042,0.6,0.5
Infection,dlt_only,0.8645833333333334,0.34396424742808945,1.0,0.0,15.662650602409633,96,96,0.015900537371635437,0.0017358264032759686,cp,96,9,10042,0.6,0.5
Gastrointestinal,dlt_only,0.8645833333333334,0.3439642474280894,1.0,0.0,15.662650602409633,96,96,0.015900537371635437,0.0017358264032759686,cp,96,9,10042,0.6,0.5
Overall_Survival,dlt_only,10.690597206168823,1.779425762099106,11.970423096246288,0.9670887208881243,11.971509780005215,96,96,0.015900537371635437,0.0017358264032759686,cp,96,9,10042,0.6,0.5
all_constraints,dlt_only,0.6979166666666666,0.4615714956689105,0.9270833333333334,0.2613645031536837,32.8358208955224,96,96,0.015900537371635437,0.0017358264032759686,cp,96,9,10042,0.6,0.5
Any_DLT,all_constraints,0.8541666666666666,0.35479176002615415,1.0,0.0,17.07317073170732,96,96,0.10440091292063396,0.07681830957347362,cp,96,9,10042,0.6,0.5
Blood,all_constraints,0.875,0.33245498310218435,1.0,0.0,14.285714285714286,96,96,0.10440091292063396,0.07681830957347362,cp,96,9,10042,0.6,0.5
Constitutional,all_constraints,0.8645833333333334,0.34396424742808945,0.9375,0.2433321316961438,8.43373493975903,96,96,0.10440091292063396,0.07681830957347362,cp,96,9,10042,0.6,0.5
Infection,all_constraints,0.8645833333333334,0.34396424742808945,1.0,0.0,15.662650602409633,96,96,0.10440091292063396,0.07681830957347362,cp,96,9,10042,0.6,0.5
Gastrointestinal,all_constraints,0.8645833333333334,0.3439642474280894,1.0,0.0,15.662650602409633,96,96,0.10440091292063396,0.07681830957347362,cp,96,9,10042,0.6,0.5
Overall_Survival,all_constraints,10.690597206168823,1.779425762099106,11.833081004711678,1.095024599374934,10.686809880776398,96,96,0.10440091292063396,0.07681830957347362,cp,96,9,10042,0.6,0.5
all_constraints,all_constraints,0.6979166666666666,0.4615714956689105,0.9375,0.2433321316961438,34.32835820895523,96,96,0.10440091292063396,0.07681830957347362,cp,96,9,10042,0.6,0.5
Any_DLT,dlt_only,0.8526315789473684,0.35635331059341196,1.0,0.0,17.283950617283953,96,95,0.017095595598220825,0.01674947272442334,nominal,96,0,1042,0.6,0.6
Blood,dlt_only,0.8736842105263158,0.33396729560733096,1.0,0.0,14.457831325301198,96,95,0.017095595598220825,0.01674947272442334,nominal,96,0,1042,0.6,0.6
Constitutional,dlt_only,0.8736842105263158,0.333967295607331,0.9789473684210527,0.1443214031708876,12.048192771084336,96,95,0.017095595598220825,0.01674947272442334,nominal,96,0,1042,0.6,0.6
Infection,dlt_only,0.8631578947368421,0.34550383548659225,1.0,0.0,15.853658536585364,96,95,0.017095595598220825,0.01674947272442334,nominal,96,0,1042,0.6,0.6
Gastrointestinal,dlt_only,0.8631578947368421,0.3455038354865923,1.0,0.0,15.853658536585364,96,95,0.017095595598220825,0.01674947272442334,nominal,96,0,1042,0.6,0.6
Overall_Survival,dlt_only,10.693736232232505,1.7885985250798564,11.935235198368364,0.9610145257841926,11.60959031693523,96,95,0.017095595598220825,0.01674947272442334,nominal,96,0,1042,0.6,0.6
all_constraints,dlt_only,0.7052631578947368,0.4583430892442982,0.9789473684210527,0.1443214031708876,38.805970149253746,96,95,0.017095595598220825,0.01674947272442334,nominal,96,0,1042,0.6,0.6
Any_DLT,all_constraints,0.8764044943820225,0.3309842319473132,1.0,0.0,14.102564102564099,96,89,0.054083836575349174,0.014993685998336755,nominal,94,0,1042,0.6,0.6
Blood,all_constraints,0.8764044943820225,0.3309842319473132,1.0,0.0,14.102564102564099,96,89,0.054083836575349174,0.014993685998336755,nominal,94,0,1042,0.6,0.6
Constitutional,all_constraints,0.9101123595505618,0.28764124744526687,0.9887640449438202,0.10599978800063597,8.641975308641973,96,89,0.054083836575349174,0.014993685998336755,nominal,94,0,1042,0.6,0.6
Infection,all_constraints,0.898876404494382,0.30320049697971085,1.0,0.0,11.250000000000004,96,89,0.054083836575349174,0.014993685998336755,nominal,94,0,1042,0.6,0.6
Gastrointestinal,all_constraints,0.8876404494382022,0.3175975958515819,1.0,0.0,12.658227848101271,96,89,0.054083836575349174,0.014993685998336755,nominal,94,0,1042,0.6,0.6
Overall_Survival,all_constraints,10.70391145814999,1.8341009829174315,11.898138177984745,1.0715853456353437,11.156918893657945,96,89,0.054083836575349174,0.014993685998336755,nominal,94,0,1042,0.6,0.6
all_constraints,all_constraints,0.7528089887640449,0.43382282926444893,0.9887640449438202,0.10599978800063597,31.343283582089555,96,89,0.054083836575349174,0.014993685998336755,nominal,94,0,1042,0.6,0.6
Any_DLT,dlt_only,0.8526315789473684,0.35635331059341196,1.0,0.0,17.283950617283953,96,95,0.015967475871245067,0.008560642256281831,robust_reg,96,0,1042,0.6,0.6
Blood,dlt_only,0.8736842105263158,0.33396729560733096,1.0,0.0,14.457831325301198,96,95,0.015967475871245067,0.008560642256281831,robust_reg,96,0,1042,0.6,0.6
Constitutional,dlt_only,0.8736842105263158,0.333967295607331,0.9789473684210527,0.1443214031708876,12.048192771084336,96,95,0.015967475871245067,0.008560642256281831,robust_reg,96,0,1042,0.6,0.6
Infection,dlt_only,0.8631578947368421,0.34550383548659225,1.0,0.0,15.853658536585364,96,95,0.015967475871245067,0.008560642256281831,robust_reg,96,0,1042,0.6,0.6
Gastrointestinal,dlt_only,0.8631578947368421,0.3455038354865923,1.0,0.0,15.853658536585364,96,95,0.015967475871245067,0.008560642256281831,robust_reg,96,0,1042,0.6,0.6
Overall_Survival,dlt_only,10.693736232232505,1.7885985250798564,11.935235198368364,0.9610145257841926,11.60959031693523,96,95,0.015967475871245067,0.008560642256281831,robust_reg,96,0,1042,0.6,0.6
all_constraints,dlt_only,0.7052631578947368,0.4583430892442982,0.9789473684210527,0.1443214031708876,38.805970149253746,96,95,0.015967475871245067,0.008560642256281831,robust_reg,96,0,1042,0.6,0.6
Any_DLT,all_constraints,0.8764044943820225,0.3309842319473132,1.0,0.0,14.102564102564099,96,89,0.056380381186803184,0.025330828943240073,robust_reg,96,0,1042,0.6,0.6
Blood,all_constraints,0.8764044943820225,0.3309842319473132,0.9887640449438202,0.10599978800063597,12.820512820512812,96,89,0.056380381186803184,0.025330828943240073,robust_reg,96,0,1042,0.6,0.6
Constitutional,all_constraints,0.9101123595505618,0.28764124744526687,0.9775280898876404,0.14905216367918436,7.407407407407401,96,89,0.056380381186803184,0.025330828943240073,robust_reg,96,0,1042,0.6,0.6
Infection,all_constraints,0.898876404494382,0.30320049697971085,1.0,0.0,11.250000000000004,96,89,0.056380381186803184,0.025330828943240073,robust_reg,96,0,1042,0.6,0.6
Gastrointestinal,all_constraints,0.8876404494382022,0.3175975958515819,1.0,0.0,12.658227848101271,96,89,0.056380381186803184,0.025330828943240073,robust_reg,96,0,1042,0.6,0.6
Overall_Survival,all_constraints,10.70391145814999,1.8341009829174315,11.8766057413026,1.1495819466878683,10.955754704601146,96,89,0.056380381186803184,0.025330828943240073,robust_reg,96,0,1042,0.6,0.6
all_constraints,all_constraints,0.7528089887640449,0.43382282926444893,0.9662921348314607,0.18149869785703643,28.358208955223894,96,89,0.056380381186803184,0.025330828943240073,robust_reg,96,0,1042,0.6,0.6
Any_DLT,dlt_only,0.8526315789473684,0.35635331059341196,0.9894736842105263,0.10259783520851543,16.04938271604938,96,95,0.039466905097166695,0.006467452381704461,cp,95,0,1042,0.6,0.6
Blood,dlt_only,0.8736842105263158,0.33396729560733096,0.9894736842105263,0.10259783520851543,13.25301204819276,96,95,0.039466905097166695,0.006467452381704461,cp,95,0,1042,0.6,0.6
Constitutional,dlt_only,0.8736842105263158,0.333967295607331,0.968421052631579,0.1758040240472914,10.843373493975898,96,95,0.039466905097166695,0.006467452381704461,cp,95,0,1042,0.6,0.6
Infection,dlt_only,0.8631578947368421,0.34550383548659225,0.9894736842105263,0.10259783520851543,14.634146341463408,96,95,0.039466905097166695,0.006467452381704461,cp,95,0,1042,0.6,0.6
Gastrointestinal,dlt_only,0.8631578947368421,0.3455038354865923,1.0,0.0,15.853658536585364,96,95,0.039466905097166695,0.006467452381704461,cp,95,0,1042,0.6,0.6
Overall_Survival,dlt_only,10.693736232232505,1.7885985250798564,11.858996168218821,0.9665859050548888,10.896658667099445,96,95,0.039466905097166695,0.006467452381704461,cp,95,0,1042,0.6,0.6
all_constraints,dlt_only,0.7052631578947368,0.4583430892442982,0.9578947368421052,0.2018947204943553,35.820895522388064,96,95,0.039466905097166695,0.006467452381704461,cp,95,0,1042,0.6,0.6
Any_DLT,all_constraints,0.8764044943820225,0.3309842319473132,1.0,0.0,14.102564102564099,96,89,0.08475543061892192,0.018388955573708413,cp,89,0,1042,0.6,0.6
Blood,all_constraints,0.8764044943820225,0.3309842319473132,1.0,0.0,14.102564102564099,96,89,0.08475543061892192,0.018388955573708413,cp,89,0,1042,0.6,0.6
Constitutional,all_constraints,0.9101123595505618,0.28764124744526687,0.9775280898876404,0.14905216367918436,7.407407407407401,96,89,0.08475543061892192,0.018388955573708413,cp,89,0,1042,0.6,0.6
Infection,all_constraints,0.898876404494382,0.30320049697971085,1.0,0.0,11.250000000000004,96,89,0.08475543061892192,0.018388955573708413,cp,89,0,1042,0.6,0.6
Gastrointestinal,all_constraints,0.8876404494382022,0.3175975958515819,1.0,0.0,12.658227848101271,96,89,0.08475543061892192,0.018388955573708413,cp,89,0,1042,0.6,0.6
Overall_Survival,all_constraints,10.70391145814999,1.8341009829174315,11.824090715482901,1.2043883322172049,10.465139418544076,96,89,0.08475543061892192,0.018388955573708413,cp,89,0,1042,0.6,0.6
all_constraints,all_constraints,0.7528089887640449,0.43382282926444893,0.9775280898876404,0.14905216367918436,29.850746268656717,96,89,0.08475543061892192,0.018388955573708413,cp,89,0,1042,0.6,0.6
Any_DLT,dlt_only,0.8541666666666666,0.35479176002615415,1.0,0.0,17.07317073170732,96,96,0.0161953071753184,0.0016664158404079213,nominal,96,1,2042,0.6,0.6
Blood,dlt_only,0.875,0.33245498310218435,1.0,0.0,14.285714285714286,96,96,0.0161953071753184,0.0016664158404079213,nominal,96,1,2042,0.6,0.6
Constitutional,dlt_only,0.8645833333333334,0.34396424742808945,0.9791666666666666,0.143575886163796,13.253012048192762,96,96,0.0161953071753184,0.0016664158404079213,nominal,96,1,2042,0.6,0.6
Infection,dlt_only,0.8645833333333334,0.34396424742808945,1.0,0.0,15.662650602409633,96,96,0.0161953071753184,0.0016664158404079213,nominal,96,1,2042,0.6,0.6
Gastrointestinal,dlt_only,0.8645833333333334,0.3439642474280894,1.0,0.0,15.662650602409633,96,96,0.0161953071753184,0.0016664158404079213,nominal,96,1,2042,0.6,0.6
Overall_Survival,dlt_only,10.690597206168823,1.779425762099106,11.94812450417013,0.9642490522635561,11.762928429065427,96,96,0.0161953071753184,0.0016664158404079213,nominal,96,1,2042,0.6,0.6
all_constraints,dlt_only,0.6979166666666666,0.4615714956689105,0.9791666666666666,0.143575886163796,40.29850746268657,96,96,0.0161953071753184,0.0016664158404079213,nominal,96,1,2042,0.6,0.6
Any_DLT,all_constraints,0.8709677419354839,0.33705264882291225,1.0,0.0,14.814814814814813,96,93,0.05967730532089869,0.011815552691814082,nominal,96,1,2042,0.6,0.6
Blood,all_constraints,0.8817204301075269,0.32468922819237606,1.0,0.0,13.414634146341463,96,93,0.05967730532089869,0.011815552691814082,nominal,96,1,2042,0.6,0.6
Constitutional,all_constraints,0.8817204301075269,0.32468922819237606,0.989247311827957,0.10369516947304255,12.195121951219514,96,93,0.05967730532089869,0.011815552691814082,nominal,96,1,2042,0.6,0.6
Infection,all_constraints,0.8817204301075269,0.32468922819237606,1.0,0.0,13.414634146341463,96,93,0.05967730532089869,0.011815552691814082,nominal,96,1,2042,0.6,0.6
Gastrointestinal,all_constraints,0.8817204301075269,0.32468922819237606,1.0,0.0,13.414634146341463,96,93,0.05967730532089869,0.011815552691814082,nominal,96,1,2042,0.6,0.6
Overall_Survival,all_constraints,10.785688251069542,1.7102342931239098,11.989843140289198,0.9431723811792373,11.164376914938622,96,93,0.05967730532089869,0.011815552691814082,nominal,96,1,2042,0.6,0.6
all_constraints,all_constraints,0.7204301075268817,0.4512203596877334,0.989247311827957,0.10369516947304255,37.31343283582089,96,93,0.05967730532089869,0.011815552691814082,nominal,96,1,2042,0.6,0.6
Any_DLT,dlt_only,0.8541666666666666,0.35479176002615415,1.0,0.0,17.07317073170732,96,96,0.01651562253634135,0.0019368920031659854,robust_reg,96,1,2042,0.6,0.6
Blood,dlt_only,0.875,0.33245498310218435,1.0,0.0,14.285714285714286,96,96,0.01651562253634135,0.0019368920031659854,robust_reg,96,1,2042,0.6,0.6
Constitutional,dlt_only,0.8645833333333334,0.34396424742808945,0.9791666666666666,0.143575886163796,13.253012048192762,96,96,0.01651562253634135,0.0019368920031659854,robust_reg,96,1,2042,0.6,0.6
Infection,dlt_only,0.8645833333333334,0.34396424742808945,1.0,0.0,15.662650602409633,96,96,0.01651562253634135,0.0019368920031659854,robust_reg,96,1,2042,0.6,0.6
Gastrointestinal,dlt_only,0.8645833333333334,0.3439642474280894,1.0,0.0,15.662650602409633,96,96,0.01651562253634135,0.0019368920031659854,robust_reg,96,1,2042,0.6,0.6
Overall_Survival,dlt_only,10.690597206168823,1.779425762099106,11.94812450417013,0.9642490522635561,11.762928429065427,96,96,0.01651562253634135,0.0019368920031659854,robust_reg,96,1,2042,0.6,0.6
all_constraints,dlt_only,0.6979166666666666,0.4615714956689105,0.9791666666666666,0.143575886163796,40.29850746268657,96,96,0.01651562253634135,0.0019368920031659854,robust_reg,96,1,2042,0.6,0.6
Any_DLT,all_constraints,0.8709677419354839,0.33705264882291225,0.989247311827957,0.10369516947304255,13.580246913580247,96,93,0.0659475972255071,0.03812399505239237,robust_reg,96,1,2042,0.6,0.6
Blood,all_constraints,0.8817204301075269,0.32468922819237606,0.967741935483871,0.17764234361221223,9.756097560975613,96,93,0.0659475972255071,0.03812399505239237,robust_reg,96,1,2042,0.6,0.6
Constitutional,all_constraints,0.8817204301075269,0.32468922819237606,0.978494623655914,0.14584794223227635,10.975609756097564,96,93,0.0659475972255071,0.03812399505239237,robust_reg,96,1,2042,0.6,0.6
Infection,all_constraints,0.8817204301075269,0.32468922819237606,0.989247311827957,0.10369516947304255,12.195121951219514,96,93,0.0659475972255071,0.03812399505239237,robust_reg,96,1,2042,0.6,0.6
Gastrointestinal,all_constraints,0.8817204301075269,0.32468922819237606,1.0,0.0,13.414634146341463,96,93,0.0659475972255071,0.03812399505239237,robust_reg,96,1,2042,0.6,0.6
Overall_Survival,all_constraints,10.785688251069542,1.7102342931239098,11.950129905295977,0.9504870664773913,10.79617384742198,96,93,0.0659475972255071,0.03812399505239237,robust_reg,96,1,2042,0.6,0.6
all_constraints,all_constraints,0.7204301075268817,0.4512203596877334,0.946236559139785,0.22677279367959727,31.34328358208955,96,93,0.0659475972255071,0.03812399505239237,robust_reg,96,1,2042,0.6,0.6
Any_DLT,dlt_only,0.8541666666666666,0.35479176002615415,0.9895833333333334,0.10206207261596574,15.853658536585376,96,96,0.045654356479644775,0.008967964187317289,cp,96,1,2042,0.6,0.6
Blood,dlt_only,0.875,0.33245498310218435,0.9895833333333334,0.10206207261596574,13.0952380952381,96,96,0.045654356479644775,0.008967964187317289,cp,96,1,2042,0.6,0.6
Constitutional,dlt_only,0.8645833333333334,0.34396424742808945,0.9791666666666666,0.143575886163796,13.253012048192762,96,96,0.045654356479644775,0.008967964187317289,cp,96,1,2042,0.6,0.6
Infection,dlt_only,0.8645833333333334,0.34396424742808945,0.9895833333333334,0.10206207261596574,14.457831325301203,96,96,0.045654356479644775,0.008967964187317289,cp,96,1,2042,0.6,0.6
Gastrointestinal,dlt_only,0.8645833333333334,0.3439642474280894,1.0,0.0,15.662650602409633,96,96,0.045654356479644775,0.008967964187317289,cp,96,1,2042,0.6,0.6
Overall_Survival,dlt_only,10.690597206168823,1.779425762099106,11.868660929027646,1.013455315416653,11.019625004476291,96,96,0.045654356479644775,0.008967964187317289,cp,96,1,2042,0.6,0.6
all_constraints,dlt_only,0.6979166666666666,0.4615714956689105,0.96875,0.17490598978639324,38.80597014925374,96,96,0.045654356479644775,0.008967964187317289,cp,96,1,2042,0.6,0.6
Any_DLT,all_constraints,0.8709677419354839,0.33705264882291225,1.0,0.0,14.814814814814813,96,93,0.2688145289818446,0.19969824716613377,cp,93,1,2042,0.6,0.6
Blood,all_constraints,0.8817204301075269,0.32468922819237606,1.0,0.0,13.414634146341463,96,93,0.2688145289818446,0.19969824716613377,cp,93,1,2042,0.6,0.6
Constitutional,all_constraints,0.8817204301075269,0.32468922819237606,0.967741935483871,0.17764234361221226,9.756097560975613,96,93,0.2688145289818446,0.19969824716613377,cp,93,1,2042,0.6,0.6
Infection,all_constraints,0.8817204301075269,0.32468922819237606,1.0,0.0,13.414634146341463,96,93,0.2688145289818446,0.19969824716613377,cp,93,1,2042,0.6,0.6
Gastrointestinal,all_constraints,0.8817204301075269,0.32468922819237606,1.0,0.0,13.414634146341463,96,93,0.2688145289818446,0.19969824716613377,cp,93,1,2042,0.6,0.6
Overall_Survival,all_constraints,10.785688251069542,1.7102342931239098,11.47553765708854,1.346572652579464,6.3959701964368305,96,93,0.2688145289818446,0.19969824716613377,cp,93,1,2042,0.6,0.6
all_constraints,all_constraints,0.7204301075268817,0.4512203596877334,0.967741935483871,0.17764234361221226,34.32835820895522,96,93,0.2688145289818446,0.19969824716613377,cp,93,1,2042,0.6,0.6
Any_DLT,dlt_only,0.8571428571428571,0.35186577527449836,1.0,0.0,16.66666666666667,96,91,0.01009646306435267,0.0011908433062441225,nominal,96,2,3042,0.6,0.6
Blood,dlt_only,0.8681318681318682,0.3402218625410715,1.0,0.0,15.189873417721516,96,91,0.01009646306435267,0.0011908433062441225,nominal,96,2,3042,0.6,0.6
Constitutional,dlt_only,0.8791208791208791,0.32779278126296113,0.978021978021978,0.14742395237484895,11.249999999999998,96,91,0.01009646306435267,0.0011908433062441225,nominal,96,2,3042,0.6,0.6
Infection,dlt_only,0.8791208791208791,0.3277927812629611,1.0,0.0,13.750000000000002,96,91,0.01009646306435267,0.0011908433062441225,nominal,96,2,3042,0.6,0.6
Gastrointestinal,dlt_only,0.8681318681318682,0.34022186254107156,1.0,0.0,15.189873417721516,96,91,0.01009646306435267,0.0011908433062441225,nominal,96,2,3042,0.6,0.6
Overall_Survival,dlt_only,10.722466861118136,1.8128984847581753,10.97369550176333,1.0432027532970156,2.343011583987277,96,91,0.01009646306435267,0.0011908433062441225,nominal,96,2,3042,0.6,0.6
all_constraints,dlt_only,0.7142857142857143,0.45425676257949793,0.978021978021978,0.14742395237484895,36.92307692307691,96,91,0.01009646306435267,0.0011908433062441225,nominal,96,2,3042,0.6,0.6
Any_DLT,all_constraints,0.8723404255319149,0.3354997092507591,1.0,0.0,14.63414634146341,96,94,0.05548244963089625,0.032434432309747276,nominal,96,2,3042,0.6,0.6
Blood,all_constraints,0.8723404255319149,0.3354997092507591,1.0,0.0,14.63414634146341,96,94,0.05548244963089625,0.032434432309747276,nominal,96,2,3042,0.6,0.6
Constitutional,all_constraints,0.8723404255319149,0.3354997092507591,0.9680851063829787,0.1767160202664313,10.975609756097557,96,94,0.05548244963089625,0.032434432309747276,nominal,96,2,3042,0.6,0.6
Infection,all_constraints,0.8829787234042553,0.32316921825641187,1.0,0.0,13.253012048192772,96,94,0.05548244963089625,0.032434432309747276,nominal,96,2,3042,0.6,0.6
Gastrointestinal,all_constraints,0.8829787234042553,0.32316921825641187,1.0,0.0,13.253012048192772,96,94,0.05548244963089625,0.032434432309747276,nominal,96,2,3042,0.6,0.6
Overall_Survival,all_constraints,10.669612765560313,1.792286859591536,11.002826541923495,1.0579099218480918,3.123016586307045,96,94,0.05548244963089625,0.032434432309747276,nominal,96,2,3042,0.6,0.6
all_constraints,all_constraints,0.7127659574468085,0.45489784805160016,0.9680851063829787,0.1767160202664313,35.820895522388064,96,94,0.05548244963089625,0.032434432309747276,nominal,96,2,3042,0.6,0.6
Any_DLT,dlt_only,0.8571428571428571,0.35186577527449836,0.989010989010989,0.1048284836721918,15.384615384615396,96,91,0.011560119688510895,0.0037343691433982073,robust_reg,95,2,3042,0.6,0.6
Blood,dlt_only,0.8681318681318682,0.3402218625410715,1.0,0.0,15.189873417721516,96,91,0.011560119688510895,0.0037343691433982073,robust_reg,95,2,3042,0.6,0.6
Constitutional,dlt_only,0.8791208791208791,0.32779278126296113,0.967032967032967,0.17953950048508055,10.000000000000004,96,91,0.011560119688510895,0.0037343691433982073,robust_reg,95,2,3042,0.6,0.6
Infection,dlt_only,0.8791208791208791,0.3277927812629611,1.0,0.0,13.750000000000002,96,91,0.011560119688510895,0.0037343691433982073,robust_reg,95,2,3042,0.6,0.6
Gastrointestinal,dlt_only,0.8681318681318682,0.34022186254107156,0.989010989010989,0.1048284836721918,13.924050632911394,96,91,0.011560119688510895,0.0037343691433982073,robust_reg,95,2,3042,0.6,0.6
Overall_Survival,dlt_only,10.722466861118136,1.8128984847581753,10.986412204763825,1.047514101459135,2.4616102531667345,96,91,0.011560119688510895,0.0037343691433982073,robust_reg,95,2,3042,0.6,0.6
all_constraints,dlt_only,0.7142857142857143,0.45425676257949793,0.967032967032967,0.17953950048508055,35.38461538461538,96,91,0.011560119688510895,0.0037343691433982073,robust_reg,95,2,3042,0.6,0.6
Any_DLT,all_constraints,0.8723404255319149,0.3354997092507591,1.0,0.0,14.63414634146341,96,94,0.06163697193066279,0.04431848939468093,robust_reg,94,2,3042,0.6,0.6
Blood,all_constraints,0.8723404255319149,0.3354997092507591,1.0,0.0,14.63414634146341,96,94,0.06163697193066279,0.04431848939468093,robust_reg,94,2,3042,0.6,0.6
Constitutional,all_constraints,0.8723404255319149,0.3354997092507591,0.9574468085106383,0.2029298102618999,9.756097560975611,96,94,0.06163697193066279,0.04431848939468093,robust_reg,94,2,3042,0.6,0.6
Infection,all_constraints,0.8829787234042553,0.32316921825641187,1.0,0.0,13.253012048192772,96,94,0.06163697193066279,0.04431848939468093,robust_reg,94,2,3042,0.6,0.6
Gastrointestinal,all_constraints,0.8829787234042553,0.32316921825641187,1.0,0.0,13.253012048192772,96,94,0.06163697193066279,0.04431848939468093,robust_reg,94,2,3042,0.6,0.6
Overall_Survival,all_constraints,10.669612765560313,1.792286859591536,11.023194865535274,1.0397747604919125,3.313916894118816,96,94,0.06163697193066279,0.04431848939468093,robust_reg,94,2,3042,0.6,0.6
all_constraints,all_constraints,0.7127659574468085,0.45489784805160016,0.9574468085106383,0.2029298102618999,34.32835820895524,96,94,0.06163697193066279,0.04431848939468093,robust_reg,94,2,3042,0.6,0.6
Any_DLT,dlt_only,0.8571428571428571,0.35186577527449836,1.0,0.0,16.66666666666667,96,91,0.4218888406952222,0.2944678450038906,cp,92,2,3042,0.6,0.6
Blood,dlt_only,0.8681318681318682,0.3402218625410715,1.0,0.0,15.189873417721516,96,91,0.4218888406952222,0.2944678450038906,cp,92,2,3042,0.6,0.6
Constitutional,dlt_only,0.8791208791208791,0.32779278126296113,0.945054945054945,0.22913544575873138,7.499999999999999,96,91,0.4218888406952222,0.2944678450038906,cp,92,2,3042,0.6,0.6
Infection,dlt_only,0.8791208791208791,0.3277927812629611,1.0,0.0,13.750000000000002,96,91,0.4218888406952222,0.2944678450038906,cp,92,2,3042,0.6,0.6
Gastrointestinal,dlt_only,0.8681318681318682,0.34022186254107156,1.0,0.0,15.189873417721516,96,91,0.4218888406952222,0.2944678450038906,cp,92,2,3042,0.6,0.6
Overall_Survival,dlt_only,10.722466861118136,1.8128984847581753,10.957405666891631,1.1732019914954288,2.1910891291763455,96,91,0.4218888406952222,0.2944678450038906,cp,92,2,3042,0.6,0.6
all_constraints,dlt_only,0.7142857142857143,0.45425676257949793,0.945054945054945,0.22913544575873138,32.3076923076923,96,91,0.4218888406952222,0.2944678450038906,cp,92,2,3042,0.6,0.6
Any_DLT,all_constraints,0.8723404255319149,0.3354997092507591,1.0,0.0,14.63414634146341,96,94,0.0741337239742279,0.04986262806874487,cp,96,2,3042,0.6,0.6
Blood,all_constraints,0.8723404255319149,0.3354997092507591,1.0,0.0,14.63414634146341,96,94,0.0741337239742279,0.04986262806874487,cp,96,2,3042,0.6,0.6
Constitutional,all_constraints,0.8723404255319149,0.3354997092507591,0.9680851063829787,0.1767160202664313,10.975609756097557,96,94,0.0741337239742279,0.04986262806874487,cp,96,2,3042,0.6,0.6
Infection,all_constraints,0.8829787234042553,0.32316921825641187,1.0,0.0,13.253012048192772,96,94,0.0741337239742279,0.04986262806874487,cp,96,2,3042,0.6,0.6
Gastrointestinal,all_constraints,0.8829787234042553,0.32316921825641187,1.0,0.0,13.253012048192772,96,94,0.0741337239742279,0.04986262806874487,cp,96,2,3042,0.6,0.6
Overall_Survival,all_constraints,10.669612765560313,1.792286859591536,11.00266197223472,1.058093570797234,3.1214741714847642,96,94,0.0741337239742279,0.04986262806874487,cp,96,2,3042,0.6,0.6
all_constraints,all_constraints,0.7127659574468085,0.45489784805160016,0.9680851063829787,0.1767160202664313,35.820895522388064,96,94,0.0741337239742279,0.04986262806874487,cp,96,2,3042,0.6,0.6
Any_DLT,dlt_only,0.8541666666666666,0.35479176002615415,1.0,0.0,17.07317073170732,96,96,0.02079072594642639,0.028523333502706957,nominal,96,3,4042,0.6,0.6
Blood,dlt_only,0.875,0.33245498310218435,1.0,0.0,14.285714285714286,96,96,0.02079072594642639,0.028523333502706957,nominal,96,3,4042,0.6,0.6
Constitutional,dlt_only,0.8645833333333334,0.34396424742808945,0.9166666666666666,0.27783625115549687,6.02409638554216,96,96,0.02079072594642639,0.028523333502706957,nominal,96,3,4042,0.6,0.6
Infection,dlt_only,0.8645833333333334,0.34396424742808945,1.0,0.0,15.662650602409633,96,96,0.02079072594642639,0.028523333502706957,nominal,96,3,4042,0.6,0.6
Gastrointestinal,dlt_only,0.8645833333333334,0.3439642474280894,1.0,0.0,15.662650602409633,96,96,0.02079072594642639,0.028523333502706957,nominal,96,3,4042,0.6,0.6
Overall_Survival,dlt_only,10.690597206168823,1.779425762099106,11.992224108393252,0.9740353829262507,12.175436761131996,96,96,0.02079072594642639,0.028523333502706957,nominal,96,3,4042,0.6,0.6
all_constraints,dlt_only,0.6979166666666666,0.4615714956689105,0.9166666666666666,0.27783625115549687,31.343283582089555,96,96,0.02079072594642639,0.028523333502706957,nominal,96,3,4042,0.6,0.6
Any_DLT,all_constraints,0.8541666666666666,0.35479176002615415,0.9895833333333334,0.10206207261596574,15.853658536585376,96,96,0.05164599666992823,0.03384515298737414,nominal,96,3,4042,0.6,0.6
Blood,all_constraints,0.875,0.33245498310218435,0.9895833333333334,0.10206207261596574,13.0952380952381,96,96,0.05164599666992823,0.03384515298737414,nominal,96,3,4042,0.6,0.6
Constitutional,all_constraints,0.8645833333333334,0.34396424742808945,0.9270833333333334,0.2613645031536837,7.228915662650602,96,96,0.05164599666992823,0.03384515298737414,nominal,96,3,4042,0.6,0.6
Infection,all_constraints,0.8645833333333334,0.34396424742808945,0.9895833333333334,0.10206207261596574,14.457831325301203,96,96,0.05164599666992823,0.03384515298737414,nominal,96,3,4042,0.6,0.6
Gastrointestinal,all_constraints,0.8645833333333334,0.3439642474280894,1.0,0.0,15.662650602409633,96,96,0.05164599666992823,0.03384515298737414,nominal,96,3,4042,0.6,0.6
Overall_Survival,all_constraints,10.690597206168823,1.779425762099106,11.925621417966923,1.1481271594011961,11.552434237120549,96,96,0.05164599666992823,0.03384515298737414,nominal,96,3,4042,0.6,0.6
all_constraints,all_constraints,0.6979166666666666,0.4615714956689105,0.90625,0.2930106877878258,29.85074626865672,96,96,0.05164599666992823,0.03384515298737414,nominal,96,3,4042,0.6,0.6
Any_DLT,dlt_only,0.8541666666666666,0.35479176002615415,0.6354166666666666,0.4838397226282506,-25.609756097560975,96,96,0.05299339940150579,0.05513676823243143,robust_reg,96,3,4042,0.6,0.6
Blood,dlt_only,0.875,0.33245498310218435,0.2708333333333333,0.4467229605793416,-69.04761904761905,96,96,0.05299339940150579,0.05513676823243143,robust_reg,96,3,4042,0.6,0.6
Constitutional,dlt_only,0.8645833333333334,0.34396424742808945,0.8958333333333334,0.3070801941090227,3.614457831325301,96,96,0.05299339940150579,0.05513676823243143,robust_reg,96,3,4042,0.6,0.6
Infection,dlt_only,0.8645833333333334,0.34396424742808945,0.53125,0.501642040544954,-38.55421686746988,96,96,0.05299339940150579,0.05513676823243143,robust_reg,96,3,4042,0.6,0.6
Gastrointestinal,dlt_only,0.8645833333333334,0.3439642474280894,0.9895833333333334,0.10206207261596574,14.457831325301203,96,96,0.05299339940150579,0.05513676823243143,robust_reg,96,3,4042,0.6,0.6
Overall_Survival,dlt_only,10.690597206168823,1.779425762099106,12.24699612009075,1.0179128472493624,14.558577822236472,96,96,0.05299339940150579,0.05513676823243143,robust_reg,96,3,4042,0.6,0.6
all_constraints,dlt_only,0.6979166666666666,0.4615714956689105,0.19791666666666666,0.40052049468993056,-71.64179104477613,96,96,0.05299339940150579,0.05513676823243143,robust_reg,96,3,4042,0.6,0.6
Any_DLT,all_constraints,0.8541666666666666,0.35479176002615415,0.8333333333333334,0.3746343246326776,-2.439024390243894,96,96,0.08018865933020909,0.054124948416975176,robust_reg,96,3,4042,0.6,0.6
Blood,all_constraints,0.875,0.33245498310218435,0.53125,0.501642040544954,-39.285714285714285,96,96,0.08018865933020909,0.054124948416975176,robust_reg,96,3,4042,0.6,0.6
Constitutional,all_constraints,0.8645833333333334,0.34396424742808945,0.9166666666666666,0.27783625115549687,6.02409638554216,96,96,0.08018865933020909,0.054124948416975176,robust_reg,96,3,4042,0.6,0.6
Infection,all_constraints,0.8645833333333334,0.34396424742808945,0.7604166666666666,0.4290697812628879,-12.048192771084347,96,96,0.08018865933020909,0.054124948416975176,robust_reg,96,3,4042,0.6,0.6
Gastrointestinal,all_constraints,0.8645833333333334,0.3439642474280894,1.0,0.0,15.662650602409633,96,96,0.08018865933020909,0.054124948416975176,robust_reg,96,3,4042,0.6,0.6
Overall_Survival,all_constraints,10.690597206168823,1.779425762099106,12.09395163250808,1.1633693322213436,13.126997484569676,96,96,0.08018865933020909,0.054124948416975176,robust_reg,96,3,4042,0.6,0.6
all_constraints,all_constraints,0.6979166666666666,0.4615714956689105,0.4375,0.49868247465327653,-37.3134328358209,96,96,0.08018865933020909,0.054124948416975176,robust_reg,96,3,4042,0.6,0.6
Any_DLT,dlt_only,0.8541666666666666,0.35479176002615415,0.9895833333333334,0.10206207261596574,15.853658536585376,96,96,0.029265972475210827,0.03053805176333263,cp,96,3,4042,0.6,0.6
Blood,dlt_only,0.875,0.33245498310218435,1.0,0.0,14.285714285714286,96,96,0.029265972475210827,0.03053805176333263,cp,96,3,4042,0.6,0.6
Constitutional,dlt_only,0.8645833333333334,0.34396424742808945,0.9270833333333334,0.2613645031536837,7.228915662650602,96,96,0.029265972475210827,0.03053805176333263,cp,96,3,4042,0.6,0.6
Infection,dlt_only,0.8645833333333334,0.34396424742808945,1.0,0.0,15.662650602409633,96,96,0.029265972475210827,0.03053805176333263,cp,96,3,4042,0.6,0.6
Gastrointestinal,dlt_only,0.8645833333333334,0.3439642474280894,0.9895833333333334,0.10206207261596574,14.457831325301203,96,96,0.029265972475210827,0.03053805176333263,cp,96,3,4042,0.6,0.6
Overall_Survival,dlt_only,10.690597206168823,1.779425762099106,11.89620663757493,1.084455577373232,11.277287958341844,96,96,0.029265972475210827,0.03053805176333263,cp,96,3,4042,0.6,0.6
all_constraints,dlt_only,0.6979166666666666,0.4615714956689105,0.9270833333333334,0.2613645031536837,32.8358208955224,96,96,0.029265972475210827,0.03053805176333263,cp,96,3,4042,0.6,0.6
Any_DLT,all_constraints,0.8541666666666666,0.35479176002615415,1.0,0.0,17.07317073170732,96,96,0.19450616836547852,0.1663669292255627,cp,96,3,4042,0.6,0.6
Blood,all_constraints,0.875,0.33245498310218435,0.9895833333333334,0.10206207261596574,13.0952380952381,96,96,0.19450616836547852,0.1663669292255627,cp,96,3,4042,0.6,0.6
Constitutional,all_constraints,0.8645833333333334,0.34396424742808945,0.9270833333333334,0.2613645031536837,7.228915662650602,96,96,0.19450616836547852,0.1663669292255627,cp,96,3,4042,0.6,0.6
Infection,all_constraints,0.8645833333333334,0.34396424742808945,1.0,0.0,15.662650602409633,96,96,0.19450616836547852,0.1663669292255627,cp,96,3,4042,0.6,0.6
Gastrointestinal,all_constraints,0.8645833333333334,0.3439642474280894,0.9791666666666666,0.14357588616379596,13.253012048192762,96,96,0.19450616836547852,0.1663669292255627,cp,96,3,4042,0.6,0.6
Overall_Survival,all_constraints,10.690597206168823,1.779425762099106,11.740676226993232,1.1902497710768087,9.822454261193933,96,96,0.19450616836547852,0.1663669292255627,cp,96,3,4042,0.6,0.6
all_constraints,all_constraints,0.6979166666666666,0.4615714956689105,0.90625,0.2930106877878258,29.85074626865672,96,96,0.19450616836547852,0.1663669292255627,cp,96,3,4042,0.6,0.6
Any_DLT,dlt_only,0.8541666666666666,0.35479176002615415,1.0,0.0,17.07317073170732,96,96,0.015524973471959433,0.010144464858748233,nominal,96,4,5042,0.6,0.6
Blood,dlt_only,0.875,0.33245498310218435,1.0,0.0,14.285714285714286,96,96,0.015524973471959433,0.010144464858748233,nominal,96,4,5042,0.6,0.6
Constitutional,dlt_only,0.8645833333333334,0.34396424742808945,0.9791666666666666,0.143575886163796,13.253012048192762,96,96,0.015524973471959433,0.010144464858748233,nominal,96,4,5042,0.6,0.6
Infection,dlt_only,0.8645833333333334,0.34396424742808945,1.0,0.0,15.662650602409633,96,96,0.015524973471959433,0.010144464858748233,nominal,96,4,5042,0.6,0.6
Gastrointestinal,dlt_only,0.8645833333333334,0.3439642474280894,1.0,0.0,15.662650602409633,96,96,0.015524973471959433,0.010144464858748233,nominal,96,4,5042,0.6,0.6
Overall_Survival,dlt_only,10.690597206168823,1.779425762099106,11.94812450417013,0.9642490522635561,11.762928429065427,96,96,0.015524973471959433,0.010144464858748233,nominal,96,4,5042,0.6,0.6
all_constraints,dlt_only,0.6979166666666666,0.4615714956689105,0.9791666666666666,0.143575886163796,40.29850746268657,96,96,0.015524973471959433,0.010144464858748233,nominal,96,4,5042,0.6,0.6
Any_DLT,all_constraints,0.8777777777777778,0.3293772734489573,1.0,0.0,13.924050632911394,96,90,0.05031350006659826,0.0225972955901294,nominal,96,4,5042,0.6,0.6
Blood,all_constraints,0.8777777777777778,0.3293772734489573,0.9888888888888889,0.10540925533894599,12.658227848101271,96,90,0.05031350006659826,0.0225972955901294,nominal,96,4,5042,0.6,0.6
Constitutional,all_constraints,0.8888888888888888,0.31603030875998483,0.9777777777777777,0.14823135407896973,10.000000000000004,96,90,0.05031350006659826,0.0225972955901294,nominal,96,4,5042,0.6,0.6
Infection,all_constraints,0.9,0.30168068541929594,1.0,0.0,11.111111111111109,96,90,0.05031350006659826,0.0225972955901294,nominal,96,4,5042,0.6,0.6
Gastrointestinal,all_constraints,0.8777777777777778,0.32937727344895723,1.0,0.0,13.924050632911394,96,90,0.05031350006659826,0.0225972955901294,nominal,96,4,5042,0.6,0.6
Overall_Survival,all_constraints,10.693557139456042,1.8311198746101833,11.889129237648824,1.149881360845754,11.180303079706539,96,90,0.05031350006659826,0.0225972955901294,nominal,96,4,5042,0.6,0.6
all_constraints,all_constraints,0.7333333333333333,0.4446940622369092,0.9666666666666667,0.18051113445691194,31.818181818181827,96,90,0.05031350006659826,0.0225972955901294,nominal,96,4,5042,0.6,0.6
Any_DLT,dlt_only,0.8541666666666666,0.35479176002615415,1.0,0.0,17.07317073170732,96,96,0.017052970826625824,0.016029222425699263,robust_reg,96,4,5042,0.6,0.6
Blood,dlt_only,0.875,0.33245498310218435,1.0,0.0,14.285714285714286,96,96,0.017052970826625824,0.016029222425699263,robust_reg,96,4,5042,0.6,0.6
Constitutional,dlt_only,0.8645833333333334,0.34396424742808945,0.9791666666666666,0.143575886163796,13.253012048192762,96,96,0.017052970826625824,0.016029222425699263,robust_reg,96,4,5042,0.6,0.6
Infection,dlt_only,0.8645833333333334,0.34396424742808945,1.0,0.0,15.662650602409633,96,96,0.017052970826625824,0.016029222425699263,robust_reg,96,4,5042,0.6,0.6
Gastrointestinal,dlt_only,0.8645833333333334,0.3439642474280894,1.0,0.0,15.662650602409633,96,96,0.017052970826625824,0.016029222425699263,robust_reg,96,4,5042,0.6,0.6
Overall_Survival,dlt_only,10.690597206168823,1.779425762099106,11.94812450417013,0.9642490522635561,11.762928429065427,96,96,0.017052970826625824,0.016029222425699263,robust_reg,96,4,5042,0.6,0.6
all_constraints,dlt_only,0.6979166666666666,0.4615714956689105,0.9791666666666666,0.143575886163796,40.29850746268657,96,96,0.017052970826625824,0.016029222425699263,robust_reg,96,4,5042,0.6,0.6
Any_DLT,all_constraints,0.8777777777777778,0.3293772734489573,1.0,0.0,13.924050632911394,96,90,0.045804878075917564,0.011875427998307424,robust_reg,96,4,5042,0.6,0.6
Blood,all_constraints,0.8777777777777778,0.3293772734489573,1.0,0.0,13.924050632911394,96,90,0.045804878075917564,0.011875427998307424,robust_reg,96,4,5042,0.6,0.6
Constitutional,all_constraints,0.8888888888888888,0.31603030875998483,0.9777777777777777,0.14823135407896973,10.000000000000004,96,90,0.045804878075917564,0.011875427998307424,robust_reg,96,4,5042,0.6,0.6
Infection,all_constraints,0.9,0.30168068541929594,1.0,0.0,11.111111111111109,96,90,0.045804878075917564,0.011875427998307424,robust_reg,96,4,5042,0.6,0.6
Gastrointestinal,all_constraints,0.8777777777777778,0.32937727344895723,1.0,0.0,13.924050632911394,96,90,0.045804878075917564,0.011875427998307424,robust_reg,96,4,5042,0.6,0.6
Overall_Survival,all_constraints,10.693557139456042,1.8311198746101833,11.931393136685772,1.0042295710259381,11.575530771350948,96,90,0.045804878075917564,0.011875427998307424,robust_reg,96,4,5042,0.6,0.6
all_constraints,all_constraints,0.7333333333333333,0.4446940622369092,0.9777777777777777,0.14823135407896973,33.333333333333336,96,90,0.045804878075917564,0.011875427998307424,robust_reg,96,4,5042,0.6,0.6
Any_DLT,dlt_only,0.8541666666666666,0.35479176002615415,1.0,0.0,17.07317073170732,96,96,0.017599329352378845,0.01465557135470373,cp,96,4,5042,0.6,0.6
Blood,dlt_only,0.875,0.33245498310218435,1.0,0.0,14.285714285714286,96,96,0.017599329352378845,0.01465557135470373,cp,96,4,5042,0.6,0.6
Constitutional,dlt_only,0.8645833333333334,0.34396424742808945,0.9791666666666666,0.143575886163796,13.253012048192762,96,96,0.017599329352378845,0.01465557135470373,cp,96,4,5042,0.6,0.6
Infection,dlt_only,0.8645833333333334,0.34396424742808945,1.0,0.0,15.662650602409633,96,96,0.017599329352378845,0.01465557135470373,cp,96,4,5042,0.6,0.6
Gastrointestinal,dlt_only,0.8645833333333334,0.3439642474280894,1.0,0.0,15.662650602409633,96,96,0.017599329352378845,0.01465557135470373,cp,96,4,5042,0.6,0.6
Overall_Survival,dlt_only,10.690597206168823,1.779425762099106,11.94812450417013,0.9642490522635561,11.762928429065427,96,96,0.017599329352378845,0.01465557135470373,cp,96,4,5042,0.6,0.6
all_constraints,dlt_only,0.6979166666666666,0.4615714956689105,0.9791666666666666,0.143575886163796,40.29850746268657,96,96,0.017599329352378845,0.01465557135470373,cp,96,4,5042,0.6,0.6
Any_DLT,all_constraints,0.8777777777777778,0.3293772734489573,1.0,0.0,13.924050632911394,96,90,0.21444127708673477,0.2117828649646792,cp,90,4,5042,0.6,0.6
Blood,all_constraints,0.8777777777777778,0.3293772734489573,0.9888888888888889,0.10540925533894599,12.658227848101271,96,90,0.21444127708673477,0.2117828649646792,cp,90,4,5042,0.6,0.6
Constitutional,all_constraints,0.8888888888888888,0.31603030875998483,0.9666666666666667,0.18051113445691194,8.750000000000007,96,90,0.21444127708673477,0.2117828649646792,cp,90,4,5042,0.6,0.6
Infection,all_constraints,0.9,0.30168068541929594,1.0,0.0,11.111111111111109,96,90,0.21444127708673477,0.2117828649646792,cp,90,4,5042,0.6,0.6
Gastrointestinal,all_constraints,0.8777777777777778,0.32937727344895723,1.0,0.0,13.924050632911394,96,90,0.21444127708673477,0.2117828649646792,cp,90,4,5042,0.6,0.6
Overall_Survival,all_constraints,10.693557139456042,1.8311198746101833,11.445292522151828,1.3256321922699652,7.029797221750529,96,90,0.21444127708673477,0.2117828649646792,cp,90,4,5042,0.6,0.6
all_constraints,all_constraints,0.7333333333333333,0.4446940622369092,0.9555555555555556,0.20723493215097805,30.30303030303032,96,90,0.21444127708673477,0.2117828649646792,cp,90,4,5042,0.6,0.6
Any_DLT,dlt_only,0.8541666666666666,0.35479176002615415,1.0,0.0,17.07317073170732,96,96,0.009393637379010519,0.0005850468339309354,nominal,96,5,6042,0.6,0.6
Blood,dlt_only,0.875,0.33245498310218435,1.0,0.0,14.285714285714286,96,96,0.009393637379010519,0.0005850468339309354,nominal,96,5,6042,0.6,0.6
Constitutional,dlt_only,0.8645833333333334,0.34396424742808945,0.9479166666666666,0.22336148028967082,9.63855421686746,96,96,0.009393637379010519,0.0005850468339309354,nominal,96,5,6042,0.6,0.6
Infection,dlt_only,0.8645833333333334,0.34396424742808945,1.0,0.0,15.662650602409633,96,96,0.009393637379010519,0.0005850468339309354,nominal,96,5,6042,0.6,0.6
Gastrointestinal,dlt_only,0.8645833333333334,0.3439642474280894,1.0,0.0,15.662650602409633,96,96,0.009393637379010519,0.0005850468339309354,nominal,96,5,6042,0.6,0.6
Overall_Survival,dlt_only,10.690597206168823,1.779425762099106,11.969657486704135,0.9694402741207356,11.964348257338255,96,96,0.009393637379010519,0.0005850468339309354,nominal,96,5,6042,0.6,0.6
all_constraints,dlt_only,0.6979166666666666,0.4615714956689105,0.9479166666666666,0.22336148028967082,35.820895522388064,96,96,0.009393637379010519,0.0005850468339309354,nominal,96,5,6042,0.6,0.6
Any_DLT,all_constraints,0.8541666666666666,0.35479176002615415,1.0,0.0,17.07317073170732,96,96,0.036855111519495644,0.008650110894713571,nominal,96,5,6042,0.6,0.6
Blood,all_constraints,0.875,0.33245498310218435,1.0,0.0,14.285714285714286,96,96,0.036855111519495644,0.008650110894713571,nominal,96,5,6042,0.6,0.6
Constitutional,all_constraints,0.8645833333333334,0.34396424742808945,0.9479166666666666,0.22336148028967082,9.63855421686746,96,96,0.036855111519495644,0.008650110894713571,nominal,96,5,6042,0.6,0.6
Infection,all_constraints,0.8645833333333334,0.34396424742808945,1.0,0.0,15.662650602409633,96,96,0.036855111519495644,0.008650110894713571,nominal,96,5,6042,0.6,0.6
Gastrointestinal,all_constraints,0.8645833333333334,0.3439642474280894,1.0,0.0,15.662650602409633,96,96,0.036855111519495644,0.008650110894713571,nominal,96,5,6042,0.6,0.6
Overall_Survival,all_constraints,10.690597206168823,1.779425762099106,11.907572630631192,1.0048546529695115,11.383605620835986,96,96,0.036855111519495644,0.008650110894713571,nominal,96,5,6042,0.6,0.6
all_constraints,all_constraints,0.6979166666666666,0.4615714956689105,0.9479166666666666,0.22336148028967082,35.820895522388064,96,96,0.036855111519495644,0.008650110894713571,nominal,96,5,6042,0.6,0.6
Any_DLT,dlt_only,0.8541666666666666,0.35479176002615415,1.0,0.0,17.07317073170732,96,96,0.009978887935479483,0.0007474008796217005,robust_reg,96,5,6042,0.6,0.6
Blood,dlt_only,0.875,0.33245498310218435,1.0,0.0,14.285714285714286,96,96,0.009978887935479483,0.0007474008796217005,robust_reg,96,5,6042,0.6,0.6
Constitutional,dlt_only,0.8645833333333334,0.34396424742808945,0.96875,0.17490598978639324,12.048192771084333,96,96,0.009978887935479483,0.0007474008796217005,robust_reg,96,5,6042,0.6,0.6
Infection,dlt_only,0.8645833333333334,0.34396424742808945,1.0,0.0,15.662650602409633,96,96,0.009978887935479483,0.0007474008796217005,robust_reg,96,5,6042,0.6,0.6
Gastrointestinal,dlt_only,0.8645833333333334,0.3439642474280894,1.0,0.0,15.662650602409633,96,96,0.009978887935479483,0.0007474008796217005,robust_reg,96,5,6042,0.6,0.6
Overall_Survival,dlt_only,10.690597206168823,1.779425762099106,11.966063894483943,0.9643529785827467,11.930733744033818,96,96,0.009978887935479483,0.0007474008796217005,robust_reg,96,5,6042,0.6,0.6
all_constraints,dlt_only,0.6979166666666666,0.4615714956689105,0.96875,0.17490598978639324,38.80597014925374,96,96,0.009978887935479483,0.0007474008796217005,robust_reg,96,5,6042,0.6,0.6
Any_DLT,all_constraints,0.8541666666666666,0.35479176002615415,0.9895833333333334,0.10206207261596574,15.853658536585376,96,96,0.036387935280799866,0.011577405414562482,robust_reg,96,5,6042,0.6,0.6
Blood,all_constraints,0.875,0.33245498310218435,0.9895833333333334,0.10206207261596574,13.0952380952381,96,96,0.036387935280799866,0.011577405414562482,robust_reg,96,5,6042,0.6,0.6
Constitutional,all_constraints,0.8645833333333334,0.34396424742808945,0.9479166666666666,0.22336148028967082,9.63855421686746,96,96,0.036387935280799866,0.011577405414562482,robust_reg,96,5,6042,0.6,0.6
Infection,all_constraints,0.8645833333333334,0.34396424742808945,0.9895833333333334,0.10206207261596574,14.457831325301203,96,96,0.036387935280799866,0.011577405414562482,robust_reg,96,5,6042,0.6,0.6
Gastrointestinal,all_constraints,0.8645833333333334,0.3439642474280894,1.0,0.0,15.662650602409633,96,96,0.036387935280799866,0.011577405414562482,robust_reg,96,5,6042,0.6,0.6
Overall_Survival,all_constraints,10.690597206168823,1.779425762099106,11.949169845382556,0.9868334722878505,11.772706565798739,96,96,0.036387935280799866,0.011577405414562482,robust_reg,96,5,6042,0.6,0.6
all_constraints,all_constraints,0.6979166666666666,0.4615714956689105,0.9375,0.2433321316961438,34.32835820895523,96,96,0.036387935280799866,0.011577405414562482,robust_reg,96,5,6042,0.6,0.6
Any_DLT,dlt_only,0.8541666666666666,0.35479176002615415,1.0,0.0,17.07317073170732,96,96,0.011332583924134573,0.0008574621920653987,cp,96,5,6042,0.6,0.6
Blood,dlt_only,0.875,0.33245498310218435,1.0,0.0,14.285714285714286,96,96,0.011332583924134573,0.0008574621920653987,cp,96,5,6042,0.6,0.6
Constitutional,dlt_only,0.8645833333333334,0.34396424742808945,0.9583333333333334,0.20087527770480484,10.843373493975903,96,96,0.011332583924134573,0.0008574621920653987,cp,96,5,6042,0.6,0.6
Infection,dlt_only,0.8645833333333334,0.34396424742808945,1.0,0.0,15.662650602409633,96,96,0.011332583924134573,0.0008574621920653987,cp,96,5,6042,0.6,0.6
Gastrointestinal,dlt_only,0.8645833333333334,0.3439642474280894,1.0,0.0,15.662650602409633,96,96,0.011332583924134573,0.0008574621920653987,cp,96,5,6042,0.6,0.6
Overall_Survival,dlt_only,10.690597206168823,1.779425762099106,11.95921398892113,0.9607902916963504,11.866659628895885,96,96,0.011332583924134573,0.0008574621920653987,cp,96,5,6042,0.6,0.6
all_constraints,dlt_only,0.6979166666666666,0.4615714956689105,0.9583333333333334,0.20087527770480484,37.31343283582091,96,96,0.011332583924134573,0.0008574621920653987,cp,96,5,6042,0.6,0.6
Any_DLT,all_constraints,0.8541666666666666,0.35479176002615415,0.9895833333333334,0.10206207261596574,15.853658536585376,96,96,0.11659250160058339,0.05486304196824931,cp,96,5,6042,0.6,0.6
Blood,all_constraints,0.875,0.33245498310218435,1.0,0.0,14.285714285714286,96,96,0.11659250160058339,0.05486304196824931,cp,96,5,6042,0.6,0.6
Constitutional,all_constraints,0.8645833333333334,0.34396424742808945,0.96875,0.17490598978639324,12.048192771084333,96,96,0.11659250160058339,0.05486304196824931,cp,96,5,6042,0.6,0.6
Infection,all_constraints,0.8645833333333334,0.34396424742808945,1.0,0.0,15.662650602409633,96,96,0.11659250160058339,0.05486304196824931,cp,96,5,6042,0.6,0.6
Gastrointestinal,all_constraints,0.8645833333333334,0.3439642474280894,1.0,0.0,15.662650602409633,96,96,0.11659250160058339,0.05486304196824931,cp,96,5,6042,0.6,0.6
Overall_Survival,all_constraints,10.690597206168823,1.779425762099106,11.74754835884149,1.2238631056672462,9.886736281325536,96,96,0.11659250160058339,0.05486304196824931,cp,96,5,6042,0.6,0.6
all_constraints,all_constraints,0.6979166666666666,0.4615714956689105,0.9583333333333334,0.20087527770480487,37.31343283582091,96,96,0.11659250160058339,0.05486304196824931,cp,96,5,6042,0.6,0.6
Any_DLT,dlt_only,0.8631578947368421,0.34550383548659225,0.8315789473684211,0.37622513571472205,-3.658536585365852,96,95,0.06341384102900822,0.0527503757013613,nominal,96,6,7042,0.6,0.6
Blood,dlt_only,0.8842105263157894,0.3216697756533383,0.49473684210526314,0.5026246899500345,-44.047619047619044,96,95,0.06341384102900822,0.0527503757013613,nominal,96,6,7042,0.6,0.6
Constitutional,dlt_only,0.8631578947368421,0.34550383548659225,0.9473684210526315,0.22448148540588725,9.7560975609756,96,95,0.06341384102900822,0.0527503757013613,nominal,96,6,7042,0.6,0.6
Infection,dlt_only,0.8736842105263158,0.333967295607331,0.7578947368421053,0.4306301536438475,-13.253012048192772,96,95,0.06341384102900822,0.0527503757013613,nominal,96,6,7042,0.6,0.6
Gastrointestinal,dlt_only,0.8631578947368421,0.3455038354865923,0.8526315789473684,0.3563533105934119,-1.219512195121955,96,95,0.06341384102900822,0.0527503757013613,nominal,96,6,7042,0.6,0.6
Overall_Survival,dlt_only,10.682295535441693,1.7869958575119873,12.105827187863497,1.1025307218979088,13.326083777581461,96,95,0.06341384102900822,0.0527503757013613,nominal,96,6,7042,0.6,0.6
all_constraints,dlt_only,0.7052631578947368,0.4583430892442982,0.30526315789473685,0.46296188461572396,-56.71641791044777,96,95,0.06341384102900822,0.0527503757013613,nominal,96,6,7042,0.6,0.6
Any_DLT,all_constraints,0.875,0.3326141667278259,0.875,0.3326141667278259,0.0,96,88,0.09448007742563884,0.07105799231997728,nominal,96,6,7042,0.6,0.6
Blood,all_constraints,0.8863636363636364,0.3191878408444575,0.5454545454545454,0.5007830858361344,-38.46153846153847,96,88,0.09448007742563884,0.07105799231997728,nominal,96,6,7042,0.6,0.6
Constitutional,all_constraints,0.8977272727272727,0.30474306974563625,0.9545454545454546,0.20949259494173822,6.32911392405064,96,88,0.09448007742563884,0.07105799231997728,nominal,96,6,7042,0.6,0.6
Infection,all_constraints,0.9090909090909091,0.28912724941310364,0.7613636363636364,0.4286926981732773,-16.249999999999996,96,88,0.09448007742563884,0.07105799231997728,nominal,96,6,7042,0.6,0.6
Gastrointestinal,all_constraints,0.875,0.3326141667278259,0.8409090909090909,0.3678569073487971,-3.8961038961038925,96,88,0.09448007742563884,0.07105799231997728,nominal,96,6,7042,0.6,0.6
Overall_Survival,all_constraints,10.758841738390805,1.8067765885057998,12.055199153072094,1.0394218971353864,12.04922840397859,96,88,0.09448007742563884,0.07105799231997728,nominal,96,6,7042,0.6,0.6
all_constraints,all_constraints,0.7386363636363636,0.44189555591864443,0.32954545454545453,0.47274184126735436,-55.38461538461539,96,88,0.09448007742563884,0.07105799231997728,nominal,96,6,7042,0.6,0.6
Any_DLT,dlt_only,0.8631578947368421,0.34550383548659225,0.7684210526315789,0.42407926745360525,-10.975609756097569,96,95,0.0536790465315183,0.05154272932223416,robust_reg,96,6,7042,0.6,0.6
Blood,dlt_only,0.8842105263157894,0.3216697756533383,0.5578947368421052,0.4992715858742276,-36.90476190476191,96,95,0.0536790465315183,0.05154272932223416,robust_reg,96,6,7042,0.6,0.6
Constitutional,dlt_only,0.8631578947368421,0.34550383548659225,0.9157894736842105,0.27917652063748477,6.097560975609749,96,95,0.0536790465315183,0.05154272932223416,robust_reg,96,6,7042,0.6,0.6
Infection,dlt_only,0.8736842105263158,0.333967295607331,0.7052631578947368,0.45834308924429823,-19.27710843373495,96,95,0.0536790465315183,0.05154272932223416,robust_reg,96,6,7042,0.6,0.6
Gastrointestinal,dlt_only,0.8631578947368421,0.3455038354865923,0.7368421052631579,0.44268345916331386,-14.63414634146342,96,95,0.0536790465315183,0.05154272932223416,robust_reg,96,6,7042,0.6,0.6
Overall_Survival,dlt_only,10.682295535441693,1.7869958575119873,11.87624884254598,0.9471851238370146,11.176935735797537,96,95,0.0536790465315183,0.05154272932223416,robust_reg,96,6,7042,0.6,0.6
all_constraints,dlt_only,0.7052631578947368,0.4583430892442982,0.24210526315789474,0.43063015364384744,-65.67164179104478,96,95,0.0536790465315183,0.05154272932223416,robust_reg,96,6,7042,0.6,0.6
Any_DLT,all_constraints,0.875,0.3326141667278259,0.8295454545454546,0.3781865655597855,-5.19480519480519,96,88,0.09155592570702235,0.07211457433120182,robust_reg,94,6,7042,0.6,0.6
Blood,all_constraints,0.8863636363636364,0.3191878408444575,0.5681818181818182,0.49816801268349625,-35.89743589743589,96,88,0.09155592570702235,0.07211457433120182,robust_reg,94,6,7042,0.6,0.6
Constitutional,all_constraints,0.8977272727272727,0.30474306974563625,0.9659090909090909,0.18250263020391777,7.594936708860766,96,88,0.09155592570702235,0.07211457433120182,robust_reg,94,6,7042,0.6,0.6
Infection,all_constraints,0.9090909090909091,0.28912724941310364,0.75,0.4354941703556927,-17.499999999999996,96,88,0.09155592570702235,0.07211457433120182,robust_reg,94,6,7042,0.6,0.6
Gastrointestinal,all_constraints,0.875,0.3326141667278259,0.875,0.3326141667278259,0.0,96,88,0.09155592570702235,0.07211457433120182,robust_reg,94,6,7042,0.6,0.6
Overall_Survival,all_constraints,10.758841738390805,1.8067765885057998,11.872743688555193,1.067088028474099,10.353363096602202,96,88,0.09155592570702235,0.07211457433120182,robust_reg,94,6,7042,0.6,0.6
all_constraints,all_constraints,0.7386363636363636,0.44189555591864443,0.38636363636363635,0.48970594465015976,-47.69230769230769,96,88,0.09155592570702235,0.07211457433120182,robust_reg,94,6,7042,0.6,0.6
Any_DLT,dlt_only,0.8631578947368421,0.34550383548659225,0.9157894736842105,0.27917652063748477,6.097560975609749,96,95,0.1334370349844297,0.087962944351025,cp,95,6,7042,0.6,0.6
Blood,dlt_only,0.8842105263157894,0.3216697756533383,0.7052631578947368,0.4583430892442982,-20.23809523809524,96,95,0.1334370349844297,0.087962944351025,cp,95,6,7042,0.6,0.6
Constitutional,dlt_only,0.8631578947368421,0.34550383548659225,0.968421052631579,0.1758040240472914,12.19512195121951,96,95,0.1334370349844297,0.087962944351025,cp,95,6,7042,0.6,0.6
Infection,dlt_only,0.8736842105263158,0.333967295607331,0.8421052631578947,0.3665767306309684,-3.6144578313253124,96,95,0.1334370349844297,0.087962944351025,cp,95,6,7042,0.6,0.6
Gastrointestinal,dlt_only,0.8631578947368421,0.3455038354865923,0.9368421052631579,0.24453717969020553,8.536585365853659,96,95,0.1334370349844297,0.087962944351025,cp,95,6,7042,0.6,0.6
Overall_Survival,dlt_only,10.682295535441693,1.7869958575119873,11.808018668695107,1.1438471181059746,10.538213715567904,96,95,0.1334370349844297,0.087962944351025,cp,95,6,7042,0.6,0.6
all_constraints,dlt_only,0.7052631578947368,0.4583430892442982,0.631578947368421,0.48493543283632795,-10.447761194029852,96,95,0.1334370349844297,0.087962944351025,cp,95,6,7042,0.6,0.6
Any_DLT,all_constraints,0.875,0.3326141667278259,0.9886363636363636,0.10660035817780522,12.987012987012989,96,88,0.32505342612663907,0.17859201570104086,cp,89,6,7042,0.6,0.6
Blood,all_constraints,0.8863636363636364,0.3191878408444575,0.875,0.3326141667278259,-1.2820512820512808,96,88,0.32505342612663907,0.17859201570104086,cp,89,6,7042,0.6,0.6
Constitutional,all_constraints,0.8977272727272727,0.30474306974563625,0.9772727272727273,0.14988675627759449,8.86075949367089,96,88,0.32505342612663907,0.17859201570104086,cp,89,6,7042,0.6,0.6
Infection,all_constraints,0.9090909090909091,0.28912724941310364,0.9659090909090909,0.18250263020391777,6.250000000000007,96,88,0.32505342612663907,0.17859201570104086,cp,89,6,7042,0.6,0.6
Gastrointestinal,all_constraints,0.875,0.3326141667278259,1.0,0.0,14.285714285714286,96,88,0.32505342612663907,0.17859201570104086,cp,89,6,7042,0.6,0.6
Overall_Survival,all_constraints,10.758841738390805,1.8067765885057998,11.112497247809914,1.1714679254320273,3.2871150818880386,96,88,0.32505342612663907,0.17859201570104086,cp,89,6,7042,0.6,0.6
all_constraints,all_constraints,0.7386363636363636,0.44189555591864443,0.8522727272727273,0.3568628548597954,15.384615384615387,96,88,0.32505342612663907,0.17859201570104086,cp,89,6,7042,0.6,0.6
Any_DLT,dlt_only,0.8541666666666666,0.35479176002615415,1.0,0.0,17.07317073170732,96,96,0.009525405863920847,0.0003015015348956755,nominal,96,7,8042,0.6,0.6
Blood,dlt_only,0.875,0.33245498310218435,1.0,0.0,14.285714285714286,96,96,0.009525405863920847,0.0003015015348956755,nominal,96,7,8042,0.6,0.6
Constitutional,dlt_only,0.8645833333333334,0.34396424742808945,0.9166666666666666,0.27783625115549687,6.02409638554216,96,96,0.009525405863920847,0.0003015015348956755,nominal,96,7,8042,0.6,0.6
Infection,dlt_only,0.8645833333333334,0.34396424742808945,1.0,0.0,15.662650602409633,96,96,0.009525405863920847,0.0003015015348956755,nominal,96,7,8042,0.6,0.6
Gastrointestinal,dlt_only,0.8645833333333334,0.3439642474280894,1.0,0.0,15.662650602409633,96,96,0.009525405863920847,0.0003015015348956755,nominal,96,7,8042,0.6,0.6
Overall_Survival,dlt_only,10.690597206168823,1.779425762099106,11.992224108393252,0.9740353829262507,12.175436761131996,96,96,0.009525405863920847,0.0003015015348956755,nominal,96,7,8042,0.6,0.6
all_constraints,dlt_only,0.6979166666666666,0.4615714956689105,0.9166666666666666,0.27783625115549687,31.343283582089555,96,96,0.009525405863920847,0.0003015015348956755,nominal,96,7,8042,0.6,0.6
Any_DLT,all_constraints,0.8541666666666666,0.35479176002615415,0.9895833333333334,0.10206207261596574,15.853658536585376,96,96,0.053632885217666626,0.0884769685570136,nominal,96,7,8042,0.6,0.6
Blood,all_constraints,0.875,0.33245498310218435,0.9895833333333334,0.10206207261596574,13.0952380952381,96,96,0.053632885217666626,0.0884769685570136,nominal,96,7,8042,0.6,0.6
Constitutional,all_constraints,0.8645833333333334,0.34396424742808945,0.9375,0.2433321316961438,8.43373493975903,96,96,0.053632885217666626,0.0884769685570136,nominal,96,7,8042,0.6,0.6
Infection,all_constraints,0.8645833333333334,0.34396424742808945,0.9895833333333334,0.10206207261596574,14.457831325301203,96,96,0.053632885217666626,0.0884769685570136,nominal,96,7,8042,0.6,0.6
Gastrointestinal,all_constraints,0.8645833333333334,0.3439642474280894,1.0,0.0,15.662650602409633,96,96,0.053632885217666626,0.0884769685570136,nominal,96,7,8042,0.6,0.6
Overall_Survival,all_constraints,10.690597206168823,1.779425762099106,11.842518750248166,1.1494549969550034,10.775090688241876,96,96,0.053632885217666626,0.0884769685570136,nominal,96,7,8042,0.6,0.6
all_constraints,all_constraints,0.6979166666666666,0.4615714956689105,0.9375,0.2433321316961438,34.32835820895523,96,96,0.053632885217666626,0.0884769685570136,nominal,96,7,8042,0.6,0.6
Any_DLT,dlt_only,0.8541666666666666,0.35479176002615415,1.0,0.0,17.07317073170732,96,96,0.010163004199663797,0.0005986688332192239,robust_reg,96,7,8042,0.6,0.6
Blood,dlt_only,0.875,0.33245498310218435,1.0,0.0,14.285714285714286,96,96,0.010163004199663797,0.0005986688332192239,robust_reg,96,7,8042,0.6,0.6
Constitutional,dlt_only,0.8645833333333334,0.34396424742808945,0.9166666666666666,0.27783625115549687,6.02409638554216,96,96,0.010163004199663797,0.0005986688332192239,robust_reg,96,7,8042,0.6,0.6
Infection,dlt_only,0.8645833333333334,0.34396424742808945,1.0,0.0,15.662650602409633,96,96,0.010163004199663797,0.0005986688332192239,robust_reg,96,7,8042,0.6,0.6
Gastrointestinal,dlt_only,0.8645833333333334,0.3439642474280894,1.0,0.0,15.662650602409633,96,96,0.010163004199663797,0.0005986688332192239,robust_reg,96,7,8042,0.6,0.6
Overall_Survival,dlt_only,10.690597206168823,1.779425762099106,11.992224108393252,0.9740353829262507,12.175436761131996,96,96,0.010163004199663797,0.0005986688332192239,robust_reg,96,7,8042,0.6,0.6
all_constraints,dlt_only,0.6979166666666666,0.4615714956689105,0.9166666666666666,0.27783625115549687,31.343283582089555,96,96,0.010163004199663797,0.0005986688332192239,robust_reg,96,7,8042,0.6,0.6
Any_DLT,all_constraints,0.8541666666666666,0.35479176002615415,0.9895833333333334,0.10206207261596574,15.853658536585376,96,96,0.04976132263739904,0.06651367040138143,robust_reg,96,7,8042,0.6,0.6
Blood,all_constraints,0.875,0.33245498310218435,0.9895833333333334,0.10206207261596574,13.0952380952381,96,96,0.04976132263739904,0.06651367040138143,robust_reg,96,7,8042,0.6,0.6
Constitutional,all_constraints,0.8645833333333334,0.34396424742808945,0.9375,0.2433321316961438,8.43373493975903,96,96,0.04976132263739904,0.06651367040138143,robust_reg,96,7,8042,0.6,0.6
Infection,all_constraints,0.8645833333333334,0.34396424742808945,0.9895833333333334,0.10206207261596574,14.457831325301203,96,96,0.04976132263739904,0.06651367040138143,robust_reg,96,7,8042,0.6,0.6
Gastrointestinal,all_constraints,0.8645833333333334,0.3439642474280894,1.0,0.0,15.662650602409633,96,96,0.04976132263739904,0.06651367040138143,robust_reg,96,7,8042,0.6,0.6
Overall_Survival,all_constraints,10.690597206168823,1.779425762099106,11.842518750248166,1.1494549969550034,10.775090688241876,96,96,0.04976132263739904,0.06651367040138143,robust_reg,96,7,8042,0.6,0.6
all_constraints,all_constraints,0.6979166666666666,0.4615714956689105,0.9375,0.2433321316961438,34.32835820895523,96,96,0.04976132263739904,0.06651367040138143,robust_reg,96,7,8042,0.6,0.6
Any_DLT,dlt_only,0.8541666666666666,0.35479176002615415,1.0,0.0,17.07317073170732,96,96,0.04871648798386256,0.055434560933256716,cp,96,7,8042,0.6,0.6
Blood,dlt_only,0.875,0.33245498310218435,1.0,0.0,14.285714285714286,96,96,0.04871648798386256,0.055434560933256716,cp,96,7,8042,0.6,0.6
Constitutional,dlt_only,0.8645833333333334,0.34396424742808945,0.9166666666666666,0.27783625115549687,6.02409638554216,96,96,0.04871648798386256,0.055434560933256716,cp,96,7,8042,0.6,0.6
Infection,dlt_only,0.8645833333333334,0.34396424742808945,1.0,0.0,15.662650602409633,96,96,0.04871648798386256,0.055434560933256716,cp,96,7,8042,0.6,0.6
Gastrointestinal,dlt_only,0.8645833333333334,0.3439642474280894,0.9895833333333334,0.10206207261596574,14.457831325301203,96,96,0.04871648798386256,0.055434560933256716,cp,96,7,8042,0.6,0.6
Overall_Survival,dlt_only,10.690597206168823,1.779425762099106,11.769396914609692,1.053664209222892,10.091107986169062,96,96,0.04871648798386256,0.055434560933256716,cp,96,7,8042,0.6,0.6
all_constraints,dlt_only,0.6979166666666666,0.4615714956689105,0.90625,0.2930106877878258,29.85074626865672,96,96,0.04871648798386256,0.055434560933256716,cp,96,7,8042,0.6,0.6
Any_DLT,all_constraints,0.8541666666666666,0.35479176002615415,0.9895833333333334,0.10206207261596574,15.853658536585376,96,96,0.05996511379877726,0.07105222677440405,cp,96,7,8042,0.6,0.6
Blood,all_constraints,0.875,0.33245498310218435,0.9895833333333334,0.10206207261596574,13.0952380952381,96,96,0.05996511379877726,0.07105222677440405,cp,96,7,8042,0.6,0.6
Constitutional,all_constraints,0.8645833333333334,0.34396424742808945,0.9375,0.2433321316961438,8.43373493975903,96,96,0.05996511379877726,0.07105222677440405,cp,96,7,8042,0.6,0.6
Infection,all_constraints,0.8645833333333334,0.34396424742808945,0.9895833333333334,0.10206207261596574,14.457831325301203,96,96,0.05996511379877726,0.07105222677440405,cp,96,7,8042,0.6,0.6
Gastrointestinal,all_constraints,0.8645833333333334,0.3439642474280894,1.0,0.0,15.662650602409633,96,96,0.05996511379877726,0.07105222677440405,cp,96,7,8042,0.6,0.6
Overall_Survival,all_constraints,10.690597206168823,1.779425762099106,11.842550649004657,1.1494083047445618,10.775389069668808,96,96,0.05996511379877726,0.07105222677440405,cp,96,7,8042,0.6,0.6
all_constraints,all_constraints,0.6979166666666666,0.4615714956689105,0.9375,0.2433321316961438,34.32835820895523,96,96,0.05996511379877726,0.07105222677440405,cp,96,7,8042,0.6,0.6
Any_DLT,dlt_only,0.8541666666666666,0.35479176002615415,1.0,0.0,17.07317073170732,96,96,0.009796967109044393,0.0006310835062747763,nominal,96,8,9042,0.6,0.6
Blood,dlt_only,0.875,0.33245498310218435,1.0,0.0,14.285714285714286,96,96,0.009796967109044393,0.0006310835062747763,nominal,96,8,9042,0.6,0.6
Constitutional,dlt_only,0.8645833333333334,0.34396424742808945,0.9375,0.2433321316961438,8.43373493975903,96,96,0.009796967109044393,0.0006310835062747763,nominal,96,8,9042,0.6,0.6
Infection,dlt_only,0.8645833333333334,0.34396424742808945,1.0,0.0,15.662650602409633,96,96,0.009796967109044393,0.0006310835062747763,nominal,96,8,9042,0.6,0.6
Gastrointestinal,dlt_only,0.8645833333333334,0.3439642474280894,1.0,0.0,15.662650602409633,96,96,0.009796967109044393,0.0006310835062747763,nominal,96,8,9042,0.6,0.6
Overall_Survival,dlt_only,10.690597206168823,1.779425762099106,11.976060588360788,0.9678141000326639,12.024242962312815,96,96,0.009796967109044393,0.0006310835062747763,nominal,96,8,9042,0.6,0.6
all_constraints,dlt_only,0.6979166666666666,0.4615714956689105,0.9375,0.2433321316961438,34.32835820895523,96,96,0.009796967109044393,0.0006310835062747763,nominal,96,8,9042,0.6,0.6
Any_DLT,all_constraints,0.8541666666666666,0.35479176002615415,1.0,0.0,17.07317073170732,96,96,0.04647128780682882,0.027956446262331836,nominal,96,8,9042,0.6,0.6
Blood,all_constraints,0.875,0.33245498310218435,1.0,0.0,14.285714285714286,96,96,0.04647128780682882,0.027956446262331836,nominal,96,8,9042,0.6,0.6
Constitutional,all_constraints,0.8645833333333334,0.34396424742808945,0.9583333333333334,0.20087527770480487,10.843373493975903,96,96,0.04647128780682882,0.027956446262331836,nominal,96,8,9042,0.6,0.6
Infection,all_constraints,0.8645833333333334,0.34396424742808945,1.0,0.0,15.662650602409633,96,96,0.04647128780682882,0.027956446262331836,nominal,96,8,9042,0.6,0.6
Gastrointestinal,all_constraints,0.8645833333333334,0.3439642474280894,1.0,0.0,15.662650602409633,96,96,0.04647128780682882,0.027956446262331836,nominal,96,8,9042,0.6,0.6
Overall_Survival,all_constraints,10.690597206168823,1.779425762099106,11.676647191076464,1.2873596536822896,9.223525738474725,96,96,0.04647128780682882,0.027956446262331836,nominal,96,8,9042,0.6,0.6
all_constraints,all_constraints,0.6979166666666666,0.4615714956689105,0.9583333333333334,0.20087527770480487,37.31343283582091,96,96,0.04647128780682882,0.027956446262331836,nominal,96,8,9042,0.6,0.6
Any_DLT,dlt_only,0.8541666666666666,0.35479176002615415,1.0,0.0,17.07317073170732,96,96,0.009504792590936026,0.000493769184085419,robust_reg,96,8,9042,0.6,0.6
Blood,dlt_only,0.875,0.33245498310218435,1.0,0.0,14.285714285714286,96,96,0.009504792590936026,0.000493769184085419,robust_reg,96,8,9042,0.6,0.6
Constitutional,dlt_only,0.8645833333333334,0.34396424742808945,0.9375,0.2433321316961438,8.43373493975903,96,96,0.009504792590936026,0.000493769184085419,robust_reg,96,8,9042,0.6,0.6
Infection,dlt_only,0.8645833333333334,0.34396424742808945,1.0,0.0,15.662650602409633,96,96,0.009504792590936026,0.000493769184085419,robust_reg,96,8,9042,0.6,0.6
Gastrointestinal,dlt_only,0.8645833333333334,0.3439642474280894,1.0,0.0,15.662650602409633,96,96,0.009504792590936026,0.000493769184085419,robust_reg,96,8,9042,0.6,0.6
Overall_Survival,dlt_only,10.690597206168823,1.779425762099106,11.97629657808495,0.9669189773645227,12.02645041358622,96,96,0.009504792590936026,0.000493769184085419,robust_reg,96,8,9042,0.6,0.6
all_constraints,dlt_only,0.6979166666666666,0.4615714956689105,0.9375,0.2433321316961438,34.32835820895523,96,96,0.009504792590936026,0.000493769184085419,robust_reg,96,8,9042,0.6,0.6
Any_DLT,all_constraints,0.8541666666666666,0.35479176002615415,0.9895833333333334,0.10206207261596574,15.853658536585376,96,96,0.04884778459866842,0.040215690552296665,robust_reg,96,8,9042,0.6,0.6
Blood,all_constraints,0.875,0.33245498310218435,0.9895833333333334,0.10206207261596574,13.0952380952381,96,96,0.04884778459866842,0.040215690552296665,robust_reg,96,8,9042,0.6,0.6
Constitutional,all_constraints,0.8645833333333334,0.34396424742808945,0.9583333333333334,0.20087527770480484,10.843373493975903,96,96,0.04884778459866842,0.040215690552296665,robust_reg,96,8,9042,0.6,0.6
Infection,all_constraints,0.8645833333333334,0.34396424742808945,1.0,0.0,15.662650602409633,96,96,0.04884778459866842,0.040215690552296665,robust_reg,96,8,9042,0.6,0.6
Gastrointestinal,all_constraints,0.8645833333333334,0.3439642474280894,1.0,0.0,15.662650602409633,96,96,0.04884778459866842,0.040215690552296665,robust_reg,96,8,9042,0.6,0.6
Overall_Survival,all_constraints,10.690597206168823,1.779425762099106,11.741818618834424,1.228892403567608,9.833140210904329,96,96,0.04884778459866842,0.040215690552296665,robust_reg,96,8,9042,0.6,0.6
all_constraints,all_constraints,0.6979166666666666,0.4615714956689105,0.9479166666666666,0.22336148028967082,35.820895522388064,96,96,0.04884778459866842,0.040215690552296665,robust_reg,96,8,9042,0.6,0.6
Any_DLT,dlt_only,0.8541666666666666,0.35479176002615415,1.0,0.0,17.07317073170732,96,96,0.011358665923277536,0.0008146210074822899,cp,96,8,9042,0.6,0.6
Blood,dlt_only,0.875,0.33245498310218435,1.0,0.0,14.285714285714286,96,96,0.011358665923277536,0.0008146210074822899,cp,96,8,9042,0.6,0.6
Constitutional,dlt_only,0.8645833333333334,0.34396424742808945,0.9791666666666666,0.143575886163796,13.253012048192762,96,96,0.011358665923277536,0.0008146210074822899,cp,96,8,9042,0.6,0.6
Infection,dlt_only,0.8645833333333334,0.34396424742808945,1.0,0.0,15.662650602409633,96,96,0.011358665923277536,0.0008146210074822899,cp,96,8,9042,0.6,0.6
Gastrointestinal,dlt_only,0.8645833333333334,0.3439642474280894,1.0,0.0,15.662650602409633,96,96,0.011358665923277536,0.0008146210074822899,cp,96,8,9042,0.6,0.6
Overall_Survival,dlt_only,10.690597206168823,1.779425762099106,11.965149418458559,0.9676710911544628,11.922179722141975,96,96,0.011358665923277536,0.0008146210074822899,cp,96,8,9042,0.6,0.6
all_constraints,dlt_only,0.6979166666666666,0.4615714956689105,0.9791666666666666,0.143575886163796,40.29850746268657,96,96,0.011358665923277536,0.0008146210074822899,cp,96,8,9042,0.6,0.6
Any_DLT,all_constraints,0.8541666666666666,0.35479176002615415,1.0,0.0,17.07317073170732,96,96,0.060096400479475655,0.032249565872088604,cp,96,8,9042,0.6,0.6
Blood,all_constraints,0.875,0.33245498310218435,1.0,0.0,14.285714285714286,96,96,0.060096400479475655,0.032249565872088604,cp,96,8,9042,0.6,0.6
Constitutional,all_constraints,0.8645833333333334,0.34396424742808945,0.9583333333333334,0.20087527770480487,10.843373493975903,96,96,0.060096400479475655,0.032249565872088604,cp,96,8,9042,0.6,0.6
Infection,all_constraints,0.8645833333333334,0.34396424742808945,1.0,0.0,15.662650602409633,96,96,0.060096400479475655,0.032249565872088604,cp,96,8,9042,0.6,0.6
Gastrointestinal,all_constraints,0.8645833333333334,0.3439642474280894,1.0,0.0,15.662650602409633,96,96,0.060096400479475655,0.032249565872088604,cp,96,8,9042,0.6,0.6
Overall_Survival,all_constraints,10.690597206168823,1.779425762099106,11.677678250765666,1.2895654579398634,9.23317028563442,96,96,0.060096400479475655,0.032249565872088604,cp,96,8,9042,0.6,0.6
all_constraints,all_constraints,0.6979166666666666,0.4615714956689105,0.9583333333333334,0.20087527770480487,37.31343283582091,96,96,0.060096400479475655,0.032249565872088604,cp,96,8,9042,0.6,0.6
Any_DLT,dlt_only,0.8541666666666666,0.35479176002615415,1.0,0.0,17.07317073170732,96,96,0.010587270061175028,0.000760872842142364,nominal,96,9,10042,0.6,0.6
Blood,dlt_only,0.875,0.33245498310218435,1.0,0.0,14.285714285714286,96,96,0.010587270061175028,0.000760872842142364,nominal,96,9,10042,0.6,0.6
Constitutional,dlt_only,0.8645833333333334,0.34396424742808945,0.9479166666666666,0.22336148028967082,9.63855421686746,96,96,0.010587270061175028,0.000760872842142364,nominal,96,9,10042,0.6,0.6
Infection,dlt_only,0.8645833333333334,0.34396424742808945,1.0,0.0,15.662650602409633,96,96,0.010587270061175028,0.000760872842142364,nominal,96,9,10042,0.6,0.6
Gastrointestinal,dlt_only,0.8645833333333334,0.3439642474280894,1.0,0.0,15.662650602409633,96,96,0.010587270061175028,0.000760872842142364,nominal,96,9,10042,0.6,0.6
Overall_Survival,dlt_only,10.690597206168823,1.779425762099106,11.975528838443045,0.9746032177793827,12.019268965935552,96,96,0.010587270061175028,0.000760872842142364,nominal,96,9,10042,0.6,0.6
all_constraints,dlt_only,0.6979166666666666,0.4615714956689105,0.9479166666666666,0.22336148028967082,35.820895522388064,96,96,0.010587270061175028,0.000760872842142364,nominal,96,9,10042,0.6,0.6
Any_DLT,all_constraints,0.8631578947368421,0.34550383548659225,0.9789473684210527,0.1443214031708876,13.414634146341466,96,95,0.046272518734137215,0.06783893273900718,nominal,96,9,10042,0.6,0.6
Blood,all_constraints,0.8736842105263158,0.33396729560733096,0.9789473684210527,0.1443214031708876,12.048192771084336,96,95,0.046272518734137215,0.06783893273900718,nominal,96,9,10042,0.6,0.6
Constitutional,all_constraints,0.8736842105263158,0.333967295607331,0.9368421052631579,0.24453717969020553,7.228915662650599,96,95,0.046272518734137215,0.06783893273900718,nominal,96,9,10042,0.6,0.6
Infection,all_constraints,0.8736842105263158,0.333967295607331,0.9894736842105263,0.10259783520851543,13.25301204819276,96,95,0.046272518734137215,0.06783893273900718,nominal,96,9,10042,0.6,0.6
Gastrointestinal,all_constraints,0.8736842105263158,0.333967295607331,1.0,0.0,14.457831325301198,96,95,0.046272518734137215,0.06783893273900718,nominal,96,9,10042,0.6,0.6
Overall_Survival,all_constraints,10.735931318339748,1.7322367987232548,11.933091848844228,1.026499277453238,11.150970465500462,96,95,0.046272518734137215,0.06783893273900718,nominal,96,9,10042,0.6,0.6
all_constraints,all_constraints,0.7052631578947368,0.4583430892442982,0.9368421052631579,0.24453717969020553,32.835820895522396,96,95,0.046272518734137215,0.06783893273900718,nominal,96,9,10042,0.6,0.6
Any_DLT,dlt_only,0.8541666666666666,0.35479176002615415,1.0,0.0,17.07317073170732,96,96,0.010291228691736857,0.0005900261318964122,robust_reg,96,9,10042,0.6,0.6
Blood,dlt_only,0.875,0.33245498310218435,1.0,0.0,14.285714285714286,96,96,0.010291228691736857,0.0005900261318964122,robust_reg,96,9,10042,0.6,0.6
Constitutional,dlt_only,0.8645833333333334,0.34396424742808945,0.9375,0.2433321316961438,8.43373493975903,96,96,0.010291228691736857,0.0005900261318964122,robust_reg,96,9,10042,0.6,0.6
Infection,dlt_only,0.8645833333333334,0.34396424742808945,1.0,0.0,15.662650602409633,96,96,0.010291228691736857,0.0005900261318964122,robust_reg,96,9,10042,0.6,0.6
Gastrointestinal,dlt_only,0.8645833333333334,0.3439642474280894,1.0,0.0,15.662650602409633,96,96,0.010291228691736857,0.0005900261318964122,robust_reg,96,9,10042,0.6,0.6
Overall_Survival,dlt_only,10.690597206168823,1.779425762099106,11.97482983023711,0.973059081054262,12.012730433125325,96,96,0.010291228691736857,0.0005900261318964122,robust_reg,96,9,10042,0.6,0.6
all_constraints,dlt_only,0.6979166666666666,0.4615714956689105,0.9375,0.2433321316961438,34.32835820895523,96,96,0.010291228691736857,0.0005900261318964122,robust_reg,96,9,10042,0.6,0.6
Any_DLT,all_constraints,0.8631578947368421,0.34550383548659225,0.968421052631579,0.1758040240472914,12.19512195121951,96,95,0.04867107172807058,0.061932251683705634,robust_reg,96,9,10042,0.6,0.6
Blood,all_constraints,0.8736842105263158,0.33396729560733096,0.968421052631579,0.1758040240472914,10.843373493975898,96,95,0.04867107172807058,0.061932251683705634,robust_reg,96,9,10042,0.6,0.6
Constitutional,all_constraints,0.8736842105263158,0.333967295607331,0.9473684210526315,0.22448148540588725,8.433734939759024,96,95,0.04867107172807058,0.061932251683705634,robust_reg,96,9,10042,0.6,0.6
Infection,all_constraints,0.8736842105263158,0.333967295607331,0.9789473684210527,0.1443214031708876,12.048192771084336,96,95,0.04867107172807058,0.061932251683705634,robust_reg,96,9,10042,0.6,0.6
Gastrointestinal,all_constraints,0.8736842105263158,0.333967295607331,1.0,0.0,14.457831325301198,96,95,0.04867107172807058,0.061932251683705634,robust_reg,96,9,10042,0.6,0.6
Overall_Survival,all_constraints,10.735931318339748,1.7322367987232548,11.947406080967014,0.9455258006140727,11.28430060424989,96,95,0.04867107172807058,0.061932251683705634,robust_reg,96,9,10042,0.6,0.6
all_constraints,all_constraints,0.7052631578947368,0.4583430892442982,0.9473684210526315,0.22448148540588725,34.32835820895522,96,95,0.04867107172807058,0.061932251683705634,robust_reg,96,9,10042,0.6,0.6
Any_DLT,dlt_only,0.8541666666666666,0.35479176002615415,1.0,0.0,17.07317073170732,96,96,0.01705426226059596,0.0012388452551625646,cp,96,9,10042,0.6,0.6
Blood,dlt_only,0.875,0.33245498310218435,1.0,0.0,14.285714285714286,96,96,0.01705426226059596,0.0012388452551625646,cp,96,9,10042,0.6,0.6
Constitutional,dlt_only,0.8645833333333334,0.34396424742808945,0.9583333333333334,0.20087527770480487,10.843373493975903,96,96,0.01705426226059596,0.0012388452551625646,cp,96,9,10042,0.6,0.6
Infection,dlt_only,0.8645833333333334,0.34396424742808945,1.0,0.0,15.662650602409633,96,96,0.01705426226059596,0.0012388452551625646,cp,96,9,10042,0.6,0.6
Gastrointestinal,dlt_only,0.8645833333333334,0.3439642474280894,1.0,0.0,15.662650602409633,96,96,0.01705426226059596,0.0012388452551625646,cp,96,9,10042,0.6,0.6
Overall_Survival,dlt_only,10.690597206168823,1.779425762099106,11.97175083499028,0.9708650387413914,11.983929467309736,96,96,0.01705426226059596,0.0012388452551625646,cp,96,9,10042,0.6,0.6
all_constraints,dlt_only,0.6979166666666666,0.4615714956689105,0.9583333333333334,0.20087527770480487,37.31343283582091,96,96,0.01705426226059596,0.0012388452551625646,cp,96,9,10042,0.6,0.6
Any_DLT,all_constraints,0.8631578947368421,0.34550383548659225,0.9894736842105263,0.10259783520851543,14.634146341463408,96,95,0.22661102066437402,0.32140514972625117,cp,95,9,10042,0.6,0.6
Blood,all_constraints,0.8736842105263158,0.33396729560733096,0.9894736842105263,0.10259783520851543,13.25301204819276,96,95,0.22661102066437402,0.32140514972625117,cp,95,9,10042,0.6,0.6
Constitutional,all_constraints,0.8736842105263158,0.333967295607331,0.9473684210526315,0.22448148540588725,8.433734939759024,96,95,0.22661102066437402,0.32140514972625117,cp,95,9,10042,0.6,0.6
Infection,all_constraints,0.8736842105263158,0.333967295607331,1.0,0.0,14.457831325301198,96,95,0.22661102066437402,0.32140514972625117,cp,95,9,10042,0.6,0.6
Gastrointestinal,all_constraints,0.8736842105263158,0.333967295607331,1.0,0.0,14.457831325301198,96,95,0.22661102066437402,0.32140514972625117,cp,95,9,10042,0.6,0.6
Overall_Survival,all_constraints,10.735931318339748,1.7322367987232548,11.697347107024468,1.3202311023168827,8.955122384607407,96,95,0.22661102066437402,0.32140514972625117,cp,95,9,10042,0.6,0.6
all_constraints,all_constraints,0.7052631578947368,0.4583430892442982,0.9473684210526315,0.22448148540588725,34.32835820895522,96,95,0.22661102066437402,0.32140514972625117,cp,95,9,10042,0.6,0.6
Any_DLT,dlt_only,0.8541666666666666,0.35479176002615415,1.0,0.0,17.07317073170732,96,96,0.017444953322410583,0.0032541380870643186,nominal,96,0,1042,0.6,0.7
Blood,dlt_only,0.875,0.33245498310218435,1.0,0.0,14.285714285714286,96,96,0.017444953322410583,0.0032541380870643186,nominal,96,0,1042,0.6,0.7
Constitutional,dlt_only,0.8645833333333334,0.34396424742808945,0.9479166666666666,0.22336148028967082,9.63855421686746,96,96,0.017444953322410583,0.0032541380870643186,nominal,96,0,1042,0.6,0.7
Infection,dlt_only,0.8645833333333334,0.34396424742808945,1.0,0.0,15.662650602409633,96,96,0.017444953322410583,0.0032541380870643186,nominal,96,0,1042,0.6,0.7
Gastrointestinal,dlt_only,0.8645833333333334,0.3439642474280894,1.0,0.0,15.662650602409633,96,96,0.017444953322410583,0.0032541380870643186,nominal,96,0,1042,0.6,0.7
Overall_Survival,dlt_only,10.690597206168823,1.779425762099106,11.859897007679242,1.047019721124566,10.937647158155912,96,96,0.017444953322410583,0.0032541380870643186,nominal,96,0,1042,0.6,0.7
all_constraints,dlt_only,0.6979166666666666,0.4615714956689105,0.9479166666666666,0.22336148028967082,35.820895522388064,96,96,0.017444953322410583,0.0032541380870643186,nominal,96,0,1042,0.6,0.7
Any_DLT,all_constraints,0.8888888888888888,0.31603030875998483,0.9888888888888889,0.10540925533894599,11.25000000000001,96,90,0.06489766885836919,0.018119260610233126,nominal,91,0,1042,0.6,0.7
Blood,all_constraints,0.8666666666666667,0.3418390448504524,0.9888888888888889,0.10540925533894599,14.102564102564104,96,90,0.06489766885836919,0.018119260610233126,nominal,91,0,1042,0.6,0.7
Constitutional,all_constraints,0.9111111111111111,0.28617761611461456,0.9777777777777777,0.14823135407896973,7.317073170731706,96,90,0.06489766885836919,0.018119260610233126,nominal,91,0,1042,0.6,0.7
Infection,all_constraints,0.9111111111111111,0.28617761611461456,0.9888888888888889,0.10540925533894599,8.536585365853666,96,90,0.06489766885836919,0.018119260610233126,nominal,91,0,1042,0.6,0.7
Gastrointestinal,all_constraints,0.9,0.3016806854192959,0.9888888888888889,0.10540925533894599,9.876543209876546,96,90,0.06489766885836919,0.018119260610233126,nominal,91,0,1042,0.6,0.7
Overall_Survival,all_constraints,10.72336825298359,1.7953126737665,11.908864694507837,1.0074493558458464,11.055261868810701,96,90,0.06489766885836919,0.018119260610233126,nominal,91,0,1042,0.6,0.7
all_constraints,all_constraints,0.7444444444444445,0.4386165972131145,0.9555555555555556,0.20723493215097802,28.358208955223883,96,90,0.06489766885836919,0.018119260610233126,nominal,91,0,1042,0.6,0.7
Any_DLT,dlt_only,0.8541666666666666,0.35479176002615415,0.9895833333333334,0.10206207261596574,15.853658536585376,96,96,0.01803335299094518,0.0035191141840672843,robust_reg,96,0,1042,0.6,0.7
Blood,dlt_only,0.875,0.33245498310218435,1.0,0.0,14.285714285714286,96,96,0.01803335299094518,0.0035191141840672843,robust_reg,96,0,1042,0.6,0.7
Constitutional,dlt_only,0.8645833333333334,0.34396424742808945,0.9375,0.2433321316961438,8.43373493975903,96,96,0.01803335299094518,0.0035191141840672843,robust_reg,96,0,1042,0.6,0.7
Infection,dlt_only,0.8645833333333334,0.34396424742808945,1.0,0.0,15.662650602409633,96,96,0.01803335299094518,0.0035191141840672843,robust_reg,96,0,1042,0.6,0.7
Gastrointestinal,dlt_only,0.8645833333333334,0.3439642474280894,0.9895833333333334,0.10206207261596574,14.457831325301203,96,96,0.01803335299094518,0.0035191141840672843,robust_reg,96,0,1042,0.6,0.7
Overall_Survival,dlt_only,10.690597206168823,1.779425762099106,11.873274510452282,1.0225169410200765,11.062780511466801,96,96,0.01803335299094518,0.0035191141840672843,robust_reg,96,0,1042,0.6,0.7
all_constraints,dlt_only,0.6979166666666666,0.4615714956689105,0.9375,0.2433321316961438,34.32835820895523,96,96,0.01803335299094518,0.0035191141840672843,robust_reg,96,0,1042,0.6,0.7
Any_DLT,all_constraints,0.8888888888888888,0.31603030875998483,0.9555555555555556,0.20723493215097802,7.5000000000000115,96,90,0.0729488159219424,0.0670753471821438,robust_reg,90,0,1042,0.6,0.7
Blood,all_constraints,0.8666666666666667,0.3418390448504524,0.9666666666666667,0.18051113445691194,11.538461538461537,96,90,0.0729488159219424,0.0670753471821438,robust_reg,90,0,1042,0.6,0.7
Constitutional,all_constraints,0.9111111111111111,0.28617761611461456,1.0,0.0,9.756097560975613,96,90,0.0729488159219424,0.0670753471821438,robust_reg,90,0,1042,0.6,0.7
Infection,all_constraints,0.9111111111111111,0.28617761611461456,0.9777777777777777,0.14823135407896973,7.317073170731706,96,90,0.0729488159219424,0.0670753471821438,robust_reg,90,0,1042,0.6,0.7
Gastrointestinal,all_constraints,0.9,0.3016806854192959,0.9888888888888889,0.10540925533894599,9.876543209876546,96,90,0.0729488159219424,0.0670753471821438,robust_reg,90,0,1042,0.6,0.7
Overall_Survival,all_constraints,10.72336825298359,1.7953126737665,11.92204349503039,1.0336528723899292,11.178159825979021,96,90,0.0729488159219424,0.0670753471821438,robust_reg,90,0,1042,0.6,0.7
all_constraints,all_constraints,0.7444444444444445,0.4386165972131145,0.9444444444444444,0.23034469096157234,26.86567164179104,96,90,0.0729488159219424,0.0670753471821438,robust_reg,90,0,1042,0.6,0.7
Any_DLT,dlt_only,0.8541666666666666,0.35479176002615415,1.0,0.0,17.07317073170732,96,96,0.01939493666092555,0.002291914873453013,cp,96,0,1042,0.6,0.7
Blood,dlt_only,0.875,0.33245498310218435,1.0,0.0,14.285714285714286,96,96,0.01939493666092555,0.002291914873453013,cp,96,0,1042,0.6,0.7
Constitutional,dlt_only,0.8645833333333334,0.34396424742808945,0.9479166666666666,0.22336148028967082,9.63855421686746,96,96,0.01939493666092555,0.002291914873453013,cp,96,0,1042,0.6,0.7
Infection,dlt_only,0.8645833333333334,0.34396424742808945,1.0,0.0,15.662650602409633,96,96,0.01939493666092555,0.002291914873453013,cp,96,0,1042,0.6,0.7
Gastrointestinal,dlt_only,0.8645833333333334,0.3439642474280894,1.0,0.0,15.662650602409633,96,96,0.01939493666092555,0.002291914873453013,cp,96,0,1042,0.6,0.7
Overall_Survival,dlt_only,10.690597206168823,1.779425762099106,11.861293522946292,1.044523650365116,10.95071018204614,96,96,0.01939493666092555,0.002291914873453013,cp,96,0,1042,0.6,0.7
all_constraints,dlt_only,0.6979166666666666,0.4615714956689105,0.9479166666666666,0.22336148028967082,35.820895522388064,96,96,0.01939493666092555,0.002291914873453013,cp,96,0,1042,0.6,0.7
Any_DLT,all_constraints,0.8888888888888888,0.31603030875998483,0.9888888888888889,0.10540925533894599,11.25000000000001,96,90,0.07867528746525447,0.017422919934799,cp,91,0,1042,0.6,0.7
Blood,all_constraints,0.8666666666666667,0.3418390448504524,0.9888888888888889,0.10540925533894599,14.102564102564104,96,90,0.07867528746525447,0.017422919934799,cp,91,0,1042,0.6,0.7
Constitutional,all_constraints,0.9111111111111111,0.28617761611461456,0.9777777777777777,0.14823135407896973,7.317073170731706,96,90,0.07867528746525447,0.017422919934799,cp,91,0,1042,0.6,0.7
Infection,all_constraints,0.9111111111111111,0.28617761611461456,0.9888888888888889,0.10540925533894599,8.536585365853666,96,90,0.07867528746525447,0.017422919934799,cp,91,0,1042,0.6,0.7
Gastrointestinal,all_constraints,0.9,0.3016806854192959,0.9888888888888889,0.10540925533894599,9.876543209876546,96,90,0.07867528746525447,0.017422919934799,cp,91,0,1042,0.6,0.7
Overall_Survival,all_constraints,10.72336825298359,1.7953126737665,11.910455968477867,1.0051704546554812,11.070101179860076,96,90,0.07867528746525447,0.017422919934799,cp,91,0,1042,0.6,0.7
all_constraints,all_constraints,0.7444444444444445,0.4386165972131145,0.9555555555555556,0.20723493215097802,28.358208955223883,96,90,0.07867528746525447,0.017422919934799,cp,91,0,1042,0.6,0.7
Any_DLT,dlt_only,0.8526315789473684,0.35635331059341196,1.0,0.0,17.283950617283953,96,95,0.01746709644794464,0.0016371134417094066,nominal,96,1,2042,0.6,0.7
Blood,dlt_only,0.8736842105263158,0.33396729560733096,1.0,0.0,14.457831325301198,96,95,0.01746709644794464,0.0016371134417094066,nominal,96,1,2042,0.6,0.7
Constitutional,dlt_only,0.8736842105263158,0.333967295607331,0.9578947368421052,0.2018947204943553,9.63855421686746,96,95,0.01746709644794464,0.0016371134417094066,nominal,96,1,2042,0.6,0.7
Infection,dlt_only,0.8631578947368421,0.34550383548659225,1.0,0.0,15.853658536585364,96,95,0.01746709644794464,0.0016371134417094066,nominal,96,1,2042,0.6,0.7
Gastrointestinal,dlt_only,0.8631578947368421,0.34550383548659225,1.0,0.0,15.853658536585364,96,95,0.01746709644794464,0.0016371134417094066,nominal,96,1,2042,0.6,0.7
Overall_Survival,dlt_only,10.700988303109694,1.7859352786035234,11.953354381785866,0.9725364297534994,11.70327490510606,96,95,0.01746709644794464,0.0016371134417094066,nominal,96,1,2042,0.6,0.7
all_constraints,dlt_only,0.7052631578947368,0.4583430892442981,0.9578947368421052,0.2018947204943553,35.820895522388064,96,95,0.01746709644794464,0.0016371134417094066,nominal,96,1,2042,0.6,0.7
Any_DLT,all_constraints,0.8777777777777778,0.3293772734489573,0.9777777777777777,0.14823135407896973,11.392405063291138,96,90,0.06407370666662852,0.01959306318965353,nominal,96,1,2042,0.6,0.7
Blood,all_constraints,0.8777777777777778,0.3293772734489573,0.9888888888888889,0.10540925533894599,12.658227848101271,96,90,0.06407370666662852,0.01959306318965353,nominal,96,1,2042,0.6,0.7
Constitutional,all_constraints,0.8888888888888888,0.31603030875998483,0.9666666666666667,0.18051113445691191,8.750000000000007,96,90,0.06407370666662852,0.01959306318965353,nominal,96,1,2042,0.6,0.7
Infection,all_constraints,0.8888888888888888,0.31603030875998483,0.9888888888888889,0.10540925533894599,11.25000000000001,96,90,0.06407370666662852,0.01959306318965353,nominal,96,1,2042,0.6,0.7
Gastrointestinal,all_constraints,0.8777777777777778,0.3293772734489573,1.0,0.0,13.924050632911394,96,90,0.06407370666662852,0.01959306318965353,nominal,96,1,2042,0.6,0.7
Overall_Survival,all_constraints,10.82523571487578,1.6892265596155662,11.987024088561695,0.949310980710835,10.732222413313494,96,90,0.06407370666662852,0.01959306318965353,nominal,96,1,2042,0.6,0.7
all_constraints,all_constraints,0.7222222222222222,0.45041248954328444,0.9555555555555556,0.20723493215097802,32.307692307692314,96,90,0.06407370666662852,0.01959306318965353,nominal,96,1,2042,0.6,0.7
Any_DLT,dlt_only,0.8526315789473684,0.35635331059341196,1.0,0.0,17.283950617283953,96,95,0.012692374487717947,0.0035548073508187097,robust_reg,96,1,2042,0.6,0.7
Blood,dlt_only,0.8736842105263158,0.33396729560733096,1.0,0.0,14.457831325301198,96,95,0.012692374487717947,0.0035548073508187097,robust_reg,96,1,2042,0.6,0.7
Constitutional,dlt_only,0.8736842105263158,0.333967295607331,0.9578947368421052,0.20189472049435528,9.63855421686746,96,95,0.012692374487717947,0.0035548073508187097,robust_reg,96,1,2042,0.6,0.7
Infection,dlt_only,0.8631578947368421,0.34550383548659225,1.0,0.0,15.853658536585364,96,95,0.012692374487717947,0.0035548073508187097,robust_reg,96,1,2042,0.6,0.7
Gastrointestinal,dlt_only,0.8631578947368421,0.34550383548659225,1.0,0.0,15.853658536585364,96,95,0.012692374487717947,0.0035548073508187097,robust_reg,96,1,2042,0.6,0.7
Overall_Survival,dlt_only,10.700988303109694,1.7859352786035234,11.941871777575448,1.0621820877347368,11.595970758188333,96,95,0.012692374487717947,0.0035548073508187097,robust_reg,96,1,2042,0.6,0.7
all_constraints,dlt_only,0.7052631578947368,0.4583430892442981,0.9578947368421052,0.20189472049435528,35.820895522388064,96,95,0.012692374487717947,0.0035548073508187097,robust_reg,96,1,2042,0.6,0.7
Any_DLT,all_constraints,0.8777777777777778,0.3293772734489573,0.9888888888888889,0.10540925533894599,12.658227848101271,96,90,0.0958944633603096,0.16106805500312063,robust_reg,95,1,2042,0.6,0.7
Blood,all_constraints,0.8777777777777778,0.3293772734489573,1.0,0.0,13.924050632911394,96,90,0.0958944633603096,0.16106805500312063,robust_reg,95,1,2042,0.6,0.7
Constitutional,all_constraints,0.8888888888888888,0.31603030875998483,0.9444444444444444,0.23034469096157234,6.2500000000000036,96,90,0.0958944633603096,0.16106805500312063,robust_reg,95,1,2042,0.6,0.7
Infection,all_constraints,0.8888888888888888,0.31603030875998483,0.9888888888888889,0.10540925533894599,11.25000000000001,96,90,0.0958944633603096,0.16106805500312063,robust_reg,95,1,2042,0.6,0.7
Gastrointestinal,all_constraints,0.8777777777777778,0.3293772734489573,1.0,0.0,13.924050632911394,96,90,0.0958944633603096,0.16106805500312063,robust_reg,95,1,2042,0.6,0.7
Overall_Survival,all_constraints,10.82523571487578,1.6892265596155662,11.94708065729501,1.0203660840097386,10.36323801132217,96,90,0.0958944633603096,0.16106805500312063,robust_reg,95,1,2042,0.6,0.7
all_constraints,all_constraints,0.7222222222222222,0.45041248954328444,0.9444444444444444,0.23034469096157234,30.76923076923077,96,90,0.0958944633603096,0.16106805500312063,robust_reg,95,1,2042,0.6,0.7
Any_DLT,dlt_only,0.8526315789473684,0.35635331059341196,1.0,0.0,17.283950617283953,96,95,0.021214887499809265,0.0214012182035768,cp,95,1,2042,0.6,0.7
Blood,dlt_only,0.8736842105263158,0.33396729560733096,0.9894736842105263,0.10259783520851543,13.25301204819276,96,95,0.021214887499809265,0.0214012182035768,cp,95,1,2042,0.6,0.7
Constitutional,dlt_only,0.8736842105263158,0.333967295607331,0.9263157894736842,0.26264227200873946,6.024096385542162,96,95,0.021214887499809265,0.0214012182035768,cp,95,1,2042,0.6,0.7
Infection,dlt_only,0.8631578947368421,0.34550383548659225,1.0,0.0,15.853658536585364,96,95,0.021214887499809265,0.0214012182035768,cp,95,1,2042,0.6,0.7
Gastrointestinal,dlt_only,0.8631578947368421,0.34550383548659225,1.0,0.0,15.853658536585364,96,95,0.021214887499809265,0.0214012182035768,cp,95,1,2042,0.6,0.7
Overall_Survival,dlt_only,10.700988303109694,1.7859352786035234,11.899202961454428,1.0731728159202032,11.197233605016965,96,95,0.021214887499809265,0.0214012182035768,cp,95,1,2042,0.6,0.7
all_constraints,dlt_only,0.7052631578947368,0.4583430892442981,0.9157894736842105,0.27917652063748477,29.850746268656714,96,95,0.021214887499809265,0.0214012182035768,cp,95,1,2042,0.6,0.7
Any_DLT,all_constraints,0.8777777777777778,0.3293772734489573,1.0,0.0,13.924050632911394,96,90,0.36964578926563263,0.2884701276336452,cp,90,1,2042,0.6,0.7
Blood,all_constraints,0.8777777777777778,0.3293772734489573,1.0,0.0,13.924050632911394,96,90,0.36964578926563263,0.2884701276336452,cp,90,1,2042,0.6,0.7
Constitutional,all_constraints,0.8888888888888888,0.31603030875998483,0.9666666666666667,0.18051113445691194,8.750000000000007,96,90,0.36964578926563263,0.2884701276336452,cp,90,1,2042,0.6,0.7
Infection,all_constraints,0.8888888888888888,0.31603030875998483,0.9888888888888889,0.10540925533894599,11.25000000000001,96,90,0.36964578926563263,0.2884701276336452,cp,90,1,2042,0.6,0.7
Gastrointestinal,all_constraints,0.8777777777777778,0.3293772734489573,1.0,0.0,13.924050632911394,96,90,0.36964578926563263,0.2884701276336452,cp,90,1,2042,0.6,0.7
Overall_Survival,all_constraints,10.82523571487578,1.6892265596155662,11.497419924631124,1.3310967355425134,6.2094186903629796,96,90,0.36964578926563263,0.2884701276336452,cp,90,1,2042,0.6,0.7
all_constraints,all_constraints,0.7222222222222222,0.45041248954328444,0.9666666666666667,0.18051113445691194,33.84615384615385,96,90,0.36964578926563263,0.2884701276336452,cp,90,1,2042,0.6,0.7
Any_DLT,dlt_only,0.8641975308641975,0.34471315683307935,1.0,0.0,15.71428571428572,96,81,0.019374196728070576,0.0082937608560032,nominal,96,2,3042,0.6,0.7
Blood,dlt_only,0.8641975308641975,0.34471315683307935,1.0,0.0,15.71428571428572,96,81,0.019374196728070576,0.0082937608560032,nominal,96,2,3042,0.6,0.7
Constitutional,dlt_only,0.9506172839506173,0.21801574300387316,0.9876543209876543,0.11111111111111113,3.89610389610389,96,81,0.019374196728070576,0.0082937608560032,nominal,96,2,3042,0.6,0.7
Infection,dlt_only,0.9012345679012346,0.30020569080236215,1.0,0.0,10.95890410958904,96,81,0.019374196728070576,0.0082937608560032,nominal,96,2,3042,0.6,0.7
Gastrointestinal,dlt_only,0.9012345679012346,0.30020569080236215,1.0,0.0,10.95890410958904,96,81,0.019374196728070576,0.0082937608560032,nominal,96,2,3042,0.6,0.7
Overall_Survival,dlt_only,10.792919266948335,1.8860532298502435,10.98610410835962,1.0992564957142585,1.789922046418741,96,81,0.019374196728070576,0.0082937608560032,nominal,96,2,3042,0.6,0.7
all_constraints,dlt_only,0.7901234567901234,0.4097575314352394,0.9876543209876543,0.11111111111111113,25.0,96,81,0.019374196728070576,0.0082937608560032,nominal,96,2,3042,0.6,0.7
Any_DLT,all_constraints,0.8617021276595744,0.3470633740209737,1.0,0.0,16.049382716049386,96,94,0.10605760663747787,0.06132033877536286,nominal,96,2,3042,0.6,0.7
Blood,all_constraints,0.8723404255319149,0.3354997092507591,1.0,0.0,14.63414634146341,96,94,0.10605760663747787,0.06132033877536286,nominal,96,2,3042,0.6,0.7
Constitutional,all_constraints,0.8723404255319149,0.3354997092507591,0.9574468085106383,0.2029298102618999,9.756097560975611,96,94,0.10605760663747787,0.06132033877536286,nominal,96,2,3042,0.6,0.7
Infection,all_constraints,0.8723404255319149,0.3354997092507591,1.0,0.0,14.63414634146341,96,94,0.10605760663747787,0.06132033877536286,nominal,96,2,3042,0.6,0.7
Gastrointestinal,all_constraints,0.8723404255319149,0.3354997092507591,1.0,0.0,14.63414634146341,96,94,0.10605760663747787,0.06132033877536286,nominal,96,2,3042,0.6,0.7
Overall_Survival,all_constraints,10.6853210411975,1.7962972022447559,10.962109829552274,1.0282335076614728,2.590364737639681,96,94,0.10605760663747787,0.06132033877536286,nominal,96,2,3042,0.6,0.7
all_constraints,all_constraints,0.7127659574468085,0.45489784805160016,0.9574468085106383,0.2029298102618999,34.32835820895524,96,94,0.10605760663747787,0.06132033877536286,nominal,96,2,3042,0.6,0.7
Any_DLT,dlt_only,0.8641975308641975,0.34471315683307935,1.0,0.0,15.71428571428572,96,81,0.036146471897761025,0.03450363108495249,robust_reg,96,2,3042,0.6,0.7
Blood,dlt_only,0.8641975308641975,0.34471315683307935,1.0,0.0,15.71428571428572,96,81,0.036146471897761025,0.03450363108495249,robust_reg,96,2,3042,0.6,0.7
Constitutional,dlt_only,0.9506172839506173,0.21801574300387316,0.9876543209876543,0.11111111111111113,3.89610389610389,96,81,0.036146471897761025,0.03450363108495249,robust_reg,96,2,3042,0.6,0.7
Infection,dlt_only,0.9012345679012346,0.30020569080236215,1.0,0.0,10.95890410958904,96,81,0.036146471897761025,0.03450363108495249,robust_reg,96,2,3042,0.6,0.7
Gastrointestinal,dlt_only,0.9012345679012346,0.30020569080236215,1.0,0.0,10.95890410958904,96,81,0.036146471897761025,0.03450363108495249,robust_reg,96,2,3042,0.6,0.7
Overall_Survival,dlt_only,10.792919266948335,1.8860532298502435,10.98610410835962,1.0992564957142585,1.789922046418741,96,81,0.036146471897761025,0.03450363108495249,robust_reg,96,2,3042,0.6,0.7
all_constraints,dlt_only,0.7901234567901234,0.4097575314352394,0.9876543209876543,0.11111111111111113,25.0,96,81,0.036146471897761025,0.03450363108495249,robust_reg,96,2,3042,0.6,0.7
Any_DLT,all_constraints,0.8617021276595744,0.3470633740209737,1.0,0.0,16.049382716049386,96,94,0.11575880150000255,0.04739675961717049,robust_reg,95,2,3042,0.6,0.7
Blood,all_constraints,0.8723404255319149,0.3354997092507591,1.0,0.0,14.63414634146341,96,94,0.11575880150000255,0.04739675961717049,robust_reg,95,2,3042,0.6,0.7
Constitutional,all_constraints,0.8723404255319149,0.3354997092507591,0.9574468085106383,0.2029298102618999,9.756097560975611,96,94,0.11575880150000255,0.04739675961717049,robust_reg,95,2,3042,0.6,0.7
Infection,all_constraints,0.8723404255319149,0.3354997092507591,1.0,0.0,14.63414634146341,96,94,0.11575880150000255,0.04739675961717049,robust_reg,95,2,3042,0.6,0.7
Gastrointestinal,all_constraints,0.8723404255319149,0.3354997092507591,1.0,0.0,14.63414634146341,96,94,0.11575880150000255,0.04739675961717049,robust_reg,95,2,3042,0.6,0.7
Overall_Survival,all_constraints,10.6853210411975,1.7962972022447559,10.97102924090841,1.0340394625943343,2.6738382366739777,96,94,0.11575880150000255,0.04739675961717049,robust_reg,95,2,3042,0.6,0.7
all_constraints,all_constraints,0.7127659574468085,0.45489784805160016,0.9574468085106383,0.2029298102618999,34.32835820895524,96,94,0.11575880150000255,0.04739675961717049,robust_reg,95,2,3042,0.6,0.7
Any_DLT,dlt_only,0.8641975308641975,0.34471315683307935,1.0,0.0,15.71428571428572,96,81,0.6176759228110313,0.3271114933773375,cp,81,2,3042,0.6,0.7
Blood,dlt_only,0.8641975308641975,0.34471315683307935,1.0,0.0,15.71428571428572,96,81,0.6176759228110313,0.3271114933773375,cp,81,2,3042,0.6,0.7
Constitutional,dlt_only,0.9506172839506173,0.21801574300387316,0.9753086419753086,0.15614965913950216,2.5974025974025974,96,81,0.6176759228110313,0.3271114933773375,cp,81,2,3042,0.6,0.7
Infection,dlt_only,0.9012345679012346,0.30020569080236215,1.0,0.0,10.95890410958904,96,81,0.6176759228110313,0.3271114933773375,cp,81,2,3042,0.6,0.7
Gastrointestinal,dlt_only,0.9012345679012346,0.30020569080236215,1.0,0.0,10.95890410958904,96,81,0.6176759228110313,0.3271114933773375,cp,81,2,3042,0.6,0.7
Overall_Survival,dlt_only,10.792919266948335,1.8860532298502435,11.460828971118131,1.3656559017670653,6.188406376902748,96,81,0.6176759228110313,0.3271114933773375,cp,81,2,3042,0.6,0.7
all_constraints,dlt_only,0.7901234567901234,0.4097575314352394,0.9753086419753086,0.15614965913950216,23.437500000000007,96,81,0.6176759228110313,0.3271114933773375,cp,81,2,3042,0.6,0.7
Any_DLT,all_constraints,0.8617021276595744,0.3470633740209737,1.0,0.0,16.049382716049386,96,94,0.24132647116978964,0.11268080017712749,cp,95,2,3042,0.6,0.7
Blood,all_constraints,0.8723404255319149,0.3354997092507591,1.0,0.0,14.63414634146341,96,94,0.24132647116978964,0.11268080017712749,cp,95,2,3042,0.6,0.7
Constitutional,all_constraints,0.8723404255319149,0.3354997092507591,0.9574468085106383,0.2029298102618999,9.756097560975611,96,94,0.24132647116978964,0.11268080017712749,cp,95,2,3042,0.6,0.7
Infection,all_constraints,0.8723404255319149,0.3354997092507591,1.0,0.0,14.63414634146341,96,94,0.24132647116978964,0.11268080017712749,cp,95,2,3042,0.6,0.7
Gastrointestinal,all_constraints,0.8723404255319149,0.3354997092507591,1.0,0.0,14.63414634146341,96,94,0.24132647116978964,0.11268080017712749,cp,95,2,3042,0.6,0.7
Overall_Survival,all_constraints,10.6853210411975,1.7962972022447559,10.989080972181911,1.040216153863433,2.8427777678673145,96,94,0.24132647116978964,0.11268080017712749,cp,95,2,3042,0.6,0.7
all_constraints,all_constraints,0.7127659574468085,0.45489784805160016,0.9574468085106383,0.2029298102618999,34.32835820895524,96,94,0.24132647116978964,0.11268080017712749,cp,95,2,3042,0.6,0.7
Any_DLT,dlt_only,0.8541666666666666,0.35479176002615415,1.0,0.0,17.07317073170732,96,96,0.014691377679506937,0.002589109950411346,nominal,96,3,4042,0.6,0.7
Blood,dlt_only,0.875,0.33245498310218435,1.0,0.0,14.285714285714286,96,96,0.014691377679506937,0.002589109950411346,nominal,96,3,4042,0.6,0.7
Constitutional,dlt_only,0.8645833333333334,0.34396424742808945,0.96875,0.17490598978639324,12.048192771084333,96,96,0.014691377679506937,0.002589109950411346,nominal,96,3,4042,0.6,0.7
Infection,dlt_only,0.8645833333333334,0.34396424742808945,1.0,0.0,15.662650602409633,96,96,0.014691377679506937,0.002589109950411346,nominal,96,3,4042,0.6,0.7
Gastrointestinal,dlt_only,0.8645833333333334,0.3439642474280894,1.0,0.0,15.662650602409633,96,96,0.014691377679506937,0.002589109950411346,nominal,96,3,4042,0.6,0.7
Overall_Survival,dlt_only,10.690597206168823,1.779425762099106,11.955899304327524,0.9686846483017988,11.835654021541288,96,96,0.014691377679506937,0.002589109950411346,nominal,96,3,4042,0.6,0.7
all_constraints,dlt_only,0.6979166666666666,0.4615714956689105,0.96875,0.17490598978639324,38.80597014925374,96,96,0.014691377679506937,0.002589109950411346,nominal,96,3,4042,0.6,0.7
Any_DLT,all_constraints,0.8631578947368421,0.34550383548659225,0.9894736842105263,0.10259783520851541,14.634146341463408,96,95,0.058571254213651024,0.01758189143963221,nominal,96,3,4042,0.6,0.7
Blood,all_constraints,0.8736842105263158,0.33396729560733096,0.9789473684210527,0.1443214031708876,12.048192771084336,96,95,0.058571254213651024,0.01758189143963221,nominal,96,3,4042,0.6,0.7
Constitutional,all_constraints,0.8631578947368421,0.34550383548659225,0.968421052631579,0.17580402404729137,12.19512195121951,96,95,0.058571254213651024,0.01758189143963221,nominal,96,3,4042,0.6,0.7
Infection,all_constraints,0.8736842105263158,0.333967295607331,0.9894736842105263,0.10259783520851541,13.25301204819276,96,95,0.058571254213651024,0.01758189143963221,nominal,96,3,4042,0.6,0.7
Gastrointestinal,all_constraints,0.8736842105263158,0.333967295607331,1.0,0.0,14.457831325301198,96,95,0.058571254213651024,0.01758189143963221,nominal,96,3,4042,0.6,0.7
Overall_Survival,all_constraints,10.682237553712463,1.7869696324041837,11.871800153720057,1.151599445814679,11.135893524425304,96,95,0.058571254213651024,0.01758189143963221,nominal,96,3,4042,0.6,0.7
all_constraints,all_constraints,0.7052631578947368,0.4583430892442982,0.9473684210526315,0.22448148540588725,34.32835820895522,96,95,0.058571254213651024,0.01758189143963221,nominal,96,3,4042,0.6,0.7
Any_DLT,dlt_only,0.8541666666666666,0.35479176002615415,1.0,0.0,17.07317073170732,96,96,0.016787156462669373,0.009036153406432362,robust_reg,96,3,4042,0.6,0.7
Blood,dlt_only,0.875,0.33245498310218435,1.0,0.0,14.285714285714286,96,96,0.016787156462669373,0.009036153406432362,robust_reg,96,3,4042,0.6,0.7
Constitutional,dlt_only,0.8645833333333334,0.34396424742808945,0.9791666666666666,0.143575886163796,13.253012048192762,96,96,0.016787156462669373,0.009036153406432362,robust_reg,96,3,4042,0.6,0.7
Infection,dlt_only,0.8645833333333334,0.34396424742808945,1.0,0.0,15.662650602409633,96,96,0.016787156462669373,0.009036153406432362,robust_reg,96,3,4042,0.6,0.7
Gastrointestinal,dlt_only,0.8645833333333334,0.3439642474280894,1.0,0.0,15.662650602409633,96,96,0.016787156462669373,0.009036153406432362,robust_reg,96,3,4042,0.6,0.7
Overall_Survival,dlt_only,10.690597206168823,1.779425762099106,11.94812450417013,0.9642490522635561,11.762928429065427,96,96,0.016787156462669373,0.009036153406432362,robust_reg,96,3,4042,0.6,0.7
all_constraints,dlt_only,0.6979166666666666,0.4615714956689105,0.9791666666666666,0.143575886163796,40.29850746268657,96,96,0.016787156462669373,0.009036153406432362,robust_reg,96,3,4042,0.6,0.7
Any_DLT,all_constraints,0.8631578947368421,0.34550383548659225,0.9894736842105263,0.10259783520851543,14.634146341463408,96,95,0.06619388858477275,0.046881705341323826,robust_reg,96,3,4042,0.6,0.7
Blood,all_constraints,0.8736842105263158,0.33396729560733096,0.968421052631579,0.17580402404729137,10.843373493975898,96,95,0.06619388858477275,0.046881705341323826,robust_reg,96,3,4042,0.6,0.7
Constitutional,all_constraints,0.8631578947368421,0.34550383548659225,0.9789473684210527,0.1443214031708876,13.414634146341466,96,95,0.06619388858477275,0.046881705341323826,robust_reg,96,3,4042,0.6,0.7
Infection,all_constraints,0.8736842105263158,0.333967295607331,1.0,0.0,14.457831325301198,96,95,0.06619388858477275,0.046881705341323826,robust_reg,96,3,4042,0.6,0.7
Gastrointestinal,all_constraints,0.8736842105263158,0.333967295607331,0.9894736842105263,0.10259783520851543,13.25301204819276,96,95,0.06619388858477275,0.046881705341323826,robust_reg,96,3,4042,0.6,0.7
Overall_Survival,all_constraints,10.682237553712463,1.7869696324041837,11.842097331195799,1.1620296217264798,10.857835464258537,96,95,0.06619388858477275,0.046881705341323826,robust_reg,96,3,4042,0.6,0.7
all_constraints,all_constraints,0.7052631578947368,0.4583430892442982,0.9473684210526315,0.22448148540588725,34.32835820895522,96,95,0.06619388858477275,0.046881705341323826,robust_reg,96,3,4042,0.6,0.7
Any_DLT,dlt_only,0.8541666666666666,0.35479176002615415,1.0,0.0,17.07317073170732,96,96,0.01817793647448222,0.0015662608181823605,cp,96,3,4042,0.6,0.7
Blood,dlt_only,0.875,0.33245498310218435,1.0,0.0,14.285714285714286,96,96,0.01817793647448222,0.0015662608181823605,cp,96,3,4042,0.6,0.7
Constitutional,dlt_only,0.8645833333333334,0.34396424742808945,0.9583333333333334,0.20087527770480484,10.843373493975903,96,96,0.01817793647448222,0.0015662608181823605,cp,96,3,4042,0.6,0.7
Infection,dlt_only,0.8645833333333334,0.34396424742808945,1.0,0.0,15.662650602409633,96,96,0.01817793647448222,0.0015662608181823605,cp,96,3,4042,0.6,0.7
Gastrointestinal,dlt_only,0.8645833333333334,0.3439642474280894,1.0,0.0,15.662650602409633,96,96,0.01817793647448222,0.0015662608181823605,cp,96,3,4042,0.6,0.7
Overall_Survival,dlt_only,10.690597206168823,1.779425762099106,11.961776998305433,0.9722225787016197,11.890634055533384,96,96,0.01817793647448222,0.0015662608181823605,cp,96,3,4042,0.6,0.7
all_constraints,dlt_only,0.6979166666666666,0.4615714956689105,0.9583333333333334,0.20087527770480484,37.31343283582091,96,96,0.01817793647448222,0.0015662608181823605,cp,96,3,4042,0.6,0.7
Any_DLT,all_constraints,0.8631578947368421,0.34550383548659225,0.9789473684210527,0.1443214031708876,13.414634146341466,96,95,0.09782456358273824,0.03343115492484805,cp,95,3,4042,0.6,0.7
Blood,all_constraints,0.8736842105263158,0.33396729560733096,0.9578947368421052,0.20189472049435528,9.63855421686746,96,95,0.09782456358273824,0.03343115492484805,cp,95,3,4042,0.6,0.7
Constitutional,all_constraints,0.8631578947368421,0.34550383548659225,0.9473684210526315,0.22448148540588725,9.7560975609756,96,95,0.09782456358273824,0.03343115492484805,cp,95,3,4042,0.6,0.7
Infection,all_constraints,0.8736842105263158,0.333967295607331,0.9578947368421052,0.20189472049435525,9.63855421686746,96,95,0.09782456358273824,0.03343115492484805,cp,95,3,4042,0.6,0.7
Gastrointestinal,all_constraints,0.8736842105263158,0.333967295607331,1.0,0.0,14.457831325301198,96,95,0.09782456358273824,0.03343115492484805,cp,95,3,4042,0.6,0.7
Overall_Survival,all_constraints,10.682237553712463,1.7869696324041837,11.734842885766318,1.2705644645487146,9.85379071342629,96,95,0.09782456358273824,0.03343115492484805,cp,95,3,4042,0.6,0.7
all_constraints,all_constraints,0.7052631578947368,0.4583430892442982,0.8947368421052632,0.30852029177467427,26.86567164179105,96,95,0.09782456358273824,0.03343115492484805,cp,95,3,4042,0.6,0.7
Any_DLT,dlt_only,0.851063829787234,0.35793454103634004,1.0,0.0,17.5,96,94,0.016855210065841675,0.0013931204241116194,nominal,96,4,5042,0.6,0.7
Blood,dlt_only,0.8723404255319149,0.3354997092507591,1.0,0.0,14.63414634146341,96,94,0.016855210065841675,0.0013931204241116194,nominal,96,4,5042,0.6,0.7
Constitutional,dlt_only,0.8829787234042553,0.32316921825641187,0.9787234042553191,0.14507865158346242,10.8433734939759,96,94,0.016855210065841675,0.0013931204241116194,nominal,96,4,5042,0.6,0.7
Infection,dlt_only,0.8723404255319149,0.3354997092507591,1.0,0.0,14.63414634146341,96,94,0.016855210065841675,0.0013931204241116194,nominal,96,4,5042,0.6,0.7
Gastrointestinal,dlt_only,0.8617021276595744,0.3470633740209737,1.0,0.0,16.049382716049386,96,94,0.016855210065841675,0.0013931204241116194,nominal,96,4,5042,0.6,0.7
Overall_Survival,dlt_only,10.710588729857836,1.7930451992508158,11.941207630726735,0.9733837705694247,11.48974096482961,96,94,0.016855210065841675,0.0013931204241116194,nominal,96,4,5042,0.6,0.7
all_constraints,dlt_only,0.7127659574468085,0.45489784805160016,0.9787234042553191,0.14507865158346242,37.3134328358209,96,94,0.016855210065841675,0.0013931204241116194,nominal,96,4,5042,0.6,0.7
Any_DLT,all_constraints,0.8526315789473684,0.35635331059341196,1.0,0.0,17.283950617283953,96,95,0.06816386183102925,0.013631902645831825,nominal,96,4,5042,0.6,0.7
Blood,all_constraints,0.8736842105263158,0.33396729560733096,1.0,0.0,14.457831325301198,96,95,0.06816386183102925,0.013631902645831825,nominal,96,4,5042,0.6,0.7
Constitutional,all_constraints,0.8736842105263158,0.333967295607331,0.9157894736842105,0.27917652063748477,4.819277108433724,96,95,0.06816386183102925,0.013631902645831825,nominal,96,4,5042,0.6,0.7
Infection,all_constraints,0.8631578947368421,0.34550383548659225,1.0,0.0,15.853658536585364,96,95,0.06816386183102925,0.013631902645831825,nominal,96,4,5042,0.6,0.7
Gastrointestinal,all_constraints,0.8631578947368421,0.3455038354865923,1.0,0.0,15.853658536585364,96,95,0.06816386183102925,0.013631902645831825,nominal,96,4,5042,0.6,0.7
Overall_Survival,all_constraints,10.693736232232505,1.7885985250798564,11.801131462403632,1.1140483535827426,10.35555025972376,96,95,0.06816386183102925,0.013631902645831825,nominal,96,4,5042,0.6,0.7
all_constraints,all_constraints,0.7052631578947368,0.4583430892442982,0.9157894736842105,0.27917652063748477,29.850746268656714,96,95,0.06816386183102925,0.013631902645831825,nominal,96,4,5042,0.6,0.7
Any_DLT,dlt_only,0.851063829787234,0.35793454103634004,1.0,0.0,17.5,96,94,0.01932559659083684,0.019787080961039375,robust_reg,96,4,5042,0.6,0.7
Blood,dlt_only,0.8723404255319149,0.3354997092507591,1.0,0.0,14.63414634146341,96,94,0.01932559659083684,0.019787080961039375,robust_reg,96,4,5042,0.6,0.7
Constitutional,dlt_only,0.8829787234042553,0.32316921825641187,0.9574468085106383,0.2029298102618999,8.433734939759042,96,94,0.01932559659083684,0.019787080961039375,robust_reg,96,4,5042,0.6,0.7
Infection,dlt_only,0.8723404255319149,0.3354997092507591,1.0,0.0,14.63414634146341,96,94,0.01932559659083684,0.019787080961039375,robust_reg,96,4,5042,0.6,0.7
Gastrointestinal,dlt_only,0.8617021276595744,0.3470633740209737,1.0,0.0,16.049382716049386,96,94,0.01932559659083684,0.019787080961039375,robust_reg,96,4,5042,0.6,0.7
Overall_Survival,dlt_only,10.710588729857836,1.7930451992508158,11.949980323988811,0.9770995670843194,11.571647697347686,96,94,0.01932559659083684,0.019787080961039375,robust_reg,96,4,5042,0.6,0.7
all_constraints,dlt_only,0.7127659574468085,0.45489784805160016,0.9574468085106383,0.2029298102618999,34.32835820895524,96,94,0.01932559659083684,0.019787080961039375,robust_reg,96,4,5042,0.6,0.7
Any_DLT,all_constraints,0.8526315789473684,0.35635331059341196,0.9894736842105263,0.10259783520851543,16.04938271604938,96,95,0.06792934487263362,0.04128780552413562,robust_reg,96,4,5042,0.6,0.7
Blood,all_constraints,0.8736842105263158,0.33396729560733096,1.0,0.0,14.457831325301198,96,95,0.06792934487263362,0.04128780552413562,robust_reg,96,4,5042,0.6,0.7
Constitutional,all_constraints,0.8736842105263158,0.333967295607331,0.9578947368421052,0.2018947204943553,9.63855421686746,96,95,0.06792934487263362,0.04128780552413562,robust_reg,96,4,5042,0.6,0.7
Infection,all_constraints,0.8631578947368421,0.34550383548659225,1.0,0.0,15.853658536585364,96,95,0.06792934487263362,0.04128780552413562,robust_reg,96,4,5042,0.6,0.7
Gastrointestinal,all_constraints,0.8631578947368421,0.3455038354865923,0.9894736842105263,0.10259783520851543,14.634146341463408,96,95,0.06792934487263362,0.04128780552413562,robust_reg,96,4,5042,0.6,0.7
Overall_Survival,all_constraints,10.693736232232505,1.7885985250798564,11.851617404046621,1.1441850988819746,10.827657861282301,96,95,0.06792934487263362,0.04128780552413562,robust_reg,96,4,5042,0.6,0.7
all_constraints,all_constraints,0.7052631578947368,0.4583430892442982,0.9578947368421052,0.2018947204943553,35.820895522388064,96,95,0.06792934487263362,0.04128780552413562,robust_reg,96,4,5042,0.6,0.7
Any_DLT,dlt_only,0.851063829787234,0.35793454103634004,1.0,0.0,17.5,96,94,0.026453728477160137,0.0030786133832727863,cp,94,4,5042,0.6,0.7
Blood,dlt_only,0.8723404255319149,0.3354997092507591,1.0,0.0,14.63414634146341,96,94,0.026453728477160137,0.0030786133832727863,cp,94,4,5042,0.6,0.7
Constitutional,dlt_only,0.8829787234042553,0.32316921825641187,0.9680851063829787,0.1767160202664313,9.638554216867472,96,94,0.026453728477160137,0.0030786133832727863,cp,94,4,5042,0.6,0.7
Infection,dlt_only,0.8723404255319149,0.3354997092507591,1.0,0.0,14.63414634146341,96,94,0.026453728477160137,0.0030786133832727863,cp,94,4,5042,0.6,0.7
Gastrointestinal,dlt_only,0.8617021276595744,0.3470633740209737,0.9893617021276596,0.10314212462587934,14.814814814814824,96,94,0.026453728477160137,0.0030786133832727863,cp,94,4,5042,0.6,0.7
Overall_Survival,dlt_only,10.710588729857836,1.7930451992508158,11.926627879895298,0.9723615004111263,11.353616320338373,96,94,0.026453728477160137,0.0030786133832727863,cp,94,4,5042,0.6,0.7
all_constraints,dlt_only,0.7127659574468085,0.45489784805160016,0.9680851063829787,0.1767160202664313,35.820895522388064,96,94,0.026453728477160137,0.0030786133832727863,cp,94,4,5042,0.6,0.7
Any_DLT,all_constraints,0.8526315789473684,0.35635331059341196,1.0,0.0,17.283950617283953,96,95,0.17714486767848334,0.1093358271693043,cp,95,4,5042,0.6,0.7
Blood,all_constraints,0.8736842105263158,0.33396729560733096,1.0,0.0,14.457831325301198,96,95,0.17714486767848334,0.1093358271693043,cp,95,4,5042,0.6,0.7
Constitutional,all_constraints,0.8736842105263158,0.333967295607331,0.9473684210526315,0.22448148540588725,8.433734939759024,96,95,0.17714486767848334,0.1093358271693043,cp,95,4,5042,0.6,0.7
Infection,all_constraints,0.8631578947368421,0.34550383548659225,1.0,0.0,15.853658536585364,96,95,0.17714486767848334,0.1093358271693043,cp,95,4,5042,0.6,0.7
Gastrointestinal,all_constraints,0.8631578947368421,0.3455038354865923,1.0,0.0,15.853658536585364,96,95,0.17714486767848334,0.1093358271693043,cp,95,4,5042,0.6,0.7
Overall_Survival,all_constraints,10.693736232232505,1.7885985250798564,11.723379498229997,1.213262748442399,9.628470757432703,96,95,0.17714486767848334,0.1093358271693043,cp,95,4,5042,0.6,0.7
all_constraints,all_constraints,0.7052631578947368,0.4583430892442982,0.9473684210526315,0.22448148540588725,34.32835820895522,96,95,0.17714486767848334,0.1093358271693043,cp,95,4,5042,0.6,0.7
Any_DLT,dlt_only,0.8541666666666666,0.35479176002615415,1.0,0.0,17.07317073170732,96,96,0.01236746460199356,0.0010471899078485646,nominal,96,5,6042,0.6,0.7
Blood,dlt_only,0.875,0.33245498310218435,1.0,0.0,14.285714285714286,96,96,0.01236746460199356,0.0010471899078485646,nominal,96,5,6042,0.6,0.7
Constitutional,dlt_only,0.8645833333333334,0.34396424742808945,0.9375,0.2433321316961438,8.43373493975903,96,96,0.01236746460199356,0.0010471899078485646,nominal,96,5,6042,0.6,0.7
Infection,dlt_only,0.8645833333333334,0.34396424742808945,1.0,0.0,15.662650602409633,96,96,0.01236746460199356,0.0010471899078485646,nominal,96,5,6042,0.6,0.7
Gastrointestinal,dlt_only,0.8645833333333334,0.3439642474280894,1.0,0.0,15.662650602409633,96,96,0.01236746460199356,0.0010471899078485646,nominal,96,5,6042,0.6,0.7
Overall_Survival,dlt_only,10.690597206168823,1.779425762099106,11.96151801047086,0.9667957021388418,11.88821147960447,96,96,0.01236746460199356,0.0010471899078485646,nominal,96,5,6042,0.6,0.7
all_constraints,dlt_only,0.6979166666666666,0.4615714956689105,0.9375,0.2433321316961438,34.32835820895523,96,96,0.01236746460199356,0.0010471899078485646,nominal,96,5,6042,0.6,0.7
Any_DLT,all_constraints,0.8764044943820225,0.3309842319473132,0.9775280898876404,0.14905216367918436,11.53846153846153,96,89,0.053033056358496346,0.03822165012585433,nominal,96,5,6042,0.6,0.7
Blood,all_constraints,0.8764044943820225,0.3309842319473132,0.9887640449438202,0.10599978800063597,12.820512820512812,96,89,0.053033056358496346,0.03822165012585433,nominal,96,5,6042,0.6,0.7
Constitutional,all_constraints,0.898876404494382,0.3032004969797108,0.9775280898876404,0.14905216367918436,8.749999999999996,96,89,0.053033056358496346,0.03822165012585433,nominal,96,5,6042,0.6,0.7
Infection,all_constraints,0.8876404494382022,0.3175975958515819,1.0,0.0,12.658227848101271,96,89,0.053033056358496346,0.03822165012585433,nominal,96,5,6042,0.6,0.7
Gastrointestinal,all_constraints,0.8764044943820225,0.3309842319473132,1.0,0.0,14.102564102564099,96,89,0.053033056358496346,0.03822165012585433,nominal,96,5,6042,0.6,0.7
Overall_Survival,all_constraints,10.794789658219047,1.748469747977773,12.006277972260799,0.960530870413545,11.22289875393113,96,89,0.053033056358496346,0.03822165012585433,nominal,96,5,6042,0.6,0.7
all_constraints,all_constraints,0.7303370786516854,0.4462990473127607,0.9550561797752809,0.20835461246451933,30.769230769230766,96,89,0.053033056358496346,0.03822165012585433,nominal,96,5,6042,0.6,0.7
Any_DLT,dlt_only,0.8541666666666666,0.35479176002615415,1.0,0.0,17.07317073170732,96,96,0.010627207656701406,0.0006210235586888611,robust_reg,96,5,6042,0.6,0.7
Blood,dlt_only,0.875,0.33245498310218435,1.0,0.0,14.285714285714286,96,96,0.010627207656701406,0.0006210235586888611,robust_reg,96,5,6042,0.6,0.7
Constitutional,dlt_only,0.8645833333333334,0.34396424742808945,0.9479166666666666,0.22336148028967082,9.63855421686746,96,96,0.010627207656701406,0.0006210235586888611,robust_reg,96,5,6042,0.6,0.7
Infection,dlt_only,0.8645833333333334,0.34396424742808945,1.0,0.0,15.662650602409633,96,96,0.010627207656701406,0.0006210235586888611,robust_reg,96,5,6042,0.6,0.7
Gastrointestinal,dlt_only,0.8645833333333334,0.3439642474280894,1.0,0.0,15.662650602409633,96,96,0.010627207656701406,0.0006210235586888611,robust_reg,96,5,6042,0.6,0.7
Overall_Survival,dlt_only,10.690597206168823,1.779425762099106,11.966847448372116,0.9653308745928338,11.93806311837149,96,96,0.010627207656701406,0.0006210235586888611,robust_reg,96,5,6042,0.6,0.7
all_constraints,dlt_only,0.6979166666666666,0.4615714956689105,0.9479166666666666,0.22336148028967082,35.820895522388064,96,96,0.010627207656701406,0.0006210235586888611,robust_reg,96,5,6042,0.6,0.7
Any_DLT,all_constraints,0.8764044943820225,0.3309842319473132,1.0,0.0,14.102564102564099,96,89,0.05877810468276342,0.07639145845730096,robust_reg,96,5,6042,0.6,0.7
Blood,all_constraints,0.8764044943820225,0.3309842319473132,0.9887640449438202,0.10599978800063597,12.820512820512812,96,89,0.05877810468276342,0.07639145845730096,robust_reg,96,5,6042,0.6,0.7
Constitutional,all_constraints,0.898876404494382,0.3032004969797108,0.9775280898876404,0.14905216367918436,8.749999999999996,96,89,0.05877810468276342,0.07639145845730096,robust_reg,96,5,6042,0.6,0.7
Infection,all_constraints,0.8876404494382022,0.3175975958515819,1.0,0.0,12.658227848101271,96,89,0.05877810468276342,0.07639145845730096,robust_reg,96,5,6042,0.6,0.7
Gastrointestinal,all_constraints,0.8764044943820225,0.3309842319473132,1.0,0.0,14.102564102564099,96,89,0.05877810468276342,0.07639145845730096,robust_reg,96,5,6042,0.6,0.7
Overall_Survival,all_constraints,10.794789658219047,1.748469747977773,11.93835771939356,0.9569896957317707,10.59370397554538,96,89,0.05877810468276342,0.07639145845730096,robust_reg,96,5,6042,0.6,0.7
all_constraints,all_constraints,0.7303370786516854,0.4462990473127607,0.9662921348314607,0.18149869785703643,32.30769230769231,96,89,0.05877810468276342,0.07639145845730096,robust_reg,96,5,6042,0.6,0.7
Any_DLT,dlt_only,0.8541666666666666,0.35479176002615415,1.0,0.0,17.07317073170732,96,96,0.013730684916178385,0.0006747009127638382,cp,96,5,6042,0.6,0.7
Blood,dlt_only,0.875,0.33245498310218435,1.0,0.0,14.285714285714286,96,96,0.013730684916178385,0.0006747009127638382,cp,96,5,6042,0.6,0.7
Constitutional,dlt_only,0.8645833333333334,0.34396424742808945,0.96875,0.17490598978639324,12.048192771084333,96,96,0.013730684916178385,0.0006747009127638382,cp,96,5,6042,0.6,0.7
Infection,dlt_only,0.8645833333333334,0.34396424742808945,1.0,0.0,15.662650602409633,96,96,0.013730684916178385,0.0006747009127638382,cp,96,5,6042,0.6,0.7
Gastrointestinal,dlt_only,0.8645833333333334,0.3439642474280894,1.0,0.0,15.662650602409633,96,96,0.013730684916178385,0.0006747009127638382,cp,96,5,6042,0.6,0.7
Overall_Survival,dlt_only,10.690597206168823,1.779425762099106,11.967626218667986,0.9662748536403469,11.945347746917973,96,96,0.013730684916178385,0.0006747009127638382,cp,96,5,6042,0.6,0.7
all_constraints,dlt_only,0.6979166666666666,0.4615714956689105,0.96875,0.17490598978639324,38.80597014925374,96,96,0.013730684916178385,0.0006747009127638382,cp,96,5,6042,0.6,0.7
Any_DLT,all_constraints,0.8764044943820225,0.3309842319473132,1.0,0.0,14.102564102564099,96,89,0.2202690194050471,0.28131008051731676,cp,89,5,6042,0.6,0.7
Blood,all_constraints,0.8764044943820225,0.3309842319473132,1.0,0.0,14.102564102564099,96,89,0.2202690194050471,0.28131008051731676,cp,89,5,6042,0.6,0.7
Constitutional,all_constraints,0.898876404494382,0.3032004969797108,0.9662921348314607,0.18149869785703643,7.500000000000007,96,89,0.2202690194050471,0.28131008051731676,cp,89,5,6042,0.6,0.7
Infection,all_constraints,0.8876404494382022,0.3175975958515819,1.0,0.0,12.658227848101271,96,89,0.2202690194050471,0.28131008051731676,cp,89,5,6042,0.6,0.7
Gastrointestinal,all_constraints,0.8764044943820225,0.3309842319473132,1.0,0.0,14.102564102564099,96,89,0.2202690194050471,0.28131008051731676,cp,89,5,6042,0.6,0.7
Overall_Survival,all_constraints,10.794789658219047,1.748469747977773,11.8359777246362,1.0776444703527364,9.64528350605148,96,89,0.2202690194050471,0.28131008051731676,cp,89,5,6042,0.6,0.7
all_constraints,all_constraints,0.7303370786516854,0.4462990473127607,0.9662921348314607,0.18149869785703643,32.30769230769231,96,89,0.2202690194050471,0.28131008051731676,cp,89,5,6042,0.6,0.7
Any_DLT,dlt_only,0.8541666666666666,0.35479176002615415,1.0,0.0,17.07317073170732,96,96,0.011355606218179068,0.0010602012298831902,nominal,96,6,7042,0.6,0.7
Blood,dlt_only,0.875,0.33245498310218435,1.0,0.0,14.285714285714286,96,96,0.011355606218179068,0.0010602012298831902,nominal,96,6,7042,0.6,0.7
Constitutional,dlt_only,0.8645833333333334,0.34396424742808945,0.9166666666666666,0.27783625115549687,6.02409638554216,96,96,0.011355606218179068,0.0010602012298831902,nominal,96,6,7042,0.6,0.7
Infection,dlt_only,0.8645833333333334,0.34396424742808945,1.0,0.0,15.662650602409633,96,96,0.011355606218179068,0.0010602012298831902,nominal,96,6,7042,0.6,0.7
Gastrointestinal,dlt_only,0.8645833333333334,0.3439642474280894,1.0,0.0,15.662650602409633,96,96,0.011355606218179068,0.0010602012298831902,nominal,96,6,7042,0.6,0.7
Overall_Survival,dlt_only,10.690597206168823,1.779425762099106,11.992224108393252,0.9740353829262507,12.175436761131996,96,96,0.011355606218179068,0.0010602012298831902,nominal,96,6,7042,0.6,0.7
all_constraints,dlt_only,0.6979166666666666,0.4615714956689105,0.9166666666666666,0.27783625115549687,31.343283582089555,96,96,0.011355606218179068,0.0010602012298831902,nominal,96,6,7042,0.6,0.7
Any_DLT,all_constraints,0.8764044943820225,0.3309842319473132,0.9550561797752809,0.20835461246451933,8.974358974358971,96,89,0.041565785805384316,0.016536942523567688,nominal,89,6,7042,0.6,0.7
Blood,all_constraints,0.8651685393258427,0.34347857005916343,0.9550561797752809,0.20835461246451933,10.38961038961039,96,89,0.041565785805384316,0.016536942523567688,nominal,89,6,7042,0.6,0.7
Constitutional,all_constraints,0.9101123595505618,0.28764124744526687,0.9887640449438202,0.10599978800063597,8.641975308641973,96,89,0.041565785805384316,0.016536942523567688,nominal,89,6,7042,0.6,0.7
Infection,all_constraints,0.898876404494382,0.30320049697971085,0.9662921348314607,0.18149869785703643,7.500000000000007,96,89,0.041565785805384316,0.016536942523567688,nominal,89,6,7042,0.6,0.7
Gastrointestinal,all_constraints,0.8876404494382022,0.3175975958515819,0.9887640449438202,0.10599978800063597,11.392405063291143,96,89,0.041565785805384316,0.016536942523567688,nominal,89,6,7042,0.6,0.7
Overall_Survival,all_constraints,10.70036257713832,1.8362792404264021,11.96499659719844,1.081780610086842,11.818609051267595,96,89,0.041565785805384316,0.016536942523567688,nominal,89,6,7042,0.6,0.7
all_constraints,all_constraints,0.7415730337078652,0.44025018423517004,0.9438202247191011,0.23157320469295903,27.272727272727263,96,89,0.041565785805384316,0.016536942523567688,nominal,89,6,7042,0.6,0.7
Any_DLT,dlt_only,0.8541666666666666,0.35479176002615415,1.0,0.0,17.07317073170732,96,96,0.012069414059321085,0.0018594998268115204,robust_reg,96,6,7042,0.6,0.7
Blood,dlt_only,0.875,0.33245498310218435,1.0,0.0,14.285714285714286,96,96,0.012069414059321085,0.0018594998268115204,robust_reg,96,6,7042,0.6,0.7
Constitutional,dlt_only,0.8645833333333334,0.34396424742808945,0.9166666666666666,0.27783625115549687,6.02409638554216,96,96,0.012069414059321085,0.0018594998268115204,robust_reg,96,6,7042,0.6,0.7
Infection,dlt_only,0.8645833333333334,0.34396424742808945,1.0,0.0,15.662650602409633,96,96,0.012069414059321085,0.0018594998268115204,robust_reg,96,6,7042,0.6,0.7
Gastrointestinal,dlt_only,0.8645833333333334,0.3439642474280894,1.0,0.0,15.662650602409633,96,96,0.012069414059321085,0.0018594998268115204,robust_reg,96,6,7042,0.6,0.7
Overall_Survival,dlt_only,10.690597206168823,1.779425762099106,11.984402639505559,0.9783757866859337,12.102274628681812,96,96,0.012069414059321085,0.0018594998268115204,robust_reg,96,6,7042,0.6,0.7
all_constraints,dlt_only,0.6979166666666666,0.4615714956689105,0.9166666666666666,0.27783625115549687,31.343283582089555,96,96,0.012069414059321085,0.0018594998268115204,robust_reg,96,6,7042,0.6,0.7
Any_DLT,all_constraints,0.8764044943820225,0.3309842319473132,0.9662921348314607,0.18149869785703643,10.256410256410257,96,89,0.05027022212743759,0.030411551218731323,robust_reg,89,6,7042,0.6,0.7
Blood,all_constraints,0.8651685393258427,0.34347857005916343,0.9662921348314607,0.18149869785703643,11.68831168831169,96,89,0.05027022212743759,0.030411551218731323,robust_reg,89,6,7042,0.6,0.7
Constitutional,all_constraints,0.9101123595505618,0.28764124744526687,0.9887640449438202,0.10599978800063597,8.641975308641973,96,89,0.05027022212743759,0.030411551218731323,robust_reg,89,6,7042,0.6,0.7
Infection,all_constraints,0.898876404494382,0.30320049697971085,0.9775280898876404,0.14905216367918436,8.749999999999996,96,89,0.05027022212743759,0.030411551218731323,robust_reg,89,6,7042,0.6,0.7
Gastrointestinal,all_constraints,0.8876404494382022,0.3175975958515819,0.9887640449438202,0.10599978800063597,11.392405063291143,96,89,0.05027022212743759,0.030411551218731323,robust_reg,89,6,7042,0.6,0.7
Overall_Survival,all_constraints,10.70036257713832,1.8362792404264021,11.876380846684372,1.257542962549376,10.990452529698894,96,89,0.05027022212743759,0.030411551218731323,robust_reg,89,6,7042,0.6,0.7
all_constraints,all_constraints,0.7415730337078652,0.44025018423517004,0.9550561797752809,0.20835461246451933,28.787878787878785,96,89,0.05027022212743759,0.030411551218731323,robust_reg,89,6,7042,0.6,0.7
Any_DLT,dlt_only,0.8541666666666666,0.35479176002615415,1.0,0.0,17.07317073170732,96,96,0.012542806565761566,0.0009891416050540765,cp,96,6,7042,0.6,0.7
Blood,dlt_only,0.875,0.33245498310218435,1.0,0.0,14.285714285714286,96,96,0.012542806565761566,0.0009891416050540765,cp,96,6,7042,0.6,0.7
Constitutional,dlt_only,0.8645833333333334,0.34396424742808945,0.9166666666666666,0.27783625115549687,6.02409638554216,96,96,0.012542806565761566,0.0009891416050540765,cp,96,6,7042,0.6,0.7
Infection,dlt_only,0.8645833333333334,0.34396424742808945,1.0,0.0,15.662650602409633,96,96,0.012542806565761566,0.0009891416050540765,cp,96,6,7042,0.6,0.7
Gastrointestinal,dlt_only,0.8645833333333334,0.3439642474280894,1.0,0.0,15.662650602409633,96,96,0.012542806565761566,0.0009891416050540765,cp,96,6,7042,0.6,0.7
Overall_Survival,dlt_only,10.690597206168823,1.779425762099106,11.992224108393252,0.9740353829262507,12.175436761131996,96,96,0.012542806565761566,0.0009891416050540765,cp,96,6,7042,0.6,0.7
all_constraints,dlt_only,0.6979166666666666,0.4615714956689105,0.9166666666666666,0.27783625115549687,31.343283582089555,96,96,0.012542806565761566,0.0009891416050540765,cp,96,6,7042,0.6,0.7
Any_DLT,all_constraints,0.8764044943820225,0.3309842319473132,0.9550561797752809,0.20835461246451933,8.974358974358971,96,89,0.052457076807816826,0.0418326255031434,cp,89,6,7042,0.6,0.7
Blood,all_constraints,0.8651685393258427,0.34347857005916343,0.9550561797752809,0.20835461246451933,10.38961038961039,96,89,0.052457076807816826,0.0418326255031434,cp,89,6,7042,0.6,0.7
Constitutional,all_constraints,0.9101123595505618,0.28764124744526687,0.9887640449438202,0.10599978800063597,8.641975308641973,96,89,0.052457076807816826,0.0418326255031434,cp,89,6,7042,0.6,0.7
Infection,all_constraints,0.898876404494382,0.30320049697971085,0.9662921348314607,0.18149869785703643,7.500000000000007,96,89,0.052457076807816826,0.0418326255031434,cp,89,6,7042,0.6,0.7
Gastrointestinal,all_constraints,0.8876404494382022,0.3175975958515819,0.9775280898876404,0.14905216367918436,10.126582278481013,96,89,0.052457076807816826,0.0418326255031434,cp,89,6,7042,0.6,0.7
Overall_Survival,all_constraints,10.70036257713832,1.8362792404264021,11.96524947842018,1.085788431290575,11.820972347089747,96,89,0.052457076807816826,0.0418326255031434,cp,89,6,7042,0.6,0.7
all_constraints,all_constraints,0.7415730337078652,0.44025018423517004,0.9325842696629213,0.2521612403074291,25.757575757575744,96,89,0.052457076807816826,0.0418326255031434,cp,89,6,7042,0.6,0.7
Any_DLT,dlt_only,0.8539325842696629,0.35517479044423933,1.0,0.0,17.10526315789474,96,89,0.011789383987585703,0.0005532394751780024,nominal,96,7,8042,0.6,0.7
Blood,dlt_only,0.8876404494382022,0.3175975958515819,1.0,0.0,12.658227848101271,96,89,0.011789383987585703,0.0005532394751780024,nominal,96,7,8042,0.6,0.7
Constitutional,dlt_only,0.898876404494382,0.30320049697971085,0.9662921348314607,0.18149869785703643,7.500000000000007,96,89,0.011789383987585703,0.0005532394751780024,nominal,96,7,8042,0.6,0.7
Infection,dlt_only,0.8876404494382022,0.3175975958515819,1.0,0.0,12.658227848101271,96,89,0.011789383987585703,0.0005532394751780024,nominal,96,7,8042,0.6,0.7
Gastrointestinal,dlt_only,0.8539325842696629,0.35517479044423933,1.0,0.0,17.10526315789474,96,89,0.011789383987585703,0.0005532394751780024,nominal,96,7,8042,0.6,0.7
Overall_Survival,dlt_only,10.746674836201848,1.8264760516831557,11.980680359030979,0.9887063282600501,11.482672935001169,96,89,0.011789383987585703,0.0005532394751780024,nominal,96,7,8042,0.6,0.7
all_constraints,dlt_only,0.7303370786516854,0.4462990473127607,0.9662921348314607,0.18149869785703643,32.30769230769231,96,89,0.011789383987585703,0.0005532394751780024,nominal,96,7,8042,0.6,0.7
Any_DLT,all_constraints,0.8804347826086957,0.32623025995934074,1.0,0.0,13.580246913580243,96,92,0.04972522954146067,0.03526666339714726,nominal,96,7,8042,0.6,0.7
Blood,all_constraints,0.8804347826086957,0.32623025995934074,1.0,0.0,13.580246913580243,96,92,0.04972522954146067,0.03526666339714726,nominal,96,7,8042,0.6,0.7
Constitutional,all_constraints,0.8804347826086957,0.32623025995934074,0.967391304347826,0.17858337274913305,9.876543209876536,96,92,0.04972522954146067,0.03526666339714726,nominal,96,7,8042,0.6,0.7
Infection,all_constraints,0.8913043478260869,0.31296251010007803,1.0,0.0,12.195121951219518,96,92,0.04972522954146067,0.03526666339714726,nominal,96,7,8042,0.6,0.7
Gastrointestinal,all_constraints,0.8804347826086957,0.32623025995934074,1.0,0.0,13.580246913580243,96,92,0.04972522954146067,0.03526666339714726,nominal,96,7,8042,0.6,0.7
Overall_Survival,all_constraints,10.778223922065505,1.7247280790655979,11.95155716762018,0.9977277372126918,10.886146493510786,96,92,0.04972522954146067,0.03526666339714726,nominal,96,7,8042,0.6,0.7
all_constraints,all_constraints,0.717391304347826,0.4527349601029049,0.967391304347826,0.17858337274913305,34.84848484848485,96,92,0.04972522954146067,0.03526666339714726,nominal,96,7,8042,0.6,0.7
Any_DLT,dlt_only,0.8539325842696629,0.35517479044423933,1.0,0.0,17.10526315789474,96,89,0.01304192841053009,0.0016932769267778078,robust_reg,96,7,8042,0.6,0.7
Blood,dlt_only,0.8876404494382022,0.3175975958515819,1.0,0.0,12.658227848101271,96,89,0.01304192841053009,0.0016932769267778078,robust_reg,96,7,8042,0.6,0.7
Constitutional,dlt_only,0.898876404494382,0.30320049697971085,0.9438202247191011,0.23157320469295906,5.000000000000001,96,89,0.01304192841053009,0.0016932769267778078,robust_reg,96,7,8042,0.6,0.7
Infection,dlt_only,0.8876404494382022,0.3175975958515819,1.0,0.0,12.658227848101271,96,89,0.01304192841053009,0.0016932769267778078,robust_reg,96,7,8042,0.6,0.7
Gastrointestinal,dlt_only,0.8539325842696629,0.35517479044423933,1.0,0.0,17.10526315789474,96,89,0.01304192841053009,0.0016932769267778078,robust_reg,96,7,8042,0.6,0.7
Overall_Survival,dlt_only,10.746674836201848,1.8264760516831557,11.984237526121602,0.9815866924178888,11.515773099887895,96,89,0.01304192841053009,0.0016932769267778078,robust_reg,96,7,8042,0.6,0.7
all_constraints,dlt_only,0.7303370786516854,0.4462990473127607,0.9438202247191011,0.23157320469295906,29.230769230769226,96,89,0.01304192841053009,0.0016932769267778078,robust_reg,96,7,8042,0.6,0.7
Any_DLT,all_constraints,0.8804347826086957,0.32623025995934074,1.0,0.0,13.580246913580243,96,92,0.04723426202932993,0.021110151392212975,robust_reg,96,7,8042,0.6,0.7
Blood,all_constraints,0.8804347826086957,0.32623025995934074,1.0,0.0,13.580246913580243,96,92,0.04723426202932993,0.021110151392212975,robust_reg,96,7,8042,0.6,0.7
Constitutional,all_constraints,0.8804347826086957,0.32623025995934074,0.9782608695652174,0.14662959759729013,11.111111111111109,96,92,0.04723426202932993,0.021110151392212975,robust_reg,96,7,8042,0.6,0.7
Infection,all_constraints,0.8913043478260869,0.31296251010007803,1.0,0.0,12.195121951219518,96,92,0.04723426202932993,0.021110151392212975,robust_reg,96,7,8042,0.6,0.7
Gastrointestinal,all_constraints,0.8804347826086957,0.32623025995934074,1.0,0.0,13.580246913580243,96,92,0.04723426202932993,0.021110151392212975,robust_reg,96,7,8042,0.6,0.7
Overall_Survival,all_constraints,10.778223922065505,1.7247280790655979,11.949335067846633,1.017137811451758,10.86552992635079,96,92,0.04723426202932993,0.021110151392212975,robust_reg,96,7,8042,0.6,0.7
all_constraints,all_constraints,0.717391304347826,0.4527349601029049,0.9782608695652174,0.14662959759729013,36.363636363636374,96,92,0.04723426202932993,0.021110151392212975,robust_reg,96,7,8042,0.6,0.7
Any_DLT,dlt_only,0.8539325842696629,0.35517479044423933,1.0,0.0,17.10526315789474,96,89,0.10056246568759282,0.09385613471377151,cp,89,7,8042,0.6,0.7
Blood,dlt_only,0.8876404494382022,0.3175975958515819,1.0,0.0,12.658227848101271,96,89,0.10056246568759282,0.09385613471377151,cp,89,7,8042,0.6,0.7
Constitutional,dlt_only,0.898876404494382,0.30320049697971085,0.9775280898876404,0.14905216367918436,8.749999999999996,96,89,0.10056246568759282,0.09385613471377151,cp,89,7,8042,0.6,0.7
Infection,dlt_only,0.8876404494382022,0.3175975958515819,1.0,0.0,12.658227848101271,96,89,0.10056246568759282,0.09385613471377151,cp,89,7,8042,0.6,0.7
Gastrointestinal,dlt_only,0.8539325842696629,0.35517479044423933,1.0,0.0,17.10526315789474,96,89,0.10056246568759282,0.09385613471377151,cp,89,7,8042,0.6,0.7
Overall_Survival,dlt_only,10.746674836201848,1.8264760516831557,11.87592254162036,1.0441921113496329,10.507880089704265,96,89,0.10056246568759282,0.09385613471377151,cp,89,7,8042,0.6,0.7
all_constraints,dlt_only,0.7303370786516854,0.4462990473127607,0.9775280898876404,0.14905216367918436,33.84615384615384,96,89,0.10056246568759282,0.09385613471377151,cp,89,7,8042,0.6,0.7
Any_DLT,all_constraints,0.8804347826086957,0.32623025995934074,1.0,0.0,13.580246913580243,96,92,0.16068880756696066,0.2025652901090382,cp,92,7,8042,0.6,0.7
Blood,all_constraints,0.8804347826086957,0.32623025995934074,1.0,0.0,13.580246913580243,96,92,0.16068880756696066,0.2025652901090382,cp,92,7,8042,0.6,0.7
Constitutional,all_constraints,0.8804347826086957,0.32623025995934074,0.967391304347826,0.17858337274913305,9.876543209876536,96,92,0.16068880756696066,0.2025652901090382,cp,92,7,8042,0.6,0.7
Infection,all_constraints,0.8913043478260869,0.31296251010007803,1.0,0.0,12.195121951219518,96,92,0.16068880756696066,0.2025652901090382,cp,92,7,8042,0.6,0.7
Gastrointestinal,all_constraints,0.8804347826086957,0.32623025995934074,1.0,0.0,13.580246913580243,96,92,0.16068880756696066,0.2025652901090382,cp,92,7,8042,0.6,0.7
Overall_Survival,all_constraints,10.778223922065505,1.7247280790655979,11.860513124201407,1.1094604348531099,10.041442912688119,96,92,0.16068880756696066,0.2025652901090382,cp,92,7,8042,0.6,0.7
all_constraints,all_constraints,0.717391304347826,0.4527349601029049,0.967391304347826,0.17858337274913305,34.84848484848485,96,92,0.16068880756696066,0.2025652901090382,cp,92,7,8042,0.6,0.7
Any_DLT,dlt_only,0.8541666666666666,0.35479176002615415,1.0,0.0,17.07317073170732,96,96,0.01110495130221049,0.0004888521514262717,nominal,96,8,9042,0.6,0.7
Blood,dlt_only,0.875,0.33245498310218435,1.0,0.0,14.285714285714286,96,96,0.01110495130221049,0.0004888521514262717,nominal,96,8,9042,0.6,0.7
Constitutional,dlt_only,0.8645833333333334,0.34396424742808945,0.9479166666666666,0.22336148028967082,9.63855421686746,96,96,0.01110495130221049,0.0004888521514262717,nominal,96,8,9042,0.6,0.7
Infection,dlt_only,0.8645833333333334,0.34396424742808945,1.0,0.0,15.662650602409633,96,96,0.01110495130221049,0.0004888521514262717,nominal,96,8,9042,0.6,0.7
Gastrointestinal,dlt_only,0.8645833333333334,0.3439642474280894,1.0,0.0,15.662650602409633,96,96,0.01110495130221049,0.0004888521514262717,nominal,96,8,9042,0.6,0.7
Overall_Survival,dlt_only,10.690597206168823,1.779425762099106,11.972574043756032,0.9708458495516024,11.99162977394253,96,96,0.01110495130221049,0.0004888521514262717,nominal,96,8,9042,0.6,0.7
all_constraints,dlt_only,0.6979166666666666,0.4615714956689105,0.9479166666666666,0.22336148028967082,35.820895522388064,96,96,0.01110495130221049,0.0004888521514262717,nominal,96,8,9042,0.6,0.7
Any_DLT,all_constraints,0.8617021276595744,0.3470633740209737,1.0,0.0,16.049382716049386,96,94,0.047434672713279724,0.019407025907477324,nominal,96,8,9042,0.6,0.7
Blood,all_constraints,0.8723404255319149,0.3354997092507591,1.0,0.0,14.63414634146341,96,94,0.047434672713279724,0.019407025907477324,nominal,96,8,9042,0.6,0.7
Constitutional,all_constraints,0.8723404255319149,0.3354997092507591,0.9574468085106383,0.2029298102618999,9.756097560975611,96,94,0.047434672713279724,0.019407025907477324,nominal,96,8,9042,0.6,0.7
Infection,all_constraints,0.8723404255319149,0.3354997092507591,1.0,0.0,14.63414634146341,96,94,0.047434672713279724,0.019407025907477324,nominal,96,8,9042,0.6,0.7
Gastrointestinal,all_constraints,0.8723404255319149,0.3354997092507591,1.0,0.0,14.63414634146341,96,94,0.047434672713279724,0.019407025907477324,nominal,96,8,9042,0.6,0.7
Overall_Survival,all_constraints,10.6853210411975,1.7962972022447559,11.828861358032546,1.1405304062538446,10.701974348043443,96,94,0.047434672713279724,0.019407025907477324,nominal,96,8,9042,0.6,0.7
all_constraints,all_constraints,0.7127659574468085,0.45489784805160016,0.9574468085106383,0.2029298102618999,34.32835820895524,96,94,0.047434672713279724,0.019407025907477324,nominal,96,8,9042,0.6,0.7
Any_DLT,dlt_only,0.8541666666666666,0.35479176002615415,1.0,0.0,17.07317073170732,96,96,0.011393502354621887,0.0008517832117202006,robust_reg,96,8,9042,0.6,0.7
Blood,dlt_only,0.875,0.33245498310218435,1.0,0.0,14.285714285714286,96,96,0.011393502354621887,0.0008517832117202006,robust_reg,96,8,9042,0.6,0.7
Constitutional,dlt_only,0.8645833333333334,0.34396424742808945,0.9583333333333334,0.20087527770480487,10.843373493975903,96,96,0.011393502354621887,0.0008517832117202006,robust_reg,96,8,9042,0.6,0.7
Infection,dlt_only,0.8645833333333334,0.34396424742808945,1.0,0.0,15.662650602409633,96,96,0.011393502354621887,0.0008517832117202006,robust_reg,96,8,9042,0.6,0.7
Gastrointestinal,dlt_only,0.8645833333333334,0.3439642474280894,1.0,0.0,15.662650602409633,96,96,0.011393502354621887,0.0008517832117202006,robust_reg,96,8,9042,0.6,0.7
Overall_Survival,dlt_only,10.690597206168823,1.779425762099106,11.966783256301165,0.9722591391800838,11.937462664816714,96,96,0.011393502354621887,0.0008517832117202006,robust_reg,96,8,9042,0.6,0.7
all_constraints,dlt_only,0.6979166666666666,0.4615714956689105,0.9583333333333334,0.20087527770480487,37.31343283582091,96,96,0.011393502354621887,0.0008517832117202006,robust_reg,96,8,9042,0.6,0.7
Any_DLT,all_constraints,0.8617021276595744,0.3470633740209737,0.9893617021276596,0.10314212462587934,14.814814814814824,96,94,0.05032370239496231,0.02123860708958129,robust_reg,96,8,9042,0.6,0.7
Blood,all_constraints,0.8723404255319149,0.3354997092507591,0.9787234042553191,0.14507865158346242,12.195121951219503,96,94,0.05032370239496231,0.02123860708958129,robust_reg,96,8,9042,0.6,0.7
Constitutional,all_constraints,0.8723404255319149,0.3354997092507591,0.9574468085106383,0.2029298102618999,9.756097560975611,96,94,0.05032370239496231,0.02123860708958129,robust_reg,96,8,9042,0.6,0.7
Infection,all_constraints,0.8723404255319149,0.3354997092507591,1.0,0.0,14.63414634146341,96,94,0.05032370239496231,0.02123860708958129,robust_reg,96,8,9042,0.6,0.7
Gastrointestinal,all_constraints,0.8723404255319149,0.3354997092507591,1.0,0.0,14.63414634146341,96,94,0.05032370239496231,0.02123860708958129,robust_reg,96,8,9042,0.6,0.7
Overall_Survival,all_constraints,10.6853210411975,1.7962972022447559,11.726974486091649,1.254407457049956,9.748452488025672,96,94,0.05032370239496231,0.02123860708958129,robust_reg,96,8,9042,0.6,0.7
all_constraints,all_constraints,0.7127659574468085,0.45489784805160016,0.925531914893617,0.2639388044961832,29.850746268656714,96,94,0.05032370239496231,0.02123860708958129,robust_reg,96,8,9042,0.6,0.7
Any_DLT,dlt_only,0.8541666666666666,0.35479176002615415,1.0,0.0,17.07317073170732,96,96,0.012395272652308146,0.0004748714195294557,cp,96,8,9042,0.6,0.7
Blood,dlt_only,0.875,0.33245498310218435,1.0,0.0,14.285714285714286,96,96,0.012395272652308146,0.0004748714195294557,cp,96,8,9042,0.6,0.7
Constitutional,dlt_only,0.8645833333333334,0.34396424742808945,0.9479166666666666,0.22336148028967082,9.63855421686746,96,96,0.012395272652308146,0.0004748714195294557,cp,96,8,9042,0.6,0.7
Infection,dlt_only,0.8645833333333334,0.34396424742808945,1.0,0.0,15.662650602409633,96,96,0.012395272652308146,0.0004748714195294557,cp,96,8,9042,0.6,0.7
Gastrointestinal,dlt_only,0.8645833333333334,0.3439642474280894,1.0,0.0,15.662650602409633,96,96,0.012395272652308146,0.0004748714195294557,cp,96,8,9042,0.6,0.7
Overall_Survival,dlt_only,10.690597206168823,1.779425762099106,11.98168479971626,0.9762947223381213,12.076851916209492,96,96,0.012395272652308146,0.0004748714195294557,cp,96,8,9042,0.6,0.7
all_constraints,dlt_only,0.6979166666666666,0.4615714956689105,0.9479166666666666,0.22336148028967082,35.820895522388064,96,96,0.012395272652308146,0.0004748714195294557,cp,96,8,9042,0.6,0.7
Any_DLT,all_constraints,0.8617021276595744,0.3470633740209737,1.0,0.0,16.049382716049386,96,94,0.06421960890293121,0.025740226298714777,cp,94,8,9042,0.6,0.7
Blood,all_constraints,0.8723404255319149,0.3354997092507591,1.0,0.0,14.63414634146341,96,94,0.06421960890293121,0.025740226298714777,cp,94,8,9042,0.6,0.7
Constitutional,all_constraints,0.8723404255319149,0.3354997092507591,0.9893617021276596,0.10314212462587934,13.414634146341463,96,94,0.06421960890293121,0.025740226298714777,cp,94,8,9042,0.6,0.7
Infection,all_constraints,0.8723404255319149,0.3354997092507591,1.0,0.0,14.63414634146341,96,94,0.06421960890293121,0.025740226298714777,cp,94,8,9042,0.6,0.7
Gastrointestinal,all_constraints,0.8723404255319149,0.3354997092507591,1.0,0.0,14.63414634146341,96,94,0.06421960890293121,0.025740226298714777,cp,94,8,9042,0.6,0.7
Overall_Survival,all_constraints,10.6853210411975,1.7962972022447559,11.711356536418894,1.2824194869911314,9.602289826065961,96,94,0.06421960890293121,0.025740226298714777,cp,94,8,9042,0.6,0.7
all_constraints,all_constraints,0.7127659574468085,0.45489784805160016,0.9893617021276596,0.10314212462587934,38.80597014925374,96,94,0.06421960890293121,0.025740226298714777,cp,94,8,9042,0.6,0.7
Any_DLT,dlt_only,0.8541666666666666,0.35479176002615415,1.0,0.0,17.07317073170732,96,96,0.01231302817662557,0.000987159593068021,nominal,96,9,10042,0.6,0.7
Blood,dlt_only,0.875,0.33245498310218435,1.0,0.0,14.285714285714286,96,96,0.01231302817662557,0.000987159593068021,nominal,96,9,10042,0.6,0.7
Constitutional,dlt_only,0.8645833333333334,0.34396424742808945,0.9375,0.2433321316961438,8.43373493975903,96,96,0.01231302817662557,0.000987159593068021,nominal,96,9,10042,0.6,0.7
Infection,dlt_only,0.8645833333333334,0.34396424742808945,1.0,0.0,15.662650602409633,96,96,0.01231302817662557,0.000987159593068021,nominal,96,9,10042,0.6,0.7
Gastrointestinal,dlt_only,0.8645833333333334,0.3439642474280894,1.0,0.0,15.662650602409633,96,96,0.01231302817662557,0.000987159593068021,nominal,96,9,10042,0.6,0.7
Overall_Survival,dlt_only,10.690597206168823,1.779425762099106,11.966150559612018,0.9683448386748637,11.931544410888096,96,96,0.01231302817662557,0.000987159593068021,nominal,96,9,10042,0.6,0.7
all_constraints,dlt_only,0.6979166666666666,0.4615714956689105,0.9375,0.2433321316961438,34.32835820895523,96,96,0.01231302817662557,0.000987159593068021,nominal,96,9,10042,0.6,0.7
Any_DLT,all_constraints,0.8631578947368421,0.34550383548659225,1.0,0.0,15.853658536585364,96,95,0.061474598944187164,0.0891374940012775,nominal,96,9,10042,0.6,0.7
Blood,all_constraints,0.8842105263157894,0.3216697756533383,1.0,0.0,13.095238095238098,96,95,0.061474598944187164,0.0891374940012775,nominal,96,9,10042,0.6,0.7
Constitutional,all_constraints,0.8631578947368421,0.34550383548659225,0.9578947368421052,0.2018947204943553,10.975609756097557,96,95,0.061474598944187164,0.0891374940012775,nominal,96,9,10042,0.6,0.7
Infection,all_constraints,0.8736842105263158,0.333967295607331,0.9894736842105263,0.10259783520851541,13.25301204819276,96,95,0.061474598944187164,0.0891374940012775,nominal,96,9,10042,0.6,0.7
Gastrointestinal,all_constraints,0.8631578947368421,0.3455038354865923,1.0,0.0,15.853658536585364,96,95,0.061474598944187164,0.0891374940012775,nominal,96,9,10042,0.6,0.7
Overall_Survival,all_constraints,10.682295535441693,1.7869958575119873,11.856729636173482,1.146904139328899,10.994210905654636,96,95,0.061474598944187164,0.0891374940012775,nominal,96,9,10042,0.6,0.7
all_constraints,all_constraints,0.7052631578947368,0.4583430892442982,0.9473684210526315,0.22448148540588725,34.32835820895522,96,95,0.061474598944187164,0.0891374940012775,nominal,96,9,10042,0.6,0.7
Any_DLT,dlt_only,0.8541666666666666,0.35479176002615415,1.0,0.0,17.07317073170732,96,96,0.013403144975503286,0.0007284376145871576,robust_reg,96,9,10042,0.6,0.7
Blood,dlt_only,0.875,0.33245498310218435,1.0,0.0,14.285714285714286,96,96,0.013403144975503286,0.0007284376145871576,robust_reg,96,9,10042,0.6,0.7
Constitutional,dlt_only,0.8645833333333334,0.34396424742808945,0.9479166666666666,0.22336148028967082,9.63855421686746,96,96,0.013403144975503286,0.0007284376145871576,robust_reg,96,9,10042,0.6,0.7
Infection,dlt_only,0.8645833333333334,0.34396424742808945,1.0,0.0,15.662650602409633,96,96,0.013403144975503286,0.0007284376145871576,robust_reg,96,9,10042,0.6,0.7
Gastrointestinal,dlt_only,0.8645833333333334,0.3439642474280894,1.0,0.0,15.662650602409633,96,96,0.013403144975503286,0.0007284376145871576,robust_reg,96,9,10042,0.6,0.7
Overall_Survival,dlt_only,10.690597206168823,1.779425762099106,11.967982688306753,0.9745076160768175,11.948682169045123,96,96,0.013403144975503286,0.0007284376145871576,robust_reg,96,9,10042,0.6,0.7
all_constraints,dlt_only,0.6979166666666666,0.4615714956689105,0.9479166666666666,0.22336148028967082,35.820895522388064,96,96,0.013403144975503286,0.0007284376145871576,robust_reg,96,9,10042,0.6,0.7
Any_DLT,all_constraints,0.8631578947368421,0.34550383548659225,1.0,0.0,15.853658536585364,96,95,0.05281709134578705,0.054063391303526914,robust_reg,96,9,10042,0.6,0.7
Blood,all_constraints,0.8842105263157894,0.3216697756533383,1.0,0.0,13.095238095238098,96,95,0.05281709134578705,0.054063391303526914,robust_reg,96,9,10042,0.6,0.7
Constitutional,all_constraints,0.8631578947368421,0.34550383548659225,0.9473684210526315,0.22448148540588725,9.7560975609756,96,95,0.05281709134578705,0.054063391303526914,robust_reg,96,9,10042,0.6,0.7
Infection,all_constraints,0.8736842105263158,0.333967295607331,1.0,0.0,14.457831325301198,96,95,0.05281709134578705,0.054063391303526914,robust_reg,96,9,10042,0.6,0.7
Gastrointestinal,all_constraints,0.8631578947368421,0.3455038354865923,1.0,0.0,15.853658536585364,96,95,0.05281709134578705,0.054063391303526914,robust_reg,96,9,10042,0.6,0.7
Overall_Survival,all_constraints,10.682295535441693,1.7869958575119873,11.839978516343152,1.0997754005032707,10.837398919178948,96,95,0.05281709134578705,0.054063391303526914,robust_reg,96,9,10042,0.6,0.7
all_constraints,all_constraints,0.7052631578947368,0.4583430892442982,0.9473684210526315,0.22448148540588725,34.32835820895522,96,95,0.05281709134578705,0.054063391303526914,robust_reg,96,9,10042,0.6,0.7
Any_DLT,dlt_only,0.8541666666666666,0.35479176002615415,1.0,0.0,17.07317073170732,96,96,0.014174297451972961,0.0008162485167149079,cp,96,9,10042,0.6,0.7
Blood,dlt_only,0.875,0.33245498310218435,1.0,0.0,14.285714285714286,96,96,0.014174297451972961,0.0008162485167149079,cp,96,9,10042,0.6,0.7
Constitutional,dlt_only,0.8645833333333334,0.34396424742808945,0.9479166666666666,0.22336148028967082,9.63855421686746,96,96,0.014174297451972961,0.0008162485167149079,cp,96,9,10042,0.6,0.7
Infection,dlt_only,0.8645833333333334,0.34396424742808945,1.0,0.0,15.662650602409633,96,96,0.014174297451972961,0.0008162485167149079,cp,96,9,10042,0.6,0.7
Gastrointestinal,dlt_only,0.8645833333333334,0.3439642474280894,1.0,0.0,15.662650602409633,96,96,0.014174297451972961,0.0008162485167149079,cp,96,9,10042,0.6,0.7
Overall_Survival,dlt_only,10.690597206168823,1.779425762099106,11.970838205125212,0.977475738653556,11.97539271442804,96,96,0.014174297451972961,0.0008162485167149079,cp,96,9,10042,0.6,0.7
all_constraints,dlt_only,0.6979166666666666,0.4615714956689105,0.9479166666666666,0.22336148028967082,35.820895522388064,96,96,0.014174297451972961,0.0008162485167149079,cp,96,9,10042,0.6,0.7
Any_DLT,all_constraints,0.8631578947368421,0.34550383548659225,0.9368421052631579,0.2445371796902055,8.536585365853659,96,95,0.11033767213424046,0.06661157376767991,cp,95,9,10042,0.6,0.7
Blood,all_constraints,0.8842105263157894,0.3216697756533383,0.9263157894736842,0.2626422720087394,4.7619047619047645,96,95,0.11033767213424046,0.06661157376767991,cp,95,9,10042,0.6,0.7
Constitutional,all_constraints,0.8631578947368421,0.34550383548659225,0.9894736842105263,0.10259783520851543,14.634146341463408,96,95,0.11033767213424046,0.06661157376767991,cp,95,9,10042,0.6,0.7
Infection,all_constraints,0.8736842105263158,0.333967295607331,0.9157894736842105,0.27917652063748477,4.819277108433724,96,95,0.11033767213424046,0.06661157376767991,cp,95,9,10042,0.6,0.7
Gastrointestinal,all_constraints,0.8631578947368421,0.3455038354865923,0.9789473684210527,0.1443214031708876,13.414634146341466,96,95,0.11033767213424046,0.06661157376767991,cp,95,9,10042,0.6,0.7
Overall_Survival,all_constraints,10.682295535441693,1.7869958575119873,11.769716770370126,1.190289660606032,10.179658775780823,96,95,0.11033767213424046,0.06661157376767991,cp,95,9,10042,0.6,0.7
all_constraints,all_constraints,0.7052631578947368,0.4583430892442982,0.8736842105263158,0.333967295607331,23.88059701492539,96,95,0.11033767213424046,0.06661157376767991,cp,95,9,10042,0.6,0.7
Any_DLT,dlt_only,0.8541666666666666,0.35479176002615415,1.0,0.0,17.07317073170732,96,96,0.019773758947849274,0.0008142702751545938,nominal,96,0,1042,0.6,0.8
Blood,dlt_only,0.875,0.33245498310218435,1.0,0.0,14.285714285714286,96,96,0.019773758947849274,0.0008142702751545938,nominal,96,0,1042,0.6,0.8
Constitutional,dlt_only,0.8645833333333334,0.34396424742808945,0.96875,0.17490598978639324,12.048192771084333,96,96,0.019773758947849274,0.0008142702751545938,nominal,96,0,1042,0.6,0.8
Infection,dlt_only,0.8645833333333334,0.34396424742808945,1.0,0.0,15.662650602409633,96,96,0.019773758947849274,0.0008142702751545938,nominal,96,0,1042,0.6,0.8
Gastrointestinal,dlt_only,0.8645833333333334,0.3439642474280894,1.0,0.0,15.662650602409633,96,96,0.019773758947849274,0.0008142702751545938,nominal,96,0,1042,0.6,0.8
Overall_Survival,dlt_only,10.690597206168823,1.779425762099106,11.977482886084381,0.9689418685224785,12.037547155672307,96,96,0.019773758947849274,0.0008142702751545938,nominal,96,0,1042,0.6,0.8
all_constraints,dlt_only,0.6979166666666666,0.4615714956689105,0.96875,0.17490598978639324,38.80597014925374,96,96,0.019773758947849274,0.0008142702751545938,nominal,96,0,1042,0.6,0.8
Any_DLT,all_constraints,0.8695652173913043,0.3386265505758479,0.967391304347826,0.17858337274913305,11.249999999999998,96,92,0.06326996286710103,0.023012620531601656,nominal,93,0,1042,0.6,0.8
Blood,all_constraints,0.8695652173913043,0.3386265505758479,0.967391304347826,0.17858337274913305,11.249999999999998,96,92,0.06326996286710103,0.023012620531601656,nominal,93,0,1042,0.6,0.8
Constitutional,all_constraints,0.8804347826086957,0.32623025995934074,0.9782608695652174,0.14662959759729013,11.111111111111109,96,92,0.06326996286710103,0.023012620531601656,nominal,93,0,1042,0.6,0.8
Infection,all_constraints,0.8804347826086957,0.32623025995934074,0.9782608695652174,0.14662959759729013,11.111111111111109,96,92,0.06326996286710103,0.023012620531601656,nominal,93,0,1042,0.6,0.8
Gastrointestinal,all_constraints,0.8804347826086957,0.32623025995934074,1.0,0.0,13.580246913580243,96,92,0.06326996286710103,0.023012620531601656,nominal,93,0,1042,0.6,0.8
Overall_Survival,all_constraints,10.731085430105628,1.7799422811971206,11.875499004454197,1.1288911746362544,10.664471751738763,96,92,0.06326996286710103,0.023012620531601656,nominal,93,0,1042,0.6,0.8
all_constraints,all_constraints,0.717391304347826,0.4527349601029049,0.9456521739130435,0.22794497286530102,31.818181818181824,96,92,0.06326996286710103,0.023012620531601656,nominal,93,0,1042,0.6,0.8
Any_DLT,dlt_only,0.8541666666666666,0.35479176002615415,1.0,0.0,17.07317073170732,96,96,0.02070195972919464,0.02296391324045767,robust_reg,96,0,1042,0.6,0.8
Blood,dlt_only,0.875,0.33245498310218435,1.0,0.0,14.285714285714286,96,96,0.02070195972919464,0.02296391324045767,robust_reg,96,0,1042,0.6,0.8
Constitutional,dlt_only,0.8645833333333334,0.34396424742808945,0.9375,0.2433321316961438,8.43373493975903,96,96,0.02070195972919464,0.02296391324045767,robust_reg,96,0,1042,0.6,0.8
Infection,dlt_only,0.8645833333333334,0.34396424742808945,1.0,0.0,15.662650602409633,96,96,0.02070195972919464,0.02296391324045767,robust_reg,96,0,1042,0.6,0.8
Gastrointestinal,dlt_only,0.8645833333333334,0.3439642474280894,1.0,0.0,15.662650602409633,96,96,0.02070195972919464,0.02296391324045767,robust_reg,96,0,1042,0.6,0.8
Overall_Survival,dlt_only,10.690597206168823,1.779425762099106,11.968576256275293,0.9743139052378588,11.954234412358504,96,96,0.02070195972919464,0.02296391324045767,robust_reg,96,0,1042,0.6,0.8
all_constraints,dlt_only,0.6979166666666666,0.4615714956689105,0.9375,0.2433321316961438,34.32835820895523,96,96,0.02070195972919464,0.02296391324045767,robust_reg,96,0,1042,0.6,0.8
Any_DLT,all_constraints,0.8695652173913043,0.3386265505758479,0.9782608695652174,0.14662959759729013,12.500000000000005,96,92,0.06504906713962555,0.05470916568685631,robust_reg,93,0,1042,0.6,0.8
Blood,all_constraints,0.8695652173913043,0.3386265505758479,0.9891304347826086,0.10425720702853734,13.749999999999996,96,92,0.06504906713962555,0.05470916568685631,robust_reg,93,0,1042,0.6,0.8
Constitutional,all_constraints,0.8804347826086957,0.32623025995934074,0.967391304347826,0.17858337274913305,9.876543209876536,96,92,0.06504906713962555,0.05470916568685631,robust_reg,93,0,1042,0.6,0.8
Infection,all_constraints,0.8804347826086957,0.32623025995934074,0.9891304347826086,0.10425720702853734,12.345679012345672,96,92,0.06504906713962555,0.05470916568685631,robust_reg,93,0,1042,0.6,0.8
Gastrointestinal,all_constraints,0.8804347826086957,0.32623025995934074,1.0,0.0,13.580246913580243,96,92,0.06504906713962555,0.05470916568685631,robust_reg,93,0,1042,0.6,0.8
Overall_Survival,all_constraints,10.731085430105628,1.7799422811971206,11.927283188634526,1.0754622991522753,11.147034159033097,96,92,0.06504906713962555,0.05470916568685631,robust_reg,93,0,1042,0.6,0.8
all_constraints,all_constraints,0.717391304347826,0.4527349601029049,0.9565217391304348,0.20504855915155562,33.33333333333334,96,92,0.06504906713962555,0.05470916568685631,robust_reg,93,0,1042,0.6,0.8
Any_DLT,dlt_only,0.8541666666666666,0.35479176002615415,1.0,0.0,17.07317073170732,96,96,0.021649181842803955,0.0014869678934236199,cp,96,0,1042,0.6,0.8
Blood,dlt_only,0.875,0.33245498310218435,1.0,0.0,14.285714285714286,96,96,0.021649181842803955,0.0014869678934236199,cp,96,0,1042,0.6,0.8
Constitutional,dlt_only,0.8645833333333334,0.34396424742808945,0.9270833333333334,0.2613645031536837,7.228915662650602,96,96,0.021649181842803955,0.0014869678934236199,cp,96,0,1042,0.6,0.8
Infection,dlt_only,0.8645833333333334,0.34396424742808945,1.0,0.0,15.662650602409633,96,96,0.021649181842803955,0.0014869678934236199,cp,96,0,1042,0.6,0.8
Gastrointestinal,dlt_only,0.8645833333333334,0.3439642474280894,1.0,0.0,15.662650602409633,96,96,0.021649181842803955,0.0014869678934236199,cp,96,0,1042,0.6,0.8
Overall_Survival,dlt_only,10.690597206168823,1.779425762099106,11.976421273904847,0.9695330423300104,12.027616820078697,96,96,0.021649181842803955,0.0014869678934236199,cp,96,0,1042,0.6,0.8
all_constraints,dlt_only,0.6979166666666666,0.4615714956689105,0.9270833333333334,0.2613645031536837,32.8358208955224,96,96,0.021649181842803955,0.0014869678934236199,cp,96,0,1042,0.6,0.8
Any_DLT,all_constraints,0.8695652173913043,0.3386265505758479,0.967391304347826,0.17858337274913305,11.249999999999998,96,92,0.07429829488197963,0.014977121736400657,cp,93,0,1042,0.6,0.8
Blood,all_constraints,0.8695652173913043,0.3386265505758479,0.967391304347826,0.17858337274913305,11.249999999999998,96,92,0.07429829488197963,0.014977121736400657,cp,93,0,1042,0.6,0.8
Constitutional,all_constraints,0.8804347826086957,0.32623025995934074,0.9782608695652174,0.14662959759729013,11.111111111111109,96,92,0.07429829488197963,0.014977121736400657,cp,93,0,1042,0.6,0.8
Infection,all_constraints,0.8804347826086957,0.32623025995934074,0.9782608695652174,0.14662959759729013,11.111111111111109,96,92,0.07429829488197963,0.014977121736400657,cp,93,0,1042,0.6,0.8
Gastrointestinal,all_constraints,0.8804347826086957,0.32623025995934074,1.0,0.0,13.580246913580243,96,92,0.07429829488197963,0.014977121736400657,cp,93,0,1042,0.6,0.8
Overall_Survival,all_constraints,10.731085430105628,1.7799422811971206,11.875532779195655,1.132606783335887,10.664786489159118,96,92,0.07429829488197963,0.014977121736400657,cp,93,0,1042,0.6,0.8
all_constraints,all_constraints,0.717391304347826,0.4527349601029049,0.9456521739130435,0.22794497286530102,31.818181818181824,96,92,0.07429829488197963,0.014977121736400657,cp,93,0,1042,0.6,0.8
Any_DLT,dlt_only,0.8541666666666666,0.35479176002615415,1.0,0.0,17.07317073170732,96,96,0.012022450566291809,0.0010163073151890222,nominal,96,1,2042,0.6,0.8
Blood,dlt_only,0.875,0.33245498310218435,1.0,0.0,14.285714285714286,96,96,0.012022450566291809,0.0010163073151890222,nominal,96,1,2042,0.6,0.8
Constitutional,dlt_only,0.8645833333333334,0.34396424742808945,0.9375,0.2433321316961438,8.43373493975903,96,96,0.012022450566291809,0.0010163073151890222,nominal,96,1,2042,0.6,0.8
Infection,dlt_only,0.8645833333333334,0.34396424742808945,1.0,0.0,15.662650602409633,96,96,0.012022450566291809,0.0010163073151890222,nominal,96,1,2042,0.6,0.8
Gastrointestinal,dlt_only,0.8645833333333334,0.3439642474280894,1.0,0.0,15.662650602409633,96,96,0.012022450566291809,0.0010163073151890222,nominal,96,1,2042,0.6,0.8
Overall_Survival,dlt_only,10.690597206168823,1.779425762099106,11.976743043419456,0.9698425686321548,12.030626656745467,96,96,0.012022450566291809,0.0010163073151890222,nominal,96,1,2042,0.6,0.8
all_constraints,dlt_only,0.6979166666666666,0.4615714956689105,0.9375,0.2433321316961438,34.32835820895523,96,96,0.012022450566291809,0.0010163073151890222,nominal,96,1,2042,0.6,0.8
Any_DLT,all_constraints,0.8541666666666666,0.35479176002615415,0.96875,0.17490598978639324,13.414634146341468,96,96,0.0420436883966128,0.01600312417549193,nominal,96,1,2042,0.6,0.8
Blood,all_constraints,0.875,0.33245498310218435,0.96875,0.17490598978639324,10.714285714285714,96,96,0.0420436883966128,0.01600312417549193,nominal,96,1,2042,0.6,0.8
Constitutional,all_constraints,0.8645833333333334,0.34396424742808945,0.9583333333333334,0.20087527770480484,10.843373493975903,96,96,0.0420436883966128,0.01600312417549193,nominal,96,1,2042,0.6,0.8
Infection,all_constraints,0.8645833333333334,0.34396424742808945,1.0,0.0,15.662650602409633,96,96,0.0420436883966128,0.01600312417549193,nominal,96,1,2042,0.6,0.8
Gastrointestinal,all_constraints,0.8645833333333334,0.3439642474280894,1.0,0.0,15.662650602409633,96,96,0.0420436883966128,0.01600312417549193,nominal,96,1,2042,0.6,0.8
Overall_Survival,all_constraints,10.690597206168823,1.779425762099106,11.853960319619476,1.1667809276258554,10.882115292673783,96,96,0.0420436883966128,0.01600312417549193,nominal,96,1,2042,0.6,0.8
all_constraints,all_constraints,0.6979166666666666,0.4615714956689105,0.9375,0.2433321316961438,34.32835820895523,96,96,0.0420436883966128,0.01600312417549193,nominal,96,1,2042,0.6,0.8
Any_DLT,dlt_only,0.8541666666666666,0.35479176002615415,1.0,0.0,17.07317073170732,96,96,0.01050217698017756,0.00047162584590170945,robust_reg,96,1,2042,0.6,0.8
Blood,dlt_only,0.875,0.33245498310218435,1.0,0.0,14.285714285714286,96,96,0.01050217698017756,0.00047162584590170945,robust_reg,96,1,2042,0.6,0.8
Constitutional,dlt_only,0.8645833333333334,0.34396424742808945,0.9583333333333334,0.20087527770480484,10.843373493975903,96,96,0.01050217698017756,0.00047162584590170945,robust_reg,96,1,2042,0.6,0.8
Infection,dlt_only,0.8645833333333334,0.34396424742808945,1.0,0.0,15.662650602409633,96,96,0.01050217698017756,0.00047162584590170945,robust_reg,96,1,2042,0.6,0.8
Gastrointestinal,dlt_only,0.8645833333333334,0.3439642474280894,1.0,0.0,15.662650602409633,96,96,0.01050217698017756,0.00047162584590170945,robust_reg,96,1,2042,0.6,0.8
Overall_Survival,dlt_only,10.690597206168823,1.779425762099106,11.965708623278028,0.9749908116770808,11.927410532064794,96,96,0.01050217698017756,0.00047162584590170945,robust_reg,96,1,2042,0.6,0.8
all_constraints,dlt_only,0.6979166666666666,0.4615714956689105,0.9583333333333334,0.20087527770480484,37.31343283582091,96,96,0.01050217698017756,0.00047162584590170945,robust_reg,96,1,2042,0.6,0.8
Any_DLT,all_constraints,0.8541666666666666,0.35479176002615415,0.9479166666666666,0.22336148028967082,10.975609756097562,96,96,0.043231899539629616,0.04792697995456811,robust_reg,96,1,2042,0.6,0.8
Blood,all_constraints,0.875,0.33245498310218435,0.9375,0.2433321316961438,7.142857142857143,96,96,0.043231899539629616,0.04792697995456811,robust_reg,96,1,2042,0.6,0.8
Constitutional,all_constraints,0.8645833333333334,0.34396424742808945,0.9479166666666666,0.22336148028967082,9.63855421686746,96,96,0.043231899539629616,0.04792697995456811,robust_reg,96,1,2042,0.6,0.8
Infection,all_constraints,0.8645833333333334,0.34396424742808945,0.9791666666666666,0.14357588616379593,13.253012048192762,96,96,0.043231899539629616,0.04792697995456811,robust_reg,96,1,2042,0.6,0.8
Gastrointestinal,all_constraints,0.8645833333333334,0.3439642474280894,1.0,0.0,15.662650602409633,96,96,0.043231899539629616,0.04792697995456811,robust_reg,96,1,2042,0.6,0.8
Overall_Survival,all_constraints,10.690597206168823,1.779425762099106,11.923993277117148,1.0066005215312974,11.537204584198678,96,96,0.043231899539629616,0.04792697995456811,robust_reg,96,1,2042,0.6,0.8
all_constraints,all_constraints,0.6979166666666666,0.4615714956689105,0.9270833333333334,0.26136450315368365,32.8358208955224,96,96,0.043231899539629616,0.04792697995456811,robust_reg,96,1,2042,0.6,0.8
Any_DLT,dlt_only,0.8541666666666666,0.35479176002615415,1.0,0.0,17.07317073170732,96,96,0.017760562400023144,0.0028891202987702514,cp,96,1,2042,0.6,0.8
Blood,dlt_only,0.875,0.33245498310218435,1.0,0.0,14.285714285714286,96,96,0.017760562400023144,0.0028891202987702514,cp,96,1,2042,0.6,0.8
Constitutional,dlt_only,0.8645833333333334,0.34396424742808945,0.9375,0.2433321316961438,8.43373493975903,96,96,0.017760562400023144,0.0028891202987702514,cp,96,1,2042,0.6,0.8
Infection,dlt_only,0.8645833333333334,0.34396424742808945,1.0,0.0,15.662650602409633,96,96,0.017760562400023144,0.0028891202987702514,cp,96,1,2042,0.6,0.8
Gastrointestinal,dlt_only,0.8645833333333334,0.3439642474280894,1.0,0.0,15.662650602409633,96,96,0.017760562400023144,0.0028891202987702514,cp,96,1,2042,0.6,0.8
Overall_Survival,dlt_only,10.690597206168823,1.779425762099106,11.920767157137666,1.0970315723603046,11.507027411518182,96,96,0.017760562400023144,0.0028891202987702514,cp,96,1,2042,0.6,0.8
all_constraints,dlt_only,0.6979166666666666,0.4615714956689105,0.9375,0.2433321316961438,34.32835820895523,96,96,0.017760562400023144,0.0028891202987702514,cp,96,1,2042,0.6,0.8
Any_DLT,all_constraints,0.8541666666666666,0.35479176002615415,0.96875,0.17490598978639324,13.414634146341468,96,96,0.05923111985127131,0.06103633234540739,cp,96,1,2042,0.6,0.8
Blood,all_constraints,0.875,0.33245498310218435,0.96875,0.17490598978639324,10.714285714285714,96,96,0.05923111985127131,0.06103633234540739,cp,96,1,2042,0.6,0.8
Constitutional,all_constraints,0.8645833333333334,0.34396424742808945,0.96875,0.17490598978639324,12.048192771084333,96,96,0.05923111985127131,0.06103633234540739,cp,96,1,2042,0.6,0.8
Infection,all_constraints,0.8645833333333334,0.34396424742808945,1.0,0.0,15.662650602409633,96,96,0.05923111985127131,0.06103633234540739,cp,96,1,2042,0.6,0.8
Gastrointestinal,all_constraints,0.8645833333333334,0.3439642474280894,1.0,0.0,15.662650602409633,96,96,0.05923111985127131,0.06103633234540739,cp,96,1,2042,0.6,0.8
Overall_Survival,all_constraints,10.690597206168823,1.779425762099106,11.863436898727466,1.166736267457696,10.970759349925524,96,96,0.05923111985127131,0.06103633234540739,cp,96,1,2042,0.6,0.8
all_constraints,all_constraints,0.6979166666666666,0.4615714956689105,0.9479166666666666,0.22336148028967082,35.820895522388064,96,96,0.05923111985127131,0.06103633234540739,cp,96,1,2042,0.6,0.8
Any_DLT,dlt_only,0.8541666666666666,0.35479176002615415,1.0,0.0,17.07317073170732,96,96,0.030445429186026256,0.02915562467664009,nominal,96,2,3042,0.6,0.8
Blood,dlt_only,0.875,0.33245498310218435,1.0,0.0,14.285714285714286,96,96,0.030445429186026256,0.02915562467664009,nominal,96,2,3042,0.6,0.8
Constitutional,dlt_only,0.8645833333333334,0.34396424742808945,0.9583333333333334,0.20087527770480484,10.843373493975903,96,96,0.030445429186026256,0.02915562467664009,nominal,96,2,3042,0.6,0.8
Infection,dlt_only,0.8645833333333334,0.34396424742808945,1.0,0.0,15.662650602409633,96,96,0.030445429186026256,0.02915562467664009,nominal,96,2,3042,0.6,0.8
Gastrointestinal,dlt_only,0.8645833333333334,0.3439642474280894,1.0,0.0,15.662650602409633,96,96,0.030445429186026256,0.02915562467664009,nominal,96,2,3042,0.6,0.8
Overall_Survival,dlt_only,10.690597206168823,1.779425762099106,10.97854896842731,1.0196948151536982,2.6935049249851963,96,96,0.030445429186026256,0.02915562467664009,nominal,96,2,3042,0.6,0.8
all_constraints,dlt_only,0.6979166666666666,0.4615714956689105,0.9583333333333334,0.20087527770480484,37.31343283582091,96,96,0.030445429186026256,0.02915562467664009,nominal,96,2,3042,0.6,0.8
Any_DLT,all_constraints,0.8705882352941177,0.3376471564235308,1.0,0.0,14.864864864864863,96,85,0.13012390583753586,0.06265167408434892,nominal,96,2,3042,0.6,0.8
Blood,all_constraints,0.8705882352941177,0.3376471564235309,1.0,0.0,14.864864864864863,96,85,0.13012390583753586,0.06265167408434892,nominal,96,2,3042,0.6,0.8
Constitutional,all_constraints,0.9058823529411765,0.29372522840900395,0.9882352941176471,0.10846522890932811,9.090909090909095,96,85,0.13012390583753586,0.06265167408434892,nominal,96,2,3042,0.6,0.8
Infection,all_constraints,0.8823529411764706,0.32410186177608213,1.0,0.0,13.333333333333337,96,85,0.13012390583753586,0.06265167408434892,nominal,96,2,3042,0.6,0.8
Gastrointestinal,all_constraints,0.8823529411764706,0.32410186177608213,1.0,0.0,13.333333333333337,96,85,0.13012390583753586,0.06265167408434892,nominal,96,2,3042,0.6,0.8
Overall_Survival,all_constraints,10.833725110085407,1.765329725482929,11.05089842845065,0.9786080425947034,2.0046042903845693,96,85,0.13012390583753586,0.06265167408434892,nominal,96,2,3042,0.6,0.8
all_constraints,all_constraints,0.7294117647058823,0.44690031098129934,0.9882352941176471,0.10846522890932811,35.48387096774195,96,85,0.13012390583753586,0.06265167408434892,nominal,96,2,3042,0.6,0.8
Any_DLT,dlt_only,0.8541666666666666,0.35479176002615415,1.0,0.0,17.07317073170732,96,96,0.024379941324392956,0.02063066850203847,robust_reg,96,2,3042,0.6,0.8
Blood,dlt_only,0.875,0.33245498310218435,1.0,0.0,14.285714285714286,96,96,0.024379941324392956,0.02063066850203847,robust_reg,96,2,3042,0.6,0.8
Constitutional,dlt_only,0.8645833333333334,0.34396424742808945,0.9583333333333334,0.20087527770480484,10.843373493975903,96,96,0.024379941324392956,0.02063066850203847,robust_reg,96,2,3042,0.6,0.8
Infection,dlt_only,0.8645833333333334,0.34396424742808945,1.0,0.0,15.662650602409633,96,96,0.024379941324392956,0.02063066850203847,robust_reg,96,2,3042,0.6,0.8
Gastrointestinal,dlt_only,0.8645833333333334,0.3439642474280894,1.0,0.0,15.662650602409633,96,96,0.024379941324392956,0.02063066850203847,robust_reg,96,2,3042,0.6,0.8
Overall_Survival,dlt_only,10.690597206168823,1.779425762099106,10.984334153599454,1.0144884016027804,2.747619630277858,96,96,0.024379941324392956,0.02063066850203847,robust_reg,96,2,3042,0.6,0.8
all_constraints,dlt_only,0.6979166666666666,0.4615714956689105,0.9583333333333334,0.20087527770480484,37.31343283582091,96,96,0.024379941324392956,0.02063066850203847,robust_reg,96,2,3042,0.6,0.8
Any_DLT,all_constraints,0.8705882352941177,0.3376471564235308,1.0,0.0,14.864864864864863,96,85,0.11914761116107304,0.07200486983845354,robust_reg,96,2,3042,0.6,0.8
Blood,all_constraints,0.8705882352941177,0.3376471564235309,1.0,0.0,14.864864864864863,96,85,0.11914761116107304,0.07200486983845354,robust_reg,96,2,3042,0.6,0.8
Constitutional,all_constraints,0.9058823529411765,0.29372522840900395,0.9529411764705882,0.21302148074901792,5.1948051948051885,96,85,0.11914761116107304,0.07200486983845354,robust_reg,96,2,3042,0.6,0.8
Infection,all_constraints,0.8823529411764706,0.32410186177608213,1.0,0.0,13.333333333333337,96,85,0.11914761116107304,0.07200486983845354,robust_reg,96,2,3042,0.6,0.8
Gastrointestinal,all_constraints,0.8823529411764706,0.32410186177608213,1.0,0.0,13.333333333333337,96,85,0.11914761116107304,0.07200486983845354,robust_reg,96,2,3042,0.6,0.8
Overall_Survival,all_constraints,10.833725110085407,1.765329725482929,11.224862301306684,0.9716045925041791,3.610366584409248,96,85,0.11914761116107304,0.07200486983845354,robust_reg,96,2,3042,0.6,0.8
all_constraints,all_constraints,0.7294117647058823,0.44690031098129934,0.9529411764705882,0.21302148074901792,30.64516129032258,96,85,0.11914761116107304,0.07200486983845354,robust_reg,96,2,3042,0.6,0.8
Any_DLT,dlt_only,0.8541666666666666,0.35479176002615415,1.0,0.0,17.07317073170732,96,96,0.1065603569149971,0.04911051286259506,cp,96,2,3042,0.6,0.8
Blood,dlt_only,0.875,0.33245498310218435,1.0,0.0,14.285714285714286,96,96,0.1065603569149971,0.04911051286259506,cp,96,2,3042,0.6,0.8
Constitutional,dlt_only,0.8645833333333334,0.34396424742808945,0.9583333333333334,0.20087527770480484,10.843373493975903,96,96,0.1065603569149971,0.04911051286259506,cp,96,2,3042,0.6,0.8
Infection,dlt_only,0.8645833333333334,0.34396424742808945,1.0,0.0,15.662650602409633,96,96,0.1065603569149971,0.04911051286259506,cp,96,2,3042,0.6,0.8
Gastrointestinal,dlt_only,0.8645833333333334,0.3439642474280894,1.0,0.0,15.662650602409633,96,96,0.1065603569149971,0.04911051286259506,cp,96,2,3042,0.6,0.8
Overall_Survival,dlt_only,10.690597206168823,1.779425762099106,11.280628779112055,1.2426827116450008,5.519163818114527,96,96,0.1065603569149971,0.04911051286259506,cp,96,2,3042,0.6,0.8
all_constraints,dlt_only,0.6979166666666666,0.4615714956689105,0.9583333333333334,0.20087527770480484,37.31343283582091,96,96,0.1065603569149971,0.04911051286259506,cp,96,2,3042,0.6,0.8
Any_DLT,all_constraints,0.8705882352941177,0.3376471564235308,1.0,0.0,14.864864864864863,96,85,0.5774005154768626,0.5691578072971925,cp,85,2,3042,0.6,0.8
Blood,all_constraints,0.8705882352941177,0.3376471564235309,1.0,0.0,14.864864864864863,96,85,0.5774005154768626,0.5691578072971925,cp,85,2,3042,0.6,0.8
Constitutional,all_constraints,0.9058823529411765,0.29372522840900395,0.9529411764705882,0.21302148074901792,5.1948051948051885,96,85,0.5774005154768626,0.5691578072971925,cp,85,2,3042,0.6,0.8
Infection,all_constraints,0.8823529411764706,0.32410186177608213,1.0,0.0,13.333333333333337,96,85,0.5774005154768626,0.5691578072971925,cp,85,2,3042,0.6,0.8
Gastrointestinal,all_constraints,0.8823529411764706,0.32410186177608213,1.0,0.0,13.333333333333337,96,85,0.5774005154768626,0.5691578072971925,cp,85,2,3042,0.6,0.8
Overall_Survival,all_constraints,10.833725110085407,1.765329725482929,11.102874659303703,1.082608068704552,2.4843675327126187,96,85,0.5774005154768626,0.5691578072971925,cp,85,2,3042,0.6,0.8
all_constraints,all_constraints,0.7294117647058823,0.44690031098129934,0.9529411764705882,0.21302148074901792,30.64516129032258,96,85,0.5774005154768626,0.5691578072971925,cp,85,2,3042,0.6,0.8
Any_DLT,dlt_only,0.8526315789473684,0.35635331059341196,1.0,0.0,17.283950617283953,96,95,0.014694256087144216,0.0024951589347405084,nominal,96,3,4042,0.6,0.8
Blood,dlt_only,0.8736842105263158,0.33396729560733096,1.0,0.0,14.457831325301198,96,95,0.014694256087144216,0.0024951589347405084,nominal,96,3,4042,0.6,0.8
Constitutional,dlt_only,0.8736842105263158,0.333967295607331,0.9473684210526315,0.22448148540588725,8.433734939759024,96,95,0.014694256087144216,0.0024951589347405084,nominal,96,3,4042,0.6,0.8
Infection,dlt_only,0.8631578947368421,0.34550383548659225,1.0,0.0,15.853658536585364,96,95,0.014694256087144216,0.0024951589347405084,nominal,96,3,4042,0.6,0.8
Gastrointestinal,dlt_only,0.8631578947368421,0.34550383548659225,1.0,0.0,15.853658536585364,96,95,0.014694256087144216,0.0024951589347405084,nominal,96,3,4042,0.6,0.8
Overall_Survival,dlt_only,10.700988303109694,1.7859352786035234,11.94023608447404,0.9750910089237079,11.58068531860952,96,95,0.014694256087144216,0.0024951589347405084,nominal,96,3,4042,0.6,0.8
all_constraints,dlt_only,0.7052631578947368,0.4583430892442981,0.9473684210526315,0.22448148540588725,34.32835820895522,96,95,0.014694256087144216,0.0024951589347405084,nominal,96,3,4042,0.6,0.8
Any_DLT,all_constraints,0.8617021276595744,0.3470633740209737,0.9893617021276596,0.10314212462587934,14.814814814814824,96,94,0.05900954703489939,0.0706716208456736,nominal,96,3,4042,0.6,0.8
Blood,all_constraints,0.8723404255319149,0.3354997092507591,0.9893617021276596,0.10314212462587934,13.414634146341463,96,94,0.05900954703489939,0.0706716208456736,nominal,96,3,4042,0.6,0.8
Constitutional,all_constraints,0.8829787234042553,0.32316921825641187,0.9787234042553191,0.14507865158346242,10.8433734939759,96,94,0.05900954703489939,0.0706716208456736,nominal,96,3,4042,0.6,0.8
Infection,all_constraints,0.8829787234042553,0.32316921825641187,1.0,0.0,13.253012048192772,96,94,0.05900954703489939,0.0706716208456736,nominal,96,3,4042,0.6,0.8
Gastrointestinal,all_constraints,0.8723404255319149,0.3354997092507591,1.0,0.0,14.63414634146341,96,94,0.05900954703489939,0.0706716208456736,nominal,96,3,4042,0.6,0.8
Overall_Survival,all_constraints,10.745903479292465,1.738781342665572,11.932164003881708,1.0062564548674222,11.039188346286434,96,94,0.05900954703489939,0.0706716208456736,nominal,96,3,4042,0.6,0.8
all_constraints,all_constraints,0.7127659574468085,0.45489784805160016,0.9680851063829787,0.1767160202664313,35.820895522388064,96,94,0.05900954703489939,0.0706716208456736,nominal,96,3,4042,0.6,0.8
Any_DLT,dlt_only,0.8526315789473684,0.35635331059341196,1.0,0.0,17.283950617283953,96,95,0.014036846657594046,0.00124234798151866,robust_reg,96,3,4042,0.6,0.8
Blood,dlt_only,0.8736842105263158,0.33396729560733096,1.0,0.0,14.457831325301198,96,95,0.014036846657594046,0.00124234798151866,robust_reg,96,3,4042,0.6,0.8
Constitutional,dlt_only,0.8736842105263158,0.333967295607331,0.968421052631579,0.1758040240472914,10.843373493975898,96,95,0.014036846657594046,0.00124234798151866,robust_reg,96,3,4042,0.6,0.8
Infection,dlt_only,0.8631578947368421,0.34550383548659225,1.0,0.0,15.853658536585364,96,95,0.014036846657594046,0.00124234798151866,robust_reg,96,3,4042,0.6,0.8
Gastrointestinal,dlt_only,0.8631578947368421,0.34550383548659225,1.0,0.0,15.853658536585364,96,95,0.014036846657594046,0.00124234798151866,robust_reg,96,3,4042,0.6,0.8
Overall_Survival,dlt_only,10.700988303109694,1.7859352786035234,11.923344850956695,0.9782805661551609,11.422837902661623,96,95,0.014036846657594046,0.00124234798151866,robust_reg,96,3,4042,0.6,0.8
all_constraints,dlt_only,0.7052631578947368,0.4583430892442981,0.968421052631579,0.1758040240472914,37.313432835820905,96,95,0.014036846657594046,0.00124234798151866,robust_reg,96,3,4042,0.6,0.8
Any_DLT,all_constraints,0.8617021276595744,0.3470633740209737,0.9893617021276596,0.10314212462587934,14.814814814814824,96,94,0.07796810070673625,0.07137498343088121,robust_reg,96,3,4042,0.6,0.8
Blood,all_constraints,0.8723404255319149,0.3354997092507591,1.0,0.0,14.63414634146341,96,94,0.07796810070673625,0.07137498343088121,robust_reg,96,3,4042,0.6,0.8
Constitutional,all_constraints,0.8829787234042553,0.32316921825641187,0.9468085106382979,0.22561844642593043,7.2289156626506,96,94,0.07796810070673625,0.07137498343088121,robust_reg,96,3,4042,0.6,0.8
Infection,all_constraints,0.8829787234042553,0.32316921825641187,1.0,0.0,13.253012048192772,96,94,0.07796810070673625,0.07137498343088121,robust_reg,96,3,4042,0.6,0.8
Gastrointestinal,all_constraints,0.8723404255319149,0.3354997092507591,1.0,0.0,14.63414634146341,96,94,0.07796810070673625,0.07137498343088121,robust_reg,96,3,4042,0.6,0.8
Overall_Survival,all_constraints,10.745903479292465,1.738781342665572,11.92507078289877,1.035033389852981,10.973179741271446,96,94,0.07796810070673625,0.07137498343088121,robust_reg,96,3,4042,0.6,0.8
all_constraints,all_constraints,0.7127659574468085,0.45489784805160016,0.9468085106382979,0.22561844642593043,32.83582089552239,96,94,0.07796810070673625,0.07137498343088121,robust_reg,96,3,4042,0.6,0.8
Any_DLT,dlt_only,0.8526315789473684,0.35635331059341196,1.0,0.0,17.283950617283953,96,95,0.047977618873119354,0.008933063239692543,cp,95,3,4042,0.6,0.8
Blood,dlt_only,0.8736842105263158,0.33396729560733096,1.0,0.0,14.457831325301198,96,95,0.047977618873119354,0.008933063239692543,cp,95,3,4042,0.6,0.8
Constitutional,dlt_only,0.8736842105263158,0.333967295607331,0.9473684210526315,0.22448148540588725,8.433734939759024,96,95,0.047977618873119354,0.008933063239692543,cp,95,3,4042,0.6,0.8
Infection,dlt_only,0.8631578947368421,0.34550383548659225,1.0,0.0,15.853658536585364,96,95,0.047977618873119354,0.008933063239692543,cp,95,3,4042,0.6,0.8
Gastrointestinal,dlt_only,0.8631578947368421,0.34550383548659225,1.0,0.0,15.853658536585364,96,95,0.047977618873119354,0.008933063239692543,cp,95,3,4042,0.6,0.8
Overall_Survival,dlt_only,10.700988303109694,1.7859352786035234,11.876483005548206,1.02616332291887,10.984917179069472,96,95,0.047977618873119354,0.008933063239692543,cp,95,3,4042,0.6,0.8
all_constraints,dlt_only,0.7052631578947368,0.4583430892442981,0.9473684210526315,0.22448148540588725,34.32835820895522,96,95,0.047977618873119354,0.008933063239692543,cp,95,3,4042,0.6,0.8
Any_DLT,all_constraints,0.8617021276595744,0.3470633740209737,1.0,0.0,16.049382716049386,96,94,0.1653940031925837,0.09759710609300992,cp,94,3,4042,0.6,0.8
Blood,all_constraints,0.8723404255319149,0.3354997092507591,0.9893617021276596,0.10314212462587934,13.414634146341463,96,94,0.1653940031925837,0.09759710609300992,cp,94,3,4042,0.6,0.8
Constitutional,all_constraints,0.8829787234042553,0.32316921825641187,0.9574468085106383,0.2029298102618999,8.433734939759042,96,94,0.1653940031925837,0.09759710609300992,cp,94,3,4042,0.6,0.8
Infection,all_constraints,0.8829787234042553,0.32316921825641187,1.0,0.0,13.253012048192772,96,94,0.1653940031925837,0.09759710609300992,cp,94,3,4042,0.6,0.8
Gastrointestinal,all_constraints,0.8723404255319149,0.3354997092507591,1.0,0.0,14.63414634146341,96,94,0.1653940031925837,0.09759710609300992,cp,94,3,4042,0.6,0.8
Overall_Survival,all_constraints,10.745903479292465,1.738781342665572,11.80989242171184,1.1606992946777062,9.901344679576725,96,94,0.1653940031925837,0.09759710609300992,cp,94,3,4042,0.6,0.8
all_constraints,all_constraints,0.7127659574468085,0.45489784805160016,0.9468085106382979,0.22561844642593043,32.83582089552239,96,94,0.1653940031925837,0.09759710609300992,cp,94,3,4042,0.6,0.8
Any_DLT,dlt_only,0.8541666666666666,0.35479176002615415,1.0,0.0,17.07317073170732,96,96,0.01750808209180832,0.0009295309630771668,nominal,96,4,5042,0.6,0.8
Blood,dlt_only,0.875,0.33245498310218435,1.0,0.0,14.285714285714286,96,96,0.01750808209180832,0.0009295309630771668,nominal,96,4,5042,0.6,0.8
Constitutional,dlt_only,0.8645833333333334,0.34396424742808945,0.9583333333333334,0.20087527770480484,10.843373493975903,96,96,0.01750808209180832,0.0009295309630771668,nominal,96,4,5042,0.6,0.8
Infection,dlt_only,0.8645833333333334,0.34396424742808945,1.0,0.0,15.662650602409633,96,96,0.01750808209180832,0.0009295309630771668,nominal,96,4,5042,0.6,0.8
Gastrointestinal,dlt_only,0.8645833333333334,0.3439642474280894,1.0,0.0,15.662650602409633,96,96,0.01750808209180832,0.0009295309630771668,nominal,96,4,5042,0.6,0.8
Overall_Survival,dlt_only,10.690597206168823,1.779425762099106,11.953893027133768,0.9701732191385636,11.816887275820124,96,96,0.01750808209180832,0.0009295309630771668,nominal,96,4,5042,0.6,0.8
all_constraints,dlt_only,0.6979166666666666,0.4615714956689105,0.9583333333333334,0.20087527770480484,37.31343283582091,96,96,0.01750808209180832,0.0009295309630771668,nominal,96,4,5042,0.6,0.8
Any_DLT,all_constraints,0.8764044943820225,0.3309842319473132,0.9887640449438202,0.10599978800063597,12.820512820512812,96,89,0.06643796960512798,0.044763685642539915,nominal,96,4,5042,0.6,0.8
Blood,all_constraints,0.8651685393258427,0.3434785700591634,0.9887640449438202,0.10599978800063597,14.285714285714283,96,89,0.06643796960512798,0.044763685642539915,nominal,96,4,5042,0.6,0.8
Constitutional,all_constraints,0.9101123595505618,0.28764124744526687,0.9550561797752809,0.20835461246451933,4.938271604938272,96,89,0.06643796960512798,0.044763685642539915,nominal,96,4,5042,0.6,0.8
Infection,all_constraints,0.898876404494382,0.3032004969797108,0.9887640449438202,0.10599978800063597,10.000000000000002,96,89,0.06643796960512798,0.044763685642539915,nominal,96,4,5042,0.6,0.8
Gastrointestinal,all_constraints,0.8876404494382022,0.3175975958515819,1.0,0.0,12.658227848101271,96,89,0.06643796960512798,0.044763685642539915,nominal,96,4,5042,0.6,0.8
Overall_Survival,all_constraints,10.735320124258662,1.7807965126076837,11.897391675733186,1.0903592703073741,10.82474987260589,96,89,0.06643796960512798,0.044763685642539915,nominal,96,4,5042,0.6,0.8
all_constraints,all_constraints,0.7415730337078652,0.44025018423517,0.9438202247191011,0.23157320469295903,27.272727272727263,96,89,0.06643796960512798,0.044763685642539915,nominal,96,4,5042,0.6,0.8
Any_DLT,dlt_only,0.8541666666666666,0.35479176002615415,1.0,0.0,17.07317073170732,96,96,0.014450828234354654,0.0020995720733376507,robust_reg,96,4,5042,0.6,0.8
Blood,dlt_only,0.875,0.33245498310218435,1.0,0.0,14.285714285714286,96,96,0.014450828234354654,0.0020995720733376507,robust_reg,96,4,5042,0.6,0.8
Constitutional,dlt_only,0.8645833333333334,0.34396424742808945,0.9583333333333334,0.20087527770480487,10.843373493975903,96,96,0.014450828234354654,0.0020995720733376507,robust_reg,96,4,5042,0.6,0.8
Infection,dlt_only,0.8645833333333334,0.34396424742808945,1.0,0.0,15.662650602409633,96,96,0.014450828234354654,0.0020995720733376507,robust_reg,96,4,5042,0.6,0.8
Gastrointestinal,dlt_only,0.8645833333333334,0.3439642474280894,1.0,0.0,15.662650602409633,96,96,0.014450828234354654,0.0020995720733376507,robust_reg,96,4,5042,0.6,0.8
Overall_Survival,dlt_only,10.690597206168823,1.779425762099106,11.940984027740157,0.9624728793037148,11.696136309857604,96,96,0.014450828234354654,0.0020995720733376507,robust_reg,96,4,5042,0.6,0.8
all_constraints,dlt_only,0.6979166666666666,0.4615714956689105,0.9583333333333334,0.20087527770480487,37.31343283582091,96,96,0.014450828234354654,0.0020995720733376507,robust_reg,96,4,5042,0.6,0.8
Any_DLT,all_constraints,0.8764044943820225,0.3309842319473132,1.0,0.0,14.102564102564099,96,89,0.05836609750986099,0.034585919827311004,robust_reg,96,4,5042,0.6,0.8
Blood,all_constraints,0.8651685393258427,0.3434785700591634,0.9887640449438202,0.10599978800063597,14.285714285714283,96,89,0.05836609750986099,0.034585919827311004,robust_reg,96,4,5042,0.6,0.8
Constitutional,all_constraints,0.9101123595505618,0.28764124744526687,0.9775280898876404,0.14905216367918436,7.407407407407401,96,89,0.05836609750986099,0.034585919827311004,robust_reg,96,4,5042,0.6,0.8
Infection,all_constraints,0.898876404494382,0.3032004969797108,1.0,0.0,11.250000000000004,96,89,0.05836609750986099,0.034585919827311004,robust_reg,96,4,5042,0.6,0.8
Gastrointestinal,all_constraints,0.8876404494382022,0.3175975958515819,1.0,0.0,12.658227848101271,96,89,0.05836609750986099,0.034585919827311004,robust_reg,96,4,5042,0.6,0.8
Overall_Survival,all_constraints,10.735320124258662,1.7807965126076837,11.877504945339076,1.089252372288082,10.639504065644147,96,89,0.05836609750986099,0.034585919827311004,robust_reg,96,4,5042,0.6,0.8
all_constraints,all_constraints,0.7415730337078652,0.44025018423517,0.9662921348314607,0.18149869785703643,30.303030303030297,96,89,0.05836609750986099,0.034585919827311004,robust_reg,96,4,5042,0.6,0.8
Any_DLT,dlt_only,0.8541666666666666,0.35479176002615415,1.0,0.0,17.07317073170732,96,96,0.03860645741224289,0.004338137058466164,cp,96,4,5042,0.6,0.8
Blood,dlt_only,0.875,0.33245498310218435,1.0,0.0,14.285714285714286,96,96,0.03860645741224289,0.004338137058466164,cp,96,4,5042,0.6,0.8
Constitutional,dlt_only,0.8645833333333334,0.34396424742808945,0.9479166666666666,0.22336148028967082,9.63855421686746,96,96,0.03860645741224289,0.004338137058466164,cp,96,4,5042,0.6,0.8
Infection,dlt_only,0.8645833333333334,0.34396424742808945,1.0,0.0,15.662650602409633,96,96,0.03860645741224289,0.004338137058466164,cp,96,4,5042,0.6,0.8
Gastrointestinal,dlt_only,0.8645833333333334,0.3439642474280894,1.0,0.0,15.662650602409633,96,96,0.03860645741224289,0.004338137058466164,cp,96,4,5042,0.6,0.8
Overall_Survival,dlt_only,10.690597206168823,1.779425762099106,11.950839918904308,0.968800538622298,11.788328457537279,96,96,0.03860645741224289,0.004338137058466164,cp,96,4,5042,0.6,0.8
all_constraints,dlt_only,0.6979166666666666,0.4615714956689105,0.9479166666666666,0.22336148028967082,35.820895522388064,96,96,0.03860645741224289,0.004338137058466164,cp,96,4,5042,0.6,0.8
Any_DLT,all_constraints,0.8764044943820225,0.3309842319473132,0.9887640449438202,0.10599978800063599,12.820512820512812,96,89,0.1790455679098765,0.06820822655132185,cp,89,4,5042,0.6,0.8
Blood,all_constraints,0.8651685393258427,0.3434785700591634,0.9887640449438202,0.10599978800063599,14.285714285714283,96,89,0.1790455679098765,0.06820822655132185,cp,89,4,5042,0.6,0.8
Constitutional,all_constraints,0.9101123595505618,0.28764124744526687,0.9775280898876404,0.14905216367918436,7.407407407407401,96,89,0.1790455679098765,0.06820822655132185,cp,89,4,5042,0.6,0.8
Infection,all_constraints,0.898876404494382,0.3032004969797108,0.9887640449438202,0.10599978800063599,10.000000000000002,96,89,0.1790455679098765,0.06820822655132185,cp,89,4,5042,0.6,0.8
Gastrointestinal,all_constraints,0.8876404494382022,0.3175975958515819,1.0,0.0,12.658227848101271,96,89,0.1790455679098765,0.06820822655132185,cp,89,4,5042,0.6,0.8
Overall_Survival,all_constraints,10.735320124258662,1.7807965126076837,11.708882239344172,1.2166942717178422,9.068775814943297,96,89,0.1790455679098765,0.06820822655132185,cp,89,4,5042,0.6,0.8
all_constraints,all_constraints,0.7415730337078652,0.44025018423517,0.9662921348314607,0.18149869785703643,30.303030303030297,96,89,0.1790455679098765,0.06820822655132185,cp,89,4,5042,0.6,0.8
Any_DLT,dlt_only,0.8541666666666666,0.35479176002615415,1.0,0.0,17.07317073170732,96,96,0.01799108584721883,0.002336786383620066,nominal,96,5,6042,0.6,0.8
Blood,dlt_only,0.875,0.33245498310218435,1.0,0.0,14.285714285714286,96,96,0.01799108584721883,0.002336786383620066,nominal,96,5,6042,0.6,0.8
Constitutional,dlt_only,0.8645833333333334,0.34396424742808945,0.9791666666666666,0.143575886163796,13.253012048192762,96,96,0.01799108584721883,0.002336786383620066,nominal,96,5,6042,0.6,0.8
Infection,dlt_only,0.8645833333333334,0.34396424742808945,1.0,0.0,15.662650602409633,96,96,0.01799108584721883,0.002336786383620066,nominal,96,5,6042,0.6,0.8
Gastrointestinal,dlt_only,0.8645833333333334,0.3439642474280894,1.0,0.0,15.662650602409633,96,96,0.01799108584721883,0.002336786383620066,nominal,96,5,6042,0.6,0.8
Overall_Survival,dlt_only,10.690597206168823,1.779425762099106,11.942278270552748,0.9653122339557246,11.70824267573812,96,96,0.01799108584721883,0.002336786383620066,nominal,96,5,6042,0.6,0.8
all_constraints,dlt_only,0.6979166666666666,0.4615714956689105,0.9791666666666666,0.143575886163796,40.29850746268657,96,96,0.01799108584721883,0.002336786383620066,nominal,96,5,6042,0.6,0.8
Any_DLT,all_constraints,0.8888888888888888,0.31603030875998483,1.0,0.0,12.500000000000007,96,90,0.07330439736445744,0.03970739244539039,nominal,96,5,6042,0.6,0.8
Blood,all_constraints,0.8666666666666667,0.34183904485045247,1.0,0.0,15.384615384615381,96,90,0.07330439736445744,0.03970739244539039,nominal,96,5,6042,0.6,0.8
Constitutional,all_constraints,0.9,0.30168068541929594,0.9888888888888889,0.10540925533894599,9.876543209876546,96,90,0.07330439736445744,0.03970739244539039,nominal,96,5,6042,0.6,0.8
Infection,all_constraints,0.9,0.3016806854192959,1.0,0.0,11.111111111111109,96,90,0.07330439736445744,0.03970739244539039,nominal,96,5,6042,0.6,0.8
Gastrointestinal,all_constraints,0.9,0.3016806854192959,1.0,0.0,11.111111111111109,96,90,0.07330439736445744,0.03970739244539039,nominal,96,5,6042,0.6,0.8
Overall_Survival,all_constraints,10.75830343514064,1.7384126815421774,11.925395516477153,0.962809105298121,10.848291167586462,96,90,0.07330439736445744,0.03970739244539039,nominal,96,5,6042,0.6,0.8
all_constraints,all_constraints,0.7333333333333333,0.4446940622369092,0.9888888888888889,0.10540925533894599,34.848484848484865,96,90,0.07330439736445744,0.03970739244539039,nominal,96,5,6042,0.6,0.8
Any_DLT,dlt_only,0.8541666666666666,0.35479176002615415,1.0,0.0,17.07317073170732,96,96,0.018146423002084095,0.0014403237112926904,robust_reg,96,5,6042,0.6,0.8
Blood,dlt_only,0.875,0.33245498310218435,1.0,0.0,14.285714285714286,96,96,0.018146423002084095,0.0014403237112926904,robust_reg,96,5,6042,0.6,0.8
Constitutional,dlt_only,0.8645833333333334,0.34396424742808945,0.9583333333333334,0.20087527770480484,10.843373493975903,96,96,0.018146423002084095,0.0014403237112926904,robust_reg,96,5,6042,0.6,0.8
Infection,dlt_only,0.8645833333333334,0.34396424742808945,1.0,0.0,15.662650602409633,96,96,0.018146423002084095,0.0014403237112926904,robust_reg,96,5,6042,0.6,0.8
Gastrointestinal,dlt_only,0.8645833333333334,0.3439642474280894,1.0,0.0,15.662650602409633,96,96,0.018146423002084095,0.0014403237112926904,robust_reg,96,5,6042,0.6,0.8
Overall_Survival,dlt_only,10.690597206168823,1.779425762099106,11.959119610112184,0.9703136215141183,11.865776808159815,96,96,0.018146423002084095,0.0014403237112926904,robust_reg,96,5,6042,0.6,0.8
all_constraints,dlt_only,0.6979166666666666,0.4615714956689105,0.9583333333333334,0.20087527770480484,37.31343283582091,96,96,0.018146423002084095,0.0014403237112926904,robust_reg,96,5,6042,0.6,0.8
Any_DLT,all_constraints,0.8888888888888888,0.31603030875998483,0.9888888888888889,0.10540925533894599,11.25000000000001,96,90,0.06950389097134273,0.04739008167066499,robust_reg,96,5,6042,0.6,0.8
Blood,all_constraints,0.8666666666666667,0.34183904485045247,0.9888888888888889,0.10540925533894599,14.102564102564104,96,90,0.06950389097134273,0.04739008167066499,robust_reg,96,5,6042,0.6,0.8
Constitutional,all_constraints,0.9,0.30168068541929594,0.9888888888888889,0.10540925533894599,9.876543209876546,96,90,0.06950389097134273,0.04739008167066499,robust_reg,96,5,6042,0.6,0.8
Infection,all_constraints,0.9,0.3016806854192959,1.0,0.0,11.111111111111109,96,90,0.06950389097134273,0.04739008167066499,robust_reg,96,5,6042,0.6,0.8
Gastrointestinal,all_constraints,0.9,0.3016806854192959,1.0,0.0,11.111111111111109,96,90,0.06950389097134273,0.04739008167066499,robust_reg,96,5,6042,0.6,0.8
Overall_Survival,all_constraints,10.75830343514064,1.7384126815421774,11.968772605417566,0.9493327884234576,11.251487537738356,96,90,0.06950389097134273,0.04739008167066499,robust_reg,96,5,6042,0.6,0.8
all_constraints,all_constraints,0.7333333333333333,0.4446940622369092,0.9777777777777777,0.14823135407896973,33.333333333333336,96,90,0.06950389097134273,0.04739008167066499,robust_reg,96,5,6042,0.6,0.8
Any_DLT,dlt_only,0.8541666666666666,0.35479176002615415,1.0,0.0,17.07317073170732,96,96,0.028687944014867146,0.008348826462885428,cp,96,5,6042,0.6,0.8
Blood,dlt_only,0.875,0.33245498310218435,1.0,0.0,14.285714285714286,96,96,0.028687944014867146,0.008348826462885428,cp,96,5,6042,0.6,0.8
Constitutional,dlt_only,0.8645833333333334,0.34396424742808945,0.9791666666666666,0.143575886163796,13.253012048192762,96,96,0.028687944014867146,0.008348826462885428,cp,96,5,6042,0.6,0.8
Infection,dlt_only,0.8645833333333334,0.34396424742808945,1.0,0.0,15.662650602409633,96,96,0.028687944014867146,0.008348826462885428,cp,96,5,6042,0.6,0.8
Gastrointestinal,dlt_only,0.8645833333333334,0.3439642474280894,1.0,0.0,15.662650602409633,96,96,0.028687944014867146,0.008348826462885428,cp,96,5,6042,0.6,0.8
Overall_Survival,dlt_only,10.690597206168823,1.779425762099106,11.94433901417068,0.9667521348404801,11.72751890117427,96,96,0.028687944014867146,0.008348826462885428,cp,96,5,6042,0.6,0.8
all_constraints,dlt_only,0.6979166666666666,0.4615714956689105,0.9791666666666666,0.143575886163796,40.29850746268657,96,96,0.028687944014867146,0.008348826462885428,cp,96,5,6042,0.6,0.8
Any_DLT,all_constraints,0.8888888888888888,0.31603030875998483,1.0,0.0,12.500000000000007,96,90,0.25275497635205585,0.14235655867498628,cp,90,5,6042,0.6,0.8
Blood,all_constraints,0.8666666666666667,0.34183904485045247,0.9888888888888889,0.10540925533894599,14.102564102564104,96,90,0.25275497635205585,0.14235655867498628,cp,90,5,6042,0.6,0.8
Constitutional,all_constraints,0.9,0.30168068541929594,0.9888888888888889,0.10540925533894599,9.876543209876546,96,90,0.25275497635205585,0.14235655867498628,cp,90,5,6042,0.6,0.8
Infection,all_constraints,0.9,0.3016806854192959,1.0,0.0,11.111111111111109,96,90,0.25275497635205585,0.14235655867498628,cp,90,5,6042,0.6,0.8
Gastrointestinal,all_constraints,0.9,0.3016806854192959,1.0,0.0,11.111111111111109,96,90,0.25275497635205585,0.14235655867498628,cp,90,5,6042,0.6,0.8
Overall_Survival,all_constraints,10.75830343514064,1.7384126815421774,11.743040227628535,1.1170622865856203,9.153272153222385,96,90,0.25275497635205585,0.14235655867498628,cp,90,5,6042,0.6,0.8
all_constraints,all_constraints,0.7333333333333333,0.4446940622369092,0.9777777777777777,0.14823135407896973,33.333333333333336,96,90,0.25275497635205585,0.14235655867498628,cp,90,5,6042,0.6,0.8
Any_DLT,dlt_only,0.8541666666666666,0.35479176002615415,1.0,0.0,17.07317073170732,96,96,0.011982517937819162,0.0019128044996647854,nominal,96,6,7042,0.6,0.8
Blood,dlt_only,0.875,0.33245498310218435,1.0,0.0,14.285714285714286,96,96,0.011982517937819162,0.0019128044996647854,nominal,96,6,7042,0.6,0.8
Constitutional,dlt_only,0.8645833333333334,0.34396424742808945,0.9166666666666666,0.27783625115549687,6.02409638554216,96,96,0.011982517937819162,0.0019128044996647854,nominal,96,6,7042,0.6,0.8
Infection,dlt_only,0.8645833333333334,0.34396424742808945,1.0,0.0,15.662650602409633,96,96,0.011982517937819162,0.0019128044996647854,nominal,96,6,7042,0.6,0.8
Gastrointestinal,dlt_only,0.8645833333333334,0.3439642474280894,1.0,0.0,15.662650602409633,96,96,0.011982517937819162,0.0019128044996647854,nominal,96,6,7042,0.6,0.8
Overall_Survival,dlt_only,10.690597206168823,1.779425762099106,11.979268667569707,0.9844627323470297,12.054251381366038,96,96,0.011982517937819162,0.0019128044996647854,nominal,96,6,7042,0.6,0.8
all_constraints,dlt_only,0.6979166666666666,0.4615714956689105,0.9166666666666666,0.27783625115549687,31.343283582089555,96,96,0.011982517937819162,0.0019128044996647854,nominal,96,6,7042,0.6,0.8
Any_DLT,all_constraints,0.8709677419354839,0.33705264882291225,0.967741935483871,0.17764234361221223,11.111111111111114,96,93,0.04791916410128275,0.022554046724031485,nominal,93,6,7042,0.6,0.8
Blood,all_constraints,0.8709677419354839,0.3370526488229122,0.978494623655914,0.14584794223227635,12.34567901234568,96,93,0.04791916410128275,0.022554046724031485,nominal,93,6,7042,0.6,0.8
Constitutional,all_constraints,0.8817204301075269,0.324689228192376,0.956989247311828,0.20398095044388956,8.536585365853663,96,93,0.04791916410128275,0.022554046724031485,nominal,93,6,7042,0.6,0.8
Infection,all_constraints,0.8924731182795699,0.31146098895220203,0.967741935483871,0.17764234361221223,8.433734939759042,96,93,0.04791916410128275,0.022554046724031485,nominal,93,6,7042,0.6,0.8
Gastrointestinal,all_constraints,0.8817204301075269,0.32468922819237606,0.967741935483871,0.17764234361221223,9.756097560975613,96,93,0.04791916410128275,0.022554046724031485,nominal,93,6,7042,0.6,0.8
Overall_Survival,all_constraints,10.696543182143985,1.803278937211712,11.852101080146163,1.1691614300079562,10.803096648374963,96,93,0.04791916410128275,0.022554046724031485,nominal,93,6,7042,0.6,0.8
all_constraints,all_constraints,0.7204301075268817,0.4512203596877334,0.9354838709677419,0.24700165520054562,29.850746268656703,96,93,0.04791916410128275,0.022554046724031485,nominal,93,6,7042,0.6,0.8
Any_DLT,dlt_only,0.8541666666666666,0.35479176002615415,1.0,0.0,17.07317073170732,96,96,0.012729016443093618,0.001787621248418709,robust_reg,96,6,7042,0.6,0.8
Blood,dlt_only,0.875,0.33245498310218435,1.0,0.0,14.285714285714286,96,96,0.012729016443093618,0.001787621248418709,robust_reg,96,6,7042,0.6,0.8
Constitutional,dlt_only,0.8645833333333334,0.34396424742808945,0.9166666666666666,0.27783625115549687,6.02409638554216,96,96,0.012729016443093618,0.001787621248418709,robust_reg,96,6,7042,0.6,0.8
Infection,dlt_only,0.8645833333333334,0.34396424742808945,1.0,0.0,15.662650602409633,96,96,0.012729016443093618,0.001787621248418709,robust_reg,96,6,7042,0.6,0.8
Gastrointestinal,dlt_only,0.8645833333333334,0.3439642474280894,1.0,0.0,15.662650602409633,96,96,0.012729016443093618,0.001787621248418709,robust_reg,96,6,7042,0.6,0.8
Overall_Survival,dlt_only,10.690597206168823,1.779425762099106,11.9742740220357,0.9927974892998889,12.007531395216672,96,96,0.012729016443093618,0.001787621248418709,robust_reg,96,6,7042,0.6,0.8
all_constraints,dlt_only,0.6979166666666666,0.4615714956689105,0.9166666666666666,0.27783625115549687,31.343283582089555,96,96,0.012729016443093618,0.001787621248418709,robust_reg,96,6,7042,0.6,0.8
Any_DLT,all_constraints,0.8709677419354839,0.33705264882291225,0.978494623655914,0.1458479422322764,12.34567901234568,96,93,0.05656431863705317,0.06959865024361721,robust_reg,95,6,7042,0.6,0.8
Blood,all_constraints,0.8709677419354839,0.3370526488229122,0.978494623655914,0.1458479422322764,12.34567901234568,96,93,0.05656431863705317,0.06959865024361721,robust_reg,95,6,7042,0.6,0.8
Constitutional,all_constraints,0.8817204301075269,0.324689228192376,0.9354838709677419,0.24700165520054562,6.097560975609751,96,93,0.05656431863705317,0.06959865024361721,robust_reg,95,6,7042,0.6,0.8
Infection,all_constraints,0.8924731182795699,0.31146098895220203,0.989247311827957,0.10369516947304255,10.843373493975907,96,93,0.05656431863705317,0.06959865024361721,robust_reg,95,6,7042,0.6,0.8
Gastrointestinal,all_constraints,0.8817204301075269,0.32468922819237606,0.978494623655914,0.1458479422322764,10.975609756097564,96,93,0.05656431863705317,0.06959865024361721,robust_reg,95,6,7042,0.6,0.8
Overall_Survival,all_constraints,10.696543182143985,1.803278937211712,11.874754721201212,1.1748816113521745,11.014881340581557,96,93,0.05656431863705317,0.06959865024361721,robust_reg,95,6,7042,0.6,0.8
all_constraints,all_constraints,0.7204301075268817,0.4512203596877334,0.9247311827956989,0.2652545594323927,28.35820895522387,96,93,0.05656431863705317,0.06959865024361721,robust_reg,95,6,7042,0.6,0.8
Any_DLT,dlt_only,0.8541666666666666,0.35479176002615415,1.0,0.0,17.07317073170732,96,96,0.013461786011854807,0.0014662711351966062,cp,96,6,7042,0.6,0.8
Blood,dlt_only,0.875,0.33245498310218435,1.0,0.0,14.285714285714286,96,96,0.013461786011854807,0.0014662711351966062,cp,96,6,7042,0.6,0.8
Constitutional,dlt_only,0.8645833333333334,0.34396424742808945,0.9166666666666666,0.27783625115549687,6.02409638554216,96,96,0.013461786011854807,0.0014662711351966062,cp,96,6,7042,0.6,0.8
Infection,dlt_only,0.8645833333333334,0.34396424742808945,1.0,0.0,15.662650602409633,96,96,0.013461786011854807,0.0014662711351966062,cp,96,6,7042,0.6,0.8
Gastrointestinal,dlt_only,0.8645833333333334,0.3439642474280894,1.0,0.0,15.662650602409633,96,96,0.013461786011854807,0.0014662711351966062,cp,96,6,7042,0.6,0.8
Overall_Survival,dlt_only,10.690597206168823,1.779425762099106,11.979268667569707,0.9844627323470297,12.054251381366038,96,96,0.013461786011854807,0.0014662711351966062,cp,96,6,7042,0.6,0.8
all_constraints,dlt_only,0.6979166666666666,0.4615714956689105,0.9166666666666666,0.27783625115549687,31.343283582089555,96,96,0.013461786011854807,0.0014662711351966062,cp,96,6,7042,0.6,0.8
Any_DLT,all_constraints,0.8709677419354839,0.33705264882291225,0.967741935483871,0.17764234361221223,11.111111111111114,96,93,0.06283245235681534,0.055946828830189976,cp,93,6,7042,0.6,0.8
Blood,all_constraints,0.8709677419354839,0.3370526488229122,0.978494623655914,0.14584794223227635,12.34567901234568,96,93,0.06283245235681534,0.055946828830189976,cp,93,6,7042,0.6,0.8
Constitutional,all_constraints,0.8817204301075269,0.324689228192376,0.956989247311828,0.20398095044388956,8.536585365853663,96,93,0.06283245235681534,0.055946828830189976,cp,93,6,7042,0.6,0.8
Infection,all_constraints,0.8924731182795699,0.31146098895220203,0.967741935483871,0.17764234361221223,8.433734939759042,96,93,0.06283245235681534,0.055946828830189976,cp,93,6,7042,0.6,0.8
Gastrointestinal,all_constraints,0.8817204301075269,0.32468922819237606,0.967741935483871,0.17764234361221223,9.756097560975613,96,93,0.06283245235681534,0.055946828830189976,cp,93,6,7042,0.6,0.8
Overall_Survival,all_constraints,10.696543182143985,1.803278937211712,11.85293322327785,1.1681573220528394,10.810876200306058,96,93,0.06283245235681534,0.055946828830189976,cp,93,6,7042,0.6,0.8
all_constraints,all_constraints,0.7204301075268817,0.4512203596877334,0.9354838709677419,0.24700165520054562,29.850746268656703,96,93,0.06283245235681534,0.055946828830189976,cp,93,6,7042,0.6,0.8
Any_DLT,dlt_only,0.851063829787234,0.35793454103634004,1.0,0.0,17.5,96,94,0.012124466399351755,0.000744383167474029,nominal,96,7,8042,0.6,0.8
Blood,dlt_only,0.8723404255319149,0.3354997092507591,1.0,0.0,14.63414634146341,96,94,0.012124466399351755,0.000744383167474029,nominal,96,7,8042,0.6,0.8
Constitutional,dlt_only,0.8723404255319149,0.3354997092507591,0.9468085106382979,0.22561844642593043,8.53658536585365,96,94,0.012124466399351755,0.000744383167474029,nominal,96,7,8042,0.6,0.8
Infection,dlt_only,0.8723404255319149,0.3354997092507591,1.0,0.0,14.63414634146341,96,94,0.012124466399351755,0.000744383167474029,nominal,96,7,8042,0.6,0.8
Gastrointestinal,dlt_only,0.8617021276595744,0.3470633740209737,1.0,0.0,16.049382716049386,96,94,0.012124466399351755,0.000744383167474029,nominal,96,7,8042,0.6,0.8
Overall_Survival,dlt_only,10.709520942540241,1.793620798239795,11.968939106244468,0.9721337440877026,11.759799252098945,96,94,0.012124466399351755,0.000744383167474029,nominal,96,7,8042,0.6,0.8
all_constraints,dlt_only,0.7021276595744681,0.45977524275495457,0.9468085106382979,0.22561844642593043,34.848484848484844,96,94,0.012124466399351755,0.000744383167474029,nominal,96,7,8042,0.6,0.8
Any_DLT,all_constraints,0.8791208791208791,0.3277927812629611,1.0,0.0,13.750000000000002,96,91,0.056650519371032715,0.09054953419917576,nominal,96,7,8042,0.6,0.8
Blood,all_constraints,0.8681318681318682,0.3402218625410715,1.0,0.0,15.189873417721516,96,91,0.056650519371032715,0.09054953419917576,nominal,96,7,8042,0.6,0.8
Constitutional,all_constraints,0.9010989010989011,0.3001830943106058,0.989010989010989,0.1048284836721918,9.756097560975613,96,91,0.056650519371032715,0.09054953419917576,nominal,96,7,8042,0.6,0.8
Infection,all_constraints,0.9010989010989011,0.3001830943106058,1.0,0.0,10.97560975609756,96,91,0.056650519371032715,0.09054953419917576,nominal,96,7,8042,0.6,0.8
Gastrointestinal,all_constraints,0.8901098901098901,0.3144854510165755,1.0,0.0,12.345679012345686,96,91,0.056650519371032715,0.09054953419917576,nominal,96,7,8042,0.6,0.8
Overall_Survival,all_constraints,10.735957257236679,1.789345355449614,11.88279575299366,1.042554830058834,10.682219277502648,96,91,0.056650519371032715,0.09054953419917576,nominal,96,7,8042,0.6,0.8
all_constraints,all_constraints,0.7362637362637363,0.4430993075338713,0.989010989010989,0.1048284836721918,34.32835820895522,96,91,0.056650519371032715,0.09054953419917576,nominal,96,7,8042,0.6,0.8
Any_DLT,dlt_only,0.851063829787234,0.35793454103634004,1.0,0.0,17.5,96,94,0.01149385174115499,0.000620559419750062,robust_reg,96,7,8042,0.6,0.8
Blood,dlt_only,0.8723404255319149,0.3354997092507591,1.0,0.0,14.63414634146341,96,94,0.01149385174115499,0.000620559419750062,robust_reg,96,7,8042,0.6,0.8
Constitutional,dlt_only,0.8723404255319149,0.3354997092507591,0.9574468085106383,0.2029298102618999,9.756097560975611,96,94,0.01149385174115499,0.000620559419750062,robust_reg,96,7,8042,0.6,0.8
Infection,dlt_only,0.8723404255319149,0.3354997092507591,1.0,0.0,14.63414634146341,96,94,0.01149385174115499,0.000620559419750062,robust_reg,96,7,8042,0.6,0.8
Gastrointestinal,dlt_only,0.8617021276595744,0.3470633740209737,1.0,0.0,16.049382716049386,96,94,0.01149385174115499,0.000620559419750062,robust_reg,96,7,8042,0.6,0.8
Overall_Survival,dlt_only,10.709520942540241,1.793620798239795,11.972326417558197,0.9822013503739614,11.791428223477801,96,94,0.01149385174115499,0.000620559419750062,robust_reg,96,7,8042,0.6,0.8
all_constraints,dlt_only,0.7021276595744681,0.45977524275495457,0.9574468085106383,0.2029298102618999,36.36363636363637,96,94,0.01149385174115499,0.000620559419750062,robust_reg,96,7,8042,0.6,0.8
Any_DLT,all_constraints,0.8791208791208791,0.3277927812629611,1.0,0.0,13.750000000000002,96,91,0.05037921667098999,0.05732862188930478,robust_reg,96,7,8042,0.6,0.8
Blood,all_constraints,0.8681318681318682,0.3402218625410715,1.0,0.0,15.189873417721516,96,91,0.05037921667098999,0.05732862188930478,robust_reg,96,7,8042,0.6,0.8
Constitutional,all_constraints,0.9010989010989011,0.3001830943106058,0.989010989010989,0.1048284836721918,9.756097560975613,96,91,0.05037921667098999,0.05732862188930478,robust_reg,96,7,8042,0.6,0.8
Infection,all_constraints,0.9010989010989011,0.3001830943106058,1.0,0.0,10.97560975609756,96,91,0.05037921667098999,0.05732862188930478,robust_reg,96,7,8042,0.6,0.8
Gastrointestinal,all_constraints,0.8901098901098901,0.3144854510165755,1.0,0.0,12.345679012345686,96,91,0.05037921667098999,0.05732862188930478,robust_reg,96,7,8042,0.6,0.8
Overall_Survival,all_constraints,10.735957257236679,1.789345355449614,11.860173835479662,1.111454278662007,10.471507582476574,96,91,0.05037921667098999,0.05732862188930478,robust_reg,96,7,8042,0.6,0.8
all_constraints,all_constraints,0.7362637362637363,0.4430993075338713,0.989010989010989,0.1048284836721918,34.32835820895522,96,91,0.05037921667098999,0.05732862188930478,robust_reg,96,7,8042,0.6,0.8
Any_DLT,dlt_only,0.851063829787234,0.35793454103634004,1.0,0.0,17.5,96,94,0.08819584300120671,0.03368226003704817,cp,94,7,8042,0.6,0.8
Blood,dlt_only,0.8723404255319149,0.3354997092507591,1.0,0.0,14.63414634146341,96,94,0.08819584300120671,0.03368226003704817,cp,94,7,8042,0.6,0.8
Constitutional,dlt_only,0.8723404255319149,0.3354997092507591,0.9574468085106383,0.2029298102618999,9.756097560975611,96,94,0.08819584300120671,0.03368226003704817,cp,94,7,8042,0.6,0.8
Infection,dlt_only,0.8723404255319149,0.3354997092507591,1.0,0.0,14.63414634146341,96,94,0.08819584300120671,0.03368226003704817,cp,94,7,8042,0.6,0.8
Gastrointestinal,dlt_only,0.8617021276595744,0.3470633740209737,1.0,0.0,16.049382716049386,96,94,0.08819584300120671,0.03368226003704817,cp,94,7,8042,0.6,0.8
Overall_Survival,dlt_only,10.709520942540241,1.793620798239795,11.843226460256949,1.0687217901741621,10.585959202091058,96,94,0.08819584300120671,0.03368226003704817,cp,94,7,8042,0.6,0.8
all_constraints,dlt_only,0.7021276595744681,0.45977524275495457,0.9574468085106383,0.2029298102618999,36.36363636363637,96,94,0.08819584300120671,0.03368226003704817,cp,94,7,8042,0.6,0.8
Any_DLT,all_constraints,0.8791208791208791,0.3277927812629611,1.0,0.0,13.750000000000002,96,91,0.30531565596659976,0.3747161881171464,cp,91,7,8042,0.6,0.8
Blood,all_constraints,0.8681318681318682,0.3402218625410715,1.0,0.0,15.189873417721516,96,91,0.30531565596659976,0.3747161881171464,cp,91,7,8042,0.6,0.8
Constitutional,all_constraints,0.9010989010989011,0.3001830943106058,0.978021978021978,0.14742395237484895,8.536585365853652,96,91,0.30531565596659976,0.3747161881171464,cp,91,7,8042,0.6,0.8
Infection,all_constraints,0.9010989010989011,0.3001830943106058,1.0,0.0,10.97560975609756,96,91,0.30531565596659976,0.3747161881171464,cp,91,7,8042,0.6,0.8
Gastrointestinal,all_constraints,0.8901098901098901,0.3144854510165755,1.0,0.0,12.345679012345686,96,91,0.30531565596659976,0.3747161881171464,cp,91,7,8042,0.6,0.8
Overall_Survival,all_constraints,10.735957257236679,1.789345355449614,11.730259561887296,1.2355507060645197,9.261421975021348,96,91,0.30531565596659976,0.3747161881171464,cp,91,7,8042,0.6,0.8
all_constraints,all_constraints,0.7362637362637363,0.4430993075338713,0.978021978021978,0.14742395237484895,32.835820895522374,96,91,0.30531565596659976,0.3747161881171464,cp,91,7,8042,0.6,0.8
Any_DLT,dlt_only,0.8541666666666666,0.35479176002615415,1.0,0.0,17.07317073170732,96,96,0.011150707801183065,0.0021934380868967613,nominal,96,8,9042,0.6,0.8
Blood,dlt_only,0.875,0.33245498310218435,1.0,0.0,14.285714285714286,96,96,0.011150707801183065,0.0021934380868967613,nominal,96,8,9042,0.6,0.8
Constitutional,dlt_only,0.8645833333333334,0.34396424742808945,0.9479166666666666,0.22336148028967082,9.63855421686746,96,96,0.011150707801183065,0.0021934380868967613,nominal,96,8,9042,0.6,0.8
Infection,dlt_only,0.8645833333333334,0.34396424742808945,1.0,0.0,15.662650602409633,96,96,0.011150707801183065,0.0021934380868967613,nominal,96,8,9042,0.6,0.8
Gastrointestinal,dlt_only,0.8645833333333334,0.3439642474280894,1.0,0.0,15.662650602409633,96,96,0.011150707801183065,0.0021934380868967613,nominal,96,8,9042,0.6,0.8
Overall_Survival,dlt_only,10.690597206168823,1.779425762099106,11.952703328998112,1.0254134090965183,11.805758822351034,96,96,0.011150707801183065,0.0021934380868967613,nominal,96,8,9042,0.6,0.8
all_constraints,dlt_only,0.6979166666666666,0.4615714956689105,0.9479166666666666,0.22336148028967082,35.820895522388064,96,96,0.011150707801183065,0.0021934380868967613,nominal,96,8,9042,0.6,0.8
Any_DLT,all_constraints,0.8977272727272727,0.3047430697456363,1.0,0.0,11.392405063291143,96,88,0.04331622272729874,0.02138930798381914,nominal,96,8,9042,0.6,0.8
Blood,all_constraints,0.8863636363636364,0.3191878408444575,1.0,0.0,12.820512820512823,96,88,0.04331622272729874,0.02138930798381914,nominal,96,8,9042,0.6,0.8
Constitutional,all_constraints,0.9090909090909091,0.28912724941310364,1.0,0.0,10.000000000000004,96,88,0.04331622272729874,0.02138930798381914,nominal,96,8,9042,0.6,0.8
Infection,all_constraints,0.9204545454545454,0.27213886368640305,1.0,0.0,8.64197530864198,96,88,0.04331622272729874,0.02138930798381914,nominal,96,8,9042,0.6,0.8
Gastrointestinal,all_constraints,0.8977272727272727,0.3047430697456363,1.0,0.0,11.392405063291143,96,88,0.04331622272729874,0.02138930798381914,nominal,96,8,9042,0.6,0.8
Overall_Survival,all_constraints,10.757173173525267,1.7836537592850412,11.913063444101367,1.1179106726421673,10.745297597522075,96,88,0.04331622272729874,0.02138930798381914,nominal,96,8,9042,0.6,0.8
all_constraints,all_constraints,0.7613636363636364,0.4286926981732773,1.0,0.0,31.34328358208955,96,88,0.04331622272729874,0.02138930798381914,nominal,96,8,9042,0.6,0.8
Any_DLT,dlt_only,0.8541666666666666,0.35479176002615415,1.0,0.0,17.07317073170732,96,96,0.011716934541861216,0.0021161266700170413,robust_reg,96,8,9042,0.6,0.8
Blood,dlt_only,0.875,0.33245498310218435,1.0,0.0,14.285714285714286,96,96,0.011716934541861216,0.0021161266700170413,robust_reg,96,8,9042,0.6,0.8
Constitutional,dlt_only,0.8645833333333334,0.34396424742808945,0.9375,0.2433321316961438,8.43373493975903,96,96,0.011716934541861216,0.0021161266700170413,robust_reg,96,8,9042,0.6,0.8
Infection,dlt_only,0.8645833333333334,0.34396424742808945,1.0,0.0,15.662650602409633,96,96,0.011716934541861216,0.0021161266700170413,robust_reg,96,8,9042,0.6,0.8
Gastrointestinal,dlt_only,0.8645833333333334,0.3439642474280894,1.0,0.0,15.662650602409633,96,96,0.011716934541861216,0.0021161266700170413,robust_reg,96,8,9042,0.6,0.8
Overall_Survival,dlt_only,10.690597206168823,1.779425762099106,11.94934401571331,0.9851887284714476,11.77433575757722,96,96,0.011716934541861216,0.0021161266700170413,robust_reg,96,8,9042,0.6,0.8
all_constraints,dlt_only,0.6979166666666666,0.4615714956689105,0.9375,0.2433321316961438,34.32835820895523,96,96,0.011716934541861216,0.0021161266700170413,robust_reg,96,8,9042,0.6,0.8
Any_DLT,all_constraints,0.8977272727272727,0.3047430697456363,1.0,0.0,11.392405063291143,96,88,0.05628357330958048,0.08078101711511267,robust_reg,93,8,9042,0.6,0.8
Blood,all_constraints,0.8863636363636364,0.3191878408444575,1.0,0.0,12.820512820512823,96,88,0.05628357330958048,0.08078101711511267,robust_reg,93,8,9042,0.6,0.8
Constitutional,all_constraints,0.9090909090909091,0.28912724941310364,0.9772727272727273,0.14988675627759449,7.500000000000006,96,88,0.05628357330958048,0.08078101711511267,robust_reg,93,8,9042,0.6,0.8
Infection,all_constraints,0.9204545454545454,0.27213886368640305,0.9886363636363636,0.10660035817780522,7.407407407407414,96,88,0.05628357330958048,0.08078101711511267,robust_reg,93,8,9042,0.6,0.8
Gastrointestinal,all_constraints,0.8977272727272727,0.3047430697456363,0.9886363636363636,0.10660035817780522,10.126582278481015,96,88,0.05628357330958048,0.08078101711511267,robust_reg,93,8,9042,0.6,0.8
Overall_Survival,all_constraints,10.757173173525267,1.7836537592850412,11.845297225704314,1.134192127586789,10.11533452726275,96,88,0.05628357330958048,0.08078101711511267,robust_reg,93,8,9042,0.6,0.8
all_constraints,all_constraints,0.7613636363636364,0.4286926981732773,0.9545454545454546,0.20949259494173825,25.373134328358216,96,88,0.05628357330958048,0.08078101711511267,robust_reg,93,8,9042,0.6,0.8
Any_DLT,dlt_only,0.8541666666666666,0.35479176002615415,1.0,0.0,17.07317073170732,96,96,0.01343707243601481,0.011247193949734224,cp,96,8,9042,0.6,0.8
Blood,dlt_only,0.875,0.33245498310218435,1.0,0.0,14.285714285714286,96,96,0.01343707243601481,0.011247193949734224,cp,96,8,9042,0.6,0.8
Constitutional,dlt_only,0.8645833333333334,0.34396424742808945,0.9479166666666666,0.22336148028967082,9.63855421686746,96,96,0.01343707243601481,0.011247193949734224,cp,96,8,9042,0.6,0.8
Infection,dlt_only,0.8645833333333334,0.34396424742808945,1.0,0.0,15.662650602409633,96,96,0.01343707243601481,0.011247193949734224,cp,96,8,9042,0.6,0.8
Gastrointestinal,dlt_only,0.8645833333333334,0.3439642474280894,1.0,0.0,15.662650602409633,96,96,0.01343707243601481,0.011247193949734224,cp,96,8,9042,0.6,0.8
Overall_Survival,dlt_only,10.690597206168823,1.779425762099106,11.958917544347381,1.0274041781647683,11.86388668209009,96,96,0.01343707243601481,0.011247193949734224,cp,96,8,9042,0.6,0.8
all_constraints,dlt_only,0.6979166666666666,0.4615714956689105,0.9479166666666666,0.22336148028967082,35.820895522388064,96,96,0.01343707243601481,0.011247193949734224,cp,96,8,9042,0.6,0.8
Any_DLT,all_constraints,0.8977272727272727,0.3047430697456363,1.0,0.0,11.392405063291143,96,88,0.13736504564682642,0.1607244891720338,cp,88,8,9042,0.6,0.8
Blood,all_constraints,0.8863636363636364,0.3191878408444575,1.0,0.0,12.820512820512823,96,88,0.13736504564682642,0.1607244891720338,cp,88,8,9042,0.6,0.8
Constitutional,all_constraints,0.9090909090909091,0.28912724941310364,0.9886363636363636,0.10660035817780522,8.750000000000005,96,88,0.13736504564682642,0.1607244891720338,cp,88,8,9042,0.6,0.8
Infection,all_constraints,0.9204545454545454,0.27213886368640305,1.0,0.0,8.64197530864198,96,88,0.13736504564682642,0.1607244891720338,cp,88,8,9042,0.6,0.8
Gastrointestinal,all_constraints,0.8977272727272727,0.3047430697456363,1.0,0.0,11.392405063291143,96,88,0.13736504564682642,0.1607244891720338,cp,88,8,9042,0.6,0.8
Overall_Survival,all_constraints,10.757173173525267,1.7836537592850412,11.692860911412906,1.3121117281256633,8.698267870136013,96,88,0.13736504564682642,0.1607244891720338,cp,88,8,9042,0.6,0.8
all_constraints,all_constraints,0.7613636363636364,0.4286926981732773,0.9886363636363636,0.10660035817780522,29.85074626865672,96,88,0.13736504564682642,0.1607244891720338,cp,88,8,9042,0.6,0.8
Any_DLT,dlt_only,0.8541666666666666,0.35479176002615415,1.0,0.0,17.07317073170732,96,96,0.011861428618431091,0.0007531812902964588,nominal,96,9,10042,0.6,0.8
Blood,dlt_only,0.875,0.33245498310218435,1.0,0.0,14.285714285714286,96,96,0.011861428618431091,0.0007531812902964588,nominal,96,9,10042,0.6,0.8
Constitutional,dlt_only,0.8645833333333334,0.34396424742808945,0.9479166666666666,0.22336148028967082,9.63855421686746,96,96,0.011861428618431091,0.0007531812902964588,nominal,96,9,10042,0.6,0.8
Infection,dlt_only,0.8645833333333334,0.34396424742808945,1.0,0.0,15.662650602409633,96,96,0.011861428618431091,0.0007531812902964588,nominal,96,9,10042,0.6,0.8
Gastrointestinal,dlt_only,0.8645833333333334,0.3439642474280894,1.0,0.0,15.662650602409633,96,96,0.011861428618431091,0.0007531812902964588,nominal,96,9,10042,0.6,0.8
Overall_Survival,dlt_only,10.690597206168823,1.779425762099106,11.971519338476334,0.9733628295473156,11.981764045589307,96,96,0.011861428618431091,0.0007531812902964588,nominal,96,9,10042,0.6,0.8
all_constraints,dlt_only,0.6979166666666666,0.4615714956689105,0.9479166666666666,0.22336148028967082,35.820895522388064,96,96,0.011861428618431091,0.0007531812902964588,nominal,96,9,10042,0.6,0.8
Any_DLT,all_constraints,0.8631578947368421,0.34550383548659225,0.9894736842105263,0.10259783520851543,14.634146341463408,96,95,0.04630682369073232,0.039881532921728746,nominal,96,9,10042,0.6,0.8
Blood,all_constraints,0.8736842105263158,0.33396729560733096,0.9894736842105263,0.10259783520851543,13.25301204819276,96,95,0.04630682369073232,0.039881532921728746,nominal,96,9,10042,0.6,0.8
Constitutional,all_constraints,0.8736842105263158,0.333967295607331,0.9473684210526315,0.22448148540588725,8.433734939759024,96,95,0.04630682369073232,0.039881532921728746,nominal,96,9,10042,0.6,0.8
Infection,all_constraints,0.8736842105263158,0.333967295607331,0.9894736842105263,0.10259783520851543,13.25301204819276,96,95,0.04630682369073232,0.039881532921728746,nominal,96,9,10042,0.6,0.8
Gastrointestinal,all_constraints,0.8736842105263158,0.333967295607331,1.0,0.0,14.457831325301198,96,95,0.04630682369073232,0.039881532921728746,nominal,96,9,10042,0.6,0.8
Overall_Survival,all_constraints,10.735931318339748,1.7322367987232548,11.981539591111336,0.9537787250694575,11.602237717782026,96,95,0.04630682369073232,0.039881532921728746,nominal,96,9,10042,0.6,0.8
all_constraints,all_constraints,0.7052631578947368,0.4583430892442982,0.9473684210526315,0.22448148540588725,34.32835820895522,96,95,0.04630682369073232,0.039881532921728746,nominal,96,9,10042,0.6,0.8
Any_DLT,dlt_only,0.8541666666666666,0.35479176002615415,1.0,0.0,17.07317073170732,96,96,0.01964077353477478,0.0012741230177360572,robust_reg,96,9,10042,0.6,0.8
Blood,dlt_only,0.875,0.33245498310218435,1.0,0.0,14.285714285714286,96,96,0.01964077353477478,0.0012741230177360572,robust_reg,96,9,10042,0.6,0.8
Constitutional,dlt_only,0.8645833333333334,0.34396424742808945,0.9791666666666666,0.143575886163796,13.253012048192762,96,96,0.01964077353477478,0.0012741230177360572,robust_reg,96,9,10042,0.6,0.8
Infection,dlt_only,0.8645833333333334,0.34396424742808945,1.0,0.0,15.662650602409633,96,96,0.01964077353477478,0.0012741230177360572,robust_reg,96,9,10042,0.6,0.8
Gastrointestinal,dlt_only,0.8645833333333334,0.3439642474280894,1.0,0.0,15.662650602409633,96,96,0.01964077353477478,0.0012741230177360572,robust_reg,96,9,10042,0.6,0.8
Overall_Survival,dlt_only,10.690597206168823,1.779425762099106,11.959999711094744,0.9669020269236808,11.874009285406753,96,96,0.01964077353477478,0.0012741230177360572,robust_reg,96,9,10042,0.6,0.8
all_constraints,dlt_only,0.6979166666666666,0.4615714956689105,0.9791666666666666,0.143575886163796,40.29850746268657,96,96,0.01964077353477478,0.0012741230177360572,robust_reg,96,9,10042,0.6,0.8
Any_DLT,all_constraints,0.8631578947368421,0.34550383548659225,0.9894736842105263,0.10259783520851543,14.634146341463408,96,95,0.06419120728969574,0.024375483685235996,robust_reg,95,9,10042,0.6,0.8
Blood,all_constraints,0.8736842105263158,0.33396729560733096,1.0,0.0,14.457831325301198,96,95,0.06419120728969574,0.024375483685235996,robust_reg,95,9,10042,0.6,0.8
Constitutional,all_constraints,0.8736842105263158,0.333967295607331,0.968421052631579,0.1758040240472914,10.843373493975898,96,95,0.06419120728969574,0.024375483685235996,robust_reg,95,9,10042,0.6,0.8
Infection,all_constraints,0.8736842105263158,0.333967295607331,0.9894736842105263,0.10259783520851543,13.25301204819276,96,95,0.06419120728969574,0.024375483685235996,robust_reg,95,9,10042,0.6,0.8
Gastrointestinal,all_constraints,0.8736842105263158,0.333967295607331,1.0,0.0,14.457831325301198,96,95,0.06419120728969574,0.024375483685235996,robust_reg,95,9,10042,0.6,0.8
Overall_Survival,all_constraints,10.735931318339748,1.7322367987232548,11.934667324715724,1.0167264913866907,11.165645260120323,96,95,0.06419120728969574,0.024375483685235996,robust_reg,95,9,10042,0.6,0.8
all_constraints,all_constraints,0.7052631578947368,0.4583430892442982,0.9578947368421052,0.20189472049435528,35.820895522388064,96,95,0.06419120728969574,0.024375483685235996,robust_reg,95,9,10042,0.6,0.8
Any_DLT,dlt_only,0.8541666666666666,0.35479176002615415,1.0,0.0,17.07317073170732,96,96,0.013984074195226034,0.0008826830087952947,cp,96,9,10042,0.6,0.8
Blood,dlt_only,0.875,0.33245498310218435,1.0,0.0,14.285714285714286,96,96,0.013984074195226034,0.0008826830087952947,cp,96,9,10042,0.6,0.8
Constitutional,dlt_only,0.8645833333333334,0.34396424742808945,0.96875,0.17490598978639324,12.048192771084333,96,96,0.013984074195226034,0.0008826830087952947,cp,96,9,10042,0.6,0.8
Infection,dlt_only,0.8645833333333334,0.34396424742808945,1.0,0.0,15.662650602409633,96,96,0.013984074195226034,0.0008826830087952947,cp,96,9,10042,0.6,0.8
Gastrointestinal,dlt_only,0.8645833333333334,0.3439642474280894,1.0,0.0,15.662650602409633,96,96,0.013984074195226034,0.0008826830087952947,cp,96,9,10042,0.6,0.8
Overall_Survival,dlt_only,10.690597206168823,1.779425762099106,11.968280110427301,0.9667983064769806,11.951464259837735,96,96,0.013984074195226034,0.0008826830087952947,cp,96,9,10042,0.6,0.8
all_constraints,dlt_only,0.6979166666666666,0.4615714956689105,0.96875,0.17490598978639324,38.80597014925374,96,96,0.013984074195226034,0.0008826830087952947,cp,96,9,10042,0.6,0.8
Any_DLT,all_constraints,0.8631578947368421,0.34550383548659225,0.968421052631579,0.1758040240472914,12.19512195121951,96,95,0.3554559623201688,0.3512601948406103,cp,95,9,10042,0.6,0.8
Blood,all_constraints,0.8736842105263158,0.33396729560733096,0.9473684210526315,0.22448148540588725,8.433734939759024,96,95,0.3554559623201688,0.3512601948406103,cp,95,9,10042,0.6,0.8
Constitutional,all_constraints,0.8736842105263158,0.333967295607331,0.9894736842105263,0.10259783520851541,13.25301204819276,96,95,0.3554559623201688,0.3512601948406103,cp,95,9,10042,0.6,0.8
Infection,all_constraints,0.8736842105263158,0.333967295607331,0.9368421052631579,0.24453717969020553,7.228915662650599,96,95,0.3554559623201688,0.3512601948406103,cp,95,9,10042,0.6,0.8
Gastrointestinal,all_constraints,0.8736842105263158,0.333967295607331,1.0,0.0,14.457831325301198,96,95,0.3554559623201688,0.3512601948406103,cp,95,9,10042,0.6,0.8
Overall_Survival,all_constraints,10.735931318339748,1.7322367987232548,11.527689318885376,1.3447956883082082,7.374842266297846,96,95,0.3554559623201688,0.3512601948406103,cp,95,9,10042,0.6,0.8
all_constraints,all_constraints,0.7052631578947368,0.4583430892442982,0.9263157894736842,0.26264227200873946,31.34328358208956,96,95,0.3554559623201688,0.3512601948406103,cp,95,9,10042,0.6,0.8
