outcome,constraint_mode,given_mean,given_sd,prescribed_mean,prescribed_sd,pct_change,n_test,n_prescribed_eval,mean_solve_time,solve_time_sd,method,n_method_feasible,realization,subsample_seed,rhs
Any_DLT,dlt_only,0.8541666666666666,0.35479176002615415,1.0,0.0,17.07317073170732,96,96,0.016385590036710102,0.002009757260274224,nominal,96,0,1042,0.6
Blood,dlt_only,0.875,0.33245498310218435,0.9895833333333334,0.10206207261596574,13.0952380952381,96,96,0.016385590036710102,0.002009757260274224,nominal,96,0,1042,0.6
Constitutional,dlt_only,0.8645833333333334,0.34396424742808945,0.96875,0.17490598978639324,12.048192771084333,96,96,0.016385590036710102,0.002009757260274224,nominal,96,0,1042,0.6
Infection,dlt_only,0.8645833333333334,0.34396424742808945,1.0,0.0,15.662650602409633,96,96,0.016385590036710102,0.002009757260274224,nominal,96,0,1042,0.6
Gastrointestinal,dlt_only,0.8645833333333334,0.3439642474280894,1.0,0.0,15.662650602409633,96,96,0.016385590036710102,0.002009757260274224,nominal,96,0,1042,0.6
Overall_Survival,dlt_only,10.690597206168823,1.779425762099106,11.928525342216346,0.9582011685872592,11.579597586308823,96,96,0.016385590036710102,0.002009757260274224,nominal,96,0,1042,0.6
all_constraints,dlt_only,0.6979166666666666,0.4615714956689105,0.96875,0.17490598978639324,38.80597014925374,96,96,0.016385590036710102,0.002009757260274224,nominal,96,0,1042,0.6
Any_DLT,all_constraints,0.8888888888888888,0.31603030875998483,1.0,0.0,12.500000000000007,96,90,0.0634655902783076,0.016254699809457925,nominal,94,0,1042,0.6
Blood,all_constraints,0.8777777777777778,0.3293772734489573,1.0,0.0,13.924050632911394,96,90,0.0634655902783076,0.016254699809457925,nominal,94,0,1042,0.6
Constitutional,all_constraints,0.9,0.3016806854192959,0.9777777777777777,0.14823135407896973,8.64197530864197,96,90,0.0634655902783076,0.016254699809457925,nominal,94,0,1042,0.6
Infection,all_constraints,0.9111111111111111,0.2861776161146146,1.0,0.0,9.756097560975613,96,90,0.0634655902783076,0.016254699809457925,nominal,94,0,1042,0.6
Gastrointestinal,all_constraints,0.9,0.3016806854192959,1.0,0.0,11.111111111111109,96,90,0.0634655902783076,0.016254699809457925,nominal,94,0,1042,0.6
Overall_Survival,all_constraints,10.734056448961857,1.7903855880651505,11.849114674490831,1.1531915202470362,10.388041378679514,96,90,0.0634655902783076,0.016254699809457925,nominal,94,0,1042,0.6
all_constraints,all_constraints,0.7444444444444445,0.4386165972131145,0.9777777777777777,0.14823135407896973,31.343283582089544,96,90,0.0634655902783076,0.016254699809457925,nominal,94,0,1042,0.6
Any_DLT,dlt_only,0.8541666666666666,0.35479176002615415,0.9791666666666666,0.143575886163796,14.634146341463415,96,96,0.017042224605878193,0.004417290078957695,robust_reg,96,0,1042,0.6
Blood,dlt_only,0.875,0.33245498310218435,0.9479166666666666,0.22336148028967082,8.333333333333329,96,96,0.017042224605878193,0.004417290078957695,robust_reg,96,0,1042,0.6
Constitutional,dlt_only,0.8645833333333334,0.34396424742808945,0.9479166666666666,0.22336148028967082,9.63855421686746,96,96,0.017042224605878193,0.004417290078957695,robust_reg,96,0,1042,0.6
Infection,dlt_only,0.8645833333333334,0.34396424742808945,0.9791666666666666,0.143575886163796,13.253012048192762,96,96,0.017042224605878193,0.004417290078957695,robust_reg,96,0,1042,0.6
Gastrointestinal,dlt_only,0.8645833333333334,0.3439642474280894,1.0,0.0,15.662650602409633,96,96,0.017042224605878193,0.004417290078957695,robust_reg,96,0,1042,0.6
Overall_Survival,dlt_only,10.690597206168823,1.779425762099106,11.790856842536122,1.0793141516279547,10.291844460592097,96,96,0.017042224605878193,0.004417290078957695,robust_reg,96,0,1042,0.6
all_constraints,dlt_only,0.6979166666666666,0.4615714956689105,0.9166666666666666,0.27783625115549687,31.343283582089555,96,96,0.017042224605878193,0.004417290078957695,robust_reg,96,0,1042,0.6
Any_DLT,all_constraints,0.8888888888888888,0.31603030875998483,1.0,0.0,12.500000000000007,96,90,0.06329862028360367,0.018763055248106862,robust_reg,90,0,1042,0.6
Blood,all_constraints,0.8777777777777778,0.3293772734489573,1.0,0.0,13.924050632911394,96,90,0.06329862028360367,0.018763055248106862,robust_reg,90,0,1042,0.6
Constitutional,all_constraints,0.9,0.3016806854192959,1.0,0.0,11.111111111111109,96,90,0.06329862028360367,0.018763055248106862,robust_reg,90,0,1042,0.6
Infection,all_constraints,0.9111111111111111,0.2861776161146146,1.0,0.0,9.756097560975613,96,90,0.06329862028360367,0.018763055248106862,robust_reg,90,0,1042,0.6
Gastrointestinal,all_constraints,0.9,0.3016806854192959,1.0,0.0,11.111111111111109,96,90,0.06329862028360367,0.018763055248106862,robust_reg,90,0,1042,0.6
Overall_Survival,all_constraints,10.734056448961857,1.7903855880651505,11.784930084118239,1.0781454894016202,9.790088585364362,96,90,0.06329862028360367,0.018763055248106862,robust_reg,90,0,1042,0.6
all_constraints,all_constraints,0.7444444444444445,0.4386165972131145,1.0,0.0,34.32835820895522,96,90,0.06329862028360367,0.018763055248106862,robust_reg,90,0,1042,0.6
Any_DLT,dlt_only,0.8541666666666666,0.35479176002615415,1.0,0.0,17.07317073170732,96,96,0.04428774366776148,0.05778234401992296,cp,96,0,1042,0.6
Blood,dlt_only,0.875,0.33245498310218435,0.96875,0.17490598978639324,10.714285714285714,96,96,0.04428774366776148,0.05778234401992296,cp,96,0,1042,0.6
Constitutional,dlt_only,0.8645833333333334,0.34396424742808945,0.9583333333333334,0.20087527770480487,10.843373493975903,96,96,0.04428774366776148,0.05778234401992296,cp,96,0,1042,0.6
Infection,dlt_only,0.8645833333333334,0.34396424742808945,0.9791666666666666,0.143575886163796,13.253012048192762,96,96,0.04428774366776148,0.05778234401992296,cp,96,0,1042,0.6
Gastrointestinal,dlt_only,0.8645833333333334,0.3439642474280894,0.9583333333333334,0.20087527770480484,10.843373493975903,96,96,0.04428774366776148,0.05778234401992296,cp,96,0,1042,0.6
Overall_Survival,dlt_only,10.690597206168823,1.779425762099106,11.25999332795728,1.1580369902468741,5.3261395112697505,96,96,0.04428774366776148,0.05778234401992296,cp,96,0,1042,0.6
all_constraints,dlt_only,0.6979166666666666,0.4615714956689105,0.8854166666666666,0.320190458671962,26.865671641791046,96,96,0.04428774366776148,0.05778234401992296,cp,96,0,1042,0.6
Any_DLT,all_constraints,0.8888888888888888,0.31603030875998483,1.0,0.0,12.500000000000007,96,90,0.09700293093919754,0.05641731654903724,cp,95,0,1042,0.6
Blood,all_constraints,0.8777777777777778,0.3293772734489573,1.0,0.0,13.924050632911394,96,90,0.09700293093919754,0.05641731654903724,cp,95,0,1042,0.6
Constitutional,all_constraints,0.9,0.3016806854192959,1.0,0.0,11.111111111111109,96,90,0.09700293093919754,0.05641731654903724,cp,95,0,1042,0.6
Infection,all_constraints,0.9111111111111111,0.2861776161146146,1.0,0.0,9.756097560975613,96,90,0.09700293093919754,0.05641731654903724,cp,95,0,1042,0.6
Gastrointestinal,all_constraints,0.9,0.3016806854192959,1.0,0.0,11.111111111111109,96,90,0.09700293093919754,0.05641731654903724,cp,95,0,1042,0.6
Overall_Survival,all_constraints,10.734056448961857,1.7903855880651505,11.491492282297438,1.3634483911901045,7.056380194542729,96,90,0.09700293093919754,0.05641731654903724,cp,95,0,1042,0.6
all_constraints,all_constraints,0.7444444444444445,0.4386165972131145,1.0,0.0,34.32835820895522,96,90,0.09700293093919754,0.05641731654903724,cp,95,0,1042,0.6
Any_DLT,dlt_only,0.8541666666666666,0.35479176002615415,1.0,0.0,17.07317073170732,96,96,0.017260971168677013,0.0016191536975741778,nominal,96,1,2042,0.6
Blood,dlt_only,0.875,0.33245498310218435,1.0,0.0,14.285714285714286,96,96,0.017260971168677013,0.0016191536975741778,nominal,96,1,2042,0.6
Constitutional,dlt_only,0.8645833333333334,0.34396424742808945,0.9791666666666666,0.143575886163796,13.253012048192762,96,96,0.017260971168677013,0.0016191536975741778,nominal,96,1,2042,0.6
Infection,dlt_only,0.8645833333333334,0.34396424742808945,1.0,0.0,15.662650602409633,96,96,0.017260971168677013,0.0016191536975741778,nominal,96,1,2042,0.6
Gastrointestinal,dlt_only,0.8645833333333334,0.3439642474280894,1.0,0.0,15.662650602409633,96,96,0.017260971168677013,0.0016191536975741778,nominal,96,1,2042,0.6
Overall_Survival,dlt_only,10.690597206168823,1.779425762099106,11.94812450417013,0.9642490522635561,11.762928429065427,96,96,0.017260971168677013,0.0016191536975741778,nominal,96,1,2042,0.6
all_constraints,dlt_only,0.6979166666666666,0.4615714956689105,0.9791666666666666,0.143575886163796,40.29850746268657,96,96,0.017260971168677013,0.0016191536975741778,nominal,96,1,2042,0.6
Any_DLT,all_constraints,0.8617021276595744,0.3470633740209737,1.0,0.0,16.049382716049386,96,94,0.06749770790338516,0.026796882460532606,nominal,96,1,2042,0.6
Blood,all_constraints,0.8723404255319149,0.3354997092507591,0.9893617021276596,0.10314212462587934,13.414634146341463,96,94,0.06749770790338516,0.026796882460532606,nominal,96,1,2042,0.6
Constitutional,all_constraints,0.8723404255319149,0.3354997092507591,0.9574468085106383,0.2029298102618999,9.756097560975611,96,94,0.06749770790338516,0.026796882460532606,nominal,96,1,2042,0.6
Infection,all_constraints,0.8723404255319149,0.3354997092507591,0.9893617021276596,0.10314212462587934,13.414634146341463,96,94,0.06749770790338516,0.026796882460532606,nominal,96,1,2042,0.6
Gastrointestinal,all_constraints,0.8723404255319149,0.3354997092507591,1.0,0.0,14.63414634146341,96,94,0.06749770790338516,0.026796882460532606,nominal,96,1,2042,0.6
Overall_Survival,all_constraints,10.746459284469813,1.7384667040809747,11.879829010628315,1.069116503426747,10.5464478686146,96,94,0.06749770790338516,0.026796882460532606,nominal,96,1,2042,0.6
all_constraints,all_constraints,0.7021276595744681,0.45977524275495457,0.9468085106382979,0.22561844642593043,34.848484848484844,96,94,0.06749770790338516,0.026796882460532606,nominal,96,1,2042,0.6
Any_DLT,dlt_only,0.8541666666666666,0.35479176002615415,1.0,0.0,17.07317073170732,96,96,0.01788036773602168,0.0011594487999018323,robust_reg,96,1,2042,0.6
Blood,dlt_only,0.875,0.33245498310218435,1.0,0.0,14.285714285714286,96,96,0.01788036773602168,0.0011594487999018323,robust_reg,96,1,2042,0.6
Constitutional,dlt_only,0.8645833333333334,0.34396424742808945,0.9791666666666666,0.143575886163796,13.253012048192762,96,96,0.01788036773602168,0.0011594487999018323,robust_reg,96,1,2042,0.6
Infection,dlt_only,0.8645833333333334,0.34396424742808945,1.0,0.0,15.662650602409633,96,96,0.01788036773602168,0.0011594487999018323,robust_reg,96,1,2042,0.6
Gastrointestinal,dlt_only,0.8645833333333334,0.3439642474280894,1.0,0.0,15.662650602409633,96,96,0.01788036773602168,0.0011594487999018323,robust_reg,96,1,2042,0.6
Overall_Survival,dlt_only,10.690597206168823,1.779425762099106,11.94812450417013,0.9642490522635561,11.762928429065427,96,96,0.01788036773602168,0.0011594487999018323,robust_reg,96,1,2042,0.6
all_constraints,dlt_only,0.6979166666666666,0.4615714956689105,0.9791666666666666,0.143575886163796,40.29850746268657,96,96,0.01788036773602168,0.0011594487999018323,robust_reg,96,1,2042,0.6
Any_DLT,all_constraints,0.8617021276595744,0.3470633740209737,0.9680851063829787,0.1767160202664313,12.345679012345686,96,94,0.09310488402843475,0.09468140656041805,robust_reg,96,1,2042,0.6
Blood,all_constraints,0.8723404255319149,0.3354997092507591,0.9787234042553191,0.14507865158346242,12.195121951219503,96,94,0.09310488402843475,0.09468140656041805,robust_reg,96,1,2042,0.6
Constitutional,all_constraints,0.8723404255319149,0.3354997092507591,0.9361702127659575,0.24576020475855115,7.317073170731705,96,94,0.09310488402843475,0.09468140656041805,robust_reg,96,1,2042,0.6
Infection,all_constraints,0.8723404255319149,0.3354997092507591,0.9680851063829787,0.1767160202664313,10.975609756097557,96,94,0.09310488402843475,0.09468140656041805,robust_reg,96,1,2042,0.6
Gastrointestinal,all_constraints,0.8723404255319149,0.3354997092507591,0.9893617021276596,0.10314212462587934,13.414634146341463,96,94,0.09310488402843475,0.09468140656041805,robust_reg,96,1,2042,0.6
Overall_Survival,all_constraints,10.746459284469813,1.7384667040809747,11.686747991176382,1.2597967242919077,8.749753586889987,96,94,0.09310488402843475,0.09468140656041805,robust_reg,96,1,2042,0.6
all_constraints,all_constraints,0.7021276595744681,0.45977524275495457,0.925531914893617,0.2639388044961832,31.81818181818181,96,94,0.09310488402843475,0.09468140656041805,robust_reg,96,1,2042,0.6
Any_DLT,dlt_only,0.8541666666666666,0.35479176002615415,0.9270833333333334,0.2613645031536837,8.536585365853668,96,96,0.06198671956857046,0.06303760648187523,cp,96,1,2042,0.6
Blood,dlt_only,0.875,0.33245498310218435,0.7708333333333334,0.42250298452179547,-11.9047619047619,96,96,0.06198671956857046,0.06303760648187523,cp,96,1,2042,0.6
Constitutional,dlt_only,0.8645833333333334,0.34396424742808945,0.9791666666666666,0.143575886163796,13.253012048192762,96,96,0.06198671956857046,0.06303760648187523,cp,96,1,2042,0.6
Infection,dlt_only,0.8645833333333334,0.34396424742808945,0.84375,0.36499819754421575,-2.4096385542168717,96,96,0.06198671956857046,0.06303760648187523,cp,96,1,2042,0.6
Gastrointestinal,dlt_only,0.8645833333333334,0.3439642474280894,1.0,0.0,15.662650602409633,96,96,0.06198671956857046,0.06303760648187523,cp,96,1,2042,0.6
Overall_Survival,dlt_only,10.690597206168823,1.779425762099106,11.858777072677048,1.196090107170679,10.92717127004044,96,96,0.06198671956857046,0.06303760648187523,cp,96,1,2042,0.6
all_constraints,dlt_only,0.6979166666666666,0.4615714956689105,0.7395833333333334,0.44116572054326264,5.970149253731354,96,96,0.06198671956857046,0.06303760648187523,cp,96,1,2042,0.6
Any_DLT,all_constraints,0.8617021276595744,0.3470633740209737,0.9680851063829787,0.1767160202664313,12.345679012345686,96,94,0.1256067380309105,0.14721690581990032,cp,94,1,2042,0.6
Blood,all_constraints,0.8723404255319149,0.3354997092507591,0.9680851063829787,0.1767160202664313,10.975609756097557,96,94,0.1256067380309105,0.14721690581990032,cp,94,1,2042,0.6
Constitutional,all_constraints,0.8723404255319149,0.3354997092507591,0.9468085106382979,0.22561844642593043,8.53658536585365,96,94,0.1256067380309105,0.14721690581990032,cp,94,1,2042,0.6
Infection,all_constraints,0.8723404255319149,0.3354997092507591,0.9680851063829787,0.1767160202664313,10.975609756097557,96,94,0.1256067380309105,0.14721690581990032,cp,94,1,2042,0.6
Gastrointestinal,all_constraints,0.8723404255319149,0.3354997092507591,0.9893617021276596,0.10314212462587934,13.414634146341463,96,94,0.1256067380309105,0.14721690581990032,cp,94,1,2042,0.6
Overall_Survival,all_constraints,10.746459284469813,1.7384667040809747,11.764468233018084,1.1858680286144978,9.472970786009874,96,94,0.1256067380309105,0.14721690581990032,cp,94,1,2042,0.6
all_constraints,all_constraints,0.7021276595744681,0.45977524275495457,0.9042553191489362,0.29581849041680564,28.78787878787879,96,94,0.1256067380309105,0.14721690581990032,cp,94,1,2042,0.6
Any_DLT,dlt_only,0.8709677419354839,0.3370526488229122,1.0,0.0,14.814814814814813,96,93,0.042744663854440056,0.0523009373522525,nominal,96,2,3042,0.6
Blood,dlt_only,0.8709677419354839,0.3370526488229122,1.0,0.0,14.814814814814813,96,93,0.042744663854440056,0.0523009373522525,nominal,96,2,3042,0.6
Constitutional,dlt_only,0.8817204301075269,0.32468922819237606,0.956989247311828,0.20398095044388956,8.536585365853663,96,93,0.042744663854440056,0.0523009373522525,nominal,96,2,3042,0.6
Infection,dlt_only,0.8817204301075269,0.32468922819237606,1.0,0.0,13.414634146341463,96,93,0.042744663854440056,0.0523009373522525,nominal,96,2,3042,0.6
Gastrointestinal,dlt_only,0.8817204301075269,0.32468922819237606,1.0,0.0,13.414634146341463,96,93,0.042744663854440056,0.0523009373522525,nominal,96,2,3042,0.6
Overall_Survival,dlt_only,10.683120600823829,1.8052878220881685,10.964677247252489,1.0337423891626307,2.635528109707456,96,93,0.042744663854440056,0.0523009373522525,nominal,96,2,3042,0.6
all_constraints,dlt_only,0.7204301075268817,0.45122035968773333,0.956989247311828,0.20398095044388956,32.83582089552239,96,93,0.042744663854440056,0.0523009373522525,nominal,96,2,3042,0.6
Any_DLT,all_constraints,0.851063829787234,0.35793454103634004,1.0,0.0,17.5,96,94,0.09264686206976573,0.06296155665469579,nominal,95,2,3042,0.6
Blood,all_constraints,0.8723404255319149,0.3354997092507591,1.0,0.0,14.63414634146341,96,94,0.09264686206976573,0.06296155665469579,nominal,95,2,3042,0.6
Constitutional,all_constraints,0.8829787234042553,0.32316921825641187,0.9787234042553191,0.14507865158346242,10.8433734939759,96,94,0.09264686206976573,0.06296155665469579,nominal,95,2,3042,0.6
Infection,all_constraints,0.8723404255319149,0.3354997092507591,1.0,0.0,14.63414634146341,96,94,0.09264686206976573,0.06296155665469579,nominal,95,2,3042,0.6
Gastrointestinal,all_constraints,0.8617021276595744,0.3470633740209737,1.0,0.0,16.049382716049386,96,94,0.09264686206976573,0.06296155665469579,nominal,95,2,3042,0.6
Overall_Survival,all_constraints,10.703259509290463,1.7957658489370125,10.98402829547762,1.0301148932235897,2.6232082473890146,96,94,0.09264686206976573,0.06296155665469579,nominal,95,2,3042,0.6
all_constraints,all_constraints,0.7127659574468085,0.45489784805160016,0.9787234042553191,0.14507865158346242,37.3134328358209,96,94,0.09264686206976573,0.06296155665469579,nominal,95,2,3042,0.6
Any_DLT,dlt_only,0.8709677419354839,0.3370526488229122,1.0,0.0,14.814814814814813,96,93,0.07294500867525737,0.07028480999104086,robust_reg,96,2,3042,0.6
Blood,dlt_only,0.8709677419354839,0.3370526488229122,1.0,0.0,14.814814814814813,96,93,0.07294500867525737,0.07028480999104086,robust_reg,96,2,3042,0.6
Constitutional,dlt_only,0.8817204301075269,0.32468922819237606,0.956989247311828,0.20398095044388956,8.536585365853663,96,93,0.07294500867525737,0.07028480999104086,robust_reg,96,2,3042,0.6
Infection,dlt_only,0.8817204301075269,0.32468922819237606,1.0,0.0,13.414634146341463,96,93,0.07294500867525737,0.07028480999104086,robust_reg,96,2,3042,0.6
Gastrointestinal,dlt_only,0.8817204301075269,0.32468922819237606,1.0,0.0,13.414634146341463,96,93,0.07294500867525737,0.07028480999104086,robust_reg,96,2,3042,0.6
Overall_Survival,dlt_only,10.683120600823829,1.8052878220881685,10.974561586445908,1.036650681870158,2.7280510677713887,96,93,0.07294500867525737,0.07028480999104086,robust_reg,96,2,3042,0.6
all_constraints,dlt_only,0.7204301075268817,0.45122035968773333,0.956989247311828,0.20398095044388956,32.83582089552239,96,93,0.07294500867525737,0.07028480999104086,robust_reg,96,2,3042,0.6
Any_DLT,all_constraints,0.851063829787234,0.35793454103634004,1.0,0.0,17.5,96,94,0.09728100647528966,0.06596931710408285,robust_reg,94,2,3042,0.6
Blood,all_constraints,0.8723404255319149,0.3354997092507591,1.0,0.0,14.63414634146341,96,94,0.09728100647528966,0.06596931710408285,robust_reg,94,2,3042,0.6
Constitutional,all_constraints,0.8829787234042553,0.32316921825641187,0.9680851063829787,0.1767160202664313,9.638554216867472,96,94,0.09728100647528966,0.06596931710408285,robust_reg,94,2,3042,0.6
Infection,all_constraints,0.8723404255319149,0.3354997092507591,1.0,0.0,14.63414634146341,96,94,0.09728100647528966,0.06596931710408285,robust_reg,94,2,3042,0.6
Gastrointestinal,all_constraints,0.8617021276595744,0.3470633740209737,1.0,0.0,16.049382716049386,96,94,0.09728100647528966,0.06596931710408285,robust_reg,94,2,3042,0.6
Overall_Survival,all_constraints,10.703259509290463,1.7957658489370125,10.965262795481053,1.0192183268882908,2.447883151512581,96,94,0.09728100647528966,0.06596931710408285,robust_reg,94,2,3042,0.6
all_constraints,all_constraints,0.7127659574468085,0.45489784805160016,0.9680851063829787,0.1767160202664313,35.820895522388064,96,94,0.09728100647528966,0.06596931710408285,robust_reg,94,2,3042,0.6
Any_DLT,dlt_only,0.8709677419354839,0.3370526488229122,1.0,0.0,14.814814814814813,96,93,0.23843013991912207,0.2989668330153685,cp,93,2,3042,0.6
Blood,dlt_only,0.8709677419354839,0.3370526488229122,1.0,0.0,14.814814814814813,96,93,0.23843013991912207,0.2989668330153685,cp,93,2,3042,0.6
Constitutional,dlt_only,0.8817204301075269,0.32468922819237606,0.946236559139785,0.22677279367959727,7.317073170731713,96,93,0.23843013991912207,0.2989668330153685,cp,93,2,3042,0.6
Infection,dlt_only,0.8817204301075269,0.32468922819237606,1.0,0.0,13.414634146341463,96,93,0.23843013991912207,0.2989668330153685,cp,93,2,3042,0.6
Gastrointestinal,dlt_only,0.8817204301075269,0.32468922819237606,1.0,0.0,13.414634146341463,96,93,0.23843013991912207,0.2989668330153685,cp,93,2,3042,0.6
Overall_Survival,dlt_only,10.683120600823829,1.8052878220881685,11.158281902217869,1.2432626716474398,4.447776255164603,96,93,0.23843013991912207,0.2989668330153685,cp,93,2,3042,0.6
all_constraints,dlt_only,0.7204301075268817,0.45122035968773333,0.946236559139785,0.22677279367959727,31.34328358208955,96,93,0.23843013991912207,0.2989668330153685,cp,93,2,3042,0.6
Any_DLT,all_constraints,0.851063829787234,0.35793454103634004,0.9893617021276596,0.10314212462587934,16.250000000000004,96,94,0.12358150879542033,0.08936290475833979,cp,94,2,3042,0.6
Blood,all_constraints,0.8723404255319149,0.3354997092507591,0.9893617021276596,0.10314212462587934,13.414634146341463,96,94,0.12358150879542033,0.08936290475833979,cp,94,2,3042,0.6
Constitutional,all_constraints,0.8829787234042553,0.32316921825641187,0.9893617021276596,0.10314212462587934,12.048192771084343,96,94,0.12358150879542033,0.08936290475833979,cp,94,2,3042,0.6
Infection,all_constraints,0.8723404255319149,0.3354997092507591,0.9893617021276596,0.10314212462587934,13.414634146341463,96,94,0.12358150879542033,0.08936290475833979,cp,94,2,3042,0.6
Gastrointestinal,all_constraints,0.8617021276595744,0.3470633740209737,1.0,0.0,16.049382716049386,96,94,0.12358150879542033,0.08936290475833979,cp,94,2,3042,0.6
Overall_Survival,all_constraints,10.703259509290463,1.7957658489370125,10.935862290844376,1.13437338825848,2.1731957573486205,96,94,0.12358150879542033,0.08936290475833979,cp,94,2,3042,0.6
all_constraints,all_constraints,0.7127659574468085,0.45489784805160016,0.9787234042553191,0.14507865158346242,37.3134328358209,96,94,0.12358150879542033,0.08936290475833979,cp,94,2,3042,0.6
Any_DLT,dlt_only,0.8541666666666666,0.35479176002615415,0.9270833333333334,0.2613645031536837,8.536585365853668,96,96,0.01831162969271342,0.016907718846331746,nominal,96,3,4042,0.6
Blood,dlt_only,0.875,0.33245498310218435,0.6770833333333334,0.4700457237930586,-22.619047619047617,96,96,0.01831162969271342,0.016907718846331746,nominal,96,3,4042,0.6
Constitutional,dlt_only,0.8645833333333334,0.34396424742808945,0.9270833333333334,0.2613645031536837,7.228915662650602,96,96,0.01831162969271342,0.016907718846331746,nominal,96,3,4042,0.6
Infection,dlt_only,0.8645833333333334,0.34396424742808945,0.9166666666666666,0.27783625115549687,6.02409638554216,96,96,0.01831162969271342,0.016907718846331746,nominal,96,3,4042,0.6
Gastrointestinal,dlt_only,0.8645833333333334,0.3439642474280894,1.0,0.0,15.662650602409633,96,96,0.01831162969271342,0.016907718846331746,nominal,96,3,4042,0.6
Overall_Survival,dlt_only,10.690597206168823,1.779425762099106,12.298998198262787,1.0507932539836276,15.045006009260774,96,96,0.01831162969271342,0.016907718846331746,nominal,96,3,4042,0.6
all_constraints,dlt_only,0.6979166666666666,0.4615714956689105,0.59375,0.49371044145328746,-14.925373134328353,96,96,0.01831162969271342,0.016907718846331746,nominal,96,3,4042,0.6
Any_DLT,all_constraints,0.8977272727272727,0.3047430697456363,0.9431818181818182,0.23282150162655668,5.063291139240514,96,88,0.05294651041428248,0.027069478975238762,nominal,96,3,4042,0.6
Blood,all_constraints,0.8977272727272727,0.30474306974563625,0.6477272727272727,0.4804158334617546,-27.848101265822784,96,88,0.05294651041428248,0.027069478975238762,nominal,96,3,4042,0.6
Constitutional,all_constraints,0.8636363636363636,0.3451409234693729,0.9431818181818182,0.23282150162655665,9.210526315789478,96,88,0.05294651041428248,0.027069478975238762,nominal,96,3,4042,0.6
Infection,all_constraints,0.8977272727272727,0.3047430697456363,0.9090909090909091,0.28912724941310364,1.2658227848101256,96,88,0.05294651041428248,0.027069478975238762,nominal,96,3,4042,0.6
Gastrointestinal,all_constraints,0.8863636363636364,0.3191878408444575,1.0,0.0,12.820512820512823,96,88,0.05294651041428248,0.027069478975238762,nominal,96,3,4042,0.6
Overall_Survival,all_constraints,10.733755101226357,1.7861722005148855,12.273558713477502,1.161540285543738,14.34543268157123,96,88,0.05294651041428248,0.027069478975238762,nominal,96,3,4042,0.6
all_constraints,all_constraints,0.7272727272727273,0.4479140087646834,0.5681818181818182,0.49816801268349625,-21.874999999999996,96,88,0.05294651041428248,0.027069478975238762,nominal,96,3,4042,0.6
Any_DLT,dlt_only,0.8541666666666666,0.35479176002615415,0.65625,0.4774521193960599,-23.17073170731707,96,96,0.01566533495982488,0.028618513009735,robust_reg,96,3,4042,0.6
Blood,dlt_only,0.875,0.33245498310218435,0.25,0.435285750066007,-71.42857142857143,96,96,0.01566533495982488,0.028618513009735,robust_reg,96,3,4042,0.6
Constitutional,dlt_only,0.8645833333333334,0.34396424742808945,0.9166666666666666,0.27783625115549687,6.02409638554216,96,96,0.01566533495982488,0.028618513009735,robust_reg,96,3,4042,0.6
Infection,dlt_only,0.8645833333333334,0.34396424742808945,0.5208333333333334,0.502188194262012,-39.75903614457831,96,96,0.01566533495982488,0.028618513009735,robust_reg,96,3,4042,0.6
Gastrointestinal,dlt_only,0.8645833333333334,0.3439642474280894,0.9895833333333334,0.10206207261596574,14.457831325301203,96,96,0.01566533495982488,0.028618513009735,robust_reg,96,3,4042,0.6
Overall_Survival,dlt_only,10.690597206168823,1.779425762099106,12.436239534902663,1.022300656014384,16.328763445755374,96,96,0.01566533495982488,0.028618513009735,robust_reg,96,3,4042,0.6
all_constraints,dlt_only,0.6979166666666666,0.4615714956689105,0.1875,0.3923612728354477,-73.13432835820896,96,96,0.01566533495982488,0.028618513009735,robust_reg,96,3,4042,0.6
Any_DLT,all_constraints,0.8977272727272727,0.3047430697456363,0.8068181818181818,0.3970568315514968,-10.126582278481015,96,88,0.046113476157188416,0.024579244661380777,robust_reg,96,3,4042,0.6
Blood,all_constraints,0.8977272727272727,0.30474306974563625,0.4090909090909091,0.4944836767609948,-54.43037974683544,96,88,0.046113476157188416,0.024579244661380777,robust_reg,96,3,4042,0.6
Constitutional,all_constraints,0.8636363636363636,0.3451409234693729,0.9431818181818182,0.23282150162655665,9.210526315789478,96,88,0.046113476157188416,0.024579244661380777,robust_reg,96,3,4042,0.6
Infection,all_constraints,0.8977272727272727,0.3047430697456363,0.7386363636363636,0.44189555591864443,-17.72151898734177,96,88,0.046113476157188416,0.024579244661380777,robust_reg,96,3,4042,0.6
Gastrointestinal,all_constraints,0.8863636363636364,0.3191878408444575,1.0,0.0,12.820512820512823,96,88,0.046113476157188416,0.024579244661380777,robust_reg,96,3,4042,0.6
Overall_Survival,all_constraints,10.733755101226357,1.7861722005148855,12.358107089299166,1.1516563515719873,15.133119516460948,96,88,0.046113476157188416,0.024579244661380777,robust_reg,96,3,4042,0.6
all_constraints,all_constraints,0.7272727272727273,0.4479140087646834,0.3522727272727273,0.4804158334617546,-51.5625,96,88,0.046113476157188416,0.024579244661380777,robust_reg,96,3,4042,0.6
Any_DLT,dlt_only,0.8541666666666666,0.35479176002615415,0.8958333333333334,0.3070801941090227,4.878048780487814,96,96,0.03004751354455948,0.03754567384507629,cp,96,3,4042,0.6
Blood,dlt_only,0.875,0.33245498310218435,0.5416666666666666,0.5008764248619175,-38.095238095238095,96,96,0.03004751354455948,0.03754567384507629,cp,96,3,4042,0.6
Constitutional,dlt_only,0.8645833333333334,0.34396424742808945,0.9583333333333334,0.20087527770480484,10.843373493975903,96,96,0.03004751354455948,0.03754567384507629,cp,96,3,4042,0.6
Infection,dlt_only,0.8645833333333334,0.34396424742808945,0.90625,0.2930106877878258,4.81927710843373,96,96,0.03004751354455948,0.03754567384507629,cp,96,3,4042,0.6
Gastrointestinal,dlt_only,0.8645833333333334,0.3439642474280894,0.9791666666666666,0.143575886163796,13.253012048192762,96,96,0.03004751354455948,0.03754567384507629,cp,96,3,4042,0.6
Overall_Survival,dlt_only,10.690597206168823,1.779425762099106,12.258119894530651,1.216780932651625,14.662629768310012,96,96,0.03004751354455948,0.03754567384507629,cp,96,3,4042,0.6
all_constraints,dlt_only,0.6979166666666666,0.4615714956689105,0.46875,0.501642040544954,-32.83582089552239,96,96,0.03004751354455948,0.03754567384507629,cp,96,3,4042,0.6
Any_DLT,all_constraints,0.8977272727272727,0.3047430697456363,0.9659090909090909,0.18250263020391777,7.594936708860766,96,88,0.13898358742396036,0.08413031924516219,cp,88,3,4042,0.6
Blood,all_constraints,0.8977272727272727,0.30474306974563625,0.6931818181818182,0.4638161185745163,-22.78481012658227,96,88,0.13898358742396036,0.08413031924516219,cp,88,3,4042,0.6
Constitutional,all_constraints,0.8636363636363636,0.3451409234693729,0.9431818181818182,0.23282150162655665,9.210526315789478,96,88,0.13898358742396036,0.08413031924516219,cp,88,3,4042,0.6
Infection,all_constraints,0.8977272727272727,0.3047430697456363,0.9204545454545454,0.27213886368640305,2.531645569620251,96,88,0.13898358742396036,0.08413031924516219,cp,88,3,4042,0.6
Gastrointestinal,all_constraints,0.8863636363636364,0.3191878408444575,1.0,0.0,12.820512820512823,96,88,0.13898358742396036,0.08413031924516219,cp,88,3,4042,0.6
Overall_Survival,all_constraints,10.733755101226357,1.7861722005148855,11.948007393015404,1.432199937248998,11.312465025872585,96,88,0.13898358742396036,0.08413031924516219,cp,88,3,4042,0.6
all_constraints,all_constraints,0.7272727272727273,0.4479140087646834,0.6363636363636364,0.48380242433138315,-12.500000000000004,96,88,0.13898358742396036,0.08413031924516219,cp,88,3,4042,0.6
Any_DLT,dlt_only,0.8541666666666666,0.35479176002615415,1.0,0.0,17.07317073170732,96,96,0.012245563169320425,0.00256393128636852,nominal,96,4,5042,0.6
Blood,dlt_only,0.875,0.33245498310218435,1.0,0.0,14.285714285714286,96,96,0.012245563169320425,0.00256393128636852,nominal,96,4,5042,0.6
Constitutional,dlt_only,0.8645833333333334,0.34396424742808945,0.9166666666666666,0.27783625115549687,6.02409638554216,96,96,0.012245563169320425,0.00256393128636852,nominal,96,4,5042,0.6
Infection,dlt_only,0.8645833333333334,0.34396424742808945,1.0,0.0,15.662650602409633,96,96,0.012245563169320425,0.00256393128636852,nominal,96,4,5042,0.6
Gastrointestinal,dlt_only,0.8645833333333334,0.3439642474280894,1.0,0.0,15.662650602409633,96,96,0.012245563169320425,0.00256393128636852,nominal,96,4,5042,0.6
Overall_Survival,dlt_only,10.690597206168823,1.779425762099106,10.991495814130841,1.0167800073389321,2.8146099058749527,96,96,0.012245563169320425,0.00256393128636852,nominal,96,4,5042,0.6
all_constraints,dlt_only,0.6979166666666666,0.4615714956689105,0.9166666666666666,0.27783625115549687,31.343283582089555,96,96,0.012245563169320425,0.00256393128636852,nominal,96,4,5042,0.6
Any_DLT,all_constraints,0.8541666666666666,0.35479176002615415,1.0,0.0,17.07317073170732,96,96,0.10632418841123581,0.17419084260223414,nominal,96,4,5042,0.6
Blood,all_constraints,0.875,0.33245498310218435,1.0,0.0,14.285714285714286,96,96,0.10632418841123581,0.17419084260223414,nominal,96,4,5042,0.6
Constitutional,all_constraints,0.8645833333333334,0.34396424742808945,0.9270833333333334,0.2613645031536837,7.228915662650602,96,96,0.10632418841123581,0.17419084260223414,nominal,96,4,5042,0.6
Infection,all_constraints,0.8645833333333334,0.34396424742808945,1.0,0.0,15.662650602409633,96,96,0.10632418841123581,0.17419084260223414,nominal,96,4,5042,0.6
Gastrointestinal,all_constraints,0.8645833333333334,0.3439642474280894,1.0,0.0,15.662650602409633,96,96,0.10632418841123581,0.17419084260223414,nominal,96,4,5042,0.6
Overall_Survival,all_constraints,10.690597206168823,1.779425762099106,10.929097200549352,1.0546700802302018,2.230932377125824,96,96,0.10632418841123581,0.17419084260223414,nominal,96,4,5042,0.6
all_constraints,all_constraints,0.6979166666666666,0.4615714956689105,0.9270833333333334,0.2613645031536837,32.8358208955224,96,96,0.10632418841123581,0.17419084260223414,nominal,96,4,5042,0.6
Any_DLT,dlt_only,0.8541666666666666,0.35479176002615415,1.0,0.0,17.07317073170732,96,96,0.01130672295888265,0.0006590835675181902,robust_reg,96,4,5042,0.6
Blood,dlt_only,0.875,0.33245498310218435,1.0,0.0,14.285714285714286,96,96,0.01130672295888265,0.0006590835675181902,robust_reg,96,4,5042,0.6
Constitutional,dlt_only,0.8645833333333334,0.34396424742808945,0.90625,0.2930106877878258,4.81927710843373,96,96,0.01130672295888265,0.0006590835675181902,robust_reg,96,4,5042,0.6
Infection,dlt_only,0.8645833333333334,0.34396424742808945,1.0,0.0,15.662650602409633,96,96,0.01130672295888265,0.0006590835675181902,robust_reg,96,4,5042,0.6
Gastrointestinal,dlt_only,0.8645833333333334,0.3439642474280894,1.0,0.0,15.662650602409633,96,96,0.01130672295888265,0.0006590835675181902,robust_reg,96,4,5042,0.6
Overall_Survival,dlt_only,10.690597206168823,1.779425762099106,10.998024342438649,1.0133304840149577,2.8756778535480763,96,96,0.01130672295888265,0.0006590835675181902,robust_reg,96,4,5042,0.6
all_constraints,dlt_only,0.6979166666666666,0.4615714956689105,0.90625,0.2930106877878258,29.85074626865672,96,96,0.01130672295888265,0.0006590835675181902,robust_reg,96,4,5042,0.6
Any_DLT,all_constraints,0.8541666666666666,0.35479176002615415,1.0,0.0,17.07317073170732,96,96,0.0604063148299853,0.1154389294078996,robust_reg,96,4,5042,0.6
Blood,all_constraints,0.875,0.33245498310218435,1.0,0.0,14.285714285714286,96,96,0.0604063148299853,0.1154389294078996,robust_reg,96,4,5042,0.6
Constitutional,all_constraints,0.8645833333333334,0.34396424742808945,0.90625,0.2930106877878258,4.81927710843373,96,96,0.0604063148299853,0.1154389294078996,robust_reg,96,4,5042,0.6
Infection,all_constraints,0.8645833333333334,0.34396424742808945,1.0,0.0,15.662650602409633,96,96,0.0604063148299853,0.1154389294078996,robust_reg,96,4,5042,0.6
Gastrointestinal,all_constraints,0.8645833333333334,0.3439642474280894,1.0,0.0,15.662650602409633,96,96,0.0604063148299853,0.1154389294078996,robust_reg,96,4,5042,0.6
Overall_Survival,all_constraints,10.690597206168823,1.779425762099106,10.99396125265468,1.016625947094489,2.8376716532805686,96,96,0.0604063148299853,0.1154389294078996,robust_reg,96,4,5042,0.6
all_constraints,all_constraints,0.6979166666666666,0.4615714956689105,0.90625,0.2930106877878258,29.85074626865672,96,96,0.0604063148299853,0.1154389294078996,robust_reg,96,4,5042,0.6
Any_DLT,dlt_only,0.8541666666666666,0.35479176002615415,1.0,0.0,17.07317073170732,96,96,0.030169618626435597,0.057940766274096535,cp,96,4,5042,0.6
Blood,dlt_only,0.875,0.33245498310218435,1.0,0.0,14.285714285714286,96,96,0.030169618626435597,0.057940766274096535,cp,96,4,5042,0.6
Constitutional,dlt_only,0.8645833333333334,0.34396424742808945,0.9270833333333334,0.26136450315368365,7.228915662650602,96,96,0.030169618626435597,0.057940766274096535,cp,96,4,5042,0.6
Infection,dlt_only,0.8645833333333334,0.34396424742808945,1.0,0.0,15.662650602409633,96,96,0.030169618626435597,0.057940766274096535,cp,96,4,5042,0.6
Gastrointestinal,dlt_only,0.8645833333333334,0.3439642474280894,1.0,0.0,15.662650602409633,96,96,0.030169618626435597,0.057940766274096535,cp,96,4,5042,0.6
Overall_Survival,dlt_only,10.690597206168823,1.779425762099106,10.961631574137433,1.0363931489456373,2.535259375521274,96,96,0.030169618626435597,0.057940766274096535,cp,96,4,5042,0.6
all_constraints,dlt_only,0.6979166666666666,0.4615714956689105,0.9270833333333334,0.26136450315368365,32.8358208955224,96,96,0.030169618626435597,0.057940766274096535,cp,96,4,5042,0.6
Any_DLT,all_constraints,0.8541666666666666,0.35479176002615415,1.0,0.0,17.07317073170732,96,96,0.09427255392074585,0.10114336677078023,cp,96,4,5042,0.6
Blood,all_constraints,0.875,0.33245498310218435,1.0,0.0,14.285714285714286,96,96,0.09427255392074585,0.10114336677078023,cp,96,4,5042,0.6
Constitutional,all_constraints,0.8645833333333334,0.34396424742808945,0.9375,0.2433321316961438,8.43373493975903,96,96,0.09427255392074585,0.10114336677078023,cp,96,4,5042,0.6
Infection,all_constraints,0.8645833333333334,0.34396424742808945,1.0,0.0,15.662650602409633,96,96,0.09427255392074585,0.10114336677078023,cp,96,4,5042,0.6
Gastrointestinal,all_constraints,0.8645833333333334,0.3439642474280894,1.0,0.0,15.662650602409633,96,96,0.09427255392074585,0.10114336677078023,cp,96,4,5042,0.6
Overall_Survival,all_constraints,10.690597206168823,1.779425762099106,10.857813595619968,1.0871882535206687,1.5641445115400627,96,96,0.09427255392074585,0.10114336677078023,cp,96,4,5042,0.6
all_constraints,all_constraints,0.6979166666666666,0.4615714956689105,0.9375,0.2433321316961438,34.32835820895523,96,96,0.09427255392074585,0.10114336677078023,cp,96,4,5042,0.6
Any_DLT,dlt_only,0.8541666666666666,0.35479176002615415,1.0,0.0,17.07317073170732,96,96,0.008795127272605896,0.002180379145386805,nominal,96,5,6042,0.6
Blood,dlt_only,0.875,0.33245498310218435,1.0,0.0,14.285714285714286,96,96,0.008795127272605896,0.002180379145386805,nominal,96,5,6042,0.6
Constitutional,dlt_only,0.8645833333333334,0.34396424742808945,0.96875,0.17490598978639324,12.048192771084333,96,96,0.008795127272605896,0.002180379145386805,nominal,96,5,6042,0.6
Infection,dlt_only,0.8645833333333334,0.34396424742808945,1.0,0.0,15.662650602409633,96,96,0.008795127272605896,0.002180379145386805,nominal,96,5,6042,0.6
Gastrointestinal,dlt_only,0.8645833333333334,0.3439642474280894,1.0,0.0,15.662650602409633,96,96,0.008795127272605896,0.002180379145386805,nominal,96,5,6042,0.6
Overall_Survival,dlt_only,10.690597206168823,1.779425762099106,11.964190556552445,0.9803699432921742,11.913210514083513,96,96,0.008795127272605896,0.002180379145386805,nominal,96,5,6042,0.6
all_constraints,dlt_only,0.6979166666666666,0.4615714956689105,0.96875,0.17490598978639324,38.80597014925374,96,96,0.008795127272605896,0.002180379145386805,nominal,96,5,6042,0.6
Any_DLT,all_constraints,0.8541666666666666,0.35479176002615415,0.9895833333333334,0.10206207261596574,15.853658536585376,96,96,0.03881950179735819,0.026840234232794396,nominal,96,5,6042,0.6
Blood,all_constraints,0.875,0.33245498310218435,0.9895833333333334,0.10206207261596574,13.0952380952381,96,96,0.03881950179735819,0.026840234232794396,nominal,96,5,6042,0.6
Constitutional,all_constraints,0.8645833333333334,0.34396424742808945,0.9270833333333334,0.2613645031536837,7.228915662650602,96,96,0.03881950179735819,0.026840234232794396,nominal,96,5,6042,0.6
Infection,all_constraints,0.8645833333333334,0.34396424742808945,1.0,0.0,15.662650602409633,96,96,0.03881950179735819,0.026840234232794396,nominal,96,5,6042,0.6
Gastrointestinal,all_constraints,0.8645833333333334,0.3439642474280894,1.0,0.0,15.662650602409633,96,96,0.03881950179735819,0.026840234232794396,nominal,96,5,6042,0.6
Overall_Survival,all_constraints,10.690597206168823,1.779425762099106,11.958598173740397,0.9617007090412867,11.860899284839727,96,96,0.03881950179735819,0.026840234232794396,nominal,96,5,6042,0.6
all_constraints,all_constraints,0.6979166666666666,0.4615714956689105,0.9270833333333334,0.2613645031536837,32.8358208955224,96,96,0.03881950179735819,0.026840234232794396,nominal,96,5,6042,0.6
Any_DLT,dlt_only,0.8541666666666666,0.35479176002615415,1.0,0.0,17.07317073170732,96,96,0.00938053677479426,0.000797741434907151,robust_reg,96,5,6042,0.6
Blood,dlt_only,0.875,0.33245498310218435,1.0,0.0,14.285714285714286,96,96,0.00938053677479426,0.000797741434907151,robust_reg,96,5,6042,0.6
Constitutional,dlt_only,0.8645833333333334,0.34396424742808945,0.9791666666666666,0.143575886163796,13.253012048192762,96,96,0.00938053677479426,0.000797741434907151,robust_reg,96,5,6042,0.6
Infection,dlt_only,0.8645833333333334,0.34396424742808945,1.0,0.0,15.662650602409633,96,96,0.00938053677479426,0.000797741434907151,robust_reg,96,5,6042,0.6
Gastrointestinal,dlt_only,0.8645833333333334,0.3439642474280894,1.0,0.0,15.662650602409633,96,96,0.00938053677479426,0.000797741434907151,robust_reg,96,5,6042,0.6
Overall_Survival,dlt_only,10.690597206168823,1.779425762099106,11.968716383245104,0.969095364561894,11.955545162049175,96,96,0.00938053677479426,0.000797741434907151,robust_reg,96,5,6042,0.6
all_constraints,dlt_only,0.6979166666666666,0.4615714956689105,0.9791666666666666,0.143575886163796,40.29850746268657,96,96,0.00938053677479426,0.000797741434907151,robust_reg,96,5,6042,0.6
Any_DLT,all_constraints,0.8541666666666666,0.35479176002615415,1.0,0.0,17.07317073170732,96,96,0.03414805233478546,0.005898290856472796,robust_reg,96,5,6042,0.6
Blood,all_constraints,0.875,0.33245498310218435,1.0,0.0,14.285714285714286,96,96,0.03414805233478546,0.005898290856472796,robust_reg,96,5,6042,0.6
Constitutional,all_constraints,0.8645833333333334,0.34396424742808945,0.96875,0.17490598978639324,12.048192771084333,96,96,0.03414805233478546,0.005898290856472796,robust_reg,96,5,6042,0.6
Infection,all_constraints,0.8645833333333334,0.34396424742808945,1.0,0.0,15.662650602409633,96,96,0.03414805233478546,0.005898290856472796,robust_reg,96,5,6042,0.6
Gastrointestinal,all_constraints,0.8645833333333334,0.3439642474280894,1.0,0.0,15.662650602409633,96,96,0.03414805233478546,0.005898290856472796,robust_reg,96,5,6042,0.6
Overall_Survival,all_constraints,10.690597206168823,1.779425762099106,11.954684004871119,0.9741534583558796,11.824286092949764,96,96,0.03414805233478546,0.005898290856472796,robust_reg,96,5,6042,0.6
all_constraints,all_constraints,0.6979166666666666,0.4615714956689105,0.96875,0.17490598978639324,38.80597014925374,96,96,0.03414805233478546,0.005898290856472796,robust_reg,96,5,6042,0.6
Any_DLT,dlt_only,0.8541666666666666,0.35479176002615415,1.0,0.0,17.07317073170732,96,96,0.010825981696446737,0.010553775553650264,cp,96,5,6042,0.6
Blood,dlt_only,0.875,0.33245498310218435,1.0,0.0,14.285714285714286,96,96,0.010825981696446737,0.010553775553650264,cp,96,5,6042,0.6
Constitutional,dlt_only,0.8645833333333334,0.34396424742808945,0.9375,0.2433321316961438,8.43373493975903,96,96,0.010825981696446737,0.010553775553650264,cp,96,5,6042,0.6
Infection,dlt_only,0.8645833333333334,0.34396424742808945,1.0,0.0,15.662650602409633,96,96,0.010825981696446737,0.010553775553650264,cp,96,5,6042,0.6
Gastrointestinal,dlt_only,0.8645833333333334,0.3439642474280894,1.0,0.0,15.662650602409633,96,96,0.010825981696446737,0.010553775553650264,cp,96,5,6042,0.6
Overall_Survival,dlt_only,10.690597206168823,1.779425762099106,11.914096234527747,1.0178048139290925,11.444627505495442,96,96,0.010825981696446737,0.010553775553650264,cp,96,5,6042,0.6
all_constraints,dlt_only,0.6979166666666666,0.4615714956689105,0.9375,0.2433321316961438,34.32835820895523,96,96,0.010825981696446737,0.010553775553650264,cp,96,5,6042,0.6
Any_DLT,all_constraints,0.8541666666666666,0.35479176002615415,0.9895833333333334,0.10206207261596574,15.853658536585376,96,96,0.08941225459178288,0.2032033416702125,cp,96,5,6042,0.6
Blood,all_constraints,0.875,0.33245498310218435,0.9479166666666666,0.22336148028967082,8.333333333333329,96,96,0.08941225459178288,0.2032033416702125,cp,96,5,6042,0.6
Constitutional,all_constraints,0.8645833333333334,0.34396424742808945,0.9479166666666666,0.22336148028967082,9.63855421686746,96,96,0.08941225459178288,0.2032033416702125,cp,96,5,6042,0.6
Infection,all_constraints,0.8645833333333334,0.34396424742808945,0.9791666666666666,0.143575886163796,13.253012048192762,96,96,0.08941225459178288,0.2032033416702125,cp,96,5,6042,0.6
Gastrointestinal,all_constraints,0.8645833333333334,0.3439642474280894,1.0,0.0,15.662650602409633,96,96,0.08941225459178288,0.2032033416702125,cp,96,5,6042,0.6
Overall_Survival,all_constraints,10.690597206168823,1.779425762099106,11.740029594622044,1.2037878314787176,9.816405652695103,96,96,0.08941225459178288,0.2032033416702125,cp,96,5,6042,0.6
all_constraints,all_constraints,0.6979166666666666,0.4615714956689105,0.8854166666666666,0.320190458671962,26.865671641791046,96,96,0.08941225459178288,0.2032033416702125,cp,96,5,6042,0.6
Any_DLT,dlt_only,0.8494623655913979,0.35953582875036627,0.6236559139784946,0.4870938329080301,-26.582278481012658,96,93,0.013242547710736593,0.019505961985850938,nominal,96,6,7042,0.6
Blood,dlt_only,0.8817204301075269,0.32468922819237606,0.23655913978494625,0.4272726820591678,-73.17073170731707,96,93,0.013242547710736593,0.019505961985850938,nominal,96,6,7042,0.6
Constitutional,dlt_only,0.8817204301075269,0.32468922819237606,0.9032258064516129,0.29725249584033764,2.4390243902439,96,93,0.013242547710736593,0.019505961985850938,nominal,96,6,7042,0.6
Infection,dlt_only,0.8709677419354839,0.33705264882291225,0.3548387096774194,0.4810577405983832,-59.25925925925925,96,93,0.013242547710736593,0.019505961985850938,nominal,96,6,7042,0.6
Gastrointestinal,dlt_only,0.8602150537634409,0.34864326633713344,0.989247311827957,0.10369516947304255,14.999999999999998,96,93,0.013242547710736593,0.019505961985850938,nominal,96,6,7042,0.6
Overall_Survival,dlt_only,10.725176180813543,1.7971325277494445,12.271537444878776,1.2803234401812602,14.418049997458745,96,93,0.013242547710736593,0.019505961985850938,nominal,96,6,7042,0.6
all_constraints,dlt_only,0.7096774193548387,0.45637144390360274,0.1935483870967742,0.397220355999282,-72.72727272727272,96,93,0.013242547710736593,0.019505961985850938,nominal,96,6,7042,0.6
Any_DLT,all_constraints,0.8850574712643678,0.3208015889133736,0.7126436781609196,0.455152567751188,-19.480519480519483,96,87,0.08028831581274669,0.050138298982254345,nominal,95,6,7042,0.6
Blood,all_constraints,0.8620689655172413,0.3468266034531822,0.25287356321839083,0.43717887363044405,-70.66666666666666,96,87,0.08028831581274669,0.050138298982254345,nominal,95,6,7042,0.6
Constitutional,all_constraints,0.9195402298850575,0.2735805142573971,1.0,0.0,8.750000000000002,96,87,0.08028831581274669,0.050138298982254345,nominal,95,6,7042,0.6
Infection,all_constraints,0.9080459770114943,0.2906361870283388,0.40229885057471265,0.4932042860614262,-55.696202531645575,96,87,0.08028831581274669,0.050138298982254345,nominal,95,6,7042,0.6
Gastrointestinal,all_constraints,0.896551724137931,0.3063089623779221,1.0,0.0,11.538461538461537,96,87,0.08028831581274669,0.050138298982254345,nominal,95,6,7042,0.6
Overall_Survival,all_constraints,10.794965147977107,1.752869724952563,12.300777607355501,1.305936321131043,13.949210939884981,96,87,0.08028831581274669,0.050138298982254345,nominal,95,6,7042,0.6
all_constraints,all_constraints,0.7471264367816092,0.43717887363044405,0.20689655172413793,0.40742900749794664,-72.30769230769232,96,87,0.08028831581274669,0.050138298982254345,nominal,95,6,7042,0.6
Any_DLT,dlt_only,0.8494623655913979,0.35953582875036627,0.6344086021505376,0.48420589935344344,-25.316455696202535,96,93,0.01658705621957779,0.022487213432690552,robust_reg,96,6,7042,0.6
Blood,dlt_only,0.8817204301075269,0.32468922819237606,0.2903225806451613,0.4563714439036028,-67.07317073170731,96,93,0.01658705621957779,0.022487213432690552,robust_reg,96,6,7042,0.6
Constitutional,dlt_only,0.8817204301075269,0.32468922819237606,0.9032258064516129,0.29725249584033764,2.4390243902439,96,93,0.01658705621957779,0.022487213432690552,robust_reg,96,6,7042,0.6
Infection,dlt_only,0.8709677419354839,0.33705264882291225,0.3978494623655914,0.492106937526453,-54.32098765432099,96,93,0.01658705621957779,0.022487213432690552,robust_reg,96,6,7042,0.6
Gastrointestinal,dlt_only,0.8602150537634409,0.34864326633713344,0.9247311827956989,0.2652545594323927,7.499999999999993,96,93,0.01658705621957779,0.022487213432690552,robust_reg,96,6,7042,0.6
Overall_Survival,dlt_only,10.725176180813543,1.7971325277494445,12.39969899592209,1.1021446870415073,15.61300986462237,96,93,0.01658705621957779,0.022487213432690552,robust_reg,96,6,7042,0.6
all_constraints,dlt_only,0.7096774193548387,0.45637144390360274,0.15053763440860216,0.3595358287503663,-78.7878787878788,96,93,0.01658705621957779,0.022487213432690552,robust_reg,96,6,7042,0.6
Any_DLT,all_constraints,0.8850574712643678,0.3208015889133736,0.7816091954022989,0.4155491563098284,-11.688311688311686,96,87,0.08831849197546641,0.07088019788135323,robust_reg,96,6,7042,0.6
Blood,all_constraints,0.8620689655172413,0.3468266034531822,0.41379310344827586,0.4953674731351026,-52.0,96,87,0.08831849197546641,0.07088019788135323,robust_reg,96,6,7042,0.6
Constitutional,all_constraints,0.9195402298850575,0.2735805142573971,1.0,0.0,8.750000000000002,96,87,0.08831849197546641,0.07088019788135323,robust_reg,96,6,7042,0.6
Infection,all_constraints,0.9080459770114943,0.2906361870283388,0.5517241379310345,0.5002004409781857,-39.24050632911393,96,87,0.08831849197546641,0.07088019788135323,robust_reg,96,6,7042,0.6
Gastrointestinal,all_constraints,0.896551724137931,0.3063089623779221,0.896551724137931,0.3063089623779221,0.0,96,87,0.08831849197546641,0.07088019788135323,robust_reg,96,6,7042,0.6
Overall_Survival,all_constraints,10.794965147977107,1.752869724952563,12.112803573747142,1.1699464694847865,12.207898846407922,96,87,0.08831849197546641,0.07088019788135323,robust_reg,96,6,7042,0.6
all_constraints,all_constraints,0.7471264367816092,0.43717887363044405,0.26436781609195403,0.44355252212380036,-64.61538461538461,96,87,0.08831849197546641,0.07088019788135323,robust_reg,96,6,7042,0.6
Any_DLT,dlt_only,0.8494623655913979,0.35953582875036627,0.8924731182795699,0.31146098895220203,5.063291139240501,96,93,0.053075519700845085,0.06553347721742675,cp,93,6,7042,0.6
Blood,dlt_only,0.8817204301075269,0.32468922819237606,0.7634408602150538,0.42727268205916763,-13.414634146341463,96,93,0.053075519700845085,0.06553347721742675,cp,93,6,7042,0.6
Constitutional,dlt_only,0.8817204301075269,0.32468922819237606,0.9139784946236559,0.28191557395227324,3.6585365853658502,96,93,0.053075519700845085,0.06553347721742675,cp,93,6,7042,0.6
Infection,dlt_only,0.8709677419354839,0.33705264882291225,0.7956989247311828,0.4053752900211121,-8.64197530864198,96,93,0.053075519700845085,0.06553347721742675,cp,93,6,7042,0.6
Gastrointestinal,dlt_only,0.8602150537634409,0.34864326633713344,0.946236559139785,0.22677279367959727,10.000000000000004,96,93,0.053075519700845085,0.06553347721742675,cp,93,6,7042,0.6
Overall_Survival,dlt_only,10.725176180813543,1.7971325277494445,11.254561258934025,1.3615749798762038,4.935910321617918,96,93,0.053075519700845085,0.06553347721742675,cp,93,6,7042,0.6
all_constraints,dlt_only,0.7096774193548387,0.45637144390360274,0.6989247311827957,0.461211689502656,-1.5151515151515138,96,93,0.053075519700845085,0.06553347721742675,cp,93,6,7042,0.6
Any_DLT,all_constraints,0.8850574712643678,0.3208015889133736,0.7701149425287356,0.4231979421765856,-12.987012987012996,96,87,0.0794360563158989,0.08940792747064452,cp,88,6,7042,0.6
Blood,all_constraints,0.8620689655172413,0.3468266034531822,0.5747126436781609,0.4972525423613138,-33.333333333333336,96,87,0.0794360563158989,0.08940792747064452,cp,88,6,7042,0.6
Constitutional,all_constraints,0.9195402298850575,0.2735805142573971,0.9770114942528736,0.15073552182801675,6.250000000000004,96,87,0.0794360563158989,0.08940792747064452,cp,88,6,7042,0.6
Infection,all_constraints,0.9080459770114943,0.2906361870283388,0.6436781609195402,0.48168820114484845,-29.113924050632914,96,87,0.0794360563158989,0.08940792747064452,cp,88,6,7042,0.6
Gastrointestinal,all_constraints,0.896551724137931,0.3063089623779221,0.9770114942528736,0.15073552182801672,8.974358974358976,96,87,0.0794360563158989,0.08940792747064452,cp,88,6,7042,0.6
Overall_Survival,all_constraints,10.794965147977107,1.752869724952563,11.537746313075521,1.2062552445895152,6.880811145903564,96,87,0.0794360563158989,0.08940792747064452,cp,88,6,7042,0.6
all_constraints,all_constraints,0.7471264367816092,0.43717887363044405,0.5172413793103449,0.5025994976241309,-30.769230769230763,96,87,0.0794360563158989,0.08940792747064452,cp,88,6,7042,0.6
Any_DLT,dlt_only,0.8617021276595744,0.3470633740209737,1.0,0.0,16.049382716049386,96,94,0.010597152014573416,0.0008478715155411179,nominal,96,7,8042,0.6
Blood,dlt_only,0.8723404255319149,0.3354997092507591,1.0,0.0,14.63414634146341,96,94,0.010597152014573416,0.0008478715155411179,nominal,96,7,8042,0.6
Constitutional,dlt_only,0.8829787234042553,0.32316921825641187,0.9361702127659575,0.24576020475855118,6.024096385542172,96,94,0.010597152014573416,0.0008478715155411179,nominal,96,7,8042,0.6
Infection,dlt_only,0.8723404255319149,0.3354997092507591,1.0,0.0,14.63414634146341,96,94,0.010597152014573416,0.0008478715155411179,nominal,96,7,8042,0.6
Gastrointestinal,dlt_only,0.8723404255319149,0.3354997092507591,1.0,0.0,14.63414634146341,96,94,0.010597152014573416,0.0008478715155411179,nominal,96,7,8042,0.6
Overall_Survival,dlt_only,10.681233770447589,1.7940106391980075,11.975312218416216,0.9753195913833275,12.115439805736965,96,94,0.010597152014573416,0.0008478715155411179,nominal,96,7,8042,0.6
all_constraints,dlt_only,0.7127659574468085,0.45489784805160016,0.9361702127659575,0.24576020475855118,31.343283582089562,96,94,0.010597152014573416,0.0008478715155411179,nominal,96,7,8042,0.6
Any_DLT,all_constraints,0.8901098901098901,0.31448545101657555,1.0,0.0,12.345679012345686,96,91,0.04248869915803274,0.021509212999356386,nominal,96,7,8042,0.6
Blood,all_constraints,0.8791208791208791,0.3277927812629611,1.0,0.0,13.750000000000002,96,91,0.04248869915803274,0.021509212999356386,nominal,96,7,8042,0.6
Constitutional,all_constraints,0.8901098901098901,0.31448545101657555,0.9560439560439561,0.2061330698622676,7.40740740740742,96,91,0.04248869915803274,0.021509212999356386,nominal,96,7,8042,0.6
Infection,all_constraints,0.9010989010989011,0.3001830943106058,1.0,0.0,10.97560975609756,96,91,0.04248869915803274,0.021509212999356386,nominal,96,7,8042,0.6
Gastrointestinal,all_constraints,0.8901098901098901,0.31448545101657555,1.0,0.0,12.345679012345686,96,91,0.04248869915803274,0.021509212999356386,nominal,96,7,8042,0.6
Overall_Survival,all_constraints,10.715006415107574,1.7873701649048257,11.893092099447658,1.0719454869626732,10.994726822366134,96,91,0.04248869915803274,0.021509212999356386,nominal,96,7,8042,0.6
all_constraints,all_constraints,0.7362637362637363,0.4430993075338713,0.9560439560439561,0.2061330698622676,29.850746268656714,96,91,0.04248869915803274,0.021509212999356386,nominal,96,7,8042,0.6
Any_DLT,dlt_only,0.8617021276595744,0.3470633740209737,1.0,0.0,16.049382716049386,96,94,0.010400717457135519,0.0007157146591788621,robust_reg,96,7,8042,0.6
Blood,dlt_only,0.8723404255319149,0.3354997092507591,1.0,0.0,14.63414634146341,96,94,0.010400717457135519,0.0007157146591788621,robust_reg,96,7,8042,0.6
Constitutional,dlt_only,0.8829787234042553,0.32316921825641187,0.9361702127659575,0.24576020475855118,6.024096385542172,96,94,0.010400717457135519,0.0007157146591788621,robust_reg,96,7,8042,0.6
Infection,dlt_only,0.8723404255319149,0.3354997092507591,1.0,0.0,14.63414634146341,96,94,0.010400717457135519,0.0007157146591788621,robust_reg,96,7,8042,0.6
Gastrointestinal,dlt_only,0.8723404255319149,0.3354997092507591,1.0,0.0,14.63414634146341,96,94,0.010400717457135519,0.0007157146591788621,robust_reg,96,7,8042,0.6
Overall_Survival,dlt_only,10.681233770447589,1.7940106391980075,11.975312218416216,0.9753195913833275,12.115439805736965,96,94,0.010400717457135519,0.0007157146591788621,robust_reg,96,7,8042,0.6
all_constraints,dlt_only,0.7127659574468085,0.45489784805160016,0.9361702127659575,0.24576020475855118,31.343283582089562,96,94,0.010400717457135519,0.0007157146591788621,robust_reg,96,7,8042,0.6
Any_DLT,all_constraints,0.8901098901098901,0.31448545101657555,1.0,0.0,12.345679012345686,96,91,0.043063523868719734,0.025970324514663447,robust_reg,94,7,8042,0.6
Blood,all_constraints,0.8791208791208791,0.3277927812629611,1.0,0.0,13.750000000000002,96,91,0.043063523868719734,0.025970324514663447,robust_reg,94,7,8042,0.6
Constitutional,all_constraints,0.8901098901098901,0.31448545101657555,0.967032967032967,0.17953950048508055,8.641975308641983,96,91,0.043063523868719734,0.025970324514663447,robust_reg,94,7,8042,0.6
Infection,all_constraints,0.9010989010989011,0.3001830943106058,1.0,0.0,10.97560975609756,96,91,0.043063523868719734,0.025970324514663447,robust_reg,94,7,8042,0.6
Gastrointestinal,all_constraints,0.8901098901098901,0.31448545101657555,1.0,0.0,12.345679012345686,96,91,0.043063523868719734,0.025970324514663447,robust_reg,94,7,8042,0.6
Overall_Survival,all_constraints,10.715006415107574,1.7873701649048257,11.873217850235463,1.1620967569503702,10.809246306141954,96,91,0.043063523868719734,0.025970324514663447,robust_reg,94,7,8042,0.6
all_constraints,all_constraints,0.7362637362637363,0.4430993075338713,0.967032967032967,0.17953950048508055,31.343283582089544,96,91,0.043063523868719734,0.025970324514663447,robust_reg,94,7,8042,0.6
Any_DLT,dlt_only,0.8617021276595744,0.3470633740209737,0.851063829787234,0.3579345410363401,-1.2345679012345634,96,94,0.06824555496374766,0.10701312297505397,cp,94,7,8042,0.6
Blood,dlt_only,0.8723404255319149,0.3354997092507591,0.6702127659574468,0.47265659343666083,-23.170731707317074,96,94,0.06824555496374766,0.10701312297505397,cp,94,7,8042,0.6
Constitutional,dlt_only,0.8829787234042553,0.32316921825641187,0.9468085106382979,0.2256184464259304,7.2289156626506,96,94,0.06824555496374766,0.10701312297505397,cp,94,7,8042,0.6
Infection,dlt_only,0.8723404255319149,0.3354997092507591,0.7978723404255319,0.4037402346511726,-8.536585365853664,96,94,0.06824555496374766,0.10701312297505397,cp,94,7,8042,0.6
Gastrointestinal,dlt_only,0.8723404255319149,0.3354997092507591,0.9893617021276596,0.10314212462587934,13.414634146341463,96,94,0.06824555496374766,0.10701312297505397,cp,94,7,8042,0.6
Overall_Survival,dlt_only,10.681233770447589,1.7940106391980075,11.32752406383505,1.5097410557906712,6.0507082540931805,96,94,0.06824555496374766,0.10701312297505397,cp,94,7,8042,0.6
all_constraints,dlt_only,0.7127659574468085,0.45489784805160016,0.6170212765957447,0.4887197006250085,-13.43283582089552,96,94,0.06824555496374766,0.10701312297505397,cp,94,7,8042,0.6
Any_DLT,all_constraints,0.8901098901098901,0.31448545101657555,1.0,0.0,12.345679012345686,96,91,0.49259746819734573,0.932337123190605,cp,92,7,8042,0.6
Blood,all_constraints,0.8791208791208791,0.3277927812629611,1.0,0.0,13.750000000000002,96,91,0.49259746819734573,0.932337123190605,cp,92,7,8042,0.6
Constitutional,all_constraints,0.8901098901098901,0.31448545101657555,0.978021978021978,0.14742395237484895,9.876543209876546,96,91,0.49259746819734573,0.932337123190605,cp,92,7,8042,0.6
Infection,all_constraints,0.9010989010989011,0.3001830943106058,1.0,0.0,10.97560975609756,96,91,0.49259746819734573,0.932337123190605,cp,92,7,8042,0.6
Gastrointestinal,all_constraints,0.8901098901098901,0.31448545101657555,1.0,0.0,12.345679012345686,96,91,0.49259746819734573,0.932337123190605,cp,92,7,8042,0.6
Overall_Survival,all_constraints,10.715006415107574,1.7873701649048257,11.629707366426018,1.2358379152705241,8.536634658741463,96,91,0.49259746819734573,0.932337123190605,cp,92,7,8042,0.6
all_constraints,all_constraints,0.7362637362637363,0.4430993075338713,0.978021978021978,0.14742395237484895,32.835820895522374,96,91,0.49259746819734573,0.932337123190605,cp,92,7,8042,0.6
Any_DLT,dlt_only,0.8541666666666666,0.35479176002615415,0.9895833333333334,0.10206207261596574,15.853658536585376,96,96,0.00910994658867518,0.002541583098430583,nominal,96,8,9042,0.6
Blood,dlt_only,0.875,0.33245498310218435,0.9895833333333334,0.10206207261596574,13.0952380952381,96,96,0.00910994658867518,0.002541583098430583,nominal,96,8,9042,0.6
Constitutional,dlt_only,0.8645833333333334,0.34396424742808945,0.9583333333333334,0.20087527770480484,10.843373493975903,96,96,0.00910994658867518,0.002541583098430583,nominal,96,8,9042,0.6
Infection,dlt_only,0.8645833333333334,0.34396424742808945,0.9895833333333334,0.10206207261596574,14.457831325301203,96,96,0.00910994658867518,0.002541583098430583,nominal,96,8,9042,0.6
Gastrointestinal,dlt_only,0.8645833333333334,0.3439642474280894,1.0,0.0,15.662650602409633,96,96,0.00910994658867518,0.002541583098430583,nominal,96,8,9042,0.6
Overall_Survival,dlt_only,10.690597206168823,1.779425762099106,11.941119771643661,0.9691211587118165,11.697406060283015,96,96,0.00910994658867518,0.002541583098430583,nominal,96,8,9042,0.6
all_constraints,dlt_only,0.6979166666666666,0.4615714956689105,0.9583333333333334,0.20087527770480484,37.31343283582091,96,96,0.00910994658867518,0.002541583098430583,nominal,96,8,9042,0.6
Any_DLT,all_constraints,0.8953488372093024,0.30789875216841534,1.0,0.0,11.688311688311686,96,86,0.04502566407124201,0.0624084028722053,nominal,89,8,9042,0.6
Blood,all_constraints,0.8953488372093024,0.3078987521684154,1.0,0.0,11.688311688311686,96,86,0.04502566407124201,0.0624084028722053,nominal,89,8,9042,0.6
Constitutional,all_constraints,0.9186046511627907,0.2750450777629762,0.9883720930232558,0.10783277320343843,7.594936708860762,96,86,0.04502566407124201,0.0624084028722053,nominal,89,8,9042,0.6
Infection,all_constraints,0.9186046511627907,0.27504507776297615,1.0,0.0,8.86075949367089,96,86,0.04502566407124201,0.0624084028722053,nominal,89,8,9042,0.6
Gastrointestinal,all_constraints,0.8837209302325582,0.32243940246603525,0.9883720930232558,0.10783277320343843,11.842105263157892,96,86,0.04502566407124201,0.0624084028722053,nominal,89,8,9042,0.6
Overall_Survival,all_constraints,10.824497792672501,1.7668110649912439,11.892242861927572,1.0657797869071994,9.864153420381934,96,86,0.04502566407124201,0.0624084028722053,nominal,89,8,9042,0.6
all_constraints,all_constraints,0.7674418604651163,0.42494064927182096,0.9767441860465116,0.15159886590034527,27.272727272727266,96,86,0.04502566407124201,0.0624084028722053,nominal,89,8,9042,0.6
Any_DLT,dlt_only,0.8541666666666666,0.35479176002615415,0.9895833333333334,0.10206207261596574,15.853658536585376,96,96,0.013657428324222565,0.004851952130229187,robust_reg,96,8,9042,0.6
Blood,dlt_only,0.875,0.33245498310218435,0.9895833333333334,0.10206207261596574,13.0952380952381,96,96,0.013657428324222565,0.004851952130229187,robust_reg,96,8,9042,0.6
Constitutional,dlt_only,0.8645833333333334,0.34396424742808945,0.9583333333333334,0.20087527770480484,10.843373493975903,96,96,0.013657428324222565,0.004851952130229187,robust_reg,96,8,9042,0.6
Infection,dlt_only,0.8645833333333334,0.34396424742808945,0.9895833333333334,0.10206207261596574,14.457831325301203,96,96,0.013657428324222565,0.004851952130229187,robust_reg,96,8,9042,0.6
Gastrointestinal,dlt_only,0.8645833333333334,0.3439642474280894,1.0,0.0,15.662650602409633,96,96,0.013657428324222565,0.004851952130229187,robust_reg,96,8,9042,0.6
Overall_Survival,dlt_only,10.690597206168823,1.779425762099106,11.944062851279233,0.9756199967164106,11.724935669516379,96,96,0.013657428324222565,0.004851952130229187,robust_reg,96,8,9042,0.6
all_constraints,dlt_only,0.6979166666666666,0.4615714956689105,0.9583333333333334,0.20087527770480484,37.31343283582091,96,96,0.013657428324222565,0.004851952130229187,robust_reg,96,8,9042,0.6
Any_DLT,all_constraints,0.8953488372093024,0.30789875216841534,1.0,0.0,11.688311688311686,96,86,0.045016393065452576,0.025502267967798222,robust_reg,93,8,9042,0.6
Blood,all_constraints,0.8953488372093024,0.3078987521684154,1.0,0.0,11.688311688311686,96,86,0.045016393065452576,0.025502267967798222,robust_reg,93,8,9042,0.6
Constitutional,all_constraints,0.9186046511627907,0.2750450777629762,0.9767441860465116,0.15159886590034527,6.329113924050633,96,86,0.045016393065452576,0.025502267967798222,robust_reg,93,8,9042,0.6
Infection,all_constraints,0.9186046511627907,0.27504507776297615,1.0,0.0,8.86075949367089,96,86,0.045016393065452576,0.025502267967798222,robust_reg,93,8,9042,0.6
Gastrointestinal,all_constraints,0.8837209302325582,0.32243940246603525,0.9767441860465116,0.15159886590034527,10.526315789473678,96,86,0.045016393065452576,0.025502267967798222,robust_reg,93,8,9042,0.6
Overall_Survival,all_constraints,10.824497792672501,1.7668110649912439,11.935014567859456,1.0348532312244683,10.259291437416197,96,86,0.045016393065452576,0.025502267967798222,robust_reg,93,8,9042,0.6
all_constraints,all_constraints,0.7674418604651163,0.42494064927182096,0.9534883720930233,0.2118254966704237,24.242424242424242,96,86,0.045016393065452576,0.025502267967798222,robust_reg,93,8,9042,0.6
Any_DLT,dlt_only,0.8541666666666666,0.35479176002615415,0.9895833333333334,0.10206207261596574,15.853658536585376,96,96,0.033108023305734,0.055515256655277345,cp,96,8,9042,0.6
Blood,dlt_only,0.875,0.33245498310218435,0.9791666666666666,0.143575886163796,11.9047619047619,96,96,0.033108023305734,0.055515256655277345,cp,96,8,9042,0.6
Constitutional,dlt_only,0.8645833333333334,0.34396424742808945,0.9583333333333334,0.20087527770480484,10.843373493975903,96,96,0.033108023305734,0.055515256655277345,cp,96,8,9042,0.6
Infection,dlt_only,0.8645833333333334,0.34396424742808945,0.9895833333333334,0.10206207261596574,14.457831325301203,96,96,0.033108023305734,0.055515256655277345,cp,96,8,9042,0.6
Gastrointestinal,dlt_only,0.8645833333333334,0.3439642474280894,1.0,0.0,15.662650602409633,96,96,0.033108023305734,0.055515256655277345,cp,96,8,9042,0.6
Overall_Survival,dlt_only,10.690597206168823,1.779425762099106,11.466609091331755,1.091945607280686,7.258826333061615,96,96,0.033108023305734,0.055515256655277345,cp,96,8,9042,0.6
all_constraints,dlt_only,0.6979166666666666,0.4615714956689105,0.9479166666666666,0.22336148028967082,35.820895522388064,96,96,0.033108023305734,0.055515256655277345,cp,96,8,9042,0.6
Any_DLT,all_constraints,0.8953488372093024,0.30789875216841534,0.872093023255814,0.33594508052243144,-2.597402597402602,96,86,0.0744048481186231,0.08991021768269801,cp,89,8,9042,0.6
Blood,all_constraints,0.8953488372093024,0.3078987521684154,0.8604651162790697,0.34853612177301596,-3.8961038961039027,96,86,0.0744048481186231,0.08991021768269801,cp,89,8,9042,0.6
Constitutional,all_constraints,0.9186046511627907,0.2750450777629762,0.9883720930232558,0.10783277320343843,7.594936708860762,96,86,0.0744048481186231,0.08991021768269801,cp,89,8,9042,0.6
Infection,all_constraints,0.9186046511627907,0.27504507776297615,0.8837209302325582,0.32243940246603525,-3.7974683544303747,96,86,0.0744048481186231,0.08991021768269801,cp,89,8,9042,0.6
Gastrointestinal,all_constraints,0.8837209302325582,0.32243940246603525,0.9302325581395349,0.25624885305538925,5.263157894736839,96,86,0.0744048481186231,0.08991021768269801,cp,89,8,9042,0.6
Overall_Survival,all_constraints,10.824497792672501,1.7668110649912439,11.400799705002166,1.3346038469919392,5.3240521950107,96,86,0.0744048481186231,0.08991021768269801,cp,89,8,9042,0.6
all_constraints,all_constraints,0.7674418604651163,0.42494064927182096,0.8255813953488372,0.3816946875099576,7.575757575757575,96,86,0.0744048481186231,0.08991021768269801,cp,89,8,9042,0.6
Any_DLT,dlt_only,0.8541666666666666,0.35479176002615415,1.0,0.0,17.07317073170732,96,96,0.013845140735308329,0.0023160716780686636,nominal,96,9,10042,0.6
Blood,dlt_only,0.875,0.33245498310218435,1.0,0.0,14.285714285714286,96,96,0.013845140735308329,0.0023160716780686636,nominal,96,9,10042,0.6
Constitutional,dlt_only,0.8645833333333334,0.34396424742808945,0.9375,0.2433321316961438,8.43373493975903,96,96,0.013845140735308329,0.0023160716780686636,nominal,96,9,10042,0.6
Infection,dlt_only,0.8645833333333334,0.34396424742808945,1.0,0.0,15.662650602409633,96,96,0.013845140735308329,0.0023160716780686636,nominal,96,9,10042,0.6
Gastrointestinal,dlt_only,0.8645833333333334,0.3439642474280894,1.0,0.0,15.662650602409633,96,96,0.013845140735308329,0.0023160716780686636,nominal,96,9,10042,0.6
Overall_Survival,dlt_only,10.690597206168823,1.779425762099106,11.958778740473884,0.9689607835223852,11.86258830866136,96,96,0.013845140735308329,0.0023160716780686636,nominal,96,9,10042,0.6
all_constraints,dlt_only,0.6979166666666666,0.4615714956689105,0.9375,0.2433321316961438,34.32835820895523,96,96,0.013845140735308329,0.0023160716780686636,nominal,96,9,10042,0.6
Any_DLT,all_constraints,0.851063829787234,0.3579345410363401,1.0,0.0,17.5,96,94,0.05503475914398829,0.04818214087884671,nominal,96,9,10042,0.6
Blood,all_constraints,0.8723404255319149,0.3354997092507591,1.0,0.0,14.63414634146341,96,94,0.05503475914398829,0.04818214087884671,nominal,96,9,10042,0.6
Constitutional,all_constraints,0.8723404255319149,0.3354997092507591,0.9361702127659575,0.24576020475855118,7.317073170731705,96,94,0.05503475914398829,0.04818214087884671,nominal,96,9,10042,0.6
Infection,all_constraints,0.8617021276595744,0.3470633740209737,1.0,0.0,16.049382716049386,96,94,0.05503475914398829,0.04818214087884671,nominal,96,9,10042,0.6
Gastrointestinal,all_constraints,0.8617021276595744,0.3470633740209737,1.0,0.0,16.049382716049386,96,94,0.05503475914398829,0.04818214087884671,nominal,96,9,10042,0.6
Overall_Survival,all_constraints,10.710532699901927,1.7930739213017046,11.922426385255195,0.9916660693023195,11.314971153249589,96,94,0.05503475914398829,0.04818214087884671,nominal,96,9,10042,0.6
all_constraints,all_constraints,0.7021276595744681,0.45977524275495457,0.9361702127659575,0.24576020475855118,33.333333333333336,96,94,0.05503475914398829,0.04818214087884671,nominal,96,9,10042,0.6
Any_DLT,dlt_only,0.8541666666666666,0.35479176002615415,1.0,0.0,17.07317073170732,96,96,0.014734414716561636,0.0037803380034964404,robust_reg,96,9,10042,0.6
Blood,dlt_only,0.875,0.33245498310218435,1.0,0.0,14.285714285714286,96,96,0.014734414716561636,0.0037803380034964404,robust_reg,96,9,10042,0.6
Constitutional,dlt_only,0.8645833333333334,0.34396424742808945,0.96875,0.17490598978639324,12.048192771084333,96,96,0.014734414716561636,0.0037803380034964404,robust_reg,96,9,10042,0.6
Infection,dlt_only,0.8645833333333334,0.34396424742808945,1.0,0.0,15.662650602409633,96,96,0.014734414716561636,0.0037803380034964404,robust_reg,96,9,10042,0.6
Gastrointestinal,dlt_only,0.8645833333333334,0.3439642474280894,1.0,0.0,15.662650602409633,96,96,0.014734414716561636,0.0037803380034964404,robust_reg,96,9,10042,0.6
Overall_Survival,dlt_only,10.690597206168823,1.779425762099106,11.957702342996283,0.966213762047208,11.852519671177017,96,96,0.014734414716561636,0.0037803380034964404,robust_reg,96,9,10042,0.6
all_constraints,dlt_only,0.6979166666666666,0.4615714956689105,0.96875,0.17490598978639324,38.80597014925374,96,96,0.014734414716561636,0.0037803380034964404,robust_reg,96,9,10042,0.6
Any_DLT,all_constraints,0.851063829787234,0.3579345410363401,1.0,0.0,17.5,96,94,0.06236867358287176,0.09506009906450347,robust_reg,96,9,10042,0.6
Blood,all_constraints,0.8723404255319149,0.3354997092507591,1.0,0.0,14.63414634146341,96,94,0.06236867358287176,0.09506009906450347,robust_reg,96,9,10042,0.6
Constitutional,all_constraints,0.8723404255319149,0.3354997092507591,0.9574468085106383,0.20292981026189993,9.756097560975611,96,94,0.06236867358287176,0.09506009906450347,robust_reg,96,9,10042,0.6
Infection,all_constraints,0.8617021276595744,0.3470633740209737,1.0,0.0,16.049382716049386,96,94,0.06236867358287176,0.09506009906450347,robust_reg,96,9,10042,0.6
Gastrointestinal,all_constraints,0.8617021276595744,0.3470633740209737,1.0,0.0,16.049382716049386,96,94,0.06236867358287176,0.09506009906450347,robust_reg,96,9,10042,0.6
Overall_Survival,all_constraints,10.710532699901927,1.7930739213017046,11.92178836244738,0.9833907155183605,11.309014187095883,96,94,0.06236867358287176,0.09506009906450347,robust_reg,96,9,10042,0.6
all_constraints,all_constraints,0.7021276595744681,0.45977524275495457,0.9574468085106383,0.20292981026189993,36.36363636363637,96,94,0.06236867358287176,0.09506009906450347,robust_reg,96,9,10042,0.6
Any_DLT,dlt_only,0.8541666666666666,0.35479176002615415,1.0,0.0,17.07317073170732,96,96,0.02959185590346654,0.05905368521974981,cp,96,9,10042,0.6
Blood,dlt_only,0.875,0.33245498310218435,1.0,0.0,14.285714285714286,96,96,0.02959185590346654,0.05905368521974981,cp,96,9,10042,0.6
Constitutional,dlt_only,0.8645833333333334,0.34396424742808945,0.9583333333333334,0.20087527770480484,10.843373493975903,96,96,0.02959185590346654,0.05905368521974981,cp,96,9,10042,0.6
Infection,dlt_only,0.8645833333333334,0.34396424742808945,1.0,0.0,15.662650602409633,96,96,0.02959185590346654,0.05905368521974981,cp,96,9,10042,0.6
Gastrointestinal,dlt_only,0.8645833333333334,0.3439642474280894,1.0,0.0,15.662650602409633,96,96,0.02959185590346654,0.05905368521974981,cp,96,9,10042,0.6
Overall_Survival,dlt_only,10.690597206168823,1.779425762099106,11.734832739228418,1.2006779025559877,9.767794192611028,96,96,0.02959185590346654,0.05905368521974981,cp,96,9,10042,0.6
all_constraints,dlt_only,0.6979166666666666,0.4615714956689105,0.9583333333333334,0.20087527770480484,37.31343283582091,96,96,0.02959185590346654,0.05905368521974981,cp,96,9,10042,0.6
Any_DLT,all_constraints,0.851063829787234,0.3579345410363401,0.9787234042553191,0.14507865158346242,14.999999999999995,96,94,0.11032130817572276,0.1344686193825644,cp,94,9,10042,0.6
Blood,all_constraints,0.8723404255319149,0.3354997092507591,0.9468085106382979,0.2256184464259304,8.53658536585365,96,94,0.11032130817572276,0.1344686193825644,cp,94,9,10042,0.6
Constitutional,all_constraints,0.8723404255319149,0.3354997092507591,0.9468085106382979,0.22561844642593043,8.53658536585365,96,94,0.11032130817572276,0.1344686193825644,cp,94,9,10042,0.6
Infection,all_constraints,0.8617021276595744,0.3470633740209737,0.9787234042553191,0.14507865158346242,13.580246913580249,96,94,0.11032130817572276,0.1344686193825644,cp,94,9,10042,0.6
Gastrointestinal,all_constraints,0.8617021276595744,0.3470633740209737,1.0,0.0,16.049382716049386,96,94,0.11032130817572276,0.1344686193825644,cp,94,9,10042,0.6
Overall_Survival,all_constraints,10.710532699901927,1.7930739213017046,11.438950691018283,1.1314720532171236,6.80095016303928,96,94,0.11032130817572276,0.1344686193825644,cp,94,9,10042,0.6
all_constraints,all_constraints,0.7021276595744681,0.45977524275495457,0.8936170212765957,0.3099804054293941,27.272727272727263,96,94,0.11032130817572276,0.1344686193825644,cp,94,9,10042,0.6
Any_DLT,dlt_only,0.8541666666666666,0.35479176002615415,0.9270833333333334,0.26136450315368365,8.536585365853668,96,96,0.030031350751717884,0.03528840030091036,nominal,96,10,11042,0.6
Blood,dlt_only,0.875,0.33245498310218435,0.71875,0.45196937483581084,-17.857142857142858,96,96,0.030031350751717884,0.03528840030091036,nominal,96,10,11042,0.6
Constitutional,dlt_only,0.8645833333333334,0.34396424742808945,0.8958333333333334,0.3070801941090227,3.614457831325301,96,96,0.030031350751717884,0.03528840030091036,nominal,96,10,11042,0.6
Infection,dlt_only,0.8645833333333334,0.34396424742808945,0.8125,0.3923612728354477,-6.024096385542173,96,96,0.030031350751717884,0.03528840030091036,nominal,96,10,11042,0.6
Gastrointestinal,dlt_only,0.8645833333333334,0.3439642474280894,1.0,0.0,15.662650602409633,96,96,0.030031350751717884,0.03528840030091036,nominal,96,10,11042,0.6
Overall_Survival,dlt_only,10.690597206168823,1.779425762099106,12.14899309749714,0.967243725823382,13.641856139587555,96,96,0.030031350751717884,0.03528840030091036,nominal,96,10,11042,0.6
all_constraints,dlt_only,0.6979166666666666,0.4615714956689105,0.6770833333333334,0.47004572379305865,-2.985074626865661,96,96,0.030031350751717884,0.03528840030091036,nominal,96,10,11042,0.6
Any_DLT,all_constraints,0.8631578947368421,0.34550383548659225,1.0,0.0,15.853658536585364,96,95,0.0810801088809967,0.06691034894601115,nominal,96,10,11042,0.6
Blood,all_constraints,0.8842105263157894,0.3216697756533383,0.9157894736842105,0.27917652063748477,3.5714285714285703,96,95,0.0810801088809967,0.06691034894601115,nominal,96,10,11042,0.6
Constitutional,all_constraints,0.8631578947368421,0.34550383548659225,0.9789473684210527,0.1443214031708876,13.414634146341466,96,95,0.0810801088809967,0.06691034894601115,nominal,96,10,11042,0.6
Infection,all_constraints,0.8736842105263158,0.333967295607331,0.968421052631579,0.17580402404729137,10.843373493975898,96,95,0.0810801088809967,0.06691034894601115,nominal,96,10,11042,0.6
Gastrointestinal,all_constraints,0.8631578947368421,0.34550383548659225,1.0,0.0,15.853658536585364,96,95,0.0810801088809967,0.06691034894601115,nominal,96,10,11042,0.6
Overall_Survival,all_constraints,10.69711285405452,1.787714119363318,11.846761377445558,1.1864216661014282,10.747278626263043,96,95,0.0810801088809967,0.06691034894601115,nominal,96,10,11042,0.6
all_constraints,all_constraints,0.7052631578947368,0.4583430892442982,0.9052631578947369,0.2944047080786205,28.35820895522389,96,95,0.0810801088809967,0.06691034894601115,nominal,96,10,11042,0.6
Any_DLT,dlt_only,0.8541666666666666,0.35479176002615415,1.0,0.0,17.07317073170732,96,96,0.010656702021757761,0.0007523233968617112,robust_reg,96,10,11042,0.6
Blood,dlt_only,0.875,0.33245498310218435,1.0,0.0,14.285714285714286,96,96,0.010656702021757761,0.0007523233968617112,robust_reg,96,10,11042,0.6
Constitutional,dlt_only,0.8645833333333334,0.34396424742808945,0.9166666666666666,0.27783625115549687,6.02409638554216,96,96,0.010656702021757761,0.0007523233968617112,robust_reg,96,10,11042,0.6
Infection,dlt_only,0.8645833333333334,0.34396424742808945,1.0,0.0,15.662650602409633,96,96,0.010656702021757761,0.0007523233968617112,robust_reg,96,10,11042,0.6
Gastrointestinal,dlt_only,0.8645833333333334,0.3439642474280894,1.0,0.0,15.662650602409633,96,96,0.010656702021757761,0.0007523233968617112,robust_reg,96,10,11042,0.6
Overall_Survival,dlt_only,10.690597206168823,1.779425762099106,11.992224108393252,0.9740353829262507,12.175436761131996,96,96,0.010656702021757761,0.0007523233968617112,robust_reg,96,10,11042,0.6
all_constraints,dlt_only,0.6979166666666666,0.4615714956689105,0.9166666666666666,0.27783625115549687,31.343283582089555,96,96,0.010656702021757761,0.0007523233968617112,robust_reg,96,10,11042,0.6
Any_DLT,all_constraints,0.8631578947368421,0.34550383548659225,1.0,0.0,15.853658536585364,96,95,0.07863148301839828,0.06574581753613072,robust_reg,96,10,11042,0.6
Blood,all_constraints,0.8842105263157894,0.3216697756533383,0.9157894736842105,0.27917652063748477,3.5714285714285703,96,95,0.07863148301839828,0.06574581753613072,robust_reg,96,10,11042,0.6
Constitutional,all_constraints,0.8631578947368421,0.34550383548659225,0.9789473684210527,0.1443214031708876,13.414634146341466,96,95,0.07863148301839828,0.06574581753613072,robust_reg,96,10,11042,0.6
Infection,all_constraints,0.8736842105263158,0.333967295607331,0.968421052631579,0.17580402404729137,10.843373493975898,96,95,0.07863148301839828,0.06574581753613072,robust_reg,96,10,11042,0.6
Gastrointestinal,all_constraints,0.8631578947368421,0.34550383548659225,1.0,0.0,15.853658536585364,96,95,0.07863148301839828,0.06574581753613072,robust_reg,96,10,11042,0.6
Overall_Survival,all_constraints,10.69711285405452,1.787714119363318,11.846761377445558,1.1864216661014282,10.747278626263043,96,95,0.07863148301839828,0.06574581753613072,robust_reg,96,10,11042,0.6
all_constraints,all_constraints,0.7052631578947368,0.4583430892442982,0.9052631578947369,0.2944047080786205,28.35820895522389,96,95,0.07863148301839828,0.06574581753613072,robust_reg,96,10,11042,0.6
Any_DLT,dlt_only,0.8541666666666666,0.35479176002615415,0.8854166666666666,0.320190458671962,3.658536585365854,96,96,0.037563291688760124,0.045517187910088894,cp,96,10,11042,0.6
Blood,dlt_only,0.875,0.33245498310218435,0.65625,0.4774521193960599,-25.0,96,96,0.037563291688760124,0.045517187910088894,cp,96,10,11042,0.6
Constitutional,dlt_only,0.8645833333333334,0.34396424742808945,0.9166666666666666,0.27783625115549687,6.02409638554216,96,96,0.037563291688760124,0.045517187910088894,cp,96,10,11042,0.6
Infection,dlt_only,0.8645833333333334,0.34396424742808945,0.8125,0.3923612728354477,-6.024096385542173,96,96,0.037563291688760124,0.045517187910088894,cp,96,10,11042,0.6
Gastrointestinal,dlt_only,0.8645833333333334,0.3439642474280894,0.9583333333333334,0.20087527770480484,10.843373493975903,96,96,0.037563291688760124,0.045517187910088894,cp,96,10,11042,0.6
Overall_Survival,dlt_only,10.690597206168823,1.779425762099106,11.958570326330635,1.4752336278976417,11.860638799768367,96,96,0.037563291688760124,0.045517187910088894,cp,96,10,11042,0.6
all_constraints,dlt_only,0.6979166666666666,0.4615714956689105,0.5520833333333334,0.4998903388516255,-20.89552238805969,96,96,0.037563291688760124,0.045517187910088894,cp,96,10,11042,0.6
Any_DLT,all_constraints,0.8631578947368421,0.34550383548659225,0.9263157894736842,0.2626422720087394,7.317073170731704,96,95,0.1473935345808665,0.16516220321688116,cp,95,10,11042,0.6
Blood,all_constraints,0.8842105263157894,0.3216697756533383,0.9157894736842105,0.27917652063748477,3.5714285714285703,96,95,0.1473935345808665,0.16516220321688116,cp,95,10,11042,0.6
Constitutional,all_constraints,0.8631578947368421,0.34550383548659225,0.9157894736842105,0.27917652063748477,6.097560975609749,96,95,0.1473935345808665,0.16516220321688116,cp,95,10,11042,0.6
Infection,all_constraints,0.8736842105263158,0.333967295607331,0.9263157894736842,0.26264227200873946,6.024096385542162,96,95,0.1473935345808665,0.16516220321688116,cp,95,10,11042,0.6
Gastrointestinal,all_constraints,0.8631578947368421,0.34550383548659225,0.9157894736842105,0.27917652063748477,6.097560975609749,96,95,0.1473935345808665,0.16516220321688116,cp,95,10,11042,0.6
Overall_Survival,all_constraints,10.69711285405452,1.787714119363318,10.481198162497748,1.2443785351223702,-2.018438942381864,96,95,0.1473935345808665,0.16516220321688116,cp,95,10,11042,0.6
all_constraints,all_constraints,0.7052631578947368,0.4583430892442982,0.7894736842105263,0.4098452443302374,11.940298507462694,96,95,0.1473935345808665,0.16516220321688116,cp,95,10,11042,0.6
Any_DLT,dlt_only,0.8541666666666666,0.35479176002615415,1.0,0.0,17.07317073170732,96,96,0.013827182352542877,0.003746702044881862,nominal,96,11,12042,0.6
Blood,dlt_only,0.875,0.33245498310218435,1.0,0.0,14.285714285714286,96,96,0.013827182352542877,0.003746702044881862,nominal,96,11,12042,0.6
Constitutional,dlt_only,0.8645833333333334,0.34396424742808945,0.9166666666666666,0.27783625115549687,6.02409638554216,96,96,0.013827182352542877,0.003746702044881862,nominal,96,11,12042,0.6
Infection,dlt_only,0.8645833333333334,0.34396424742808945,1.0,0.0,15.662650602409633,96,96,0.013827182352542877,0.003746702044881862,nominal,96,11,12042,0.6
Gastrointestinal,dlt_only,0.8645833333333334,0.3439642474280894,1.0,0.0,15.662650602409633,96,96,0.013827182352542877,0.003746702044881862,nominal,96,11,12042,0.6
Overall_Survival,dlt_only,10.690597206168823,1.779425762099106,11.988290838663483,0.9770573823814721,12.13864489951832,96,96,0.013827182352542877,0.003746702044881862,nominal,96,11,12042,0.6
all_constraints,dlt_only,0.6979166666666666,0.4615714956689105,0.9166666666666666,0.27783625115549687,31.343283582089555,96,96,0.013827182352542877,0.003746702044881862,nominal,96,11,12042,0.6
Any_DLT,all_constraints,0.851063829787234,0.3579345410363401,1.0,0.0,17.5,96,94,0.0554873322447141,0.017330454632102567,nominal,96,11,12042,0.6
Blood,all_constraints,0.8829787234042553,0.32316921825641187,1.0,0.0,13.253012048192772,96,94,0.0554873322447141,0.017330454632102567,nominal,96,11,12042,0.6
Constitutional,all_constraints,0.8723404255319149,0.3354997092507591,0.925531914893617,0.2639388044961832,6.0975609756097455,96,94,0.0554873322447141,0.017330454632102567,nominal,96,11,12042,0.6
Infection,all_constraints,0.8723404255319149,0.3354997092507591,1.0,0.0,14.63414634146341,96,94,0.0554873322447141,0.017330454632102567,nominal,96,11,12042,0.6
Gastrointestinal,all_constraints,0.8617021276595744,0.34706337402097365,1.0,0.0,16.049382716049386,96,94,0.0554873322447141,0.017330454632102567,nominal,96,11,12042,0.6
Overall_Survival,all_constraints,10.713492888418589,1.7911695913327994,11.933837605551842,1.0705921354038577,11.390726907117845,96,94,0.0554873322447141,0.017330454632102567,nominal,96,11,12042,0.6
all_constraints,all_constraints,0.7127659574468085,0.45489784805160016,0.925531914893617,0.2639388044961832,29.850746268656714,96,94,0.0554873322447141,0.017330454632102567,nominal,96,11,12042,0.6
Any_DLT,dlt_only,0.8541666666666666,0.35479176002615415,1.0,0.0,17.07317073170732,96,96,0.01478100816408793,0.002889072738185577,robust_reg,96,11,12042,0.6
Blood,dlt_only,0.875,0.33245498310218435,1.0,0.0,14.285714285714286,96,96,0.01478100816408793,0.002889072738185577,robust_reg,96,11,12042,0.6
Constitutional,dlt_only,0.8645833333333334,0.34396424742808945,0.9166666666666666,0.27783625115549687,6.02409638554216,96,96,0.01478100816408793,0.002889072738185577,robust_reg,96,11,12042,0.6
Infection,dlt_only,0.8645833333333334,0.34396424742808945,1.0,0.0,15.662650602409633,96,96,0.01478100816408793,0.002889072738185577,robust_reg,96,11,12042,0.6
Gastrointestinal,dlt_only,0.8645833333333334,0.3439642474280894,1.0,0.0,15.662650602409633,96,96,0.01478100816408793,0.002889072738185577,robust_reg,96,11,12042,0.6
Overall_Survival,dlt_only,10.690597206168823,1.779425762099106,11.986991858069729,0.978214010557915,12.126494216364677,96,96,0.01478100816408793,0.002889072738185577,robust_reg,96,11,12042,0.6
all_constraints,dlt_only,0.6979166666666666,0.4615714956689105,0.9166666666666666,0.27783625115549687,31.343283582089555,96,96,0.01478100816408793,0.002889072738185577,robust_reg,96,11,12042,0.6
Any_DLT,all_constraints,0.851063829787234,0.3579345410363401,1.0,0.0,17.5,96,94,0.08272623519102733,0.08975376725679948,robust_reg,96,11,12042,0.6
Blood,all_constraints,0.8829787234042553,0.32316921825641187,1.0,0.0,13.253012048192772,96,94,0.08272623519102733,0.08975376725679948,robust_reg,96,11,12042,0.6
Constitutional,all_constraints,0.8723404255319149,0.3354997092507591,0.9361702127659575,0.24576020475855118,7.317073170731705,96,94,0.08272623519102733,0.08975376725679948,robust_reg,96,11,12042,0.6
Infection,all_constraints,0.8723404255319149,0.3354997092507591,1.0,0.0,14.63414634146341,96,94,0.08272623519102733,0.08975376725679948,robust_reg,96,11,12042,0.6
Gastrointestinal,all_constraints,0.8617021276595744,0.34706337402097365,1.0,0.0,16.049382716049386,96,94,0.08272623519102733,0.08975376725679948,robust_reg,96,11,12042,0.6
Overall_Survival,all_constraints,10.713492888418589,1.7911695913327994,11.812456146388719,1.12553185991733,10.257749451237535,96,94,0.08272623519102733,0.08975376725679948,robust_reg,96,11,12042,0.6
all_constraints,all_constraints,0.7127659574468085,0.45489784805160016,0.9361702127659575,0.24576020475855118,31.343283582089562,96,94,0.08272623519102733,0.08975376725679948,robust_reg,96,11,12042,0.6
Any_DLT,dlt_only,0.8541666666666666,0.35479176002615415,0.9479166666666666,0.22336148028967082,10.975609756097562,96,96,0.051711698373158775,0.06548035860607108,cp,96,11,12042,0.6
Blood,dlt_only,0.875,0.33245498310218435,0.9479166666666666,0.22336148028967082,8.333333333333329,96,96,0.051711698373158775,0.06548035860607108,cp,96,11,12042,0.6
Constitutional,dlt_only,0.8645833333333334,0.34396424742808945,0.90625,0.2930106877878258,4.81927710843373,96,96,0.051711698373158775,0.06548035860607108,cp,96,11,12042,0.6
Infection,dlt_only,0.8645833333333334,0.34396424742808945,0.9583333333333334,0.20087527770480484,10.843373493975903,96,96,0.051711698373158775,0.06548035860607108,cp,96,11,12042,0.6
Gastrointestinal,dlt_only,0.8645833333333334,0.3439642474280894,0.9375,0.2433321316961438,8.43373493975903,96,96,0.051711698373158775,0.06548035860607108,cp,96,11,12042,0.6
Overall_Survival,dlt_only,10.690597206168823,1.779425762099106,11.305642998468194,1.2300050309858361,5.753147185682665,96,96,0.051711698373158775,0.06548035860607108,cp,96,11,12042,0.6
all_constraints,dlt_only,0.6979166666666666,0.4615714956689105,0.8541666666666666,0.3547917600261542,22.388059701492537,96,96,0.051711698373158775,0.06548035860607108,cp,96,11,12042,0.6
Any_DLT,all_constraints,0.851063829787234,0.3579345410363401,0.9574468085106383,0.2029298102618999,12.500000000000005,96,94,0.24412346382935843,0.7434567003409686,cp,94,11,12042,0.6
Blood,all_constraints,0.8829787234042553,0.32316921825641187,0.9574468085106383,0.2029298102618999,8.433734939759042,96,94,0.24412346382935843,0.7434567003409686,cp,94,11,12042,0.6
Constitutional,all_constraints,0.8723404255319149,0.3354997092507591,0.9148936170212766,0.2805361406225206,4.8780487804877986,96,94,0.24412346382935843,0.7434567003409686,cp,94,11,12042,0.6
Infection,all_constraints,0.8723404255319149,0.3354997092507591,0.9893617021276596,0.10314212462587934,13.414634146341463,96,94,0.24412346382935843,0.7434567003409686,cp,94,11,12042,0.6
Gastrointestinal,all_constraints,0.8617021276595744,0.34706337402097365,0.9042553191489362,0.2958184904168057,4.938271604938279,96,94,0.24412346382935843,0.7434567003409686,cp,94,11,12042,0.6
Overall_Survival,all_constraints,10.713492888418589,1.7911695913327994,11.288555061441619,1.209390927619243,5.367644138212651,96,94,0.24412346382935843,0.7434567003409686,cp,94,11,12042,0.6
all_constraints,all_constraints,0.7127659574468085,0.45489784805160016,0.8404255319148937,0.3681745579851539,17.91044776119404,96,94,0.24412346382935843,0.7434567003409686,cp,94,11,12042,0.6
Any_DLT,dlt_only,0.8541666666666666,0.35479176002615415,0.96875,0.17490598978639324,13.414634146341468,96,96,0.028504453599452972,0.04253267340641392,nominal,96,12,13042,0.6
Blood,dlt_only,0.875,0.33245498310218435,1.0,0.0,14.285714285714286,96,96,0.028504453599452972,0.04253267340641392,nominal,96,12,13042,0.6
Constitutional,dlt_only,0.8645833333333334,0.34396424742808945,0.8333333333333334,0.3746343246326776,-3.614457831325301,96,96,0.028504453599452972,0.04253267340641392,nominal,96,12,13042,0.6
Infection,dlt_only,0.8645833333333334,0.34396424742808945,1.0,0.0,15.662650602409633,96,96,0.028504453599452972,0.04253267340641392,nominal,96,12,13042,0.6
Gastrointestinal,dlt_only,0.8645833333333334,0.3439642474280894,0.9479166666666666,0.22336148028967082,9.63855421686746,96,96,0.028504453599452972,0.04253267340641392,nominal,96,12,13042,0.6
Overall_Survival,dlt_only,10.690597206168823,1.779425762099106,10.43059696454141,0.9698016133989112,-2.4320459990521797,96,96,0.028504453599452972,0.04253267340641392,nominal,96,12,13042,0.6
all_constraints,dlt_only,0.6979166666666666,0.4615714956689105,0.8229166666666666,0.3837431066870447,17.910447761194032,96,96,0.028504453599452972,0.04253267340641392,nominal,96,12,13042,0.6
Any_DLT,all_constraints,0.8777777777777778,0.3293772734489573,0.9555555555555556,0.20723493215097802,8.860759493670892,96,90,0.09102662652730942,0.04527401912486272,nominal,93,12,13042,0.6
Blood,all_constraints,0.9,0.3016806854192959,0.9888888888888889,0.10540925533894599,9.876543209876546,96,90,0.09102662652730942,0.04527401912486272,nominal,93,12,13042,0.6
Constitutional,all_constraints,0.8777777777777778,0.3293772734489573,0.9,0.3016806854192959,2.531645569620257,96,90,0.09102662652730942,0.04527401912486272,nominal,93,12,13042,0.6
Infection,all_constraints,0.8888888888888888,0.31603030875998483,0.9888888888888889,0.10540925533894599,11.25000000000001,96,90,0.09102662652730942,0.04527401912486272,nominal,93,12,13042,0.6
Gastrointestinal,all_constraints,0.8666666666666667,0.34183904485045247,0.9555555555555556,0.20723493215097802,10.256410256410259,96,90,0.09102662652730942,0.04527401912486272,nominal,93,12,13042,0.6
Overall_Survival,all_constraints,10.763858526266459,1.7680830242650976,10.51910723857329,0.9958721843499132,-2.273824828670078,96,90,0.09102662652730942,0.04527401912486272,nominal,93,12,13042,0.6
all_constraints,all_constraints,0.7333333333333333,0.4446940622369092,0.8888888888888888,0.31603030875998483,21.212121212121215,96,90,0.09102662652730942,0.04527401912486272,nominal,93,12,13042,0.6
Any_DLT,dlt_only,0.8541666666666666,0.35479176002615415,0.96875,0.17490598978639324,13.414634146341468,96,96,0.020638684431711834,0.028800332868594458,robust_reg,96,12,13042,0.6
Blood,dlt_only,0.875,0.33245498310218435,1.0,0.0,14.285714285714286,96,96,0.020638684431711834,0.028800332868594458,robust_reg,96,12,13042,0.6
Constitutional,dlt_only,0.8645833333333334,0.34396424742808945,0.8854166666666666,0.320190458671962,2.409638554216859,96,96,0.020638684431711834,0.028800332868594458,robust_reg,96,12,13042,0.6
Infection,dlt_only,0.8645833333333334,0.34396424742808945,1.0,0.0,15.662650602409633,96,96,0.020638684431711834,0.028800332868594458,robust_reg,96,12,13042,0.6
Gastrointestinal,dlt_only,0.8645833333333334,0.3439642474280894,0.9166666666666666,0.27783625115549687,6.02409638554216,96,96,0.020638684431711834,0.028800332868594458,robust_reg,96,12,13042,0.6
Overall_Survival,dlt_only,10.690597206168823,1.779425762099106,11.691414295320811,0.944651154585532,9.36165744393105,96,96,0.020638684431711834,0.028800332868594458,robust_reg,96,12,13042,0.6
all_constraints,dlt_only,0.6979166666666666,0.4615714956689105,0.875,0.33245498310218435,25.373134328358212,96,96,0.020638684431711834,0.028800332868594458,robust_reg,96,12,13042,0.6
Any_DLT,all_constraints,0.8777777777777778,0.3293772734489573,0.9555555555555556,0.20723493215097802,8.860759493670892,96,90,0.09292140354712804,0.050514070431895264,robust_reg,93,12,13042,0.6
Blood,all_constraints,0.9,0.3016806854192959,0.9888888888888889,0.10540925533894599,9.876543209876546,96,90,0.09292140354712804,0.050514070431895264,robust_reg,93,12,13042,0.6
Constitutional,all_constraints,0.8777777777777778,0.3293772734489573,0.9,0.3016806854192959,2.531645569620257,96,90,0.09292140354712804,0.050514070431895264,robust_reg,93,12,13042,0.6
Infection,all_constraints,0.8888888888888888,0.31603030875998483,0.9888888888888889,0.10540925533894599,11.25000000000001,96,90,0.09292140354712804,0.050514070431895264,robust_reg,93,12,13042,0.6
Gastrointestinal,all_constraints,0.8666666666666667,0.34183904485045247,0.9555555555555556,0.20723493215097802,10.256410256410259,96,90,0.09292140354712804,0.050514070431895264,robust_reg,93,12,13042,0.6
Overall_Survival,all_constraints,10.763858526266459,1.7680830242650976,10.51910723857329,0.9958721843499132,-2.273824828670078,96,90,0.09292140354712804,0.050514070431895264,robust_reg,93,12,13042,0.6
all_constraints,all_constraints,0.7333333333333333,0.4446940622369092,0.8888888888888888,0.31603030875998483,21.212121212121215,96,90,0.09292140354712804,0.050514070431895264,robust_reg,93,12,13042,0.6
Any_DLT,dlt_only,0.8541666666666666,0.35479176002615415,0.9479166666666666,0.22336148028967082,10.975609756097562,96,96,0.04930197447538376,0.04809946721030146,cp,96,12,13042,0.6
Blood,dlt_only,0.875,0.33245498310218435,0.9583333333333334,0.20087527770480484,9.523809523809529,96,96,0.04930197447538376,0.04809946721030146,cp,96,12,13042,0.6
Constitutional,dlt_only,0.8645833333333334,0.34396424742808945,0.875,0.33245498310218435,1.2048192771084294,96,96,0.04930197447538376,0.04809946721030146,cp,96,12,13042,0.6
Infection,dlt_only,0.8645833333333334,0.34396424742808945,0.9583333333333334,0.20087527770480484,10.843373493975903,96,96,0.04930197447538376,0.04809946721030146,cp,96,12,13042,0.6
Gastrointestinal,dlt_only,0.8645833333333334,0.3439642474280894,0.9583333333333334,0.20087527770480484,10.843373493975903,96,96,0.04930197447538376,0.04809946721030146,cp,96,12,13042,0.6
Overall_Survival,dlt_only,10.690597206168823,1.779425762099106,10.606078191838565,1.1572453437108825,-0.7905920754500776,96,96,0.04930197447538376,0.04809946721030146,cp,96,12,13042,0.6
all_constraints,dlt_only,0.6979166666666666,0.4615714956689105,0.8229166666666666,0.3837431066870447,17.910447761194032,96,96,0.04930197447538376,0.04809946721030146,cp,96,12,13042,0.6
Any_DLT,all_constraints,0.8777777777777778,0.3293772734489573,0.9777777777777777,0.14823135407896973,11.392405063291138,96,90,0.0996539369225502,0.07773412728821763,cp,91,12,13042,0.6
Blood,all_constraints,0.9,0.3016806854192959,0.9222222222222223,0.2693219858921545,2.469135802469139,96,90,0.0996539369225502,0.07773412728821763,cp,91,12,13042,0.6
Constitutional,all_constraints,0.8777777777777778,0.3293772734489573,0.9222222222222223,0.2693219858921545,5.063291139240514,96,90,0.0996539369225502,0.07773412728821763,cp,91,12,13042,0.6
Infection,all_constraints,0.8888888888888888,0.31603030875998483,1.0,0.0,12.500000000000007,96,90,0.0996539369225502,0.07773412728821763,cp,91,12,13042,0.6
Gastrointestinal,all_constraints,0.8666666666666667,0.34183904485045247,0.9888888888888889,0.10540925533894599,14.102564102564104,96,90,0.0996539369225502,0.07773412728821763,cp,91,12,13042,0.6
Overall_Survival,all_constraints,10.763858526266459,1.7680830242650976,10.810704091295994,1.2484087743150425,0.43521163823568215,96,90,0.0996539369225502,0.07773412728821763,cp,91,12,13042,0.6
all_constraints,all_constraints,0.7333333333333333,0.4446940622369092,0.8555555555555555,0.3535092488376122,16.666666666666668,96,90,0.0996539369225502,0.07773412728821763,cp,91,12,13042,0.6
Any_DLT,dlt_only,0.8541666666666666,0.35479176002615415,1.0,0.0,17.07317073170732,96,96,0.017440383632977802,0.0031991236720781526,nominal,96,13,14042,0.6
Blood,dlt_only,0.875,0.33245498310218435,1.0,0.0,14.285714285714286,96,96,0.017440383632977802,0.0031991236720781526,nominal,96,13,14042,0.6
Constitutional,dlt_only,0.8645833333333334,0.34396424742808945,0.9791666666666666,0.143575886163796,13.253012048192762,96,96,0.017440383632977802,0.0031991236720781526,nominal,96,13,14042,0.6
Infection,dlt_only,0.8645833333333334,0.34396424742808945,1.0,0.0,15.662650602409633,96,96,0.017440383632977802,0.0031991236720781526,nominal,96,13,14042,0.6
Gastrointestinal,dlt_only,0.8645833333333334,0.3439642474280894,1.0,0.0,15.662650602409633,96,96,0.017440383632977802,0.0031991236720781526,nominal,96,13,14042,0.6
Overall_Survival,dlt_only,10.690597206168823,1.779425762099106,11.94812450417013,0.9642490522635561,11.762928429065427,96,96,0.017440383632977802,0.0031991236720781526,nominal,96,13,14042,0.6
all_constraints,dlt_only,0.6979166666666666,0.4615714956689105,0.9791666666666666,0.143575886163796,40.29850746268657,96,96,0.017440383632977802,0.0031991236720781526,nominal,96,13,14042,0.6
Any_DLT,all_constraints,0.8723404255319149,0.3354997092507591,1.0,0.0,14.63414634146341,96,94,0.06781130780776341,0.030337187620565264,nominal,94,13,14042,0.6
Blood,all_constraints,0.8723404255319149,0.3354997092507591,1.0,0.0,14.63414634146341,96,94,0.06781130780776341,0.030337187620565264,nominal,94,13,14042,0.6
Constitutional,all_constraints,0.8829787234042553,0.32316921825641187,0.9680851063829787,0.1767160202664313,9.638554216867472,96,94,0.06781130780776341,0.030337187620565264,nominal,94,13,14042,0.6
Infection,all_constraints,0.8829787234042553,0.32316921825641187,1.0,0.0,13.253012048192772,96,94,0.06781130780776341,0.030337187620565264,nominal,94,13,14042,0.6
Gastrointestinal,all_constraints,0.8829787234042553,0.32316921825641187,0.9893617021276596,0.10314212462587934,12.048192771084343,96,94,0.06781130780776341,0.030337187620565264,nominal,94,13,14042,0.6
Overall_Survival,all_constraints,10.771270845122793,1.7067483045898035,11.792247443785646,1.264938165948503,9.478701383923974,96,94,0.06781130780776341,0.030337187620565264,nominal,94,13,14042,0.6
all_constraints,all_constraints,0.7127659574468085,0.45489784805160016,0.9574468085106383,0.20292981026189993,34.32835820895524,96,94,0.06781130780776341,0.030337187620565264,nominal,94,13,14042,0.6
Any_DLT,dlt_only,0.8541666666666666,0.35479176002615415,1.0,0.0,17.07317073170732,96,96,0.01630972574154536,0.0023039322362866607,robust_reg,96,13,14042,0.6
Blood,dlt_only,0.875,0.33245498310218435,1.0,0.0,14.285714285714286,96,96,0.01630972574154536,0.0023039322362866607,robust_reg,96,13,14042,0.6
Constitutional,dlt_only,0.8645833333333334,0.34396424742808945,0.9791666666666666,0.143575886163796,13.253012048192762,96,96,0.01630972574154536,0.0023039322362866607,robust_reg,96,13,14042,0.6
Infection,dlt_only,0.8645833333333334,0.34396424742808945,1.0,0.0,15.662650602409633,96,96,0.01630972574154536,0.0023039322362866607,robust_reg,96,13,14042,0.6
Gastrointestinal,dlt_only,0.8645833333333334,0.3439642474280894,1.0,0.0,15.662650602409633,96,96,0.01630972574154536,0.0023039322362866607,robust_reg,96,13,14042,0.6
Overall_Survival,dlt_only,10.690597206168823,1.779425762099106,11.94812450417013,0.9642490522635561,11.762928429065427,96,96,0.01630972574154536,0.0023039322362866607,robust_reg,96,13,14042,0.6
all_constraints,dlt_only,0.6979166666666666,0.4615714956689105,0.9791666666666666,0.143575886163796,40.29850746268657,96,96,0.01630972574154536,0.0023039322362866607,robust_reg,96,13,14042,0.6
Any_DLT,all_constraints,0.8723404255319149,0.3354997092507591,1.0,0.0,14.63414634146341,96,94,0.06358283013105392,0.027484047995397463,robust_reg,94,13,14042,0.6
Blood,all_constraints,0.8723404255319149,0.3354997092507591,1.0,0.0,14.63414634146341,96,94,0.06358283013105392,0.027484047995397463,robust_reg,94,13,14042,0.6
Constitutional,all_constraints,0.8829787234042553,0.32316921825641187,0.9680851063829787,0.1767160202664313,9.638554216867472,96,94,0.06358283013105392,0.027484047995397463,robust_reg,94,13,14042,0.6
Infection,all_constraints,0.8829787234042553,0.32316921825641187,1.0,0.0,13.253012048192772,96,94,0.06358283013105392,0.027484047995397463,robust_reg,94,13,14042,0.6
Gastrointestinal,all_constraints,0.8829787234042553,0.32316921825641187,0.9893617021276596,0.10314212462587934,12.048192771084343,96,94,0.06358283013105392,0.027484047995397463,robust_reg,94,13,14042,0.6
Overall_Survival,all_constraints,10.771270845122793,1.7067483045898035,11.792247443785646,1.264938165948503,9.478701383923974,96,94,0.06358283013105392,0.027484047995397463,robust_reg,94,13,14042,0.6
all_constraints,all_constraints,0.7127659574468085,0.45489784805160016,0.9574468085106383,0.20292981026189993,34.32835820895524,96,94,0.06358283013105392,0.027484047995397463,robust_reg,94,13,14042,0.6
Any_DLT,dlt_only,0.8541666666666666,0.35479176002615415,0.8958333333333334,0.3070801941090227,4.878048780487814,96,96,0.07745992640654246,0.054017756484742274,cp,96,13,14042,0.6
Blood,dlt_only,0.875,0.33245498310218435,0.8020833333333334,0.40052049468993056,-8.333333333333329,96,96,0.07745992640654246,0.054017756484742274,cp,96,13,14042,0.6
Constitutional,dlt_only,0.8645833333333334,0.34396424742808945,0.9375,0.2433321316961438,8.43373493975903,96,96,0.07745992640654246,0.054017756484742274,cp,96,13,14042,0.6
Infection,dlt_only,0.8645833333333334,0.34396424742808945,0.84375,0.36499819754421575,-2.4096385542168717,96,96,0.07745992640654246,0.054017756484742274,cp,96,13,14042,0.6
Gastrointestinal,dlt_only,0.8645833333333334,0.3439642474280894,1.0,0.0,15.662650602409633,96,96,0.07745992640654246,0.054017756484742274,cp,96,13,14042,0.6
Overall_Survival,dlt_only,10.690597206168823,1.779425762099106,11.412227543294534,1.0964336271742732,6.750140550701015,96,96,0.07745992640654246,0.054017756484742274,cp,96,13,14042,0.6
all_constraints,dlt_only,0.6979166666666666,0.4615714956689105,0.7395833333333334,0.44116572054326264,5.970149253731354,96,96,0.07745992640654246,0.054017756484742274,cp,96,13,14042,0.6
Any_DLT,all_constraints,0.8723404255319149,0.3354997092507591,0.9574468085106383,0.2029298102618999,9.756097560975611,96,94,0.09018253286679585,0.07060721946028191,cp,96,13,14042,0.6
Blood,all_constraints,0.8723404255319149,0.3354997092507591,0.7978723404255319,0.4037402346511726,-8.536585365853664,96,94,0.09018253286679585,0.07060721946028191,cp,96,13,14042,0.6
Constitutional,all_constraints,0.8829787234042553,0.32316921825641187,0.9468085106382979,0.2256184464259304,7.2289156626506,96,94,0.09018253286679585,0.07060721946028191,cp,96,13,14042,0.6
Infection,all_constraints,0.8829787234042553,0.32316921825641187,0.9468085106382979,0.22561844642593035,7.2289156626506,96,94,0.09018253286679585,0.07060721946028191,cp,96,13,14042,0.6
Gastrointestinal,all_constraints,0.8829787234042553,0.32316921825641187,0.9680851063829787,0.1767160202664313,9.638554216867472,96,94,0.09018253286679585,0.07060721946028191,cp,96,13,14042,0.6
Overall_Survival,all_constraints,10.771270845122793,1.7067483045898035,11.883770176297759,1.1342087150135058,10.328394366563565,96,94,0.09018253286679585,0.07060721946028191,cp,96,13,14042,0.6
all_constraints,all_constraints,0.7127659574468085,0.45489784805160016,0.7340425531914894,0.4442108361881319,2.9850746268656763,96,94,0.09018253286679585,0.07060721946028191,cp,96,13,14042,0.6
Any_DLT,dlt_only,0.8541666666666666,0.35479176002615415,1.0,0.0,17.07317073170732,96,96,0.009808773795763651,0.000697028760855982,nominal,96,14,15042,0.6
Blood,dlt_only,0.875,0.33245498310218435,1.0,0.0,14.285714285714286,96,96,0.009808773795763651,0.000697028760855982,nominal,96,14,15042,0.6
Constitutional,dlt_only,0.8645833333333334,0.34396424742808945,0.9791666666666666,0.143575886163796,13.253012048192762,96,96,0.009808773795763651,0.000697028760855982,nominal,96,14,15042,0.6
Infection,dlt_only,0.8645833333333334,0.34396424742808945,1.0,0.0,15.662650602409633,96,96,0.009808773795763651,0.000697028760855982,nominal,96,14,15042,0.6
Gastrointestinal,dlt_only,0.8645833333333334,0.3439642474280894,1.0,0.0,15.662650602409633,96,96,0.009808773795763651,0.000697028760855982,nominal,96,14,15042,0.6
Overall_Survival,dlt_only,10.690597206168823,1.779425762099106,11.94812450417013,0.9642490522635561,11.762928429065427,96,96,0.009808773795763651,0.000697028760855982,nominal,96,14,15042,0.6
all_constraints,dlt_only,0.6979166666666666,0.4615714956689105,0.9791666666666666,0.143575886163796,40.29850746268657,96,96,0.009808773795763651,0.000697028760855982,nominal,96,14,15042,0.6
Any_DLT,all_constraints,0.8888888888888888,0.31603030875998483,1.0,0.0,12.500000000000007,96,90,0.0468168780207634,0.04842271952054418,nominal,96,14,15042,0.6
Blood,all_constraints,0.8777777777777778,0.3293772734489573,1.0,0.0,13.924050632911394,96,90,0.0468168780207634,0.04842271952054418,nominal,96,14,15042,0.6
Constitutional,all_constraints,0.9,0.3016806854192959,0.9666666666666667,0.18051113445691194,7.407407407407406,96,90,0.0468168780207634,0.04842271952054418,nominal,96,14,15042,0.6
Infection,all_constraints,0.9,0.3016806854192959,1.0,0.0,11.111111111111109,96,90,0.0468168780207634,0.04842271952054418,nominal,96,14,15042,0.6
Gastrointestinal,all_constraints,0.9,0.3016806854192959,1.0,0.0,11.111111111111109,96,90,0.0468168780207634,0.04842271952054418,nominal,96,14,15042,0.6
Overall_Survival,all_constraints,10.788403888392406,1.7357579865942077,11.884303501525862,1.030715101887878,10.158125562137789,96,90,0.0468168780207634,0.04842271952054418,nominal,96,14,15042,0.6
all_constraints,all_constraints,0.7444444444444445,0.4386165972131145,0.9666666666666667,0.18051113445691194,29.850746268656714,96,90,0.0468168780207634,0.04842271952054418,nominal,96,14,15042,0.6
Any_DLT,dlt_only,0.8541666666666666,0.35479176002615415,1.0,0.0,17.07317073170732,96,96,0.009713081022103628,0.0018053933581318785,robust_reg,96,14,15042,0.6
Blood,dlt_only,0.875,0.33245498310218435,1.0,0.0,14.285714285714286,96,96,0.009713081022103628,0.0018053933581318785,robust_reg,96,14,15042,0.6
Constitutional,dlt_only,0.8645833333333334,0.34396424742808945,0.9791666666666666,0.143575886163796,13.253012048192762,96,96,0.009713081022103628,0.0018053933581318785,robust_reg,96,14,15042,0.6
Infection,dlt_only,0.8645833333333334,0.34396424742808945,1.0,0.0,15.662650602409633,96,96,0.009713081022103628,0.0018053933581318785,robust_reg,96,14,15042,0.6
Gastrointestinal,dlt_only,0.8645833333333334,0.3439642474280894,1.0,0.0,15.662650602409633,96,96,0.009713081022103628,0.0018053933581318785,robust_reg,96,14,15042,0.6
Overall_Survival,dlt_only,10.690597206168823,1.779425762099106,11.932129251704794,0.9759673014959414,11.613308607488891,96,96,0.009713081022103628,0.0018053933581318785,robust_reg,96,14,15042,0.6
all_constraints,dlt_only,0.6979166666666666,0.4615714956689105,0.9791666666666666,0.143575886163796,40.29850746268657,96,96,0.009713081022103628,0.0018053933581318785,robust_reg,96,14,15042,0.6
Any_DLT,all_constraints,0.8888888888888888,0.31603030875998483,1.0,0.0,12.500000000000007,96,90,0.05693754553794861,0.09703365332558746,robust_reg,96,14,15042,0.6
Blood,all_constraints,0.8777777777777778,0.3293772734489573,1.0,0.0,13.924050632911394,96,90,0.05693754553794861,0.09703365332558746,robust_reg,96,14,15042,0.6
Constitutional,all_constraints,0.9,0.3016806854192959,0.9888888888888889,0.10540925533894599,9.876543209876546,96,90,0.05693754553794861,0.09703365332558746,robust_reg,96,14,15042,0.6
Infection,all_constraints,0.9,0.3016806854192959,1.0,0.0,11.111111111111109,96,90,0.05693754553794861,0.09703365332558746,robust_reg,96,14,15042,0.6
Gastrointestinal,all_constraints,0.9,0.3016806854192959,1.0,0.0,11.111111111111109,96,90,0.05693754553794861,0.09703365332558746,robust_reg,96,14,15042,0.6
Overall_Survival,all_constraints,10.788403888392406,1.7357579865942077,11.853418132316314,1.05624577839272,9.871842535203857,96,90,0.05693754553794861,0.09703365332558746,robust_reg,96,14,15042,0.6
all_constraints,all_constraints,0.7444444444444445,0.4386165972131145,0.9888888888888889,0.10540925533894599,32.83582089552239,96,90,0.05693754553794861,0.09703365332558746,robust_reg,96,14,15042,0.6
Any_DLT,dlt_only,0.8541666666666666,0.35479176002615415,1.0,0.0,17.07317073170732,96,96,0.056201388438542686,0.05591079867820985,cp,96,14,15042,0.6
Blood,dlt_only,0.875,0.33245498310218435,0.9791666666666666,0.14357588616379596,11.9047619047619,96,96,0.056201388438542686,0.05591079867820985,cp,96,14,15042,0.6
Constitutional,dlt_only,0.8645833333333334,0.34396424742808945,0.9375,0.2433321316961438,8.43373493975903,96,96,0.056201388438542686,0.05591079867820985,cp,96,14,15042,0.6
Infection,dlt_only,0.8645833333333334,0.34396424742808945,0.9791666666666666,0.14357588616379596,13.253012048192762,96,96,0.056201388438542686,0.05591079867820985,cp,96,14,15042,0.6
Gastrointestinal,dlt_only,0.8645833333333334,0.3439642474280894,1.0,0.0,15.662650602409633,96,96,0.056201388438542686,0.05591079867820985,cp,96,14,15042,0.6
Overall_Survival,dlt_only,10.690597206168823,1.779425762099106,10.953411954598979,1.146247718833537,2.458372936158357,96,96,0.056201388438542686,0.05591079867820985,cp,96,14,15042,0.6
all_constraints,dlt_only,0.6979166666666666,0.4615714956689105,0.90625,0.2930106877878258,29.85074626865672,96,96,0.056201388438542686,0.05591079867820985,cp,96,14,15042,0.6
Any_DLT,all_constraints,0.8888888888888888,0.31603030875998483,1.0,0.0,12.500000000000007,96,90,0.11222237845261891,0.07518104442669878,cp,90,14,15042,0.6
Blood,all_constraints,0.8777777777777778,0.3293772734489573,1.0,0.0,13.924050632911394,96,90,0.11222237845261891,0.07518104442669878,cp,90,14,15042,0.6
Constitutional,all_constraints,0.9,0.3016806854192959,0.9666666666666667,0.18051113445691194,7.407407407407406,96,90,0.11222237845261891,0.07518104442669878,cp,90,14,15042,0.6
Infection,all_constraints,0.9,0.3016806854192959,1.0,0.0,11.111111111111109,96,90,0.11222237845261891,0.07518104442669878,cp,90,14,15042,0.6
Gastrointestinal,all_constraints,0.9,0.3016806854192959,0.9888888888888889,0.10540925533894599,9.876543209876546,96,90,0.11222237845261891,0.07518104442669878,cp,90,14,15042,0.6
Overall_Survival,all_constraints,10.788403888392406,1.7357579865942077,11.486229587452684,1.155667758709691,6.468294163616653,96,90,0.11222237845261891,0.07518104442669878,cp,90,14,15042,0.6
all_constraints,all_constraints,0.7444444444444445,0.4386165972131145,0.9555555555555556,0.20723493215097802,28.358208955223883,96,90,0.11222237845261891,0.07518104442669878,cp,90,14,15042,0.6
Any_DLT,dlt_only,0.8541666666666666,0.35479176002615415,1.0,0.0,17.07317073170732,96,96,0.015440205732981363,0.0015443785383016568,nominal,96,15,16042,0.6
Blood,dlt_only,0.875,0.33245498310218435,1.0,0.0,14.285714285714286,96,96,0.015440205732981363,0.0015443785383016568,nominal,96,15,16042,0.6
Constitutional,dlt_only,0.8645833333333334,0.34396424742808945,0.9166666666666666,0.27783625115549687,6.02409638554216,96,96,0.015440205732981363,0.0015443785383016568,nominal,96,15,16042,0.6
Infection,dlt_only,0.8645833333333334,0.34396424742808945,1.0,0.0,15.662650602409633,96,96,0.015440205732981363,0.0015443785383016568,nominal,96,15,16042,0.6
Gastrointestinal,dlt_only,0.8645833333333334,0.3439642474280894,1.0,0.0,15.662650602409633,96,96,0.015440205732981363,0.0015443785383016568,nominal,96,15,16042,0.6
Overall_Survival,dlt_only,10.690597206168823,1.779425762099106,11.992224108393252,0.9740353829262507,12.175436761131996,96,96,0.015440205732981363,0.0015443785383016568,nominal,96,15,16042,0.6
all_constraints,dlt_only,0.6979166666666666,0.4615714956689105,0.9166666666666666,0.27783625115549687,31.343283582089555,96,96,0.015440205732981363,0.0015443785383016568,nominal,96,15,16042,0.6
Any_DLT,all_constraints,0.8695652173913043,0.33862655057584784,1.0,0.0,15.000000000000004,96,92,0.06933405498663585,0.07010764882139263,nominal,96,15,16042,0.6
Blood,all_constraints,0.8804347826086957,0.32623025995934074,1.0,0.0,13.580246913580243,96,92,0.06933405498663585,0.07010764882139263,nominal,96,15,16042,0.6
Constitutional,all_constraints,0.8695652173913043,0.33862655057584784,0.9239130434782609,0.26659001127895315,6.250000000000003,96,92,0.06933405498663585,0.07010764882139263,nominal,96,15,16042,0.6
Infection,all_constraints,0.8804347826086957,0.32623025995934074,1.0,0.0,13.580246913580243,96,92,0.06933405498663585,0.07010764882139263,nominal,96,15,16042,0.6
Gastrointestinal,all_constraints,0.8695652173913043,0.3386265505758479,1.0,0.0,15.000000000000004,96,92,0.06933405498663585,0.07010764882139263,nominal,96,15,16042,0.6
Overall_Survival,all_constraints,10.758895407837226,1.7368348339664759,11.934180167600465,1.1314251843684777,10.92384222740108,96,92,0.06933405498663585,0.07010764882139263,nominal,96,15,16042,0.6
all_constraints,all_constraints,0.7065217391304348,0.4578507717505198,0.9239130434782609,0.26659001127895315,30.769230769230763,96,92,0.06933405498663585,0.07010764882139263,nominal,96,15,16042,0.6
Any_DLT,dlt_only,0.8541666666666666,0.35479176002615415,1.0,0.0,17.07317073170732,96,96,0.015341982245445251,0.001565108399710915,robust_reg,96,15,16042,0.6
Blood,dlt_only,0.875,0.33245498310218435,1.0,0.0,14.285714285714286,96,96,0.015341982245445251,0.001565108399710915,robust_reg,96,15,16042,0.6
Constitutional,dlt_only,0.8645833333333334,0.34396424742808945,0.9166666666666666,0.27783625115549687,6.02409638554216,96,96,0.015341982245445251,0.001565108399710915,robust_reg,96,15,16042,0.6
Infection,dlt_only,0.8645833333333334,0.34396424742808945,1.0,0.0,15.662650602409633,96,96,0.015341982245445251,0.001565108399710915,robust_reg,96,15,16042,0.6
Gastrointestinal,dlt_only,0.8645833333333334,0.3439642474280894,1.0,0.0,15.662650602409633,96,96,0.015341982245445251,0.001565108399710915,robust_reg,96,15,16042,0.6
Overall_Survival,dlt_only,10.690597206168823,1.779425762099106,11.992224108393252,0.9740353829262507,12.175436761131996,96,96,0.015341982245445251,0.001565108399710915,robust_reg,96,15,16042,0.6
all_constraints,dlt_only,0.6979166666666666,0.4615714956689105,0.9166666666666666,0.27783625115549687,31.343283582089555,96,96,0.015341982245445251,0.001565108399710915,robust_reg,96,15,16042,0.6
Any_DLT,all_constraints,0.8695652173913043,0.33862655057584784,1.0,0.0,15.000000000000004,96,92,0.07336980849504471,0.022607301225451355,robust_reg,96,15,16042,0.6
Blood,all_constraints,0.8804347826086957,0.32623025995934074,1.0,0.0,13.580246913580243,96,92,0.07336980849504471,0.022607301225451355,robust_reg,96,15,16042,0.6
Constitutional,all_constraints,0.8695652173913043,0.33862655057584784,0.9456521739130435,0.22794497286530102,8.750000000000002,96,92,0.07336980849504471,0.022607301225451355,robust_reg,96,15,16042,0.6
Infection,all_constraints,0.8804347826086957,0.32623025995934074,1.0,0.0,13.580246913580243,96,92,0.07336980849504471,0.022607301225451355,robust_reg,96,15,16042,0.6
Gastrointestinal,all_constraints,0.8695652173913043,0.3386265505758479,1.0,0.0,15.000000000000004,96,92,0.07336980849504471,0.022607301225451355,robust_reg,96,15,16042,0.6
Overall_Survival,all_constraints,10.758895407837226,1.7368348339664759,11.868395925301622,1.0695487364937148,10.312401742061637,96,92,0.07336980849504471,0.022607301225451355,robust_reg,96,15,16042,0.6
all_constraints,all_constraints,0.7065217391304348,0.4578507717505198,0.9456521739130435,0.22794497286530102,33.84615384615384,96,92,0.07336980849504471,0.022607301225451355,robust_reg,96,15,16042,0.6
Any_DLT,dlt_only,0.8541666666666666,0.35479176002615415,1.0,0.0,17.07317073170732,96,96,0.023613375922044117,0.06483126862227868,cp,96,15,16042,0.6
Blood,dlt_only,0.875,0.33245498310218435,0.9791666666666666,0.14357588616379596,11.9047619047619,96,96,0.023613375922044117,0.06483126862227868,cp,96,15,16042,0.6
Constitutional,dlt_only,0.8645833333333334,0.34396424742808945,0.9166666666666666,0.27783625115549687,6.02409638554216,96,96,0.023613375922044117,0.06483126862227868,cp,96,15,16042,0.6
Infection,dlt_only,0.8645833333333334,0.34396424742808945,0.9791666666666666,0.14357588616379596,13.253012048192762,96,96,0.023613375922044117,0.06483126862227868,cp,96,15,16042,0.6
Gastrointestinal,dlt_only,0.8645833333333334,0.3439642474280894,1.0,0.0,15.662650602409633,96,96,0.023613375922044117,0.06483126862227868,cp,96,15,16042,0.6
Overall_Survival,dlt_only,10.690597206168823,1.779425762099106,11.826193012590124,1.0051787057925188,10.622379503420312,96,96,0.023613375922044117,0.06483126862227868,cp,96,15,16042,0.6
all_constraints,dlt_only,0.6979166666666666,0.4615714956689105,0.8958333333333334,0.3070801941090227,28.358208955223894,96,96,0.023613375922044117,0.06483126862227868,cp,96,15,16042,0.6
Any_DLT,all_constraints,0.8695652173913043,0.33862655057584784,0.9130434782608695,0.2833152987899314,4.9999999999999964,96,92,0.09107610086599986,0.11413169817985432,cp,92,15,16042,0.6
Blood,all_constraints,0.8804347826086957,0.32623025995934074,0.9021739130434783,0.2987072001139317,2.469135802469134,96,92,0.09107610086599986,0.11413169817985432,cp,92,15,16042,0.6
Constitutional,all_constraints,0.8695652173913043,0.33862655057584784,0.9130434782608695,0.28331529878993134,4.9999999999999964,96,92,0.09107610086599986,0.11413169817985432,cp,92,15,16042,0.6
Infection,all_constraints,0.8804347826086957,0.32623025995934074,0.9130434782608695,0.2833152987899314,3.703703703703695,96,92,0.09107610086599986,0.11413169817985432,cp,92,15,16042,0.6
Gastrointestinal,all_constraints,0.8695652173913043,0.3386265505758479,0.9565217391304348,0.2050485591515556,10.000000000000005,96,92,0.09107610086599986,0.11413169817985432,cp,92,15,16042,0.6
Overall_Survival,all_constraints,10.758895407837226,1.7368348339664759,11.484866054323598,1.2736989256491655,6.747631787158607,96,92,0.09107610086599986,0.11413169817985432,cp,92,15,16042,0.6
all_constraints,all_constraints,0.7065217391304348,0.4578507717505198,0.8260869565217391,0.3811116087047685,16.92307692307692,96,92,0.09107610086599986,0.11413169817985432,cp,92,15,16042,0.6
Any_DLT,dlt_only,0.8541666666666666,0.35479176002615415,1.0,0.0,17.07317073170732,96,96,0.022689322630564373,0.021101191357834656,nominal,96,16,17042,0.6
Blood,dlt_only,0.875,0.33245498310218435,1.0,0.0,14.285714285714286,96,96,0.022689322630564373,0.021101191357834656,nominal,96,16,17042,0.6
Constitutional,dlt_only,0.8645833333333334,0.34396424742808945,0.9791666666666666,0.143575886163796,13.253012048192762,96,96,0.022689322630564373,0.021101191357834656,nominal,96,16,17042,0.6
Infection,dlt_only,0.8645833333333334,0.34396424742808945,1.0,0.0,15.662650602409633,96,96,0.022689322630564373,0.021101191357834656,nominal,96,16,17042,0.6
Gastrointestinal,dlt_only,0.8645833333333334,0.3439642474280894,1.0,0.0,15.662650602409633,96,96,0.022689322630564373,0.021101191357834656,nominal,96,16,17042,0.6
Overall_Survival,dlt_only,10.690597206168823,1.779425762099106,11.94812450417013,0.9642490522635561,11.762928429065427,96,96,0.022689322630564373,0.021101191357834656,nominal,96,16,17042,0.6
all_constraints,dlt_only,0.6979166666666666,0.4615714956689105,0.9791666666666666,0.143575886163796,40.29850746268657,96,96,0.022689322630564373,0.021101191357834656,nominal,96,16,17042,0.6
Any_DLT,all_constraints,0.8631578947368421,0.34550383548659225,1.0,0.0,15.853658536585364,96,95,0.06949856380621593,0.014363311392268164,nominal,96,16,17042,0.6
Blood,all_constraints,0.8736842105263158,0.33396729560733096,1.0,0.0,14.457831325301198,96,95,0.06949856380621593,0.014363311392268164,nominal,96,16,17042,0.6
Constitutional,all_constraints,0.8736842105263158,0.333967295607331,0.9894736842105263,0.10259783520851543,13.25301204819276,96,95,0.06949856380621593,0.014363311392268164,nominal,96,16,17042,0.6
Infection,all_constraints,0.8736842105263158,0.333967295607331,1.0,0.0,14.457831325301198,96,95,0.06949856380621593,0.014363311392268164,nominal,96,16,17042,0.6
Gastrointestinal,all_constraints,0.8736842105263158,0.333967295607331,1.0,0.0,14.457831325301198,96,95,0.06949856380621593,0.014363311392268164,nominal,96,16,17042,0.6
Overall_Survival,all_constraints,10.735931318339748,1.7322367987232548,11.92333816846348,1.0888107242754115,11.060119657205094,96,95,0.06949856380621593,0.014363311392268164,nominal,96,16,17042,0.6
all_constraints,all_constraints,0.7052631578947368,0.4583430892442982,0.9894736842105263,0.10259783520851543,40.298507462686565,96,95,0.06949856380621593,0.014363311392268164,nominal,96,16,17042,0.6
Any_DLT,dlt_only,0.8541666666666666,0.35479176002615415,1.0,0.0,17.07317073170732,96,96,0.022588861485322315,0.028263706836541846,robust_reg,96,16,17042,0.6
Blood,dlt_only,0.875,0.33245498310218435,1.0,0.0,14.285714285714286,96,96,0.022588861485322315,0.028263706836541846,robust_reg,96,16,17042,0.6
Constitutional,dlt_only,0.8645833333333334,0.34396424742808945,0.9791666666666666,0.143575886163796,13.253012048192762,96,96,0.022588861485322315,0.028263706836541846,robust_reg,96,16,17042,0.6
Infection,dlt_only,0.8645833333333334,0.34396424742808945,1.0,0.0,15.662650602409633,96,96,0.022588861485322315,0.028263706836541846,robust_reg,96,16,17042,0.6
Gastrointestinal,dlt_only,0.8645833333333334,0.3439642474280894,1.0,0.0,15.662650602409633,96,96,0.022588861485322315,0.028263706836541846,robust_reg,96,16,17042,0.6
Overall_Survival,dlt_only,10.690597206168823,1.779425762099106,11.94812450417013,0.9642490522635561,11.762928429065427,96,96,0.022588861485322315,0.028263706836541846,robust_reg,96,16,17042,0.6
all_constraints,dlt_only,0.6979166666666666,0.4615714956689105,0.9791666666666666,0.143575886163796,40.29850746268657,96,96,0.022588861485322315,0.028263706836541846,robust_reg,96,16,17042,0.6
Any_DLT,all_constraints,0.8631578947368421,0.34550383548659225,1.0,0.0,15.853658536585364,96,95,0.07777383923530579,0.09307067268974566,robust_reg,96,16,17042,0.6
Blood,all_constraints,0.8736842105263158,0.33396729560733096,1.0,0.0,14.457831325301198,96,95,0.07777383923530579,0.09307067268974566,robust_reg,96,16,17042,0.6
Constitutional,all_constraints,0.8736842105263158,0.333967295607331,0.9789473684210527,0.1443214031708876,12.048192771084336,96,95,0.07777383923530579,0.09307067268974566,robust_reg,96,16,17042,0.6
Infection,all_constraints,0.8736842105263158,0.333967295607331,1.0,0.0,14.457831325301198,96,95,0.07777383923530579,0.09307067268974566,robust_reg,96,16,17042,0.6
Gastrointestinal,all_constraints,0.8736842105263158,0.333967295607331,1.0,0.0,14.457831325301198,96,95,0.07777383923530579,0.09307067268974566,robust_reg,96,16,17042,0.6
Overall_Survival,all_constraints,10.735931318339748,1.7322367987232548,11.850803061991598,1.0987056867767864,10.38449027470361,96,95,0.07777383923530579,0.09307067268974566,robust_reg,96,16,17042,0.6
all_constraints,all_constraints,0.7052631578947368,0.4583430892442982,0.9789473684210527,0.1443214031708876,38.805970149253746,96,95,0.07777383923530579,0.09307067268974566,robust_reg,96,16,17042,0.6
Any_DLT,dlt_only,0.8541666666666666,0.35479176002615415,0.8958333333333334,0.3070801941090227,4.878048780487814,96,96,0.19018824150164923,0.24705778075466317,cp,96,16,17042,0.6
Blood,dlt_only,0.875,0.33245498310218435,0.9375,0.2433321316961438,7.142857142857143,96,96,0.19018824150164923,0.24705778075466317,cp,96,16,17042,0.6
Constitutional,dlt_only,0.8645833333333334,0.34396424742808945,0.9166666666666666,0.27783625115549687,6.02409638554216,96,96,0.19018824150164923,0.24705778075466317,cp,96,16,17042,0.6
Infection,dlt_only,0.8645833333333334,0.34396424742808945,0.9375,0.2433321316961438,8.43373493975903,96,96,0.19018824150164923,0.24705778075466317,cp,96,16,17042,0.6
Gastrointestinal,dlt_only,0.8645833333333334,0.3439642474280894,0.9270833333333334,0.2613645031536837,7.228915662650602,96,96,0.19018824150164923,0.24705778075466317,cp,96,16,17042,0.6
Overall_Survival,dlt_only,10.690597206168823,1.779425762099106,10.409937208176125,0.8995890687571079,-2.62529765718559,96,96,0.19018824150164923,0.24705778075466317,cp,96,16,17042,0.6
all_constraints,dlt_only,0.6979166666666666,0.4615714956689105,0.7916666666666666,0.40824829046386296,13.432835820895523,96,96,0.19018824150164923,0.24705778075466317,cp,96,16,17042,0.6
Any_DLT,all_constraints,0.8631578947368421,0.34550383548659225,0.9789473684210527,0.14432140317088762,13.414634146341466,96,95,0.10377975304921468,0.08132061202290033,cp,95,16,17042,0.6
Blood,all_constraints,0.8736842105263158,0.33396729560733096,1.0,0.0,14.457831325301198,96,95,0.10377975304921468,0.08132061202290033,cp,95,16,17042,0.6
Constitutional,all_constraints,0.8736842105263158,0.333967295607331,0.9578947368421052,0.20189472049435528,9.63855421686746,96,95,0.10377975304921468,0.08132061202290033,cp,95,16,17042,0.6
Infection,all_constraints,0.8736842105263158,0.333967295607331,1.0,0.0,14.457831325301198,96,95,0.10377975304921468,0.08132061202290033,cp,95,16,17042,0.6
Gastrointestinal,all_constraints,0.8736842105263158,0.333967295607331,0.968421052631579,0.17580402404729137,10.843373493975898,96,95,0.10377975304921468,0.08132061202290033,cp,95,16,17042,0.6
Overall_Survival,all_constraints,10.735931318339748,1.7322367987232548,11.288025346445501,1.1120672476861782,5.142488450560719,96,95,0.10377975304921468,0.08132061202290033,cp,95,16,17042,0.6
all_constraints,all_constraints,0.7052631578947368,0.4583430892442982,0.9263157894736842,0.2626422720087394,31.34328358208956,96,95,0.10377975304921468,0.08132061202290033,cp,95,16,17042,0.6
Any_DLT,dlt_only,0.8478260869565217,0.36115755925730764,1.0,0.0,17.948717948717952,96,92,0.016442060470581055,0.007843684349815003,nominal,96,17,18042,0.6
Blood,dlt_only,0.8804347826086957,0.32623025995934074,0.9782608695652174,0.14662959759729013,11.111111111111109,96,92,0.016442060470581055,0.007843684349815003,nominal,96,17,18042,0.6
Constitutional,dlt_only,0.8804347826086957,0.32623025995934074,0.9565217391304348,0.20504855915155562,8.641975308641976,96,92,0.016442060470581055,0.007843684349815003,nominal,96,17,18042,0.6
Infection,dlt_only,0.8695652173913043,0.3386265505758479,0.9782608695652174,0.14662959759729013,12.500000000000005,96,92,0.016442060470581055,0.007843684349815003,nominal,96,17,18042,0.6
Gastrointestinal,dlt_only,0.8586956521739131,0.3502439256481348,1.0,0.0,16.45569620253164,96,92,0.016442060470581055,0.007843684349815003,nominal,96,17,18042,0.6
Overall_Survival,dlt_only,10.734196257244024,1.804861926689571,11.946911379003078,1.0252115271122282,11.297679795454151,96,92,0.016442060470581055,0.007843684349815003,nominal,96,17,18042,0.6
all_constraints,dlt_only,0.7065217391304348,0.45785077175051975,0.9347826086956522,0.24826199498867577,32.307692307692314,96,92,0.016442060470581055,0.007843684349815003,nominal,96,17,18042,0.6
Any_DLT,all_constraints,0.8681318681318682,0.3402218625410715,1.0,0.0,15.189873417721516,96,91,0.05876684685548147,0.04506342432275032,nominal,96,17,18042,0.6
Blood,all_constraints,0.8791208791208791,0.3277927812629611,1.0,0.0,13.750000000000002,96,91,0.05876684685548147,0.04506342432275032,nominal,96,17,18042,0.6
Constitutional,all_constraints,0.8791208791208791,0.3277927812629611,0.9560439560439561,0.20613306986226757,8.750000000000007,96,91,0.05876684685548147,0.04506342432275032,nominal,96,17,18042,0.6
Infection,all_constraints,0.8791208791208791,0.3277927812629611,1.0,0.0,13.750000000000002,96,91,0.05876684685548147,0.04506342432275032,nominal,96,17,18042,0.6
Gastrointestinal,all_constraints,0.8681318681318682,0.34022186254107156,1.0,0.0,15.189873417721516,96,91,0.05876684685548147,0.04506342432275032,nominal,96,17,18042,0.6
Overall_Survival,all_constraints,10.763135041507168,1.7459924624753642,11.868554613348683,1.125327112860266,10.270423696985626,96,91,0.05876684685548147,0.04506342432275032,nominal,96,17,18042,0.6
all_constraints,all_constraints,0.7142857142857143,0.45425676257949793,0.9560439560439561,0.20613306986226757,33.84615384615385,96,91,0.05876684685548147,0.04506342432275032,nominal,96,17,18042,0.6
Any_DLT,dlt_only,0.8478260869565217,0.36115755925730764,1.0,0.0,17.948717948717952,96,92,0.015948278208573658,0.012795151642748213,robust_reg,96,17,18042,0.6
Blood,dlt_only,0.8804347826086957,0.32623025995934074,1.0,0.0,13.580246913580243,96,92,0.015948278208573658,0.012795151642748213,robust_reg,96,17,18042,0.6
Constitutional,dlt_only,0.8804347826086957,0.32623025995934074,0.9565217391304348,0.20504855915155562,8.641975308641976,96,92,0.015948278208573658,0.012795151642748213,robust_reg,96,17,18042,0.6
Infection,dlt_only,0.8695652173913043,0.3386265505758479,1.0,0.0,15.000000000000004,96,92,0.015948278208573658,0.012795151642748213,robust_reg,96,17,18042,0.6
Gastrointestinal,dlt_only,0.8586956521739131,0.3502439256481348,1.0,0.0,16.45569620253164,96,92,0.015948278208573658,0.012795151642748213,robust_reg,96,17,18042,0.6
Overall_Survival,dlt_only,10.734196257244024,1.804861926689571,11.986211567411148,0.9838730979056051,11.6638011842032,96,92,0.015948278208573658,0.012795151642748213,robust_reg,96,17,18042,0.6
all_constraints,dlt_only,0.7065217391304348,0.45785077175051975,0.9565217391304348,0.20504855915155562,35.38461538461538,96,92,0.015948278208573658,0.012795151642748213,robust_reg,96,17,18042,0.6
Any_DLT,all_constraints,0.8681318681318682,0.3402218625410715,1.0,0.0,15.189873417721516,96,91,0.06320051352183025,0.05542152123363973,robust_reg,95,17,18042,0.6
Blood,all_constraints,0.8791208791208791,0.3277927812629611,1.0,0.0,13.750000000000002,96,91,0.06320051352183025,0.05542152123363973,robust_reg,95,17,18042,0.6
Constitutional,all_constraints,0.8791208791208791,0.3277927812629611,0.9560439560439561,0.20613306986226757,8.750000000000007,96,91,0.06320051352183025,0.05542152123363973,robust_reg,95,17,18042,0.6
Infection,all_constraints,0.8791208791208791,0.3277927812629611,1.0,0.0,13.750000000000002,96,91,0.06320051352183025,0.05542152123363973,robust_reg,95,17,18042,0.6
Gastrointestinal,all_constraints,0.8681318681318682,0.34022186254107156,1.0,0.0,15.189873417721516,96,91,0.06320051352183025,0.05542152123363973,robust_reg,95,17,18042,0.6
Overall_Survival,all_constraints,10.763135041507168,1.7459924624753642,11.871334357081649,1.0754987008818058,10.296250221713278,96,91,0.06320051352183025,0.05542152123363973,robust_reg,95,17,18042,0.6
all_constraints,all_constraints,0.7142857142857143,0.45425676257949793,0.9560439560439561,0.20613306986226757,33.84615384615385,96,91,0.06320051352183025,0.05542152123363973,robust_reg,95,17,18042,0.6
Any_DLT,dlt_only,0.8478260869565217,0.36115755925730764,0.9782608695652174,0.14662959759729016,15.384615384615389,96,92,0.03572330127159754,0.05979738979734475,cp,92,17,18042,0.6
Blood,dlt_only,0.8804347826086957,0.32623025995934074,0.9456521739130435,0.22794497286530102,7.407407407407402,96,92,0.03572330127159754,0.05979738979734475,cp,92,17,18042,0.6
Constitutional,dlt_only,0.8804347826086957,0.32623025995934074,0.9456521739130435,0.22794497286530102,7.407407407407402,96,92,0.03572330127159754,0.05979738979734475,cp,92,17,18042,0.6
Infection,dlt_only,0.8695652173913043,0.3386265505758479,0.9565217391304348,0.20504855915155557,10.000000000000005,96,92,0.03572330127159754,0.05979738979734475,cp,92,17,18042,0.6
Gastrointestinal,dlt_only,0.8586956521739131,0.3502439256481348,0.9782608695652174,0.14662959759729016,13.924050632911388,96,92,0.03572330127159754,0.05979738979734475,cp,92,17,18042,0.6
Overall_Survival,dlt_only,10.734196257244024,1.804861926689571,11.343075924864014,1.122159640314243,5.6723358976139835,96,92,0.03572330127159754,0.05979738979734475,cp,92,17,18042,0.6
all_constraints,dlt_only,0.7065217391304348,0.45785077175051975,0.8913043478260869,0.31296251010007803,26.153846153846146,96,92,0.03572330127159754,0.05979738979734475,cp,92,17,18042,0.6
Any_DLT,all_constraints,0.8681318681318682,0.3402218625410715,0.989010989010989,0.1048284836721918,13.924050632911394,96,91,0.07151354849338531,0.09908935817573437,cp,92,17,18042,0.6
Blood,all_constraints,0.8791208791208791,0.3277927812629611,0.989010989010989,0.1048284836721918,12.500000000000007,96,91,0.07151354849338531,0.09908935817573437,cp,92,17,18042,0.6
Constitutional,all_constraints,0.8791208791208791,0.3277927812629611,0.967032967032967,0.17953950048508052,10.000000000000004,96,91,0.07151354849338531,0.09908935817573437,cp,92,17,18042,0.6
Infection,all_constraints,0.8791208791208791,0.3277927812629611,1.0,0.0,13.750000000000002,96,91,0.07151354849338531,0.09908935817573437,cp,92,17,18042,0.6
Gastrointestinal,all_constraints,0.8681318681318682,0.34022186254107156,1.0,0.0,15.189873417721516,96,91,0.07151354849338531,0.09908935817573437,cp,92,17,18042,0.6
Overall_Survival,all_constraints,10.763135041507168,1.7459924624753642,11.511453472944117,0.8818202726131883,6.952606545872736,96,91,0.07151354849338531,0.09908935817573437,cp,92,17,18042,0.6
all_constraints,all_constraints,0.7142857142857143,0.45425676257949793,0.967032967032967,0.17953950048508052,35.38461538461538,96,91,0.07151354849338531,0.09908935817573437,cp,92,17,18042,0.6
Any_DLT,dlt_only,0.8541666666666666,0.35479176002615415,1.0,0.0,17.07317073170732,96,96,0.01978759467601776,0.011542283755828818,nominal,96,18,19042,0.6
Blood,dlt_only,0.875,0.33245498310218435,1.0,0.0,14.285714285714286,96,96,0.01978759467601776,0.011542283755828818,nominal,96,18,19042,0.6
Constitutional,dlt_only,0.8645833333333334,0.34396424742808945,0.9166666666666666,0.27783625115549687,6.02409638554216,96,96,0.01978759467601776,0.011542283755828818,nominal,96,18,19042,0.6
Infection,dlt_only,0.8645833333333334,0.34396424742808945,1.0,0.0,15.662650602409633,96,96,0.01978759467601776,0.011542283755828818,nominal,96,18,19042,0.6
Gastrointestinal,dlt_only,0.8645833333333334,0.3439642474280894,1.0,0.0,15.662650602409633,96,96,0.01978759467601776,0.011542283755828818,nominal,96,18,19042,0.6
Overall_Survival,dlt_only,10.690597206168823,1.779425762099106,11.992224108393252,0.9740353829262507,12.175436761131996,96,96,0.01978759467601776,0.011542283755828818,nominal,96,18,19042,0.6
all_constraints,dlt_only,0.6979166666666666,0.4615714956689105,0.9166666666666666,0.27783625115549687,31.343283582089555,96,96,0.01978759467601776,0.011542283755828818,nominal,96,18,19042,0.6
Any_DLT,all_constraints,0.8876404494382022,0.3175975958515819,1.0,0.0,12.658227848101271,96,89,0.06827822575966518,0.011140916931492871,nominal,96,18,19042,0.6
Blood,all_constraints,0.8651685393258427,0.34347857005916343,1.0,0.0,15.584415584415584,96,89,0.06827822575966518,0.011140916931492871,nominal,96,18,19042,0.6
Constitutional,all_constraints,0.898876404494382,0.3032004969797108,0.9662921348314607,0.18149869785703643,7.500000000000007,96,89,0.06827822575966518,0.011140916931492871,nominal,96,18,19042,0.6
Infection,all_constraints,0.9101123595505618,0.2876412474452669,1.0,0.0,9.876543209876544,96,89,0.06827822575966518,0.011140916931492871,nominal,96,18,19042,0.6
Gastrointestinal,all_constraints,0.898876404494382,0.3032004969797108,1.0,0.0,11.250000000000004,96,89,0.06827822575966518,0.011140916931492871,nominal,96,18,19042,0.6
Overall_Survival,all_constraints,10.805781589912664,1.7400462101279661,12.01085314582373,0.9679084081939967,11.152099881752344,96,89,0.06827822575966518,0.011140916931492871,nominal,96,18,19042,0.6
all_constraints,all_constraints,0.7303370786516854,0.4462990473127607,0.9662921348314607,0.18149869785703643,32.30769230769231,96,89,0.06827822575966518,0.011140916931492871,nominal,96,18,19042,0.6
Any_DLT,dlt_only,0.8541666666666666,0.35479176002615415,1.0,0.0,17.07317073170732,96,96,0.017666699985663097,0.0018532039741712605,robust_reg,96,18,19042,0.6
Blood,dlt_only,0.875,0.33245498310218435,1.0,0.0,14.285714285714286,96,96,0.017666699985663097,0.0018532039741712605,robust_reg,96,18,19042,0.6
Constitutional,dlt_only,0.8645833333333334,0.34396424742808945,0.9166666666666666,0.27783625115549687,6.02409638554216,96,96,0.017666699985663097,0.0018532039741712605,robust_reg,96,18,19042,0.6
Infection,dlt_only,0.8645833333333334,0.34396424742808945,1.0,0.0,15.662650602409633,96,96,0.017666699985663097,0.0018532039741712605,robust_reg,96,18,19042,0.6
Gastrointestinal,dlt_only,0.8645833333333334,0.3439642474280894,1.0,0.0,15.662650602409633,96,96,0.017666699985663097,0.0018532039741712605,robust_reg,96,18,19042,0.6
Overall_Survival,dlt_only,10.690597206168823,1.779425762099106,11.992224108393252,0.9740353829262507,12.175436761131996,96,96,0.017666699985663097,0.0018532039741712605,robust_reg,96,18,19042,0.6
all_constraints,dlt_only,0.6979166666666666,0.4615714956689105,0.9166666666666666,0.27783625115549687,31.343283582089555,96,96,0.017666699985663097,0.0018532039741712605,robust_reg,96,18,19042,0.6
Any_DLT,all_constraints,0.8876404494382022,0.3175975958515819,0.9775280898876404,0.14905216367918436,10.126582278481013,96,89,0.07336653520663579,0.024718623608620663,robust_reg,96,18,19042,0.6
Blood,all_constraints,0.8651685393258427,0.34347857005916343,0.9775280898876404,0.14905216367918436,12.98701298701298,96,89,0.07336653520663579,0.024718623608620663,robust_reg,96,18,19042,0.6
Constitutional,all_constraints,0.898876404494382,0.3032004969797108,0.9775280898876404,0.14905216367918436,8.749999999999996,96,89,0.07336653520663579,0.024718623608620663,robust_reg,96,18,19042,0.6
Infection,all_constraints,0.9101123595505618,0.2876412474452669,0.9887640449438202,0.10599978800063597,8.641975308641973,96,89,0.07336653520663579,0.024718623608620663,robust_reg,96,18,19042,0.6
Gastrointestinal,all_constraints,0.898876404494382,0.3032004969797108,1.0,0.0,11.250000000000004,96,89,0.07336653520663579,0.024718623608620663,robust_reg,96,18,19042,0.6
Overall_Survival,all_constraints,10.805781589912664,1.7400462101279661,11.950707651981043,1.074780080853713,10.595495129544187,96,89,0.07336653520663579,0.024718623608620663,robust_reg,96,18,19042,0.6
all_constraints,all_constraints,0.7303370786516854,0.4462990473127607,0.9775280898876404,0.14905216367918436,33.84615384615384,96,89,0.07336653520663579,0.024718623608620663,robust_reg,96,18,19042,0.6
Any_DLT,dlt_only,0.8541666666666666,0.35479176002615415,0.9166666666666666,0.27783625115549687,7.317073170731708,96,96,0.05061678340037664,0.06068857609755837,cp,96,18,19042,0.6
Blood,dlt_only,0.875,0.33245498310218435,0.90625,0.2930106877878258,3.5714285714285716,96,96,0.05061678340037664,0.06068857609755837,cp,96,18,19042,0.6
Constitutional,dlt_only,0.8645833333333334,0.34396424742808945,0.9270833333333334,0.2613645031536837,7.228915662650602,96,96,0.05061678340037664,0.06068857609755837,cp,96,18,19042,0.6
Infection,dlt_only,0.8645833333333334,0.34396424742808945,0.90625,0.2930106877878258,4.81927710843373,96,96,0.05061678340037664,0.06068857609755837,cp,96,18,19042,0.6
Gastrointestinal,dlt_only,0.8645833333333334,0.3439642474280894,0.8229166666666666,0.3837431066870447,-4.819277108433743,96,96,0.05061678340037664,0.06068857609755837,cp,96,18,19042,0.6
Overall_Survival,dlt_only,10.690597206168823,1.779425762099106,11.683030102864466,0.8546523897289656,9.283231587127583,96,96,0.05061678340037664,0.06068857609755837,cp,96,18,19042,0.6
all_constraints,dlt_only,0.6979166666666666,0.4615714956689105,0.75,0.435285750066007,7.4626865671641855,96,96,0.05061678340037664,0.06068857609755837,cp,96,18,19042,0.6
Any_DLT,all_constraints,0.8876404494382022,0.3175975958515819,0.9438202247191011,0.23157320469295906,6.3291139240506356,96,89,0.1924253304799398,0.18857607067165472,cp,89,18,19042,0.6
Blood,all_constraints,0.8651685393258427,0.34347857005916343,0.9438202247191011,0.23157320469295906,9.090909090909088,96,89,0.1924253304799398,0.18857607067165472,cp,89,18,19042,0.6
Constitutional,all_constraints,0.898876404494382,0.3032004969797108,0.9662921348314607,0.18149869785703643,7.500000000000007,96,89,0.1924253304799398,0.18857607067165472,cp,89,18,19042,0.6
Infection,all_constraints,0.9101123595505618,0.2876412474452669,0.9550561797752809,0.20835461246451933,4.938271604938272,96,89,0.1924253304799398,0.18857607067165472,cp,89,18,19042,0.6
Gastrointestinal,all_constraints,0.898876404494382,0.3032004969797108,0.9438202247191011,0.23157320469295906,5.000000000000001,96,89,0.1924253304799398,0.18857607067165472,cp,89,18,19042,0.6
Overall_Survival,all_constraints,10.805781589912664,1.7400462101279661,11.664513182926589,1.2648853865350793,7.9469641864274,96,89,0.1924253304799398,0.18857607067165472,cp,89,18,19042,0.6
all_constraints,all_constraints,0.7303370786516854,0.4462990473127607,0.8876404494382022,0.3175975958515819,21.53846153846153,96,89,0.1924253304799398,0.18857607067165472,cp,89,18,19042,0.6
Any_DLT,dlt_only,0.8541666666666666,0.35479176002615415,1.0,0.0,17.07317073170732,96,96,0.010879601041475931,0.0008711595415335408,nominal,96,19,20042,0.6
Blood,dlt_only,0.875,0.33245498310218435,1.0,0.0,14.285714285714286,96,96,0.010879601041475931,0.0008711595415335408,nominal,96,19,20042,0.6
Constitutional,dlt_only,0.8645833333333334,0.34396424742808945,0.9479166666666666,0.22336148028967082,9.63855421686746,96,96,0.010879601041475931,0.0008711595415335408,nominal,96,19,20042,0.6
Infection,dlt_only,0.8645833333333334,0.34396424742808945,1.0,0.0,15.662650602409633,96,96,0.010879601041475931,0.0008711595415335408,nominal,96,19,20042,0.6
Gastrointestinal,dlt_only,0.8645833333333334,0.3439642474280894,1.0,0.0,15.662650602409633,96,96,0.010879601041475931,0.0008711595415335408,nominal,96,19,20042,0.6
Overall_Survival,dlt_only,10.690597206168823,1.779425762099106,11.961886045139314,0.9719999542884764,11.891654081185628,96,96,0.010879601041475931,0.0008711595415335408,nominal,96,19,20042,0.6
all_constraints,dlt_only,0.6979166666666666,0.4615714956689105,0.9479166666666666,0.22336148028967082,35.820895522388064,96,96,0.010879601041475931,0.0008711595415335408,nominal,96,19,20042,0.6
Any_DLT,all_constraints,0.8602150537634409,0.34864326633713344,0.989247311827957,0.10369516947304255,14.999999999999998,96,93,0.042621687054634094,0.023075623457975068,nominal,96,19,20042,0.6
Blood,all_constraints,0.8817204301075269,0.3246892281923761,0.978494623655914,0.1458479422322764,10.975609756097564,96,93,0.042621687054634094,0.023075623457975068,nominal,96,19,20042,0.6
Constitutional,all_constraints,0.8602150537634409,0.34864326633713344,0.9354838709677419,0.2470016552005456,8.749999999999993,96,93,0.042621687054634094,0.023075623457975068,nominal,96,19,20042,0.6
Infection,all_constraints,0.8709677419354839,0.33705264882291225,1.0,0.0,14.814814814814813,96,93,0.042621687054634094,0.023075623457975068,nominal,96,19,20042,0.6
Gastrointestinal,all_constraints,0.8602150537634409,0.34864326633713344,0.989247311827957,0.10369516947304255,14.999999999999998,96,93,0.042621687054634094,0.023075623457975068,nominal,96,19,20042,0.6
Overall_Survival,all_constraints,10.676237514755638,1.8002637461380806,11.846293200184697,1.0475927315190694,10.959438508293992,96,93,0.042621687054634094,0.023075623457975068,nominal,96,19,20042,0.6
all_constraints,all_constraints,0.6989247311827957,0.461211689502656,0.9247311827956989,0.2652545594323927,32.30769230769229,96,93,0.042621687054634094,0.023075623457975068,nominal,96,19,20042,0.6
Any_DLT,dlt_only,0.8541666666666666,0.35479176002615415,1.0,0.0,17.07317073170732,96,96,0.010383312900861105,0.0007795890426830775,robust_reg,96,19,20042,0.6
Blood,dlt_only,0.875,0.33245498310218435,1.0,0.0,14.285714285714286,96,96,0.010383312900861105,0.0007795890426830775,robust_reg,96,19,20042,0.6
Constitutional,dlt_only,0.8645833333333334,0.34396424742808945,0.9791666666666666,0.143575886163796,13.253012048192762,96,96,0.010383312900861105,0.0007795890426830775,robust_reg,96,19,20042,0.6
Infection,dlt_only,0.8645833333333334,0.34396424742808945,1.0,0.0,15.662650602409633,96,96,0.010383312900861105,0.0007795890426830775,robust_reg,96,19,20042,0.6
Gastrointestinal,dlt_only,0.8645833333333334,0.3439642474280894,1.0,0.0,15.662650602409633,96,96,0.010383312900861105,0.0007795890426830775,robust_reg,96,19,20042,0.6
Overall_Survival,dlt_only,10.690597206168823,1.779425762099106,11.962192602643894,0.961952844325052,11.894521624491839,96,96,0.010383312900861105,0.0007795890426830775,robust_reg,96,19,20042,0.6
all_constraints,dlt_only,0.6979166666666666,0.4615714956689105,0.9791666666666666,0.143575886163796,40.29850746268657,96,96,0.010383312900861105,0.0007795890426830775,robust_reg,96,19,20042,0.6
Any_DLT,all_constraints,0.8602150537634409,0.34864326633713344,0.989247311827957,0.10369516947304255,14.999999999999998,96,93,0.044895718495051064,0.03977561769806719,robust_reg,96,19,20042,0.6
Blood,all_constraints,0.8817204301075269,0.3246892281923761,0.989247311827957,0.10369516947304255,12.195121951219514,96,93,0.044895718495051064,0.03977561769806719,robust_reg,96,19,20042,0.6
Constitutional,all_constraints,0.8602150537634409,0.34864326633713344,0.967741935483871,0.17764234361221226,12.500000000000002,96,93,0.044895718495051064,0.03977561769806719,robust_reg,96,19,20042,0.6
Infection,all_constraints,0.8709677419354839,0.33705264882291225,1.0,0.0,14.814814814814813,96,93,0.044895718495051064,0.03977561769806719,robust_reg,96,19,20042,0.6
Gastrointestinal,all_constraints,0.8602150537634409,0.34864326633713344,0.989247311827957,0.10369516947304255,14.999999999999998,96,93,0.044895718495051064,0.03977561769806719,robust_reg,96,19,20042,0.6
Overall_Survival,all_constraints,10.676237514755638,1.8002637461380806,11.834125338482504,1.1037661444019429,10.845467067649526,96,93,0.044895718495051064,0.03977561769806719,robust_reg,96,19,20042,0.6
all_constraints,all_constraints,0.6989247311827957,0.461211689502656,0.967741935483871,0.17764234361221226,38.46153846153845,96,93,0.044895718495051064,0.03977561769806719,robust_reg,96,19,20042,0.6
Any_DLT,dlt_only,0.8541666666666666,0.35479176002615415,0.9895833333333334,0.10206207261596574,15.853658536585376,96,96,0.02932828664779663,0.03513595661298597,cp,96,19,20042,0.6
Blood,dlt_only,0.875,0.33245498310218435,0.9895833333333334,0.10206207261596574,13.0952380952381,96,96,0.02932828664779663,0.03513595661298597,cp,96,19,20042,0.6
Constitutional,dlt_only,0.8645833333333334,0.34396424742808945,0.9583333333333334,0.20087527770480484,10.843373493975903,96,96,0.02932828664779663,0.03513595661298597,cp,96,19,20042,0.6
Infection,dlt_only,0.8645833333333334,0.34396424742808945,0.9895833333333334,0.10206207261596574,14.457831325301203,96,96,0.02932828664779663,0.03513595661298597,cp,96,19,20042,0.6
Gastrointestinal,dlt_only,0.8645833333333334,0.3439642474280894,1.0,0.0,15.662650602409633,96,96,0.02932828664779663,0.03513595661298597,cp,96,19,20042,0.6
Overall_Survival,dlt_only,10.690597206168823,1.779425762099106,11.925759917669444,0.9687986975960379,11.55372976532959,96,96,0.02932828664779663,0.03513595661298597,cp,96,19,20042,0.6
all_constraints,dlt_only,0.6979166666666666,0.4615714956689105,0.9583333333333334,0.20087527770480484,37.31343283582091,96,96,0.02932828664779663,0.03513595661298597,cp,96,19,20042,0.6
Any_DLT,all_constraints,0.8602150537634409,0.34864326633713344,0.989247311827957,0.10369516947304255,14.999999999999998,96,93,0.27937498937050503,0.7153514227248121,cp,93,19,20042,0.6
Blood,all_constraints,0.8817204301075269,0.3246892281923761,0.978494623655914,0.1458479422322764,10.975609756097564,96,93,0.27937498937050503,0.7153514227248121,cp,93,19,20042,0.6
Constitutional,all_constraints,0.8602150537634409,0.34864326633713344,0.946236559139785,0.22677279367959727,10.000000000000004,96,93,0.27937498937050503,0.7153514227248121,cp,93,19,20042,0.6
Infection,all_constraints,0.8709677419354839,0.33705264882291225,0.989247311827957,0.10369516947304255,13.580246913580247,96,93,0.27937498937050503,0.7153514227248121,cp,93,19,20042,0.6
Gastrointestinal,all_constraints,0.8602150537634409,0.34864326633713344,1.0,0.0,16.249999999999996,96,93,0.27937498937050503,0.7153514227248121,cp,93,19,20042,0.6
Overall_Survival,all_constraints,10.676237514755638,1.8002637461380806,11.4038532709497,1.0260498790112549,6.815282586102302,96,93,0.27937498937050503,0.7153514227248121,cp,93,19,20042,0.6
all_constraints,all_constraints,0.6989247311827957,0.461211689502656,0.946236559139785,0.22677279367959727,35.38461538461538,96,93,0.27937498937050503,0.7153514227248121,cp,93,19,20042,0.6
Any_DLT,dlt_only,0.8541666666666666,0.35479176002615415,1.0,0.0,17.07317073170732,96,96,0.013352262477080027,0.022736397234796465,nominal,96,20,21042,0.6
Blood,dlt_only,0.875,0.33245498310218435,1.0,0.0,14.285714285714286,96,96,0.013352262477080027,0.022736397234796465,nominal,96,20,21042,0.6
Constitutional,dlt_only,0.8645833333333334,0.34396424742808945,0.9375,0.2433321316961438,8.43373493975903,96,96,0.013352262477080027,0.022736397234796465,nominal,96,20,21042,0.6
Infection,dlt_only,0.8645833333333334,0.34396424742808945,1.0,0.0,15.662650602409633,96,96,0.013352262477080027,0.022736397234796465,nominal,96,20,21042,0.6
Gastrointestinal,dlt_only,0.8645833333333334,0.3439642474280894,1.0,0.0,15.662650602409633,96,96,0.013352262477080027,0.022736397234796465,nominal,96,20,21042,0.6
Overall_Survival,dlt_only,10.690597206168823,1.779425762099106,11.944149611471518,0.9964901219328518,11.725747225602653,96,96,0.013352262477080027,0.022736397234796465,nominal,96,20,21042,0.6
all_constraints,dlt_only,0.6979166666666666,0.4615714956689105,0.9375,0.2433321316961438,34.32835820895523,96,96,0.013352262477080027,0.022736397234796465,nominal,96,20,21042,0.6
Any_DLT,all_constraints,0.8777777777777778,0.3293772734489573,1.0,0.0,13.924050632911394,96,90,0.07711007942756017,0.15620987000370956,nominal,96,20,21042,0.6
Blood,all_constraints,0.8777777777777778,0.3293772734489573,1.0,0.0,13.924050632911394,96,90,0.07711007942756017,0.15620987000370956,nominal,96,20,21042,0.6
Constitutional,all_constraints,0.9111111111111111,0.28617761611461456,1.0,0.0,9.756097560975613,96,90,0.07711007942756017,0.15620987000370956,nominal,96,20,21042,0.6
Infection,all_constraints,0.9,0.3016806854192959,1.0,0.0,11.111111111111109,96,90,0.07711007942756017,0.15620987000370956,nominal,96,20,21042,0.6
Gastrointestinal,all_constraints,0.8888888888888888,0.31603030875998483,1.0,0.0,12.500000000000007,96,90,0.07711007942756017,0.15620987000370956,nominal,96,20,21042,0.6
Overall_Survival,all_constraints,10.788990019894992,1.7313608287620066,11.89435161270396,1.0854638619116064,10.245274031866485,96,90,0.07711007942756017,0.15620987000370956,nominal,96,20,21042,0.6
all_constraints,all_constraints,0.7444444444444445,0.4386165972131145,1.0,0.0,34.32835820895522,96,90,0.07711007942756017,0.15620987000370956,nominal,96,20,21042,0.6
Any_DLT,dlt_only,0.8541666666666666,0.35479176002615415,1.0,0.0,17.07317073170732,96,96,0.012729803721110025,0.001891430829382255,robust_reg,96,20,21042,0.6
Blood,dlt_only,0.875,0.33245498310218435,1.0,0.0,14.285714285714286,96,96,0.012729803721110025,0.001891430829382255,robust_reg,96,20,21042,0.6
Constitutional,dlt_only,0.8645833333333334,0.34396424742808945,0.9583333333333334,0.20087527770480484,10.843373493975903,96,96,0.012729803721110025,0.001891430829382255,robust_reg,96,20,21042,0.6
Infection,dlt_only,0.8645833333333334,0.34396424742808945,1.0,0.0,15.662650602409633,96,96,0.012729803721110025,0.001891430829382255,robust_reg,96,20,21042,0.6
Gastrointestinal,dlt_only,0.8645833333333334,0.3439642474280894,1.0,0.0,15.662650602409633,96,96,0.012729803721110025,0.001891430829382255,robust_reg,96,20,21042,0.6
Overall_Survival,dlt_only,10.690597206168823,1.779425762099106,11.960156374249209,0.9637821549526857,11.875474714806476,96,96,0.012729803721110025,0.001891430829382255,robust_reg,96,20,21042,0.6
all_constraints,dlt_only,0.6979166666666666,0.4615714956689105,0.9583333333333334,0.20087527770480484,37.31343283582091,96,96,0.012729803721110025,0.001891430829382255,robust_reg,96,20,21042,0.6
Any_DLT,all_constraints,0.8777777777777778,0.3293772734489573,1.0,0.0,13.924050632911394,96,90,0.04455600927273432,0.021777201740606683,robust_reg,96,20,21042,0.6
Blood,all_constraints,0.8777777777777778,0.3293772734489573,1.0,0.0,13.924050632911394,96,90,0.04455600927273432,0.021777201740606683,robust_reg,96,20,21042,0.6
Constitutional,all_constraints,0.9111111111111111,0.28617761611461456,0.9888888888888889,0.10540925533894599,8.536585365853666,96,90,0.04455600927273432,0.021777201740606683,robust_reg,96,20,21042,0.6
Infection,all_constraints,0.9,0.3016806854192959,1.0,0.0,11.111111111111109,96,90,0.04455600927273432,0.021777201740606683,robust_reg,96,20,21042,0.6
Gastrointestinal,all_constraints,0.8888888888888888,0.31603030875998483,1.0,0.0,12.500000000000007,96,90,0.04455600927273432,0.021777201740606683,robust_reg,96,20,21042,0.6
Overall_Survival,all_constraints,10.788990019894992,1.7313608287620066,11.971834776477001,0.9630480785030848,10.963442865373242,96,90,0.04455600927273432,0.021777201740606683,robust_reg,96,20,21042,0.6
all_constraints,all_constraints,0.7444444444444445,0.4386165972131145,0.9888888888888889,0.10540925533894599,32.83582089552239,96,90,0.04455600927273432,0.021777201740606683,robust_reg,96,20,21042,0.6
Any_DLT,dlt_only,0.8541666666666666,0.35479176002615415,0.9583333333333334,0.20087527770480484,12.195121951219523,96,96,0.03090321769316991,0.04132317065033118,cp,96,20,21042,0.6
Blood,dlt_only,0.875,0.33245498310218435,0.90625,0.2930106877878258,3.5714285714285716,96,96,0.03090321769316991,0.04132317065033118,cp,96,20,21042,0.6
Constitutional,dlt_only,0.8645833333333334,0.34396424742808945,0.9583333333333334,0.20087527770480487,10.843373493975903,96,96,0.03090321769316991,0.04132317065033118,cp,96,20,21042,0.6
Infection,dlt_only,0.8645833333333334,0.34396424742808945,0.90625,0.2930106877878258,4.81927710843373,96,96,0.03090321769316991,0.04132317065033118,cp,96,20,21042,0.6
Gastrointestinal,dlt_only,0.8645833333333334,0.3439642474280894,0.9895833333333334,0.10206207261596574,14.457831325301203,96,96,0.03090321769316991,0.04132317065033118,cp,96,20,21042,0.6
Overall_Survival,dlt_only,10.690597206168823,1.779425762099106,11.759043666720972,0.9873278227222538,9.994263556535651,96,96,0.03090321769316991,0.04132317065033118,cp,96,20,21042,0.6
all_constraints,dlt_only,0.6979166666666666,0.4615714956689105,0.8645833333333334,0.3439642474280894,23.880597014925385,96,96,0.03090321769316991,0.04132317065033118,cp,96,20,21042,0.6
Any_DLT,all_constraints,0.8777777777777778,0.3293772734489573,1.0,0.0,13.924050632911394,96,90,0.06751564641793568,0.07227560398500009,cp,90,20,21042,0.6
Blood,all_constraints,0.8777777777777778,0.3293772734489573,1.0,0.0,13.924050632911394,96,90,0.06751564641793568,0.07227560398500009,cp,90,20,21042,0.6
Constitutional,all_constraints,0.9111111111111111,0.28617761611461456,0.9555555555555556,0.20723493215097802,4.878048780487812,96,90,0.06751564641793568,0.07227560398500009,cp,90,20,21042,0.6
Infection,all_constraints,0.9,0.3016806854192959,1.0,0.0,11.111111111111109,96,90,0.06751564641793568,0.07227560398500009,cp,90,20,21042,0.6
Gastrointestinal,all_constraints,0.8888888888888888,0.31603030875998483,1.0,0.0,12.500000000000007,96,90,0.06751564641793568,0.07227560398500009,cp,90,20,21042,0.6
Overall_Survival,all_constraints,10.788990019894992,1.7313608287620066,11.84926175575861,1.1175252306774537,9.827349306176638,96,90,0.06751564641793568,0.07227560398500009,cp,90,20,21042,0.6
all_constraints,all_constraints,0.7444444444444445,0.4386165972131145,0.9555555555555556,0.20723493215097802,28.358208955223883,96,90,0.06751564641793568,0.07227560398500009,cp,90,20,21042,0.6
Any_DLT,dlt_only,0.8526315789473684,0.35635331059341196,1.0,0.0,17.283950617283953,96,95,0.010238846143086752,0.0016306570594791705,nominal,96,21,22042,0.6
Blood,dlt_only,0.8736842105263158,0.33396729560733096,1.0,0.0,14.457831325301198,96,95,0.010238846143086752,0.0016306570594791705,nominal,96,21,22042,0.6
Constitutional,dlt_only,0.8736842105263158,0.333967295607331,0.9578947368421052,0.20189472049435528,9.63855421686746,96,95,0.010238846143086752,0.0016306570594791705,nominal,96,21,22042,0.6
Infection,dlt_only,0.8631578947368421,0.34550383548659225,1.0,0.0,15.853658536585364,96,95,0.010238846143086752,0.0016306570594791705,nominal,96,21,22042,0.6
Gastrointestinal,dlt_only,0.8631578947368421,0.34550383548659225,1.0,0.0,15.853658536585364,96,95,0.010238846143086752,0.0016306570594791705,nominal,96,21,22042,0.6
Overall_Survival,dlt_only,10.700988303109694,1.7859352786035234,11.966897599454553,0.9762811365091252,11.829835343124213,96,95,0.010238846143086752,0.0016306570594791705,nominal,96,21,22042,0.6
all_constraints,dlt_only,0.7052631578947368,0.4583430892442981,0.9578947368421052,0.20189472049435528,35.820895522388064,96,95,0.010238846143086752,0.0016306570594791705,nominal,96,21,22042,0.6
Any_DLT,all_constraints,0.8681318681318682,0.34022186254107156,1.0,0.0,15.189873417721516,96,91,0.059202633798122406,0.08716744714008039,nominal,96,21,22042,0.6
Blood,all_constraints,0.8901098901098901,0.31448545101657543,1.0,0.0,12.345679012345686,96,91,0.059202633798122406,0.08716744714008039,nominal,96,21,22042,0.6
Constitutional,all_constraints,0.8791208791208791,0.3277927812629611,0.945054945054945,0.22913544575873138,7.499999999999999,96,91,0.059202633798122406,0.08716744714008039,nominal,96,21,22042,0.6
Infection,all_constraints,0.8791208791208791,0.3277927812629611,1.0,0.0,13.750000000000002,96,91,0.059202633798122406,0.08716744714008039,nominal,96,21,22042,0.6
Gastrointestinal,all_constraints,0.8791208791208791,0.3277927812629611,1.0,0.0,13.750000000000002,96,91,0.059202633798122406,0.08716744714008039,nominal,96,21,22042,0.6
Overall_Survival,all_constraints,10.641769655254318,1.7312609992381292,11.748434581274559,1.2015644948136133,10.399256532242552,96,91,0.059202633798122406,0.08716744714008039,nominal,96,21,22042,0.6
all_constraints,all_constraints,0.7362637362637363,0.4430993075338713,0.945054945054945,0.22913544575873138,28.35820895522387,96,91,0.059202633798122406,0.08716744714008039,nominal,96,21,22042,0.6
Any_DLT,dlt_only,0.8526315789473684,0.35635331059341196,1.0,0.0,17.283950617283953,96,95,0.01420649141073227,0.002584559187045923,robust_reg,96,21,22042,0.6
Blood,dlt_only,0.8736842105263158,0.33396729560733096,1.0,0.0,14.457831325301198,96,95,0.01420649141073227,0.002584559187045923,robust_reg,96,21,22042,0.6
Constitutional,dlt_only,0.8736842105263158,0.333967295607331,0.9789473684210527,0.1443214031708876,12.048192771084336,96,95,0.01420649141073227,0.002584559187045923,robust_reg,96,21,22042,0.6
Infection,dlt_only,0.8631578947368421,0.34550383548659225,1.0,0.0,15.853658536585364,96,95,0.01420649141073227,0.002584559187045923,robust_reg,96,21,22042,0.6
Gastrointestinal,dlt_only,0.8631578947368421,0.34550383548659225,1.0,0.0,15.853658536585364,96,95,0.01420649141073227,0.002584559187045923,robust_reg,96,21,22042,0.6
Overall_Survival,dlt_only,10.700988303109694,1.7859352786035234,11.960031184806866,0.9682546442273046,11.765669170307334,96,95,0.01420649141073227,0.002584559187045923,robust_reg,96,21,22042,0.6
all_constraints,dlt_only,0.7052631578947368,0.4583430892442981,0.9789473684210527,0.1443214031708876,38.805970149253746,96,95,0.01420649141073227,0.002584559187045923,robust_reg,96,21,22042,0.6
Any_DLT,all_constraints,0.8681318681318682,0.34022186254107156,1.0,0.0,15.189873417721516,96,91,0.061590234438578285,0.05130106514572524,robust_reg,96,21,22042,0.6
Blood,all_constraints,0.8901098901098901,0.31448545101657543,0.989010989010989,0.1048284836721918,11.111111111111121,96,91,0.061590234438578285,0.05130106514572524,robust_reg,96,21,22042,0.6
Constitutional,all_constraints,0.8791208791208791,0.3277927812629611,0.9560439560439561,0.2061330698622676,8.750000000000007,96,91,0.061590234438578285,0.05130106514572524,robust_reg,96,21,22042,0.6
Infection,all_constraints,0.8791208791208791,0.3277927812629611,1.0,0.0,13.750000000000002,96,91,0.061590234438578285,0.05130106514572524,robust_reg,96,21,22042,0.6
Gastrointestinal,all_constraints,0.8791208791208791,0.3277927812629611,1.0,0.0,13.750000000000002,96,91,0.061590234438578285,0.05130106514572524,robust_reg,96,21,22042,0.6
Overall_Survival,all_constraints,10.641769655254318,1.7312609992381292,11.878786826821736,1.0317903204532641,11.624167893510522,96,91,0.061590234438578285,0.05130106514572524,robust_reg,96,21,22042,0.6
all_constraints,all_constraints,0.7362637362637363,0.4430993075338713,0.945054945054945,0.22913544575873138,28.35820895522387,96,91,0.061590234438578285,0.05130106514572524,robust_reg,96,21,22042,0.6
Any_DLT,dlt_only,0.8526315789473684,0.35635331059341196,0.968421052631579,0.17580402404729137,13.58024691358025,96,95,0.033774301409721375,0.05528412133062033,cp,95,21,22042,0.6
Blood,dlt_only,0.8736842105263158,0.33396729560733096,0.9052631578947369,0.2944047080786205,3.6144578313252995,96,95,0.033774301409721375,0.05528412133062033,cp,95,21,22042,0.6
Constitutional,dlt_only,0.8736842105263158,0.333967295607331,0.9157894736842105,0.27917652063748477,4.819277108433724,96,95,0.033774301409721375,0.05528412133062033,cp,95,21,22042,0.6
Infection,dlt_only,0.8631578947368421,0.34550383548659225,0.9578947368421052,0.2018947204943553,10.975609756097557,96,95,0.033774301409721375,0.05528412133062033,cp,95,21,22042,0.6
Gastrointestinal,dlt_only,0.8631578947368421,0.34550383548659225,0.9894736842105263,0.10259783520851543,14.634146341463408,96,95,0.033774301409721375,0.05528412133062033,cp,95,21,22042,0.6
Overall_Survival,dlt_only,10.700988303109694,1.7859352786035234,11.655516884396217,1.1551088784576518,8.920003968317001,96,95,0.033774301409721375,0.05528412133062033,cp,95,21,22042,0.6
all_constraints,dlt_only,0.7052631578947368,0.4583430892442981,0.8210526315789474,0.38534172091962604,16.417910447761198,96,95,0.033774301409721375,0.05528412133062033,cp,95,21,22042,0.6
Any_DLT,all_constraints,0.8681318681318682,0.34022186254107156,1.0,0.0,15.189873417721516,96,91,0.12357223778963089,0.10786742944279364,cp,91,21,22042,0.6
Blood,all_constraints,0.8901098901098901,0.31448545101657543,0.967032967032967,0.17953950048508055,8.641975308641983,96,91,0.12357223778963089,0.10786742944279364,cp,91,21,22042,0.6
Constitutional,all_constraints,0.8791208791208791,0.3277927812629611,0.9560439560439561,0.20613306986226762,8.750000000000007,96,91,0.12357223778963089,0.10786742944279364,cp,91,21,22042,0.6
Infection,all_constraints,0.8791208791208791,0.3277927812629611,0.989010989010989,0.1048284836721918,12.500000000000007,96,91,0.12357223778963089,0.10786742944279364,cp,91,21,22042,0.6
Gastrointestinal,all_constraints,0.8791208791208791,0.3277927812629611,0.989010989010989,0.10482848367219182,12.500000000000007,96,91,0.12357223778963089,0.10786742944279364,cp,91,21,22042,0.6
Overall_Survival,all_constraints,10.641769655254318,1.7312609992381292,11.439318678095423,1.2828698629959063,7.4945149977693735,96,91,0.12357223778963089,0.10786742944279364,cp,91,21,22042,0.6
all_constraints,all_constraints,0.7362637362637363,0.4430993075338713,0.9120879120879121,0.2847358092591816,23.880597014925364,96,91,0.12357223778963089,0.10786742944279364,cp,91,21,22042,0.6
Any_DLT,dlt_only,0.8541666666666666,0.35479176002615415,1.0,0.0,17.07317073170732,96,96,0.009833504756291708,0.0006544540181423103,nominal,96,22,23042,0.6
Blood,dlt_only,0.875,0.33245498310218435,1.0,0.0,14.285714285714286,96,96,0.009833504756291708,0.0006544540181423103,nominal,96,22,23042,0.6
Constitutional,dlt_only,0.8645833333333334,0.34396424742808945,0.9479166666666666,0.22336148028967082,9.63855421686746,96,96,0.009833504756291708,0.0006544540181423103,nominal,96,22,23042,0.6
Infection,dlt_only,0.8645833333333334,0.34396424742808945,1.0,0.0,15.662650602409633,96,96,0.009833504756291708,0.0006544540181423103,nominal,96,22,23042,0.6
Gastrointestinal,dlt_only,0.8645833333333334,0.3439642474280894,1.0,0.0,15.662650602409633,96,96,0.009833504756291708,0.0006544540181423103,nominal,96,22,23042,0.6
Overall_Survival,dlt_only,10.690597206168823,1.779425762099106,11.960780984724602,0.9632658713395827,11.88131733017536,96,96,0.009833504756291708,0.0006544540181423103,nominal,96,22,23042,0.6
all_constraints,dlt_only,0.6979166666666666,0.4615714956689105,0.9479166666666666,0.22336148028967082,35.820895522388064,96,96,0.009833504756291708,0.0006544540181423103,nominal,96,22,23042,0.6
Any_DLT,all_constraints,0.8695652173913043,0.33862655057584784,1.0,0.0,15.000000000000004,96,92,0.05245807021856308,0.03478921523049284,nominal,92,22,23042,0.6
Blood,all_constraints,0.8695652173913043,0.3386265505758479,0.9891304347826086,0.10425720702853734,13.749999999999996,96,92,0.05245807021856308,0.03478921523049284,nominal,92,22,23042,0.6
Constitutional,all_constraints,0.8913043478260869,0.312962510100078,0.9565217391304348,0.20504855915155562,7.317073170731716,96,92,0.05245807021856308,0.03478921523049284,nominal,92,22,23042,0.6
Infection,all_constraints,0.8913043478260869,0.31296251010007803,1.0,0.0,12.195121951219518,96,92,0.05245807021856308,0.03478921523049284,nominal,92,22,23042,0.6
Gastrointestinal,all_constraints,0.8804347826086957,0.32623025995934074,1.0,0.0,13.580246913580243,96,92,0.05245807021856308,0.03478921523049284,nominal,92,22,23042,0.6
Overall_Survival,all_constraints,10.751119150283325,1.7784926844095426,11.81581215238079,1.2160514720897526,9.90308996872579,96,92,0.05245807021856308,0.03478921523049284,nominal,92,22,23042,0.6
all_constraints,all_constraints,0.717391304347826,0.4527349601029049,0.9565217391304348,0.20504855915155562,33.33333333333334,96,92,0.05245807021856308,0.03478921523049284,nominal,92,22,23042,0.6
Any_DLT,dlt_only,0.8541666666666666,0.35479176002615415,1.0,0.0,17.07317073170732,96,96,0.010262844463189444,0.0007851396968764795,robust_reg,96,22,23042,0.6
Blood,dlt_only,0.875,0.33245498310218435,1.0,0.0,14.285714285714286,96,96,0.010262844463189444,0.0007851396968764795,robust_reg,96,22,23042,0.6
Constitutional,dlt_only,0.8645833333333334,0.34396424742808945,0.96875,0.17490598978639324,12.048192771084333,96,96,0.010262844463189444,0.0007851396968764795,robust_reg,96,22,23042,0.6
Infection,dlt_only,0.8645833333333334,0.34396424742808945,1.0,0.0,15.662650602409633,96,96,0.010262844463189444,0.0007851396968764795,robust_reg,96,22,23042,0.6
Gastrointestinal,dlt_only,0.8645833333333334,0.3439642474280894,1.0,0.0,15.662650602409633,96,96,0.010262844463189444,0.0007851396968764795,robust_reg,96,22,23042,0.6
Overall_Survival,dlt_only,10.690597206168823,1.779425762099106,11.946790049417308,0.9730013022343369,11.750445920117732,96,96,0.010262844463189444,0.0007851396968764795,robust_reg,96,22,23042,0.6
all_constraints,dlt_only,0.6979166666666666,0.4615714956689105,0.96875,0.17490598978639324,38.80597014925374,96,96,0.010262844463189444,0.0007851396968764795,robust_reg,96,22,23042,0.6
Any_DLT,all_constraints,0.8695652173913043,0.33862655057584784,1.0,0.0,15.000000000000004,96,92,0.05366279433170954,0.04124417827638838,robust_reg,92,22,23042,0.6
Blood,all_constraints,0.8695652173913043,0.3386265505758479,0.9891304347826086,0.10425720702853734,13.749999999999996,96,92,0.05366279433170954,0.04124417827638838,robust_reg,92,22,23042,0.6
Constitutional,all_constraints,0.8913043478260869,0.312962510100078,0.9565217391304348,0.20504855915155562,7.317073170731716,96,92,0.05366279433170954,0.04124417827638838,robust_reg,92,22,23042,0.6
Infection,all_constraints,0.8913043478260869,0.31296251010007803,1.0,0.0,12.195121951219518,96,92,0.05366279433170954,0.04124417827638838,robust_reg,92,22,23042,0.6
Gastrointestinal,all_constraints,0.8804347826086957,0.32623025995934074,1.0,0.0,13.580246913580243,96,92,0.05366279433170954,0.04124417827638838,robust_reg,92,22,23042,0.6
Overall_Survival,all_constraints,10.751119150283325,1.7784926844095426,11.81581215238079,1.2160514720897526,9.90308996872579,96,92,0.05366279433170954,0.04124417827638838,robust_reg,92,22,23042,0.6
all_constraints,all_constraints,0.717391304347826,0.4527349601029049,0.9565217391304348,0.20504855915155562,33.33333333333334,96,92,0.05366279433170954,0.04124417827638838,robust_reg,92,22,23042,0.6
Any_DLT,dlt_only,0.8541666666666666,0.35479176002615415,0.9895833333333334,0.10206207261596574,15.853658536585376,96,96,0.03893740475177765,0.12839469704542605,cp,96,22,23042,0.6
Blood,dlt_only,0.875,0.33245498310218435,0.9791666666666666,0.143575886163796,11.9047619047619,96,96,0.03893740475177765,0.12839469704542605,cp,96,22,23042,0.6
Constitutional,dlt_only,0.8645833333333334,0.34396424742808945,0.9583333333333334,0.20087527770480487,10.843373493975903,96,96,0.03893740475177765,0.12839469704542605,cp,96,22,23042,0.6
Infection,dlt_only,0.8645833333333334,0.34396424742808945,0.9895833333333334,0.10206207261596574,14.457831325301203,96,96,0.03893740475177765,0.12839469704542605,cp,96,22,23042,0.6
Gastrointestinal,dlt_only,0.8645833333333334,0.3439642474280894,1.0,0.0,15.662650602409633,96,96,0.03893740475177765,0.12839469704542605,cp,96,22,23042,0.6
Overall_Survival,dlt_only,10.690597206168823,1.779425762099106,11.69901417732494,1.2182439395142561,9.432746849485904,96,96,0.03893740475177765,0.12839469704542605,cp,96,22,23042,0.6
all_constraints,dlt_only,0.6979166666666666,0.4615714956689105,0.9375,0.2433321316961438,34.32835820895523,96,96,0.03893740475177765,0.12839469704542605,cp,96,22,23042,0.6
Any_DLT,all_constraints,0.8695652173913043,0.33862655057584784,1.0,0.0,15.000000000000004,96,92,0.10049072404702504,0.06965751910660933,cp,93,22,23042,0.6
Blood,all_constraints,0.8695652173913043,0.3386265505758479,0.9891304347826086,0.10425720702853734,13.749999999999996,96,92,0.10049072404702504,0.06965751910660933,cp,93,22,23042,0.6
Constitutional,all_constraints,0.8913043478260869,0.312962510100078,0.9565217391304348,0.20504855915155562,7.317073170731716,96,92,0.10049072404702504,0.06965751910660933,cp,93,22,23042,0.6
Infection,all_constraints,0.8913043478260869,0.31296251010007803,1.0,0.0,12.195121951219518,96,92,0.10049072404702504,0.06965751910660933,cp,93,22,23042,0.6
Gastrointestinal,all_constraints,0.8804347826086957,0.32623025995934074,1.0,0.0,13.580246913580243,96,92,0.10049072404702504,0.06965751910660933,cp,93,22,23042,0.6
Overall_Survival,all_constraints,10.751119150283325,1.7784926844095426,11.567468321903258,1.1387809147505892,7.593155281870538,96,92,0.10049072404702504,0.06965751910660933,cp,93,22,23042,0.6
all_constraints,all_constraints,0.717391304347826,0.4527349601029049,0.9565217391304348,0.20504855915155562,33.33333333333334,96,92,0.10049072404702504,0.06965751910660933,cp,93,22,23042,0.6
Any_DLT,dlt_only,0.8541666666666666,0.35479176002615415,1.0,0.0,17.07317073170732,96,96,0.09827668716510136,0.07851712373658039,nominal,96,23,24042,0.6
Blood,dlt_only,0.875,0.33245498310218435,1.0,0.0,14.285714285714286,96,96,0.09827668716510136,0.07851712373658039,nominal,96,23,24042,0.6
Constitutional,dlt_only,0.8645833333333334,0.34396424742808945,0.96875,0.17490598978639324,12.048192771084333,96,96,0.09827668716510136,0.07851712373658039,nominal,96,23,24042,0.6
Infection,dlt_only,0.8645833333333334,0.34396424742808945,1.0,0.0,15.662650602409633,96,96,0.09827668716510136,0.07851712373658039,nominal,96,23,24042,0.6
Gastrointestinal,dlt_only,0.8645833333333334,0.3439642474280894,1.0,0.0,15.662650602409633,96,96,0.09827668716510136,0.07851712373658039,nominal,96,23,24042,0.6
Overall_Survival,dlt_only,10.690597206168823,1.779425762099106,11.221798113326962,1.0254228256008198,4.968860924360883,96,96,0.09827668716510136,0.07851712373658039,nominal,96,23,24042,0.6
all_constraints,dlt_only,0.6979166666666666,0.4615714956689105,0.96875,0.17490598978639324,38.80597014925374,96,96,0.09827668716510136,0.07851712373658039,nominal,96,23,24042,0.6
Any_DLT,all_constraints,0.8526315789473684,0.35635331059341196,1.0,0.0,17.283950617283953,96,95,0.10409366091092427,0.10241984565341593,nominal,96,23,24042,0.6
Blood,all_constraints,0.8736842105263158,0.33396729560733096,1.0,0.0,14.457831325301198,96,95,0.10409366091092427,0.10241984565341593,nominal,96,23,24042,0.6
Constitutional,all_constraints,0.8631578947368421,0.34550383548659225,0.9578947368421052,0.2018947204943553,10.975609756097557,96,95,0.10409366091092427,0.10241984565341593,nominal,96,23,24042,0.6
Infection,all_constraints,0.8631578947368421,0.34550383548659225,1.0,0.0,15.853658536585364,96,95,0.10409366091092427,0.10241984565341593,nominal,96,23,24042,0.6
Gastrointestinal,all_constraints,0.8631578947368421,0.34550383548659225,1.0,0.0,15.853658536585364,96,95,0.10409366091092427,0.10241984565341593,nominal,96,23,24042,0.6
Overall_Survival,all_constraints,10.717278455396595,1.7694553670961188,11.247242111698775,1.150639409618576,4.944946224060461,96,95,0.10409366091092427,0.10241984565341593,nominal,96,23,24042,0.6
all_constraints,all_constraints,0.6947368421052632,0.46296188461572396,0.9578947368421052,0.2018947204943553,37.87878787878787,96,95,0.10409366091092427,0.10241984565341593,nominal,96,23,24042,0.6
Any_DLT,dlt_only,0.8541666666666666,0.35479176002615415,0.9895833333333334,0.10206207261596574,15.853658536585376,96,96,0.019398115575313568,0.01883310679796329,robust_reg,96,23,24042,0.6
Blood,dlt_only,0.875,0.33245498310218435,1.0,0.0,14.285714285714286,96,96,0.019398115575313568,0.01883310679796329,robust_reg,96,23,24042,0.6
Constitutional,dlt_only,0.8645833333333334,0.34396424742808945,0.9583333333333334,0.20087527770480484,10.843373493975903,96,96,0.019398115575313568,0.01883310679796329,robust_reg,96,23,24042,0.6
Infection,dlt_only,0.8645833333333334,0.34396424742808945,1.0,0.0,15.662650602409633,96,96,0.019398115575313568,0.01883310679796329,robust_reg,96,23,24042,0.6
Gastrointestinal,dlt_only,0.8645833333333334,0.3439642474280894,0.9895833333333334,0.10206207261596574,14.457831325301203,96,96,0.019398115575313568,0.01883310679796329,robust_reg,96,23,24042,0.6
Overall_Survival,dlt_only,10.690597206168823,1.779425762099106,11.789801419535605,0.8994362502763871,10.281972018668009,96,96,0.019398115575313568,0.01883310679796329,robust_reg,96,23,24042,0.6
all_constraints,dlt_only,0.6979166666666666,0.4615714956689105,0.9583333333333334,0.20087527770480484,37.31343283582091,96,96,0.019398115575313568,0.01883310679796329,robust_reg,96,23,24042,0.6
Any_DLT,all_constraints,0.8526315789473684,0.35635331059341196,1.0,0.0,17.283950617283953,96,95,0.0719091569383939,0.06296195499058202,robust_reg,95,23,24042,0.6
Blood,all_constraints,0.8736842105263158,0.33396729560733096,1.0,0.0,14.457831325301198,96,95,0.0719091569383939,0.06296195499058202,robust_reg,95,23,24042,0.6
Constitutional,all_constraints,0.8631578947368421,0.34550383548659225,0.9473684210526315,0.22448148540588725,9.7560975609756,96,95,0.0719091569383939,0.06296195499058202,robust_reg,95,23,24042,0.6
Infection,all_constraints,0.8631578947368421,0.34550383548659225,1.0,0.0,15.853658536585364,96,95,0.0719091569383939,0.06296195499058202,robust_reg,95,23,24042,0.6
Gastrointestinal,all_constraints,0.8631578947368421,0.34550383548659225,0.9894736842105263,0.10259783520851541,14.634146341463408,96,95,0.0719091569383939,0.06296195499058202,robust_reg,95,23,24042,0.6
Overall_Survival,all_constraints,10.717278455396595,1.7694553670961188,11.820497093640116,0.9950030995892634,10.293831991348547,96,95,0.0719091569383939,0.06296195499058202,robust_reg,95,23,24042,0.6
all_constraints,all_constraints,0.6947368421052632,0.46296188461572396,0.9473684210526315,0.22448148540588725,36.363636363636346,96,95,0.0719091569383939,0.06296195499058202,robust_reg,95,23,24042,0.6
Any_DLT,dlt_only,0.8541666666666666,0.35479176002615415,0.9791666666666666,0.143575886163796,14.634146341463415,96,96,0.09815021852652232,0.23379223478752426,cp,96,23,24042,0.6
Blood,dlt_only,0.875,0.33245498310218435,1.0,0.0,14.285714285714286,96,96,0.09815021852652232,0.23379223478752426,cp,96,23,24042,0.6
Constitutional,dlt_only,0.8645833333333334,0.34396424742808945,0.9270833333333334,0.2613645031536837,7.228915662650602,96,96,0.09815021852652232,0.23379223478752426,cp,96,23,24042,0.6
Infection,dlt_only,0.8645833333333334,0.34396424742808945,1.0,0.0,15.662650602409633,96,96,0.09815021852652232,0.23379223478752426,cp,96,23,24042,0.6
Gastrointestinal,dlt_only,0.8645833333333334,0.3439642474280894,0.9479166666666666,0.22336148028967082,9.63855421686746,96,96,0.09815021852652232,0.23379223478752426,cp,96,23,24042,0.6
Overall_Survival,dlt_only,10.690597206168823,1.779425762099106,10.807252906171472,1.023258360934946,1.0911990953633088,96,96,0.09815021852652232,0.23379223478752426,cp,96,23,24042,0.6
all_constraints,dlt_only,0.6979166666666666,0.4615714956689105,0.9166666666666666,0.27783625115549687,31.343283582089555,96,96,0.09815021852652232,0.23379223478752426,cp,96,23,24042,0.6
Any_DLT,all_constraints,0.8526315789473684,0.35635331059341196,1.0,0.0,17.283950617283953,96,95,0.18744944532712302,0.39854320222707207,cp,96,23,24042,0.6
Blood,all_constraints,0.8736842105263158,0.33396729560733096,1.0,0.0,14.457831325301198,96,95,0.18744944532712302,0.39854320222707207,cp,96,23,24042,0.6
Constitutional,all_constraints,0.8631578947368421,0.34550383548659225,0.9473684210526315,0.22448148540588725,9.7560975609756,96,95,0.18744944532712302,0.39854320222707207,cp,96,23,24042,0.6
Infection,all_constraints,0.8631578947368421,0.34550383548659225,1.0,0.0,15.853658536585364,96,95,0.18744944532712302,0.39854320222707207,cp,96,23,24042,0.6
Gastrointestinal,all_constraints,0.8631578947368421,0.34550383548659225,0.9894736842105263,0.10259783520851541,14.634146341463408,96,95,0.18744944532712302,0.39854320222707207,cp,96,23,24042,0.6
Overall_Survival,all_constraints,10.717278455396595,1.7694553670961188,10.873246487235,0.9945378105350954,1.4552951338114104,96,95,0.18744944532712302,0.39854320222707207,cp,96,23,24042,0.6
all_constraints,all_constraints,0.6947368421052632,0.46296188461572396,0.9473684210526315,0.22448148540588725,36.363636363636346,96,95,0.18744944532712302,0.39854320222707207,cp,96,23,24042,0.6
Any_DLT,dlt_only,0.8541666666666666,0.35479176002615415,1.0,0.0,17.07317073170732,96,96,0.021720046798388164,0.0169985125572615,nominal,96,24,25042,0.6
Blood,dlt_only,0.875,0.33245498310218435,1.0,0.0,14.285714285714286,96,96,0.021720046798388164,0.0169985125572615,nominal,96,24,25042,0.6
Constitutional,dlt_only,0.8645833333333334,0.34396424742808945,0.9583333333333334,0.20087527770480484,10.843373493975903,96,96,0.021720046798388164,0.0169985125572615,nominal,96,24,25042,0.6
Infection,dlt_only,0.8645833333333334,0.34396424742808945,1.0,0.0,15.662650602409633,96,96,0.021720046798388164,0.0169985125572615,nominal,96,24,25042,0.6
Gastrointestinal,dlt_only,0.8645833333333334,0.3439642474280894,1.0,0.0,15.662650602409633,96,96,0.021720046798388164,0.0169985125572615,nominal,96,24,25042,0.6
Overall_Survival,dlt_only,10.690597206168823,1.779425762099106,11.225192900790281,0.9951215439869812,5.000615815110678,96,96,0.021720046798388164,0.0169985125572615,nominal,96,24,25042,0.6
all_constraints,dlt_only,0.6979166666666666,0.4615714956689105,0.9583333333333334,0.20087527770480484,37.31343283582091,96,96,0.021720046798388164,0.0169985125572615,nominal,96,24,25042,0.6
Any_DLT,all_constraints,0.8723404255319149,0.3354997092507591,1.0,0.0,14.63414634146341,96,94,0.09547848751147588,0.0607721772779156,nominal,95,24,25042,0.6
Blood,all_constraints,0.8829787234042553,0.32316921825641187,1.0,0.0,13.253012048192772,96,94,0.09547848751147588,0.0607721772779156,nominal,95,24,25042,0.6
Constitutional,all_constraints,0.8723404255319149,0.3354997092507591,0.9574468085106383,0.20292981026189993,9.756097560975611,96,94,0.09547848751147588,0.0607721772779156,nominal,95,24,25042,0.6
Infection,all_constraints,0.8829787234042553,0.32316921825641187,1.0,0.0,13.253012048192772,96,94,0.09547848751147588,0.0607721772779156,nominal,95,24,25042,0.6
Gastrointestinal,all_constraints,0.8723404255319149,0.3354997092507591,1.0,0.0,14.63414634146341,96,94,0.09547848751147588,0.0607721772779156,nominal,95,24,25042,0.6
Overall_Survival,all_constraints,10.732039418451551,1.7644130068394464,11.220678012301219,1.0267012174016763,4.55308236204904,96,94,0.09547848751147588,0.0607721772779156,nominal,95,24,25042,0.6
all_constraints,all_constraints,0.7127659574468085,0.45489784805160016,0.9574468085106383,0.20292981026189993,34.32835820895524,96,94,0.09547848751147588,0.0607721772779156,nominal,95,24,25042,0.6
Any_DLT,dlt_only,0.8541666666666666,0.35479176002615415,0.6145833333333334,0.48924843902430526,-28.04878048780487,96,96,0.025955232481161754,0.03290502010713236,robust_reg,96,24,25042,0.6
Blood,dlt_only,0.875,0.33245498310218435,0.2708333333333333,0.4467229605793416,-69.04761904761905,96,96,0.025955232481161754,0.03290502010713236,robust_reg,96,24,25042,0.6
Constitutional,dlt_only,0.8645833333333334,0.34396424742808945,0.8958333333333334,0.3070801941090227,3.614457831325301,96,96,0.025955232481161754,0.03290502010713236,robust_reg,96,24,25042,0.6
Infection,dlt_only,0.8645833333333334,0.34396424742808945,0.375,0.4866642633922876,-56.626506024096386,96,96,0.025955232481161754,0.03290502010713236,robust_reg,96,24,25042,0.6
Gastrointestinal,dlt_only,0.8645833333333334,0.3439642474280894,0.9895833333333334,0.10206207261596574,14.457831325301203,96,96,0.025955232481161754,0.03290502010713236,robust_reg,96,24,25042,0.6
Overall_Survival,dlt_only,10.690597206168823,1.779425762099106,12.28873246115178,1.2742342662286645,14.948980156700511,96,96,0.025955232481161754,0.03290502010713236,robust_reg,96,24,25042,0.6
all_constraints,dlt_only,0.6979166666666666,0.4615714956689105,0.19791666666666666,0.40052049468993056,-71.64179104477613,96,96,0.025955232481161754,0.03290502010713236,robust_reg,96,24,25042,0.6
Any_DLT,all_constraints,0.8723404255319149,0.3354997092507591,0.9148936170212766,0.2805361406225206,4.8780487804877986,96,94,0.09938459098339081,0.0571701861376004,robust_reg,96,24,25042,0.6
Blood,all_constraints,0.8829787234042553,0.32316921825641187,0.7021276595744681,0.4597752427549546,-20.481927710843372,96,94,0.09938459098339081,0.0571701861376004,robust_reg,96,24,25042,0.6
Constitutional,all_constraints,0.8723404255319149,0.3354997092507591,0.9148936170212766,0.2805361406225206,4.8780487804877986,96,94,0.09938459098339081,0.0571701861376004,robust_reg,96,24,25042,0.6
Infection,all_constraints,0.8829787234042553,0.32316921825641187,0.7659574468085106,0.42566916112034114,-13.253012048192772,96,94,0.09938459098339081,0.0571701861376004,robust_reg,96,24,25042,0.6
Gastrointestinal,all_constraints,0.8723404255319149,0.3354997092507591,0.9893617021276596,0.10314212462587934,13.414634146341463,96,94,0.09938459098339081,0.0571701861376004,robust_reg,96,24,25042,0.6
Overall_Survival,all_constraints,10.732039418451551,1.7644130068394464,11.62924393589781,1.3846867860391712,8.3600561129481,96,94,0.09938459098339081,0.0571701861376004,robust_reg,96,24,25042,0.6
all_constraints,all_constraints,0.7127659574468085,0.45489784805160016,0.648936170212766,0.47986213989155685,-8.955223880597012,96,94,0.09938459098339081,0.0571701861376004,robust_reg,96,24,25042,0.6
Any_DLT,dlt_only,0.8541666666666666,0.35479176002615415,0.9895833333333334,0.10206207261596574,15.853658536585376,96,96,0.04413244624932607,0.05809683666383843,cp,96,24,25042,0.6
Blood,dlt_only,0.875,0.33245498310218435,1.0,0.0,14.285714285714286,96,96,0.04413244624932607,0.05809683666383843,cp,96,24,25042,0.6
Constitutional,dlt_only,0.8645833333333334,0.34396424742808945,0.9270833333333334,0.26136450315368365,7.228915662650602,96,96,0.04413244624932607,0.05809683666383843,cp,96,24,25042,0.6
Infection,dlt_only,0.8645833333333334,0.34396424742808945,1.0,0.0,15.662650602409633,96,96,0.04413244624932607,0.05809683666383843,cp,96,24,25042,0.6
Gastrointestinal,dlt_only,0.8645833333333334,0.3439642474280894,0.9895833333333334,0.10206207261596574,14.457831325301203,96,96,0.04413244624932607,0.05809683666383843,cp,96,24,25042,0.6
Overall_Survival,dlt_only,10.690597206168823,1.779425762099106,11.201000469242304,0.9790787416834561,4.774319462517605,96,96,0.04413244624932607,0.05809683666383843,cp,96,24,25042,0.6
all_constraints,dlt_only,0.6979166666666666,0.4615714956689105,0.9270833333333334,0.26136450315368365,32.8358208955224,96,96,0.04413244624932607,0.05809683666383843,cp,96,24,25042,0.6
Any_DLT,all_constraints,0.8723404255319149,0.3354997092507591,1.0,0.0,14.63414634146341,96,94,0.24653687824805579,0.24479664282504043,cp,94,24,25042,0.6
Blood,all_constraints,0.8829787234042553,0.32316921825641187,1.0,0.0,13.253012048192772,96,94,0.24653687824805579,0.24479664282504043,cp,94,24,25042,0.6
Constitutional,all_constraints,0.8723404255319149,0.3354997092507591,0.9361702127659575,0.24576020475855118,7.317073170731705,96,94,0.24653687824805579,0.24479664282504043,cp,94,24,25042,0.6
Infection,all_constraints,0.8829787234042553,0.32316921825641187,1.0,0.0,13.253012048192772,96,94,0.24653687824805579,0.24479664282504043,cp,94,24,25042,0.6
Gastrointestinal,all_constraints,0.8723404255319149,0.3354997092507591,1.0,0.0,14.63414634146341,96,94,0.24653687824805579,0.24479664282504043,cp,94,24,25042,0.6
Overall_Survival,all_constraints,10.732039418451551,1.7644130068394464,11.17656712621117,0.998464536207128,4.142061824664417,96,94,0.24653687824805579,0.24479664282504043,cp,94,24,25042,0.6
all_constraints,all_constraints,0.7127659574468085,0.45489784805160016,0.9361702127659575,0.24576020475855118,31.343283582089562,96,94,0.24653687824805579,0.24479664282504043,cp,94,24,25042,0.6
Any_DLT,dlt_only,0.8541666666666666,0.35479176002615415,0.8854166666666666,0.320190458671962,3.658536585365854,96,96,0.0419173538684845,0.07059775105785375,nominal,96,25,26042,0.6
Blood,dlt_only,0.875,0.33245498310218435,0.5520833333333334,0.4998903388516255,-36.904761904761905,96,96,0.0419173538684845,0.07059775105785375,nominal,96,25,26042,0.6
Constitutional,dlt_only,0.8645833333333334,0.34396424742808945,0.9166666666666666,0.27783625115549687,6.02409638554216,96,96,0.0419173538684845,0.07059775105785375,nominal,96,25,26042,0.6
Infection,dlt_only,0.8645833333333334,0.34396424742808945,0.8229166666666666,0.3837431066870447,-4.819277108433743,96,96,0.0419173538684845,0.07059775105785375,nominal,96,25,26042,0.6
Gastrointestinal,dlt_only,0.8645833333333334,0.3439642474280894,0.8541666666666666,0.3547917600261542,-1.2048192771084423,96,96,0.0419173538684845,0.07059775105785375,nominal,96,25,26042,0.6
Overall_Survival,dlt_only,10.690597206168823,1.779425762099106,11.910537782283768,1.0682995579908074,11.411341692033817,96,96,0.0419173538684845,0.07059775105785375,nominal,96,25,26042,0.6
all_constraints,dlt_only,0.6979166666666666,0.4615714956689105,0.40625,0.49371044145328746,-41.7910447761194,96,96,0.0419173538684845,0.07059775105785375,nominal,96,25,26042,0.6
Any_DLT,all_constraints,0.8604651162790697,0.34853612177301596,0.9767441860465116,0.15159886590034527,13.513513513513512,96,86,0.07262348383665085,0.04347451034636646,nominal,91,25,26042,0.6
Blood,all_constraints,0.8837209302325582,0.32243940246603525,0.8372093023255814,0.3713398670404582,-5.263157894736839,96,86,0.07262348383665085,0.04347451034636646,nominal,91,25,26042,0.6
Constitutional,all_constraints,0.9069767441860465,0.29216864496359496,0.9767441860465116,0.15159886590034527,7.692307692307694,96,86,0.07262348383665085,0.04347451034636646,nominal,91,25,26042,0.6
Infection,all_constraints,0.8953488372093024,0.30789875216841534,0.9418604651162791,0.23537960143467368,5.194805194805192,96,86,0.07262348383665085,0.04347451034636646,nominal,91,25,26042,0.6
Gastrointestinal,all_constraints,0.8837209302325582,0.3224394024660353,0.8372093023255814,0.3713398670404582,-5.263157894736839,96,86,0.07262348383665085,0.04347451034636646,nominal,91,25,26042,0.6
Overall_Survival,all_constraints,10.72062623174296,1.8597490500838547,11.653979044100137,0.8856308261956345,8.706140781156885,96,86,0.07262348383665085,0.04347451034636646,nominal,91,25,26042,0.6
all_constraints,all_constraints,0.7558139534883721,0.4321232534311833,0.6744186046511628,0.47134002875696684,-10.769230769230774,96,86,0.07262348383665085,0.04347451034636646,nominal,91,25,26042,0.6
Any_DLT,dlt_only,0.8541666666666666,0.35479176002615415,0.8645833333333334,0.3439642474280894,1.2195121951219599,96,96,0.026425649722417194,0.025876220807036658,robust_reg,96,25,26042,0.6
Blood,dlt_only,0.875,0.33245498310218435,0.5833333333333334,0.4955946277833521,-33.33333333333333,96,96,0.026425649722417194,0.025876220807036658,robust_reg,96,25,26042,0.6
Constitutional,dlt_only,0.8645833333333334,0.34396424742808945,0.9166666666666666,0.27783625115549687,6.02409638554216,96,96,0.026425649722417194,0.025876220807036658,robust_reg,96,25,26042,0.6
Infection,dlt_only,0.8645833333333334,0.34396424742808945,0.8125,0.3923612728354477,-6.024096385542173,96,96,0.026425649722417194,0.025876220807036658,robust_reg,96,25,26042,0.6
Gastrointestinal,dlt_only,0.8645833333333334,0.3439642474280894,0.7708333333333334,0.42250298452179547,-10.843373493975903,96,96,0.026425649722417194,0.025876220807036658,robust_reg,96,25,26042,0.6
Overall_Survival,dlt_only,10.690597206168823,1.779425762099106,11.868671850458298,1.0166654999476468,11.019727163695665,96,96,0.026425649722417194,0.025876220807036658,robust_reg,96,25,26042,0.6
all_constraints,dlt_only,0.6979166666666666,0.4615714956689105,0.3541666666666667,0.48077058029500197,-49.253731343283576,96,96,0.026425649722417194,0.025876220807036658,robust_reg,96,25,26042,0.6
Any_DLT,all_constraints,0.8604651162790697,0.34853612177301596,0.9767441860465116,0.15159886590034527,13.513513513513512,96,86,0.07000047465165456,0.038796653839461376,robust_reg,96,25,26042,0.6
Blood,all_constraints,0.8837209302325582,0.32243940246603525,0.8372093023255814,0.3713398670404582,-5.263157894736839,96,86,0.07000047465165456,0.038796653839461376,robust_reg,96,25,26042,0.6
Constitutional,all_constraints,0.9069767441860465,0.29216864496359496,0.9767441860465116,0.15159886590034527,7.692307692307694,96,86,0.07000047465165456,0.038796653839461376,robust_reg,96,25,26042,0.6
Infection,all_constraints,0.8953488372093024,0.30789875216841534,0.9534883720930233,0.2118254966704237,6.493506493506493,96,86,0.07000047465165456,0.038796653839461376,robust_reg,96,25,26042,0.6
Gastrointestinal,all_constraints,0.8837209302325582,0.3224394024660353,0.7441860465116279,0.43887681540168777,-15.78947368421053,96,86,0.07000047465165456,0.038796653839461376,robust_reg,96,25,26042,0.6
Overall_Survival,all_constraints,10.72062623174296,1.8597490500838547,11.654404948234472,1.0054178081668783,8.710113535407697,96,86,0.07000047465165456,0.038796653839461376,robust_reg,96,25,26042,0.6
all_constraints,all_constraints,0.7558139534883721,0.4321232534311833,0.5813953488372093,0.49622377018413694,-23.076923076923077,96,86,0.07000047465165456,0.038796653839461376,robust_reg,96,25,26042,0.6
Any_DLT,dlt_only,0.8541666666666666,0.35479176002615415,0.96875,0.17490598978639324,13.414634146341468,96,96,0.0736682265996933,0.08026558248720889,cp,96,25,26042,0.6
Blood,dlt_only,0.875,0.33245498310218435,0.8854166666666666,0.320190458671962,1.1904761904761862,96,96,0.0736682265996933,0.08026558248720889,cp,96,25,26042,0.6
Constitutional,dlt_only,0.8645833333333334,0.34396424742808945,0.8958333333333334,0.3070801941090227,3.614457831325301,96,96,0.0736682265996933,0.08026558248720889,cp,96,25,26042,0.6
Infection,dlt_only,0.8645833333333334,0.34396424742808945,0.9375,0.2433321316961438,8.43373493975903,96,96,0.0736682265996933,0.08026558248720889,cp,96,25,26042,0.6
Gastrointestinal,dlt_only,0.8645833333333334,0.3439642474280894,0.90625,0.2930106877878258,4.81927710843373,96,96,0.0736682265996933,0.08026558248720889,cp,96,25,26042,0.6
Overall_Survival,dlt_only,10.690597206168823,1.779425762099106,11.172016067526352,1.3203889086317566,4.503198952063545,96,96,0.0736682265996933,0.08026558248720889,cp,96,25,26042,0.6
all_constraints,dlt_only,0.6979166666666666,0.4615714956689105,0.7083333333333334,0.45691567036441355,1.4925373134328466,96,96,0.0736682265996933,0.08026558248720889,cp,96,25,26042,0.6
Any_DLT,all_constraints,0.8604651162790697,0.34853612177301596,0.9651162790697675,0.18456144639815766,12.162162162162172,96,86,0.17030886312325796,0.20126732404759762,cp,86,25,26042,0.6
Blood,all_constraints,0.8837209302325582,0.32243940246603525,0.8837209302325582,0.32243940246603525,0.0,96,86,0.17030886312325796,0.20126732404759762,cp,86,25,26042,0.6
Constitutional,all_constraints,0.9069767441860465,0.29216864496359496,0.9534883720930233,0.2118254966704237,5.1282051282051375,96,86,0.17030886312325796,0.20126732404759762,cp,86,25,26042,0.6
Infection,all_constraints,0.8953488372093024,0.30789875216841534,0.9302325581395349,0.25624885305538925,3.8961038961038903,96,86,0.17030886312325796,0.20126732404759762,cp,86,25,26042,0.6
Gastrointestinal,all_constraints,0.8837209302325582,0.3224394024660353,0.9069767441860465,0.29216864496359496,2.6315789473684132,96,86,0.17030886312325796,0.20126732404759762,cp,86,25,26042,0.6
Overall_Survival,all_constraints,10.72062623174296,1.8597490500838547,11.251721549730545,1.1820150954695032,4.953957973229701,96,86,0.17030886312325796,0.20126732404759762,cp,86,25,26042,0.6
all_constraints,all_constraints,0.7558139534883721,0.4321232534311833,0.7441860465116279,0.438876815401688,-1.5384615384615412,96,86,0.17030886312325796,0.20126732404759762,cp,86,25,26042,0.6
Any_DLT,dlt_only,0.8541666666666666,0.35479176002615415,1.0,0.0,17.07317073170732,96,96,0.017475242416063946,0.011303682984214792,nominal,96,26,27042,0.6
Blood,dlt_only,0.875,0.33245498310218435,1.0,0.0,14.285714285714286,96,96,0.017475242416063946,0.011303682984214792,nominal,96,26,27042,0.6
Constitutional,dlt_only,0.8645833333333334,0.34396424742808945,0.9791666666666666,0.143575886163796,13.253012048192762,96,96,0.017475242416063946,0.011303682984214792,nominal,96,26,27042,0.6
Infection,dlt_only,0.8645833333333334,0.34396424742808945,1.0,0.0,15.662650602409633,96,96,0.017475242416063946,0.011303682984214792,nominal,96,26,27042,0.6
Gastrointestinal,dlt_only,0.8645833333333334,0.3439642474280894,1.0,0.0,15.662650602409633,96,96,0.017475242416063946,0.011303682984214792,nominal,96,26,27042,0.6
Overall_Survival,dlt_only,10.690597206168823,1.779425762099106,11.94812450417013,0.9642490522635561,11.762928429065427,96,96,0.017475242416063946,0.011303682984214792,nominal,96,26,27042,0.6
all_constraints,dlt_only,0.6979166666666666,0.4615714956689105,0.9791666666666666,0.143575886163796,40.29850746268657,96,96,0.017475242416063946,0.011303682984214792,nominal,96,26,27042,0.6
Any_DLT,all_constraints,0.8709677419354839,0.33705264882291225,1.0,0.0,14.814814814814813,96,93,0.06557123363018036,0.04517060368163001,nominal,96,26,27042,0.6
Blood,all_constraints,0.8817204301075269,0.32468922819237606,1.0,0.0,13.414634146341463,96,93,0.06557123363018036,0.04517060368163001,nominal,96,26,27042,0.6
Constitutional,all_constraints,0.8817204301075269,0.32468922819237606,0.946236559139785,0.22677279367959724,7.317073170731713,96,93,0.06557123363018036,0.04517060368163001,nominal,96,26,27042,0.6
Infection,all_constraints,0.8817204301075269,0.32468922819237606,1.0,0.0,13.414634146341463,96,93,0.06557123363018036,0.04517060368163001,nominal,96,26,27042,0.6
Gastrointestinal,all_constraints,0.8709677419354839,0.33705264882291225,1.0,0.0,14.814814814814813,96,93,0.06557123363018036,0.04517060368163001,nominal,96,26,27042,0.6
Overall_Survival,all_constraints,10.731632576203348,1.7488763344856844,11.797547254837431,1.1068656838879665,9.932455952672806,96,93,0.06557123363018036,0.04517060368163001,nominal,96,26,27042,0.6
all_constraints,all_constraints,0.7204301075268817,0.4512203596877334,0.946236559139785,0.22677279367959724,31.34328358208955,96,93,0.06557123363018036,0.04517060368163001,nominal,96,26,27042,0.6
Any_DLT,dlt_only,0.8541666666666666,0.35479176002615415,1.0,0.0,17.07317073170732,96,96,0.017595825095971424,0.010539252019606635,robust_reg,96,26,27042,0.6
Blood,dlt_only,0.875,0.33245498310218435,1.0,0.0,14.285714285714286,96,96,0.017595825095971424,0.010539252019606635,robust_reg,96,26,27042,0.6
Constitutional,dlt_only,0.8645833333333334,0.34396424742808945,0.9791666666666666,0.143575886163796,13.253012048192762,96,96,0.017595825095971424,0.010539252019606635,robust_reg,96,26,27042,0.6
Infection,dlt_only,0.8645833333333334,0.34396424742808945,1.0,0.0,15.662650602409633,96,96,0.017595825095971424,0.010539252019606635,robust_reg,96,26,27042,0.6
Gastrointestinal,dlt_only,0.8645833333333334,0.3439642474280894,1.0,0.0,15.662650602409633,96,96,0.017595825095971424,0.010539252019606635,robust_reg,96,26,27042,0.6
Overall_Survival,dlt_only,10.690597206168823,1.779425762099106,11.94812450417013,0.9642490522635561,11.762928429065427,96,96,0.017595825095971424,0.010539252019606635,robust_reg,96,26,27042,0.6
all_constraints,dlt_only,0.6979166666666666,0.4615714956689105,0.9791666666666666,0.143575886163796,40.29850746268657,96,96,0.017595825095971424,0.010539252019606635,robust_reg,96,26,27042,0.6
Any_DLT,all_constraints,0.8709677419354839,0.33705264882291225,0.978494623655914,0.1458479422322764,12.34567901234568,96,93,0.07553499440352122,0.08398705725723067,robust_reg,96,26,27042,0.6
Blood,all_constraints,0.8817204301075269,0.32468922819237606,0.989247311827957,0.10369516947304255,12.195121951219514,96,93,0.07553499440352122,0.08398705725723067,robust_reg,96,26,27042,0.6
Constitutional,all_constraints,0.8817204301075269,0.32468922819237606,0.967741935483871,0.17764234361221226,9.756097560975613,96,93,0.07553499440352122,0.08398705725723067,robust_reg,96,26,27042,0.6
Infection,all_constraints,0.8817204301075269,0.32468922819237606,0.989247311827957,0.10369516947304255,12.195121951219514,96,93,0.07553499440352122,0.08398705725723067,robust_reg,96,26,27042,0.6
Gastrointestinal,all_constraints,0.8709677419354839,0.33705264882291225,1.0,0.0,14.814814814814813,96,93,0.07553499440352122,0.08398705725723067,robust_reg,96,26,27042,0.6
Overall_Survival,all_constraints,10.731632576203348,1.7488763344856844,11.78198936516629,1.1318455810792376,9.78748369835206,96,93,0.07553499440352122,0.08398705725723067,robust_reg,96,26,27042,0.6
all_constraints,all_constraints,0.7204301075268817,0.4512203596877334,0.956989247311828,0.20398095044388956,32.83582089552239,96,93,0.07553499440352122,0.08398705725723067,robust_reg,96,26,27042,0.6
Any_DLT,dlt_only,0.8541666666666666,0.35479176002615415,0.9791666666666666,0.143575886163796,14.634146341463415,96,96,0.037981338798999786,0.05297014009081327,cp,96,26,27042,0.6
Blood,dlt_only,0.875,0.33245498310218435,0.8229166666666666,0.3837431066870447,-5.952380952380957,96,96,0.037981338798999786,0.05297014009081327,cp,96,26,27042,0.6
Constitutional,dlt_only,0.8645833333333334,0.34396424742808945,0.9583333333333334,0.20087527770480484,10.843373493975903,96,96,0.037981338798999786,0.05297014009081327,cp,96,26,27042,0.6
Infection,dlt_only,0.8645833333333334,0.34396424742808945,0.9270833333333334,0.2613645031536837,7.228915662650602,96,96,0.037981338798999786,0.05297014009081327,cp,96,26,27042,0.6
Gastrointestinal,dlt_only,0.8645833333333334,0.3439642474280894,1.0,0.0,15.662650602409633,96,96,0.037981338798999786,0.05297014009081327,cp,96,26,27042,0.6
Overall_Survival,dlt_only,10.690597206168823,1.779425762099106,11.810612423333268,1.202427255651914,10.476638447458853,96,96,0.037981338798999786,0.05297014009081327,cp,96,26,27042,0.6
all_constraints,dlt_only,0.6979166666666666,0.4615714956689105,0.7916666666666666,0.408248290463863,13.432835820895523,96,96,0.037981338798999786,0.05297014009081327,cp,96,26,27042,0.6
Any_DLT,all_constraints,0.8709677419354839,0.33705264882291225,0.978494623655914,0.1458479422322764,12.34567901234568,96,93,0.28942593932151794,0.4019515312302901,cp,93,26,27042,0.6
Blood,all_constraints,0.8817204301075269,0.32468922819237606,0.978494623655914,0.1458479422322764,10.975609756097564,96,93,0.28942593932151794,0.4019515312302901,cp,93,26,27042,0.6
Constitutional,all_constraints,0.8817204301075269,0.32468922819237606,0.956989247311828,0.20398095044388956,8.536585365853663,96,93,0.28942593932151794,0.4019515312302901,cp,93,26,27042,0.6
Infection,all_constraints,0.8817204301075269,0.32468922819237606,1.0,0.0,13.414634146341463,96,93,0.28942593932151794,0.4019515312302901,cp,93,26,27042,0.6
Gastrointestinal,all_constraints,0.8709677419354839,0.33705264882291225,0.956989247311828,0.20398095044388956,9.876543209876546,96,93,0.28942593932151794,0.4019515312302901,cp,93,26,27042,0.6
Overall_Survival,all_constraints,10.731632576203348,1.7488763344856844,10.85689710694827,1.1841947101345047,1.1672458021223033,96,93,0.28942593932151794,0.4019515312302901,cp,93,26,27042,0.6
all_constraints,all_constraints,0.7204301075268817,0.4512203596877334,0.9032258064516129,0.29725249584033764,25.3731343283582,96,93,0.28942593932151794,0.4019515312302901,cp,93,26,27042,0.6
Any_DLT,dlt_only,0.8541666666666666,0.35479176002615415,1.0,0.0,17.07317073170732,96,96,0.08359894156455994,0.07912546183237669,nominal,96,27,28042,0.6
Blood,dlt_only,0.875,0.33245498310218435,1.0,0.0,14.285714285714286,96,96,0.08359894156455994,0.07912546183237669,nominal,96,27,28042,0.6
Constitutional,dlt_only,0.8645833333333334,0.34396424742808945,0.9479166666666666,0.22336148028967082,9.63855421686746,96,96,0.08359894156455994,0.07912546183237669,nominal,96,27,28042,0.6
Infection,dlt_only,0.8645833333333334,0.34396424742808945,1.0,0.0,15.662650602409633,96,96,0.08359894156455994,0.07912546183237669,nominal,96,27,28042,0.6
Gastrointestinal,dlt_only,0.8645833333333334,0.3439642474280894,1.0,0.0,15.662650602409633,96,96,0.08359894156455994,0.07912546183237669,nominal,96,27,28042,0.6
Overall_Survival,dlt_only,10.690597206168823,1.779425762099106,11.220774729212186,0.9958435736279881,4.95928817463475,96,96,0.08359894156455994,0.07912546183237669,nominal,96,27,28042,0.6
all_constraints,dlt_only,0.6979166666666666,0.4615714956689105,0.9479166666666666,0.22336148028967082,35.820895522388064,96,96,0.08359894156455994,0.07912546183237669,nominal,96,27,28042,0.6
Any_DLT,all_constraints,0.8617021276595744,0.3470633740209737,1.0,0.0,16.049382716049386,96,94,0.1350183760126432,0.119893506619001,nominal,96,27,28042,0.6
Blood,all_constraints,0.8723404255319149,0.3354997092507591,1.0,0.0,14.63414634146341,96,94,0.1350183760126432,0.119893506619001,nominal,96,27,28042,0.6
Constitutional,all_constraints,0.8829787234042553,0.32316921825641187,0.9574468085106383,0.2029298102618999,8.433734939759042,96,94,0.1350183760126432,0.119893506619001,nominal,96,27,28042,0.6
Infection,all_constraints,0.8723404255319149,0.3354997092507591,1.0,0.0,14.63414634146341,96,94,0.1350183760126432,0.119893506619001,nominal,96,27,28042,0.6
Gastrointestinal,all_constraints,0.8723404255319149,0.3354997092507591,1.0,0.0,14.63414634146341,96,94,0.1350183760126432,0.119893506619001,nominal,96,27,28042,0.6
Overall_Survival,all_constraints,10.69861104880403,1.7975543398171696,11.197900876782654,1.0183756871193332,4.6668658735326005,96,94,0.1350183760126432,0.119893506619001,nominal,96,27,28042,0.6
all_constraints,all_constraints,0.7127659574468085,0.45489784805160016,0.9574468085106383,0.2029298102618999,34.32835820895524,96,94,0.1350183760126432,0.119893506619001,nominal,96,27,28042,0.6
Any_DLT,dlt_only,0.8541666666666666,0.35479176002615415,0.9895833333333334,0.10206207261596574,15.853658536585376,96,96,0.022024768094221752,0.04182023765434778,robust_reg,96,27,28042,0.6
Blood,dlt_only,0.875,0.33245498310218435,1.0,0.0,14.285714285714286,96,96,0.022024768094221752,0.04182023765434778,robust_reg,96,27,28042,0.6
Constitutional,dlt_only,0.8645833333333334,0.34396424742808945,0.9270833333333334,0.2613645031536837,7.228915662650602,96,96,0.022024768094221752,0.04182023765434778,robust_reg,96,27,28042,0.6
Infection,dlt_only,0.8645833333333334,0.34396424742808945,0.9895833333333334,0.10206207261596574,14.457831325301203,96,96,0.022024768094221752,0.04182023765434778,robust_reg,96,27,28042,0.6
Gastrointestinal,dlt_only,0.8645833333333334,0.3439642474280894,0.9791666666666666,0.143575886163796,13.253012048192762,96,96,0.022024768094221752,0.04182023765434778,robust_reg,96,27,28042,0.6
Overall_Survival,dlt_only,10.690597206168823,1.779425762099106,11.550543952725986,0.8541721438315918,8.043954233547835,96,96,0.022024768094221752,0.04182023765434778,robust_reg,96,27,28042,0.6
all_constraints,dlt_only,0.6979166666666666,0.4615714956689105,0.9270833333333334,0.2613645031536837,32.8358208955224,96,96,0.022024768094221752,0.04182023765434778,robust_reg,96,27,28042,0.6
Any_DLT,all_constraints,0.8617021276595744,0.3470633740209737,1.0,0.0,16.049382716049386,96,94,0.0659579411149025,0.04816045132322188,robust_reg,95,27,28042,0.6
Blood,all_constraints,0.8723404255319149,0.3354997092507591,1.0,0.0,14.63414634146341,96,94,0.0659579411149025,0.04816045132322188,robust_reg,95,27,28042,0.6
Constitutional,all_constraints,0.8829787234042553,0.32316921825641187,0.9680851063829787,0.1767160202664313,9.638554216867472,96,94,0.0659579411149025,0.04816045132322188,robust_reg,95,27,28042,0.6
Infection,all_constraints,0.8723404255319149,0.3354997092507591,1.0,0.0,14.63414634146341,96,94,0.0659579411149025,0.04816045132322188,robust_reg,95,27,28042,0.6
Gastrointestinal,all_constraints,0.8723404255319149,0.3354997092507591,1.0,0.0,14.63414634146341,96,94,0.0659579411149025,0.04816045132322188,robust_reg,95,27,28042,0.6
Overall_Survival,all_constraints,10.69861104880403,1.7975543398171696,11.442094884923765,1.0101523194511692,6.949349151288632,96,94,0.0659579411149025,0.04816045132322188,robust_reg,95,27,28042,0.6
all_constraints,all_constraints,0.7127659574468085,0.45489784805160016,0.9680851063829787,0.1767160202664313,35.820895522388064,96,94,0.0659579411149025,0.04816045132322188,robust_reg,95,27,28042,0.6
Any_DLT,dlt_only,0.8541666666666666,0.35479176002615415,0.9791666666666666,0.14357588616379596,14.634146341463415,96,96,0.061894915997982025,0.07018469625608369,cp,96,27,28042,0.6
Blood,dlt_only,0.875,0.33245498310218435,0.96875,0.17490598978639324,10.714285714285714,96,96,0.061894915997982025,0.07018469625608369,cp,96,27,28042,0.6
Constitutional,dlt_only,0.8645833333333334,0.34396424742808945,0.9479166666666666,0.22336148028967082,9.63855421686746,96,96,0.061894915997982025,0.07018469625608369,cp,96,27,28042,0.6
Infection,dlt_only,0.8645833333333334,0.34396424742808945,0.96875,0.17490598978639324,12.048192771084333,96,96,0.061894915997982025,0.07018469625608369,cp,96,27,28042,0.6
Gastrointestinal,dlt_only,0.8645833333333334,0.3439642474280894,0.9791666666666666,0.14357588616379596,13.253012048192762,96,96,0.061894915997982025,0.07018469625608369,cp,96,27,28042,0.6
Overall_Survival,dlt_only,10.690597206168823,1.779425762099106,11.095705853898778,1.0276696383271584,3.7893921164310105,96,96,0.061894915997982025,0.07018469625608369,cp,96,27,28042,0.6
all_constraints,dlt_only,0.6979166666666666,0.4615714956689105,0.9166666666666666,0.27783625115549687,31.343283582089555,96,96,0.061894915997982025,0.07018469625608369,cp,96,27,28042,0.6
Any_DLT,all_constraints,0.8617021276595744,0.3470633740209737,0.9574468085106383,0.2029298102618999,11.111111111111121,96,94,0.19403777023156485,0.293717095793417,cp,95,27,28042,0.6
Blood,all_constraints,0.8723404255319149,0.3354997092507591,0.8829787234042553,0.32316921825641187,1.2195121951219465,96,94,0.19403777023156485,0.293717095793417,cp,95,27,28042,0.6
Constitutional,all_constraints,0.8829787234042553,0.32316921825641187,0.9361702127659575,0.24576020475855115,6.024096385542172,96,94,0.19403777023156485,0.293717095793417,cp,95,27,28042,0.6
Infection,all_constraints,0.8723404255319149,0.3354997092507591,0.925531914893617,0.26393880449618323,6.0975609756097455,96,94,0.19403777023156485,0.293717095793417,cp,95,27,28042,0.6
Gastrointestinal,all_constraints,0.8723404255319149,0.3354997092507591,0.9893617021276596,0.10314212462587934,13.414634146341463,96,94,0.19403777023156485,0.293717095793417,cp,95,27,28042,0.6
Overall_Survival,all_constraints,10.69861104880403,1.7975543398171696,10.894468761013231,1.3901865779879539,1.8306835468244698,96,94,0.19403777023156485,0.293717095793417,cp,95,27,28042,0.6
all_constraints,all_constraints,0.7127659574468085,0.45489784805160016,0.8085106382978723,0.3955830254107684,13.43283582089552,96,94,0.19403777023156485,0.293717095793417,cp,95,27,28042,0.6
Any_DLT,dlt_only,0.8526315789473684,0.35635331059341196,0.9157894736842105,0.27917652063748477,7.407407407407405,96,95,0.061629801988601685,0.08036735977630409,nominal,96,28,29042,0.6
Blood,dlt_only,0.8736842105263158,0.33396729560733096,0.7052631578947368,0.4583430892442981,-19.27710843373495,96,95,0.061629801988601685,0.08036735977630409,nominal,96,28,29042,0.6
Constitutional,dlt_only,0.8631578947368421,0.34550383548659225,0.9368421052631579,0.24453717969020555,8.536585365853659,96,95,0.061629801988601685,0.08036735977630409,nominal,96,28,29042,0.6
Infection,dlt_only,0.8631578947368421,0.34550383548659225,0.9052631578947369,0.2944047080786205,4.878048780487807,96,95,0.061629801988601685,0.08036735977630409,nominal,96,28,29042,0.6
Gastrointestinal,dlt_only,0.8631578947368421,0.34550383548659225,1.0,0.0,15.853658536585364,96,95,0.061629801988601685,0.08036735977630409,nominal,96,28,29042,0.6
Overall_Survival,dlt_only,10.692540032347143,1.7887633906221623,11.427984751919157,0.9959439289906541,6.87811050832769,96,95,0.061629801988601685,0.08036735977630409,nominal,96,28,29042,0.6
all_constraints,dlt_only,0.6947368421052632,0.46296188461572396,0.6631578947368421,0.4751377474578825,-4.545454545454559,96,95,0.061629801988601685,0.08036735977630409,nominal,96,28,29042,0.6
Any_DLT,all_constraints,0.8709677419354839,0.33705264882291225,0.956989247311828,0.20398095044388956,9.876543209876546,96,93,0.10389128079017003,0.06996847944956772,nominal,96,28,29042,0.6
Blood,all_constraints,0.8817204301075269,0.32468922819237606,0.8064516129032258,0.39722035599928207,-8.536585365853663,96,93,0.10389128079017003,0.06996847944956772,nominal,96,28,29042,0.6
Constitutional,all_constraints,0.8817204301075269,0.32468922819237606,0.956989247311828,0.20398095044388959,8.536585365853663,96,93,0.10389128079017003,0.06996847944956772,nominal,96,28,29042,0.6
Infection,all_constraints,0.8924731182795699,0.31146098895220203,0.9354838709677419,0.24700165520054562,4.819277108433731,96,93,0.10389128079017003,0.06996847944956772,nominal,96,28,29042,0.6
Gastrointestinal,all_constraints,0.8709677419354839,0.3370526488229122,1.0,0.0,14.814814814814813,96,93,0.10389128079017003,0.06996847944956772,nominal,96,28,29042,0.6
Overall_Survival,all_constraints,10.696602410792122,1.8033050150982468,11.338045101543083,1.0277355076453552,5.996695643317445,96,93,0.10389128079017003,0.06996847944956772,nominal,96,28,29042,0.6
all_constraints,all_constraints,0.7204301075268817,0.4512203596877334,0.7849462365591398,0.4130865359806691,8.955223880597007,96,93,0.10389128079017003,0.06996847944956772,nominal,96,28,29042,0.6
Any_DLT,dlt_only,0.8526315789473684,0.35635331059341196,0.9263157894736842,0.2626422720087394,8.641975308641976,96,95,0.10169983158508937,0.10763252459943298,robust_reg,96,28,29042,0.6
Blood,dlt_only,0.8736842105263158,0.33396729560733096,0.6736842105263158,0.47135172897488653,-22.89156626506025,96,95,0.10169983158508937,0.10763252459943298,robust_reg,96,28,29042,0.6
Constitutional,dlt_only,0.8631578947368421,0.34550383548659225,0.9473684210526315,0.22448148540588725,9.7560975609756,96,95,0.10169983158508937,0.10763252459943298,robust_reg,96,28,29042,0.6
Infection,dlt_only,0.8631578947368421,0.34550383548659225,0.8736842105263158,0.333967295607331,1.219512195121955,96,95,0.10169983158508937,0.10763252459943298,robust_reg,96,28,29042,0.6
Gastrointestinal,dlt_only,0.8631578947368421,0.34550383548659225,1.0,0.0,15.853658536585364,96,95,0.10169983158508937,0.10763252459943298,robust_reg,96,28,29042,0.6
Overall_Survival,dlt_only,10.692540032347143,1.7887633906221623,11.463278485205178,0.9553690383813919,7.20818861118492,96,95,0.10169983158508937,0.10763252459943298,robust_reg,96,28,29042,0.6
all_constraints,dlt_only,0.6947368421052632,0.46296188461572396,0.6421052631578947,0.4819241017687551,-7.575757575757583,96,95,0.10169983158508937,0.10763252459943298,robust_reg,96,28,29042,0.6
Any_DLT,all_constraints,0.8709677419354839,0.33705264882291225,0.946236559139785,0.22677279367959727,8.64197530864198,96,93,0.09482482572396596,0.050345106928301984,robust_reg,96,28,29042,0.6
Blood,all_constraints,0.8817204301075269,0.32468922819237606,0.8279569892473119,0.3794634631543566,-6.097560975609751,96,93,0.09482482572396596,0.050345106928301984,robust_reg,96,28,29042,0.6
Constitutional,all_constraints,0.8817204301075269,0.32468922819237606,0.956989247311828,0.20398095044388959,8.536585365853663,96,93,0.09482482572396596,0.050345106928301984,robust_reg,96,28,29042,0.6
Infection,all_constraints,0.8924731182795699,0.31146098895220203,0.9354838709677419,0.24700165520054565,4.819277108433731,96,93,0.09482482572396596,0.050345106928301984,robust_reg,96,28,29042,0.6
Gastrointestinal,all_constraints,0.8709677419354839,0.3370526488229122,1.0,0.0,14.814814814814813,96,93,0.09482482572396596,0.050345106928301984,robust_reg,96,28,29042,0.6
Overall_Survival,all_constraints,10.696602410792122,1.8033050150982468,11.296670605389181,0.9580267903275981,5.609895287793739,96,93,0.09482482572396596,0.050345106928301984,robust_reg,96,28,29042,0.6
all_constraints,all_constraints,0.7204301075268817,0.4512203596877334,0.8064516129032258,0.397220355999282,11.940298507462675,96,93,0.09482482572396596,0.050345106928301984,robust_reg,96,28,29042,0.6
Any_DLT,dlt_only,0.8526315789473684,0.35635331059341196,0.9789473684210527,0.14432140317088762,14.814814814814822,96,95,0.06942673772573471,0.056375709255809085,cp,95,28,29042,0.6
Blood,dlt_only,0.8736842105263158,0.33396729560733096,0.9789473684210527,0.14432140317088762,12.048192771084336,96,95,0.06942673772573471,0.056375709255809085,cp,95,28,29042,0.6
Constitutional,dlt_only,0.8631578947368421,0.34550383548659225,0.9473684210526315,0.22448148540588725,9.7560975609756,96,95,0.06942673772573471,0.056375709255809085,cp,95,28,29042,0.6
Infection,dlt_only,0.8631578947368421,0.34550383548659225,0.9789473684210527,0.14432140317088762,13.414634146341466,96,95,0.06942673772573471,0.056375709255809085,cp,95,28,29042,0.6
Gastrointestinal,dlt_only,0.8631578947368421,0.34550383548659225,0.9789473684210527,0.14432140317088757,13.414634146341466,96,95,0.06942673772573471,0.056375709255809085,cp,95,28,29042,0.6
Overall_Survival,dlt_only,10.692540032347143,1.7887633906221623,10.888190779418442,1.0615198306785478,1.8297873702545482,96,95,0.06942673772573471,0.056375709255809085,cp,95,28,29042,0.6
all_constraints,dlt_only,0.6947368421052632,0.46296188461572396,0.9052631578947369,0.2944047080786205,30.303030303030297,96,95,0.06942673772573471,0.056375709255809085,cp,95,28,29042,0.6
Any_DLT,all_constraints,0.8709677419354839,0.33705264882291225,0.946236559139785,0.22677279367959727,8.64197530864198,96,93,0.26106182982524234,0.17800528875708665,cp,93,28,29042,0.6
Blood,all_constraints,0.8817204301075269,0.32468922819237606,0.8924731182795699,0.31146098895220203,1.21951219512195,96,93,0.26106182982524234,0.17800528875708665,cp,93,28,29042,0.6
Constitutional,all_constraints,0.8817204301075269,0.32468922819237606,0.956989247311828,0.20398095044388959,8.536585365853663,96,93,0.26106182982524234,0.17800528875708665,cp,93,28,29042,0.6
Infection,all_constraints,0.8924731182795699,0.31146098895220203,0.9247311827956989,0.2652545594323927,3.614457831325298,96,93,0.26106182982524234,0.17800528875708665,cp,93,28,29042,0.6
Gastrointestinal,all_constraints,0.8709677419354839,0.3370526488229122,1.0,0.0,14.814814814814813,96,93,0.26106182982524234,0.17800528875708665,cp,93,28,29042,0.6
Overall_Survival,all_constraints,10.696602410792122,1.8033050150982468,10.67017494862561,1.1575812654799569,-0.24706407840165753,96,93,0.26106182982524234,0.17800528875708665,cp,93,28,29042,0.6
all_constraints,all_constraints,0.7204301075268817,0.4512203596877334,0.8602150537634409,0.34864326633713344,19.402985074626862,96,93,0.26106182982524234,0.17800528875708665,cp,93,28,29042,0.6
Any_DLT,dlt_only,0.8541666666666666,0.35479176002615415,0.9895833333333334,0.10206207261596574,15.853658536585376,96,96,0.011538393795490265,0.0067706290624176095,nominal,96,29,30042,0.6
Blood,dlt_only,0.875,0.33245498310218435,0.9895833333333334,0.10206207261596574,13.0952380952381,96,96,0.011538393795490265,0.0067706290624176095,nominal,96,29,30042,0.6
Constitutional,dlt_only,0.8645833333333334,0.34396424742808945,0.9479166666666666,0.22336148028967082,9.63855421686746,96,96,0.011538393795490265,0.0067706290624176095,nominal,96,29,30042,0.6
Infection,dlt_only,0.8645833333333334,0.34396424742808945,0.9895833333333334,0.10206207261596574,14.457831325301203,96,96,0.011538393795490265,0.0067706290624176095,nominal,96,29,30042,0.6
Gastrointestinal,dlt_only,0.8645833333333334,0.3439642474280894,1.0,0.0,15.662650602409633,96,96,0.011538393795490265,0.0067706290624176095,nominal,96,29,30042,0.6
Overall_Survival,dlt_only,10.690597206168823,1.779425762099106,11.821485211351638,1.1712444915542997,10.578342662936132,96,96,0.011538393795490265,0.0067706290624176095,nominal,96,29,30042,0.6
all_constraints,dlt_only,0.6979166666666666,0.4615714956689105,0.9479166666666666,0.22336148028967082,35.820895522388064,96,96,0.011538393795490265,0.0067706290624176095,nominal,96,29,30042,0.6
Any_DLT,all_constraints,0.8541666666666666,0.35479176002615415,0.9895833333333334,0.10206207261596574,15.853658536585376,96,96,0.056436593333880104,0.11567910689760309,nominal,96,29,30042,0.6
Blood,all_constraints,0.875,0.33245498310218435,0.9895833333333334,0.10206207261596574,13.0952380952381,96,96,0.056436593333880104,0.11567910689760309,nominal,96,29,30042,0.6
Constitutional,all_constraints,0.8645833333333334,0.34396424742808945,0.9791666666666666,0.143575886163796,13.253012048192762,96,96,0.056436593333880104,0.11567910689760309,nominal,96,29,30042,0.6
Infection,all_constraints,0.8645833333333334,0.34396424742808945,0.9895833333333334,0.10206207261596574,14.457831325301203,96,96,0.056436593333880104,0.11567910689760309,nominal,96,29,30042,0.6
Gastrointestinal,all_constraints,0.8645833333333334,0.3439642474280894,0.9895833333333334,0.10206207261596574,14.457831325301203,96,96,0.056436593333880104,0.11567910689760309,nominal,96,29,30042,0.6
Overall_Survival,all_constraints,10.690597206168823,1.779425762099106,11.781632871805051,1.1636849309606028,10.205563305730623,96,96,0.056436593333880104,0.11567910689760309,nominal,96,29,30042,0.6
all_constraints,all_constraints,0.6979166666666666,0.4615714956689105,0.9791666666666666,0.143575886163796,40.29850746268657,96,96,0.056436593333880104,0.11567910689760309,nominal,96,29,30042,0.6
Any_DLT,dlt_only,0.8541666666666666,0.35479176002615415,1.0,0.0,17.07317073170732,96,96,0.012832924723625183,0.02303516056404688,robust_reg,96,29,30042,0.6
Blood,dlt_only,0.875,0.33245498310218435,1.0,0.0,14.285714285714286,96,96,0.012832924723625183,0.02303516056404688,robust_reg,96,29,30042,0.6
Constitutional,dlt_only,0.8645833333333334,0.34396424742808945,0.9166666666666666,0.27783625115549687,6.02409638554216,96,96,0.012832924723625183,0.02303516056404688,robust_reg,96,29,30042,0.6
Infection,dlt_only,0.8645833333333334,0.34396424742808945,1.0,0.0,15.662650602409633,96,96,0.012832924723625183,0.02303516056404688,robust_reg,96,29,30042,0.6
Gastrointestinal,dlt_only,0.8645833333333334,0.3439642474280894,1.0,0.0,15.662650602409633,96,96,0.012832924723625183,0.02303516056404688,robust_reg,96,29,30042,0.6
Overall_Survival,dlt_only,10.690597206168823,1.779425762099106,11.868952739548357,1.0938428030352243,11.02235460428333,96,96,0.012832924723625183,0.02303516056404688,robust_reg,96,29,30042,0.6
all_constraints,dlt_only,0.6979166666666666,0.4615714956689105,0.9166666666666666,0.27783625115549687,31.343283582089555,96,96,0.012832924723625183,0.02303516056404688,robust_reg,96,29,30042,0.6
Any_DLT,all_constraints,0.8541666666666666,0.35479176002615415,1.0,0.0,17.07317073170732,96,96,0.05112069100141525,0.05971525803329256,robust_reg,96,29,30042,0.6
Blood,all_constraints,0.875,0.33245498310218435,1.0,0.0,14.285714285714286,96,96,0.05112069100141525,0.05971525803329256,robust_reg,96,29,30042,0.6
Constitutional,all_constraints,0.8645833333333334,0.34396424742808945,0.9895833333333334,0.10206207261596574,14.457831325301203,96,96,0.05112069100141525,0.05971525803329256,robust_reg,96,29,30042,0.6
Infection,all_constraints,0.8645833333333334,0.34396424742808945,1.0,0.0,15.662650602409633,96,96,0.05112069100141525,0.05971525803329256,robust_reg,96,29,30042,0.6
Gastrointestinal,all_constraints,0.8645833333333334,0.3439642474280894,1.0,0.0,15.662650602409633,96,96,0.05112069100141525,0.05971525803329256,robust_reg,96,29,30042,0.6
Overall_Survival,all_constraints,10.690597206168823,1.779425762099106,11.753064872538914,1.183115046016348,9.938337829780107,96,96,0.05112069100141525,0.05971525803329256,robust_reg,96,29,30042,0.6
all_constraints,all_constraints,0.6979166666666666,0.4615714956689105,0.9895833333333334,0.10206207261596574,41.79104477611942,96,96,0.05112069100141525,0.05971525803329256,robust_reg,96,29,30042,0.6
Any_DLT,dlt_only,0.8541666666666666,0.35479176002615415,0.9791666666666666,0.143575886163796,14.634146341463415,96,96,0.06156089901924133,0.07233136744118637,cp,96,29,30042,0.6
Blood,dlt_only,0.875,0.33245498310218435,0.9791666666666666,0.143575886163796,11.9047619047619,96,96,0.06156089901924133,0.07233136744118637,cp,96,29,30042,0.6
Constitutional,dlt_only,0.8645833333333334,0.34396424742808945,0.9375,0.2433321316961438,8.43373493975903,96,96,0.06156089901924133,0.07233136744118637,cp,96,29,30042,0.6
Infection,dlt_only,0.8645833333333334,0.34396424742808945,0.9791666666666666,0.143575886163796,13.253012048192762,96,96,0.06156089901924133,0.07233136744118637,cp,96,29,30042,0.6
Gastrointestinal,dlt_only,0.8645833333333334,0.3439642474280894,1.0,0.0,15.662650602409633,96,96,0.06156089901924133,0.07233136744118637,cp,96,29,30042,0.6
Overall_Survival,dlt_only,10.690597206168823,1.779425762099106,10.934297407315972,1.1137274053474884,2.27957518600108,96,96,0.06156089901924133,0.07233136744118637,cp,96,29,30042,0.6
all_constraints,dlt_only,0.6979166666666666,0.4615714956689105,0.9270833333333334,0.26136450315368365,32.8358208955224,96,96,0.06156089901924133,0.07233136744118637,cp,96,29,30042,0.6
Any_DLT,all_constraints,0.8541666666666666,0.35479176002615415,1.0,0.0,17.07317073170732,96,96,0.1142775962750117,0.17566751151498913,cp,96,29,30042,0.6
Blood,all_constraints,0.875,0.33245498310218435,1.0,0.0,14.285714285714286,96,96,0.1142775962750117,0.17566751151498913,cp,96,29,30042,0.6
Constitutional,all_constraints,0.8645833333333334,0.34396424742808945,0.9479166666666666,0.22336148028967082,9.63855421686746,96,96,0.1142775962750117,0.17566751151498913,cp,96,29,30042,0.6
Infection,all_constraints,0.8645833333333334,0.34396424742808945,1.0,0.0,15.662650602409633,96,96,0.1142775962750117,0.17566751151498913,cp,96,29,30042,0.6
Gastrointestinal,all_constraints,0.8645833333333334,0.3439642474280894,1.0,0.0,15.662650602409633,96,96,0.1142775962750117,0.17566751151498913,cp,96,29,30042,0.6
Overall_Survival,all_constraints,10.690597206168823,1.779425762099106,11.218237243010357,1.0121334845912853,4.935552492213144,96,96,0.1142775962750117,0.17566751151498913,cp,96,29,30042,0.6
all_constraints,all_constraints,0.6979166666666666,0.4615714956689105,0.9479166666666666,0.22336148028967082,35.820895522388064,96,96,0.1142775962750117,0.17566751151498913,cp,96,29,30042,0.6
