outcome,constraint_mode,given_mean,given_sd,prescribed_mean,prescribed_sd,pct_change,n_test,n_prescribed_eval,mean_solve_time,solve_time_sd,method,n_method_feasible,realization,subsample_seed,rhs,frac,strength
Any_DLT,dlt_only,0.4155844155844156,0.4960541500218804,0.922077922077922,0.2698066445201162,121.87499999999999,96,77,0.018211031953493755,0.010365341529744963,nominal,85,0,1042,0.4,0.5,calibrated
Blood,dlt_only,0.3116883116883117,0.4662205334202242,0.6753246753246753,0.4713239594778242,116.66666666666669,96,77,0.018211031953493755,0.010365341529744963,nominal,85,0,1042,0.4,0.5,calibrated
Constitutional,dlt_only,0.4025974025974026,0.49363688603701666,0.8571428571428571,0.3522217346728334,112.90322580645159,96,77,0.018211031953493755,0.010365341529744963,nominal,85,0,1042,0.4,0.5,calibrated
Infection,dlt_only,0.16883116883116883,0.37705916758225944,0.5194805194805194,0.502896599458671,207.69230769230765,96,77,0.018211031953493755,0.010365341529744963,nominal,85,0,1042,0.4,0.5,calibrated
Gastrointestinal,dlt_only,0.3116883116883117,0.4662205334202242,0.4935064935064935,0.5032362797401965,58.33333333333334,96,77,0.018211031953493755,0.010365341529744963,nominal,85,0,1042,0.4,0.5,calibrated
Overall_Survival,dlt_only,10.693253621311035,1.6811674263399992,11.484710435118412,0.8827330817581256,7.401459292334091,96,77,0.018211031953493755,0.010365341529744963,nominal,85,0,1042,0.4,0.5,calibrated
all_constraints,dlt_only,0.1038961038961039,0.30712656333452054,0.2857142857142857,0.4547163041867237,174.99999999999997,96,77,0.018211031953493755,0.010365341529744963,nominal,85,0,1042,0.4,0.5,calibrated
Any_DLT,all_constraints,0.5333333333333333,0.507416263404925,0.8,0.4068381021724863,50.00000000000001,96,30,0.06916511555512746,0.02650659809869559,nominal,42,0,1042,0.4,0.5,calibrated
Blood,all_constraints,0.4,0.4982728791224399,0.4,0.4982728791224399,0.0,96,30,0.06916511555512746,0.02650659809869559,nominal,42,0,1042,0.4,0.5,calibrated
Constitutional,all_constraints,0.43333333333333335,0.5040069329937308,0.7666666666666667,0.4301830671520763,76.92307692307692,96,30,0.06916511555512746,0.02650659809869559,nominal,42,0,1042,0.4,0.5,calibrated
Infection,all_constraints,0.13333333333333333,0.34574590364176044,0.36666666666666664,0.4901325178535609,175.0,96,30,0.06916511555512746,0.02650659809869559,nominal,42,0,1042,0.4,0.5,calibrated
Gastrointestinal,all_constraints,0.4,0.4982728791224399,0.8,0.4068381021724863,100.0,96,30,0.06916511555512746,0.02650659809869559,nominal,42,0,1042,0.4,0.5,calibrated
Overall_Survival,all_constraints,11.034686961607068,1.5024661801560075,10.695755626876439,0.8360430716105531,-3.071508379982791,96,30,0.06916511555512746,0.02650659809869559,nominal,42,0,1042,0.4,0.5,calibrated
all_constraints,all_constraints,0.06666666666666667,0.2537081317024624,0.16666666666666666,0.3790490217894517,150.0,96,30,0.06916511555512746,0.02650659809869559,nominal,42,0,1042,0.4,0.5,calibrated
Any_DLT,dlt_only,0.4155844155844156,0.4960541500218804,0.8571428571428571,0.3522217346728334,106.24999999999999,96,77,0.01826010396083196,0.018179374596618527,robust_reg,78,0,1042,0.4,0.5,calibrated
Blood,dlt_only,0.3116883116883117,0.4662205334202242,0.6103896103896104,0.49085972258788635,95.83333333333333,96,77,0.01826010396083196,0.018179374596618527,robust_reg,78,0,1042,0.4,0.5,calibrated
Constitutional,dlt_only,0.4025974025974026,0.49363688603701666,0.7922077922077922,0.40838779099431877,96.7741935483871,96,77,0.01826010396083196,0.018179374596618527,robust_reg,78,0,1042,0.4,0.5,calibrated
Infection,dlt_only,0.16883116883116883,0.37705916758225944,0.5324675324675324,0.5022165496554036,215.38461538461536,96,77,0.01826010396083196,0.018179374596618527,robust_reg,78,0,1042,0.4,0.5,calibrated
Gastrointestinal,dlt_only,0.3116883116883117,0.4662205334202242,0.5844155844155844,0.4960541500218804,87.49999999999999,96,77,0.01826010396083196,0.018179374596618527,robust_reg,78,0,1042,0.4,0.5,calibrated
Overall_Survival,dlt_only,10.693253621311035,1.6811674263399992,11.156088943230838,1.3306405831474601,4.3282927564478495,96,77,0.01826010396083196,0.018179374596618527,robust_reg,78,0,1042,0.4,0.5,calibrated
all_constraints,dlt_only,0.1038961038961039,0.30712656333452054,0.23376623376623376,0.4260004909838997,124.99999999999997,96,77,0.01826010396083196,0.018179374596618527,robust_reg,78,0,1042,0.4,0.5,calibrated
Any_DLT,all_constraints,0.5333333333333333,0.507416263404925,0.7666666666666667,0.43018306715207627,43.750000000000014,96,30,0.06258433560530345,0.0683231406663428,robust_reg,38,0,1042,0.4,0.5,calibrated
Blood,all_constraints,0.4,0.4982728791224399,0.3,0.466091599699399,-25.000000000000007,96,30,0.06258433560530345,0.0683231406663428,robust_reg,38,0,1042,0.4,0.5,calibrated
Constitutional,all_constraints,0.43333333333333335,0.5040069329937308,0.8,0.4068381021724863,84.61538461538463,96,30,0.06258433560530345,0.0683231406663428,robust_reg,38,0,1042,0.4,0.5,calibrated
Infection,all_constraints,0.13333333333333333,0.34574590364176044,0.36666666666666664,0.4901325178535609,175.0,96,30,0.06258433560530345,0.0683231406663428,robust_reg,38,0,1042,0.4,0.5,calibrated
Gastrointestinal,all_constraints,0.4,0.4982728791224399,0.8,0.4068381021724862,100.0,96,30,0.06258433560530345,0.0683231406663428,robust_reg,38,0,1042,0.4,0.5,calibrated
Overall_Survival,all_constraints,11.034686961607068,1.5024661801560075,10.718736939496528,1.0095418009904702,-2.863244088480474,96,30,0.06258433560530345,0.0683231406663428,robust_reg,38,0,1042,0.4,0.5,calibrated
all_constraints,all_constraints,0.06666666666666667,0.2537081317024624,0.03333333333333333,0.18257418583505533,-50.0,96,30,0.06258433560530345,0.0683231406663428,robust_reg,38,0,1042,0.4,0.5,calibrated
Any_DLT,dlt_only,0.4155844155844156,0.4960541500218804,0.922077922077922,0.2698066445201162,121.87499999999999,96,77,0.020734538634618122,0.00815105876777822,cp,85,0,1042,0.4,0.5,calibrated
Blood,dlt_only,0.3116883116883117,0.4662205334202242,0.6753246753246753,0.4713239594778242,116.66666666666669,96,77,0.020734538634618122,0.00815105876777822,cp,85,0,1042,0.4,0.5,calibrated
Constitutional,dlt_only,0.4025974025974026,0.49363688603701666,0.8571428571428571,0.3522217346728334,112.90322580645159,96,77,0.020734538634618122,0.00815105876777822,cp,85,0,1042,0.4,0.5,calibrated
Infection,dlt_only,0.16883116883116883,0.37705916758225944,0.5194805194805194,0.502896599458671,207.69230769230765,96,77,0.020734538634618122,0.00815105876777822,cp,85,0,1042,0.4,0.5,calibrated
Gastrointestinal,dlt_only,0.3116883116883117,0.4662205334202242,0.4935064935064935,0.5032362797401965,58.33333333333334,96,77,0.020734538634618122,0.00815105876777822,cp,85,0,1042,0.4,0.5,calibrated
Overall_Survival,dlt_only,10.693253621311035,1.6811674263399992,11.484710435118412,0.8827330817581256,7.401459292334091,96,77,0.020734538634618122,0.00815105876777822,cp,85,0,1042,0.4,0.5,calibrated
all_constraints,dlt_only,0.1038961038961039,0.30712656333452054,0.2857142857142857,0.4547163041867237,174.99999999999997,96,77,0.020734538634618122,0.00815105876777822,cp,85,0,1042,0.4,0.5,calibrated
Any_DLT,all_constraints,0.5333333333333333,0.507416263404925,0.8333333333333334,0.3790490217894517,56.25000000000001,96,30,0.09359813233216603,0.05394131021540289,cp,46,0,1042,0.4,0.5,calibrated
Blood,all_constraints,0.4,0.4982728791224399,0.4,0.4982728791224399,0.0,96,30,0.09359813233216603,0.05394131021540289,cp,46,0,1042,0.4,0.5,calibrated
Constitutional,all_constraints,0.43333333333333335,0.5040069329937308,0.7,0.466091599699399,61.538461538461526,96,30,0.09359813233216603,0.05394131021540289,cp,46,0,1042,0.4,0.5,calibrated
Infection,all_constraints,0.13333333333333333,0.34574590364176044,0.5333333333333333,0.507416263404925,300.0,96,30,0.09359813233216603,0.05394131021540289,cp,46,0,1042,0.4,0.5,calibrated
Gastrointestinal,all_constraints,0.4,0.4982728791224399,0.8,0.4068381021724862,100.0,96,30,0.09359813233216603,0.05394131021540289,cp,46,0,1042,0.4,0.5,calibrated
Overall_Survival,all_constraints,11.034686961607068,1.5024661801560075,10.967110967774774,1.056618916114698,-0.612396111166644,96,30,0.09359813233216603,0.05394131021540289,cp,46,0,1042,0.4,0.5,calibrated
all_constraints,all_constraints,0.06666666666666667,0.2537081317024624,0.2,0.4068381021724863,200.00000000000003,96,30,0.09359813233216603,0.05394131021540289,cp,46,0,1042,0.4,0.5,calibrated
Any_DLT,dlt_only,0.4025974025974026,0.49363688603701666,0.8831168831168831,0.32338774079333993,119.3548387096774,96,77,0.017465906838576,0.011448938665985278,nominal,96,1,2042,0.4,0.5,calibrated
Blood,dlt_only,0.3116883116883117,0.4662205334202242,0.6753246753246753,0.47132395947782413,116.66666666666669,96,77,0.017465906838576,0.011448938665985278,nominal,96,1,2042,0.4,0.5,calibrated
Constitutional,dlt_only,0.37662337662337664,0.4877165116767452,0.8051948051948052,0.3986477484460184,113.79310344827587,96,77,0.017465906838576,0.011448938665985278,nominal,96,1,2042,0.4,0.5,calibrated
Infection,dlt_only,0.16883116883116883,0.37705916758225944,0.5324675324675324,0.5022165496554036,215.38461538461536,96,77,0.017465906838576,0.011448938665985278,nominal,96,1,2042,0.4,0.5,calibrated
Gastrointestinal,dlt_only,0.2857142857142857,0.45471630418672365,0.4805194805194805,0.502896599458671,68.1818181818182,96,77,0.017465906838576,0.011448938665985278,nominal,96,1,2042,0.4,0.5,calibrated
Overall_Survival,dlt_only,10.397979068495731,1.5759300752085994,11.433535879031256,1.0351317385419334,9.95921230187029,96,77,0.017465906838576,0.011448938665985278,nominal,96,1,2042,0.4,0.5,calibrated
all_constraints,dlt_only,0.1038961038961039,0.30712656333452054,0.3116883116883117,0.46622053342022424,199.99999999999997,96,77,0.017465906838576,0.011448938665985278,nominal,96,1,2042,0.4,0.5,calibrated
Any_DLT,all_constraints,0.6153846153846154,0.4961389383568338,0.9615384615384616,0.196116135138184,56.24999999999999,96,26,0.062139262755711876,0.025434008234282553,nominal,34,1,2042,0.4,0.5,calibrated
Blood,all_constraints,0.4230769230769231,0.5038314736557788,0.7307692307692307,0.4523443208612048,72.72727272727272,96,26,0.062139262755711876,0.025434008234282553,nominal,34,1,2042,0.4,0.5,calibrated
Constitutional,all_constraints,0.5769230769230769,0.5038314736557788,0.9615384615384616,0.196116135138184,66.66666666666669,96,26,0.062139262755711876,0.025434008234282553,nominal,34,1,2042,0.4,0.5,calibrated
Infection,all_constraints,0.3076923076923077,0.4706787243316417,0.7307692307692307,0.4523443208612048,137.49999999999997,96,26,0.062139262755711876,0.025434008234282553,nominal,34,1,2042,0.4,0.5,calibrated
Gastrointestinal,all_constraints,0.4230769230769231,0.5038314736557788,0.9615384615384616,0.196116135138184,127.2727272727273,96,26,0.062139262755711876,0.025434008234282553,nominal,34,1,2042,0.4,0.5,calibrated
Overall_Survival,all_constraints,11.259900044824743,1.5569343279041772,10.5325691168141,0.7504495384749839,-6.459479436897289,96,26,0.062139262755711876,0.025434008234282553,nominal,34,1,2042,0.4,0.5,calibrated
all_constraints,all_constraints,0.11538461538461539,0.32581259360842113,0.6538461538461539,0.4851645240375839,466.66666666666663,96,26,0.062139262755711876,0.025434008234282553,nominal,34,1,2042,0.4,0.5,calibrated
Any_DLT,dlt_only,0.4025974025974026,0.49363688603701666,0.8831168831168831,0.3233877407933399,119.3548387096774,96,77,0.019122034311294556,0.0111210623251913,robust_reg,91,1,2042,0.4,0.5,calibrated
Blood,dlt_only,0.3116883116883117,0.4662205334202242,0.6623376623376623,0.47601386563146547,112.5,96,77,0.019122034311294556,0.0111210623251913,robust_reg,91,1,2042,0.4,0.5,calibrated
Constitutional,dlt_only,0.37662337662337664,0.4877165116767452,0.8181818181818182,0.38822377998943125,117.24137931034483,96,77,0.019122034311294556,0.0111210623251913,robust_reg,91,1,2042,0.4,0.5,calibrated
Infection,dlt_only,0.16883116883116883,0.37705916758225944,0.5714285714285714,0.4981167541368989,238.46153846153842,96,77,0.019122034311294556,0.0111210623251913,robust_reg,91,1,2042,0.4,0.5,calibrated
Gastrointestinal,dlt_only,0.2857142857142857,0.45471630418672365,0.4935064935064935,0.5032362797401965,72.72727272727273,96,77,0.019122034311294556,0.0111210623251913,robust_reg,91,1,2042,0.4,0.5,calibrated
Overall_Survival,dlt_only,10.397979068495731,1.5759300752085994,11.422512388863765,1.0743492044638112,9.853196603099653,96,77,0.019122034311294556,0.0111210623251913,robust_reg,91,1,2042,0.4,0.5,calibrated
all_constraints,dlt_only,0.1038961038961039,0.30712656333452054,0.3116883116883117,0.46622053342022424,199.99999999999997,96,77,0.019122034311294556,0.0111210623251913,robust_reg,91,1,2042,0.4,0.5,calibrated
Any_DLT,all_constraints,0.6153846153846154,0.4961389383568338,1.0,0.0,62.49999999999999,96,26,0.07039580245812734,0.02416726179605016,robust_reg,33,1,2042,0.4,0.5,calibrated
Blood,all_constraints,0.4230769230769231,0.5038314736557788,0.6923076923076923,0.47067872433164165,63.63636363636364,96,26,0.07039580245812734,0.02416726179605016,robust_reg,33,1,2042,0.4,0.5,calibrated
Constitutional,all_constraints,0.5769230769230769,0.5038314736557788,0.8846153846153846,0.3258125936084211,53.33333333333334,96,26,0.07039580245812734,0.02416726179605016,robust_reg,33,1,2042,0.4,0.5,calibrated
Infection,all_constraints,0.3076923076923077,0.4706787243316417,0.7692307692307693,0.42966892442365967,150.0,96,26,0.07039580245812734,0.02416726179605016,robust_reg,33,1,2042,0.4,0.5,calibrated
Gastrointestinal,all_constraints,0.4230769230769231,0.5038314736557788,1.0,0.0,136.36363636363635,96,26,0.07039580245812734,0.02416726179605016,robust_reg,33,1,2042,0.4,0.5,calibrated
Overall_Survival,all_constraints,11.259900044824743,1.5569343279041772,10.621978874148725,0.7452405458649989,-5.665424809603155,96,26,0.07039580245812734,0.02416726179605016,robust_reg,33,1,2042,0.4,0.5,calibrated
all_constraints,all_constraints,0.11538461538461539,0.32581259360842113,0.5384615384615384,0.508391127441794,366.6666666666666,96,26,0.07039580245812734,0.02416726179605016,robust_reg,33,1,2042,0.4,0.5,calibrated
Any_DLT,dlt_only,0.4025974025974026,0.49363688603701666,0.7402597402597403,0.44136741475237473,83.87096774193549,96,77,0.030026815831661224,0.008705472077966724,cp,80,1,2042,0.4,0.5,calibrated
Blood,dlt_only,0.3116883116883117,0.4662205334202242,0.6753246753246753,0.47132395947782413,116.66666666666669,96,77,0.030026815831661224,0.008705472077966724,cp,80,1,2042,0.4,0.5,calibrated
Constitutional,dlt_only,0.37662337662337664,0.4877165116767452,0.6493506493506493,0.48030236546295463,72.41379310344827,96,77,0.030026815831661224,0.008705472077966724,cp,80,1,2042,0.4,0.5,calibrated
Infection,dlt_only,0.16883116883116883,0.37705916758225944,0.4805194805194805,0.502896599458671,184.6153846153846,96,77,0.030026815831661224,0.008705472077966724,cp,80,1,2042,0.4,0.5,calibrated
Gastrointestinal,dlt_only,0.2857142857142857,0.45471630418672365,0.4155844155844156,0.4960541500218804,45.454545454545475,96,77,0.030026815831661224,0.008705472077966724,cp,80,1,2042,0.4,0.5,calibrated
Overall_Survival,dlt_only,10.397979068495731,1.5759300752085994,11.120641655887516,0.8516476834525497,6.950029256948022,96,77,0.030026815831661224,0.008705472077966724,cp,80,1,2042,0.4,0.5,calibrated
all_constraints,dlt_only,0.1038961038961039,0.30712656333452054,0.2077922077922078,0.4083877909943187,99.99999999999999,96,77,0.030026815831661224,0.008705472077966724,cp,80,1,2042,0.4,0.5,calibrated
Any_DLT,all_constraints,0.6153846153846154,0.4961389383568338,0.9615384615384616,0.196116135138184,56.24999999999999,96,26,0.07466211169958115,0.030348774256717188,cp,34,1,2042,0.4,0.5,calibrated
Blood,all_constraints,0.4230769230769231,0.5038314736557788,0.7307692307692307,0.4523443208612048,72.72727272727272,96,26,0.07466211169958115,0.030348774256717188,cp,34,1,2042,0.4,0.5,calibrated
Constitutional,all_constraints,0.5769230769230769,0.5038314736557788,0.9615384615384616,0.196116135138184,66.66666666666669,96,26,0.07466211169958115,0.030348774256717188,cp,34,1,2042,0.4,0.5,calibrated
Infection,all_constraints,0.3076923076923077,0.4706787243316417,0.7307692307692307,0.4523443208612048,137.49999999999997,96,26,0.07466211169958115,0.030348774256717188,cp,34,1,2042,0.4,0.5,calibrated
Gastrointestinal,all_constraints,0.4230769230769231,0.5038314736557788,0.9615384615384616,0.196116135138184,127.2727272727273,96,26,0.07466211169958115,0.030348774256717188,cp,34,1,2042,0.4,0.5,calibrated
Overall_Survival,all_constraints,11.259900044824743,1.5569343279041772,10.5325691168141,0.7504495384749839,-6.459479436897289,96,26,0.07466211169958115,0.030348774256717188,cp,34,1,2042,0.4,0.5,calibrated
all_constraints,all_constraints,0.11538461538461539,0.32581259360842113,0.6538461538461539,0.4851645240375839,466.66666666666663,96,26,0.07466211169958115,0.030348774256717188,cp,34,1,2042,0.4,0.5,calibrated
Any_DLT,dlt_only,0.4246575342465753,0.49771165847021204,0.1506849315068493,0.360217252220885,-64.51612903225806,96,73,0.03741508722305298,0.03784322508398115,nominal,81,2,3042,0.4,0.5,calibrated
Blood,dlt_only,0.3150684931506849,0.4677580193732393,0.1232876712328767,0.3310423554409471,-60.869565217391305,96,73,0.03741508722305298,0.03784322508398115,nominal,81,2,3042,0.4,0.5,calibrated
Constitutional,dlt_only,0.3972602739726027,0.49271712719135474,0.4246575342465753,0.49771165847021204,6.896551724137931,96,73,0.03741508722305298,0.03784322508398115,nominal,81,2,3042,0.4,0.5,calibrated
Infection,dlt_only,0.1780821917808219,0.3852295763360054,0.2465753424657534,0.4340001893819421,38.46153846153846,96,73,0.03741508722305298,0.03784322508398115,nominal,81,2,3042,0.4,0.5,calibrated
Gastrointestinal,dlt_only,0.3150684931506849,0.4677580193732393,0.6164383561643836,0.4896182465934662,95.6521739130435,96,73,0.03741508722305298,0.03784322508398115,nominal,81,2,3042,0.4,0.5,calibrated
Overall_Survival,dlt_only,10.407282197626328,1.6116200522896562,10.37039138967187,0.9877365956519524,-0.35447110257923553,96,73,0.03741508722305298,0.03784322508398115,nominal,81,2,3042,0.4,0.5,calibrated
all_constraints,dlt_only,0.1095890410958904,0.31453863195058485,0.0,0.0,-100.0,96,73,0.03741508722305298,0.03784322508398115,nominal,81,2,3042,0.4,0.5,calibrated
Any_DLT,all_constraints,0.75,0.4423258684646914,0.625,0.49453535504684026,-16.666666666666668,96,24,0.06791677822669347,0.03740861081147729,nominal,28,2,3042,0.4,0.5,calibrated
Blood,all_constraints,0.625,0.49453535504684026,0.4166666666666667,0.5036101551853348,-33.33333333333333,96,24,0.06791677822669347,0.03740861081147729,nominal,28,2,3042,0.4,0.5,calibrated
Constitutional,all_constraints,0.6666666666666666,0.48154341234307685,0.5833333333333334,0.5036101551853349,-12.499999999999988,96,24,0.06791677822669347,0.03740861081147729,nominal,28,2,3042,0.4,0.5,calibrated
Infection,all_constraints,0.4583333333333333,0.5089773777040516,0.625,0.49453535504684026,36.36363636363637,96,24,0.06791677822669347,0.03740861081147729,nominal,28,2,3042,0.4,0.5,calibrated
Gastrointestinal,all_constraints,0.7083333333333334,0.4643056214875365,1.0,0.0,41.17647058823529,96,24,0.06791677822669347,0.03740861081147729,nominal,28,2,3042,0.4,0.5,calibrated
Overall_Survival,all_constraints,10.056433851852304,1.6803945111887901,10.205010108133829,1.1909606873530467,1.4774248851063427,96,24,0.06791677822669347,0.03740861081147729,nominal,28,2,3042,0.4,0.5,calibrated
all_constraints,all_constraints,0.3333333333333333,0.48154341234307685,0.25,0.4423258684646914,-24.999999999999996,96,24,0.06791677822669347,0.03740861081147729,nominal,28,2,3042,0.4,0.5,calibrated
Any_DLT,dlt_only,0.4246575342465753,0.49771165847021204,0.4931506849315068,0.5034130089044646,16.129032258064516,96,73,0.03819037228822708,0.04041377773016,robust_reg,73,2,3042,0.4,0.5,calibrated
Blood,dlt_only,0.3150684931506849,0.4677580193732393,0.3972602739726027,0.49271712719135474,26.08695652173913,96,73,0.03819037228822708,0.04041377773016,robust_reg,73,2,3042,0.4,0.5,calibrated
Constitutional,dlt_only,0.3972602739726027,0.49271712719135474,0.4657534246575342,0.5022779161209768,17.24137931034483,96,73,0.03819037228822708,0.04041377773016,robust_reg,73,2,3042,0.4,0.5,calibrated
Infection,dlt_only,0.1780821917808219,0.3852295763360054,0.3698630136986301,0.4861083931213426,107.6923076923077,96,73,0.03819037228822708,0.04041377773016,robust_reg,73,2,3042,0.4,0.5,calibrated
Gastrointestinal,dlt_only,0.3150684931506849,0.4677580193732393,0.3698630136986301,0.4861083931213426,17.391304347826086,96,73,0.03819037228822708,0.04041377773016,robust_reg,73,2,3042,0.4,0.5,calibrated
Overall_Survival,dlt_only,10.407282197626328,1.6116200522896562,10.735634016011906,1.1772044935835677,3.1550198423606446,96,73,0.03819037228822708,0.04041377773016,robust_reg,73,2,3042,0.4,0.5,calibrated
all_constraints,dlt_only,0.1095890410958904,0.31453863195058485,0.0684931506849315,0.25433830943623054,-37.5,96,73,0.03819037228822708,0.04041377773016,robust_reg,73,2,3042,0.4,0.5,calibrated
Any_DLT,all_constraints,0.75,0.4423258684646914,0.6666666666666666,0.48154341234307685,-11.111111111111116,96,24,0.06799209366242091,0.05160565723675109,robust_reg,28,2,3042,0.4,0.5,calibrated
Blood,all_constraints,0.625,0.49453535504684026,0.4583333333333333,0.5089773777040516,-26.666666666666668,96,24,0.06799209366242091,0.05160565723675109,robust_reg,28,2,3042,0.4,0.5,calibrated
Constitutional,all_constraints,0.6666666666666666,0.48154341234307685,0.5416666666666666,0.5089773777040516,-18.75,96,24,0.06799209366242091,0.05160565723675109,robust_reg,28,2,3042,0.4,0.5,calibrated
Infection,all_constraints,0.4583333333333333,0.5089773777040516,0.6666666666666666,0.48154341234307685,45.45454545454545,96,24,0.06799209366242091,0.05160565723675109,robust_reg,28,2,3042,0.4,0.5,calibrated
Gastrointestinal,all_constraints,0.7083333333333334,0.4643056214875365,0.9583333333333334,0.2041241452319315,35.29411764705882,96,24,0.06799209366242091,0.05160565723675109,robust_reg,28,2,3042,0.4,0.5,calibrated
Overall_Survival,all_constraints,10.056433851852304,1.6803945111887901,10.145120369393311,1.2353169112610987,0.8818883398181084,96,24,0.06799209366242091,0.05160565723675109,robust_reg,28,2,3042,0.4,0.5,calibrated
all_constraints,all_constraints,0.3333333333333333,0.48154341234307685,0.25,0.4423258684646914,-24.999999999999996,96,24,0.06799209366242091,0.05160565723675109,robust_reg,28,2,3042,0.4,0.5,calibrated
Any_DLT,dlt_only,0.4246575342465753,0.49771165847021204,0.1506849315068493,0.360217252220885,-64.51612903225806,96,73,0.03313967088858286,0.032351570441656395,cp,81,2,3042,0.4,0.5,calibrated
Blood,dlt_only,0.3150684931506849,0.4677580193732393,0.1232876712328767,0.3310423554409471,-60.869565217391305,96,73,0.03313967088858286,0.032351570441656395,cp,81,2,3042,0.4,0.5,calibrated
Constitutional,dlt_only,0.3972602739726027,0.49271712719135474,0.4520547945205479,0.5011402523360258,13.793103448275861,96,73,0.03313967088858286,0.032351570441656395,cp,81,2,3042,0.4,0.5,calibrated
Infection,dlt_only,0.1780821917808219,0.3852295763360054,0.2465753424657534,0.4340001893819421,38.46153846153846,96,73,0.03313967088858286,0.032351570441656395,cp,81,2,3042,0.4,0.5,calibrated
Gastrointestinal,dlt_only,0.3150684931506849,0.4677580193732393,0.6164383561643836,0.4896182465934662,95.6521739130435,96,73,0.03313967088858286,0.032351570441656395,cp,81,2,3042,0.4,0.5,calibrated
Overall_Survival,dlt_only,10.407282197626328,1.6116200522896562,10.383088149852165,0.9832499999587277,-0.23247229502127872,96,73,0.03313967088858286,0.032351570441656395,cp,81,2,3042,0.4,0.5,calibrated
all_constraints,dlt_only,0.1095890410958904,0.31453863195058485,0.0,0.0,-100.0,96,73,0.03313967088858286,0.032351570441656395,cp,81,2,3042,0.4,0.5,calibrated
Any_DLT,all_constraints,0.75,0.4423258684646914,0.25,0.4423258684646914,-66.66666666666667,96,24,0.047525698939959206,0.02583673728071157,cp,64,2,3042,0.4,0.5,calibrated
Blood,all_constraints,0.625,0.49453535504684026,0.125,0.3378319623460881,-80.0,96,24,0.047525698939959206,0.02583673728071157,cp,64,2,3042,0.4,0.5,calibrated
Constitutional,all_constraints,0.6666666666666666,0.48154341234307685,0.20833333333333334,0.4148511169990534,-68.75,96,24,0.047525698939959206,0.02583673728071157,cp,64,2,3042,0.4,0.5,calibrated
Infection,all_constraints,0.4583333333333333,0.5089773777040516,0.4583333333333333,0.5089773777040516,0.0,96,24,0.047525698939959206,0.02583673728071157,cp,64,2,3042,0.4,0.5,calibrated
Gastrointestinal,all_constraints,0.7083333333333334,0.4643056214875365,0.3333333333333333,0.48154341234307685,-52.94117647058824,96,24,0.047525698939959206,0.02583673728071157,cp,64,2,3042,0.4,0.5,calibrated
Overall_Survival,all_constraints,10.056433851852304,1.6803945111887901,10.292901455792082,1.2145280763370927,2.3514061487733278,96,24,0.047525698939959206,0.02583673728071157,cp,64,2,3042,0.4,0.5,calibrated
all_constraints,all_constraints,0.3333333333333333,0.48154341234307685,0.0,0.0,-99.99999999999999,96,24,0.047525698939959206,0.02583673728071157,cp,64,2,3042,0.4,0.5,calibrated
Any_DLT,dlt_only,0.367816091954023,0.48500641397666405,0.8620689655172413,0.3468266034531822,134.37499999999997,96,87,0.025163322687149048,0.04125339329202073,nominal,93,3,4042,0.4,0.5,calibrated
Blood,dlt_only,0.28735632183908044,0.455152567751188,0.632183908045977,0.48500641397666394,120.00000000000001,96,87,0.025163322687149048,0.04125339329202073,nominal,93,3,4042,0.4,0.5,calibrated
Constitutional,dlt_only,0.40229885057471265,0.4932042860614262,0.4482758620689655,0.5002004409781858,11.428571428571427,96,87,0.025163322687149048,0.04125339329202073,nominal,93,3,4042,0.4,0.5,calibrated
Infection,dlt_only,0.14942528735632185,0.3585739076677092,0.3793103448275862,0.48802829002885106,153.8461538461538,96,87,0.025163322687149048,0.04125339329202073,nominal,93,3,4042,0.4,0.5,calibrated
Gastrointestinal,dlt_only,0.28735632183908044,0.455152567751188,0.3333333333333333,0.4741373235154427,16.0,96,87,0.025163322687149048,0.04125339329202073,nominal,93,3,4042,0.4,0.5,calibrated
Overall_Survival,dlt_only,10.679729259208258,1.7577694471266634,11.7542066730131,1.2985729331478966,10.060904988564264,96,87,0.025163322687149048,0.04125339329202073,nominal,93,3,4042,0.4,0.5,calibrated
all_constraints,dlt_only,0.09195402298850575,0.2906361870283388,0.09195402298850575,0.2906361870283388,0.0,96,87,0.025163322687149048,0.04125339329202073,nominal,93,3,4042,0.4,0.5,calibrated
Any_DLT,all_constraints,0.5217391304347826,0.5107539184552491,0.782608695652174,0.42174116783664994,50.000000000000014,96,23,0.06668386360009511,0.023527072577206855,nominal,27,3,4042,0.4,0.5,calibrated
Blood,all_constraints,0.43478260869565216,0.5068698018697019,0.43478260869565216,0.5068698018697019,0.0,96,23,0.06668386360009511,0.023527072577206855,nominal,27,3,4042,0.4,0.5,calibrated
Constitutional,all_constraints,0.43478260869565216,0.5068698018697019,0.5652173913043478,0.5068698018697019,29.999999999999996,96,23,0.06668386360009511,0.023527072577206855,nominal,27,3,4042,0.4,0.5,calibrated
Infection,all_constraints,0.21739130434782608,0.42174116783664994,0.391304347826087,0.4990108793478454,80.00000000000001,96,23,0.06668386360009511,0.023527072577206855,nominal,27,3,4042,0.4,0.5,calibrated
Gastrointestinal,all_constraints,0.43478260869565216,0.5068698018697019,0.6521739130434783,0.48698475355767407,50.0,96,23,0.06668386360009511,0.023527072577206855,nominal,27,3,4042,0.4,0.5,calibrated
Overall_Survival,all_constraints,11.399653925723618,2.1653971464401462,11.414474523879166,1.29586665871312,0.13000919371863925,96,23,0.06668386360009511,0.023527072577206855,nominal,27,3,4042,0.4,0.5,calibrated
all_constraints,all_constraints,0.08695652173913043,0.28810406552003043,0.17391304347826086,0.3875533878815898,100.0,96,23,0.06668386360009511,0.023527072577206855,nominal,27,3,4042,0.4,0.5,calibrated
Any_DLT,dlt_only,0.367816091954023,0.48500641397666405,0.7816091954022989,0.4155491563098284,112.50000000000003,96,87,0.019086981813112896,0.008470775174698778,robust_reg,87,3,4042,0.4,0.5,calibrated
Blood,dlt_only,0.28735632183908044,0.455152567751188,0.5862068965517241,0.49536747313510254,104.0,96,87,0.019086981813112896,0.008470775174698778,robust_reg,87,3,4042,0.4,0.5,calibrated
Constitutional,dlt_only,0.40229885057471265,0.4932042860614262,0.4482758620689655,0.5002004409781857,11.428571428571427,96,87,0.019086981813112896,0.008470775174698778,robust_reg,87,3,4042,0.4,0.5,calibrated
Infection,dlt_only,0.14942528735632185,0.3585739076677092,0.367816091954023,0.485006413976664,146.15384615384613,96,87,0.019086981813112896,0.008470775174698778,robust_reg,87,3,4042,0.4,0.5,calibrated
Gastrointestinal,dlt_only,0.28735632183908044,0.455152567751188,0.28735632183908044,0.455152567751188,0.0,96,87,0.019086981813112896,0.008470775174698778,robust_reg,87,3,4042,0.4,0.5,calibrated
Overall_Survival,dlt_only,10.679729259208258,1.7577694471266634,11.84737981641902,1.1258328326318103,10.933334814681668,96,87,0.019086981813112896,0.008470775174698778,robust_reg,87,3,4042,0.4,0.5,calibrated
all_constraints,dlt_only,0.09195402298850575,0.2906361870283388,0.09195402298850575,0.2906361870283388,0.0,96,87,0.019086981813112896,0.008470775174698778,robust_reg,87,3,4042,0.4,0.5,calibrated
Any_DLT,all_constraints,0.5217391304347826,0.5107539184552491,0.8260869565217391,0.3875533878815898,58.33333333333334,96,23,0.06698245306809743,0.03424633032578138,robust_reg,32,3,4042,0.4,0.5,calibrated
Blood,all_constraints,0.43478260869565216,0.5068698018697019,0.391304347826087,0.4990108793478454,-9.999999999999993,96,23,0.06698245306809743,0.03424633032578138,robust_reg,32,3,4042,0.4,0.5,calibrated
Constitutional,all_constraints,0.43478260869565216,0.5068698018697019,0.6086956521739131,0.4990108793478453,40.000000000000014,96,23,0.06698245306809743,0.03424633032578138,robust_reg,32,3,4042,0.4,0.5,calibrated
Infection,all_constraints,0.21739130434782608,0.42174116783664994,0.391304347826087,0.4990108793478454,80.00000000000001,96,23,0.06698245306809743,0.03424633032578138,robust_reg,32,3,4042,0.4,0.5,calibrated
Gastrointestinal,all_constraints,0.43478260869565216,0.5068698018697019,0.6086956521739131,0.4990108793478453,40.000000000000014,96,23,0.06698245306809743,0.03424633032578138,robust_reg,32,3,4042,0.4,0.5,calibrated
Overall_Survival,all_constraints,11.399653925723618,2.1653971464401462,11.401517088377306,1.2813778117773909,0.01634402821197709,96,23,0.06698245306809743,0.03424633032578138,robust_reg,32,3,4042,0.4,0.5,calibrated
all_constraints,all_constraints,0.08695652173913043,0.28810406552003043,0.13043478260869565,0.34435022157509093,50.0,96,23,0.06698245306809743,0.03424633032578138,robust_reg,32,3,4042,0.4,0.5,calibrated
Any_DLT,dlt_only,0.367816091954023,0.48500641397666405,0.8505747126436781,0.3585739076677092,131.25,96,87,0.023990278442700703,0.01311975082308399,cp,93,3,4042,0.4,0.5,calibrated
Blood,dlt_only,0.28735632183908044,0.455152567751188,0.632183908045977,0.48500641397666394,120.00000000000001,96,87,0.023990278442700703,0.01311975082308399,cp,93,3,4042,0.4,0.5,calibrated
Constitutional,dlt_only,0.40229885057471265,0.4932042860614262,0.4482758620689655,0.5002004409781858,11.428571428571427,96,87,0.023990278442700703,0.01311975082308399,cp,93,3,4042,0.4,0.5,calibrated
Infection,dlt_only,0.14942528735632185,0.3585739076677092,0.3793103448275862,0.48802829002885106,153.8461538461538,96,87,0.023990278442700703,0.01311975082308399,cp,93,3,4042,0.4,0.5,calibrated
Gastrointestinal,dlt_only,0.28735632183908044,0.455152567751188,0.3218390804597701,0.4698899641990223,12.000000000000005,96,87,0.023990278442700703,0.01311975082308399,cp,93,3,4042,0.4,0.5,calibrated
Overall_Survival,dlt_only,10.679729259208258,1.7577694471266634,11.752783253290646,1.299974429977023,10.047576750666979,96,87,0.023990278442700703,0.01311975082308399,cp,93,3,4042,0.4,0.5,calibrated
all_constraints,dlt_only,0.09195402298850575,0.2906361870283388,0.09195402298850575,0.2906361870283388,0.0,96,87,0.023990278442700703,0.01311975082308399,cp,93,3,4042,0.4,0.5,calibrated
Any_DLT,all_constraints,0.5217391304347826,0.5107539184552491,0.782608695652174,0.42174116783664994,50.000000000000014,96,23,0.07811883340279262,0.02656263864087549,cp,27,3,4042,0.4,0.5,calibrated
Blood,all_constraints,0.43478260869565216,0.5068698018697019,0.43478260869565216,0.5068698018697019,0.0,96,23,0.07811883340279262,0.02656263864087549,cp,27,3,4042,0.4,0.5,calibrated
Constitutional,all_constraints,0.43478260869565216,0.5068698018697019,0.5652173913043478,0.5068698018697019,29.999999999999996,96,23,0.07811883340279262,0.02656263864087549,cp,27,3,4042,0.4,0.5,calibrated
Infection,all_constraints,0.21739130434782608,0.42174116783664994,0.391304347826087,0.4990108793478454,80.00000000000001,96,23,0.07811883340279262,0.02656263864087549,cp,27,3,4042,0.4,0.5,calibrated
Gastrointestinal,all_constraints,0.43478260869565216,0.5068698018697019,0.6521739130434783,0.48698475355767407,50.0,96,23,0.07811883340279262,0.02656263864087549,cp,27,3,4042,0.4,0.5,calibrated
Overall_Survival,all_constraints,11.399653925723618,2.1653971464401462,11.417988605150407,1.2907064022773653,0.16083540383113828,96,23,0.07811883340279262,0.02656263864087549,cp,27,3,4042,0.4,0.5,calibrated
all_constraints,all_constraints,0.08695652173913043,0.28810406552003043,0.17391304347826086,0.3875533878815898,100.0,96,23,0.07811883340279262,0.02656263864087549,cp,27,3,4042,0.4,0.5,calibrated
Any_DLT,dlt_only,0.42857142857142855,0.49811675413689877,0.7922077922077922,0.40838779099431877,84.84848484848486,96,77,0.036943450570106506,0.04616516019338065,nominal,91,4,5042,0.4,0.5,calibrated
Blood,dlt_only,0.3116883116883117,0.4662205334202242,0.24675324675324675,0.43394894666502914,-20.833333333333332,96,77,0.036943450570106506,0.04616516019338065,nominal,91,4,5042,0.4,0.5,calibrated
Constitutional,dlt_only,0.44155844155844154,0.4998290890396146,0.44155844155844154,0.4998290890396146,0.0,96,77,0.036943450570106506,0.04616516019338065,nominal,91,4,5042,0.4,0.5,calibrated
Infection,dlt_only,0.19480519480519481,0.3986477484460184,0.3116883116883117,0.46622053342022424,59.99999999999999,96,77,0.036943450570106506,0.04616516019338065,nominal,91,4,5042,0.4,0.5,calibrated
Gastrointestinal,dlt_only,0.3116883116883117,0.4662205334202242,0.7922077922077922,0.40838779099431877,154.16666666666669,96,77,0.036943450570106506,0.04616516019338065,nominal,91,4,5042,0.4,0.5,calibrated
Overall_Survival,dlt_only,10.837289312068897,1.9254900036326965,10.948971465348889,1.1497264003210832,1.0305358661562825,96,77,0.036943450570106506,0.04616516019338065,nominal,91,4,5042,0.4,0.5,calibrated
all_constraints,dlt_only,0.1038961038961039,0.30712656333452054,0.0,0.0,-99.99999999999999,96,77,0.036943450570106506,0.04616516019338065,nominal,91,4,5042,0.4,0.5,calibrated
Any_DLT,all_constraints,0.5,0.5060608273474739,0.9523809523809523,0.21554026870452117,90.47619047619047,96,42,0.08505574613809586,0.08199985700272325,nominal,44,4,5042,0.4,0.5,calibrated
Blood,all_constraints,0.35714285714285715,0.4849656045851726,0.38095238095238093,0.49150743499231975,6.666666666666658,96,42,0.08505574613809586,0.08199985700272325,nominal,44,4,5042,0.4,0.5,calibrated
Constitutional,all_constraints,0.47619047619047616,0.5054867366041315,0.8571428571428571,0.3541688016605732,80.0,96,42,0.08505574613809586,0.08199985700272325,nominal,44,4,5042,0.4,0.5,calibrated
Infection,all_constraints,0.30952380952380953,0.4679011380933327,0.8095238095238095,0.39743661793163754,161.53846153846152,96,42,0.08505574613809586,0.08199985700272325,nominal,44,4,5042,0.4,0.5,calibrated
Gastrointestinal,all_constraints,0.4523809523809524,0.5037605389507488,0.9761904761904762,0.15430334996209188,115.7894736842105,96,42,0.08505574613809586,0.08199985700272325,nominal,44,4,5042,0.4,0.5,calibrated
Overall_Survival,all_constraints,10.498929364162956,1.5791452953688703,10.532503477925442,1.1007445540831675,0.3197860714930353,96,42,0.08505574613809586,0.08199985700272325,nominal,44,4,5042,0.4,0.5,calibrated
all_constraints,all_constraints,0.19047619047619047,0.39743661793163754,0.2857142857142857,0.45722995685921247,50.0,96,42,0.08505574613809586,0.08199985700272325,nominal,44,4,5042,0.4,0.5,calibrated
Any_DLT,dlt_only,0.42857142857142855,0.49811675413689877,0.7922077922077922,0.40838779099431877,84.84848484848486,96,77,0.04985640197992325,0.05098876448026529,robust_reg,91,4,5042,0.4,0.5,calibrated
Blood,dlt_only,0.3116883116883117,0.4662205334202242,0.23376623376623376,0.4260004909838997,-25.0,96,77,0.04985640197992325,0.05098876448026529,robust_reg,91,4,5042,0.4,0.5,calibrated
Constitutional,dlt_only,0.44155844155844154,0.4998290890396146,0.4805194805194805,0.5028965994586712,8.82352941176471,96,77,0.04985640197992325,0.05098876448026529,robust_reg,91,4,5042,0.4,0.5,calibrated
Infection,dlt_only,0.19480519480519481,0.3986477484460184,0.4025974025974026,0.49363688603701666,106.66666666666666,96,77,0.04985640197992325,0.05098876448026529,robust_reg,91,4,5042,0.4,0.5,calibrated
Gastrointestinal,dlt_only,0.3116883116883117,0.4662205334202242,0.8961038961038961,0.3071265633345206,187.5,96,77,0.04985640197992325,0.05098876448026529,robust_reg,91,4,5042,0.4,0.5,calibrated
Overall_Survival,dlt_only,10.837289312068897,1.9254900036326965,10.953756246245632,1.1175909177890921,1.074686951902559,96,77,0.04985640197992325,0.05098876448026529,robust_reg,91,4,5042,0.4,0.5,calibrated
all_constraints,dlt_only,0.1038961038961039,0.30712656333452054,0.03896103896103896,0.1947710154567775,-62.50000000000001,96,77,0.04985640197992325,0.05098876448026529,robust_reg,91,4,5042,0.4,0.5,calibrated
Any_DLT,all_constraints,0.5,0.5060608273474739,0.9285714285714286,0.26066118021500656,85.71428571428572,96,42,0.0893913134932518,0.080006838307861,robust_reg,55,4,5042,0.4,0.5,calibrated
Blood,all_constraints,0.35714285714285715,0.4849656045851726,0.23809523809523808,0.43108053740904234,-33.333333333333336,96,42,0.0893913134932518,0.080006838307861,robust_reg,55,4,5042,0.4,0.5,calibrated
Constitutional,all_constraints,0.47619047619047616,0.5054867366041315,0.8095238095238095,0.39743661793163754,70.00000000000001,96,42,0.0893913134932518,0.080006838307861,robust_reg,55,4,5042,0.4,0.5,calibrated
Infection,all_constraints,0.30952380952380953,0.4679011380933327,0.7380952380952381,0.44500061986933037,138.46153846153848,96,42,0.0893913134932518,0.080006838307861,robust_reg,55,4,5042,0.4,0.5,calibrated
Gastrointestinal,all_constraints,0.4523809523809524,0.5037605389507488,0.9761904761904762,0.1543033499620919,115.7894736842105,96,42,0.0893913134932518,0.080006838307861,robust_reg,55,4,5042,0.4,0.5,calibrated
Overall_Survival,all_constraints,10.498929364162956,1.5791452953688703,10.637506534227102,1.0777641373954598,1.319917157811966,96,42,0.0893913134932518,0.080006838307861,robust_reg,55,4,5042,0.4,0.5,calibrated
all_constraints,all_constraints,0.19047619047619047,0.39743661793163754,0.11904761904761904,0.32777006756156785,-37.5,96,42,0.0893913134932518,0.080006838307861,robust_reg,55,4,5042,0.4,0.5,calibrated
Any_DLT,dlt_only,0.42857142857142855,0.49811675413689877,0.8441558441558441,0.36508596914523056,96.96969696969697,96,77,0.0572961742679278,0.034963393072765796,cp,77,4,5042,0.4,0.5,calibrated
Blood,dlt_only,0.3116883116883117,0.4662205334202242,0.4805194805194805,0.5028965994586712,54.16666666666667,96,77,0.0572961742679278,0.034963393072765796,cp,77,4,5042,0.4,0.5,calibrated
Constitutional,dlt_only,0.44155844155844154,0.4998290890396146,0.8181818181818182,0.38822377998943125,85.29411764705884,96,77,0.0572961742679278,0.034963393072765796,cp,77,4,5042,0.4,0.5,calibrated
Infection,dlt_only,0.19480519480519481,0.3986477484460184,0.5064935064935064,0.5032362797401965,159.99999999999994,96,77,0.0572961742679278,0.034963393072765796,cp,77,4,5042,0.4,0.5,calibrated
Gastrointestinal,dlt_only,0.3116883116883117,0.4662205334202242,0.6753246753246753,0.4713239594778242,116.66666666666669,96,77,0.0572961742679278,0.034963393072765796,cp,77,4,5042,0.4,0.5,calibrated
Overall_Survival,dlt_only,10.837289312068897,1.9254900036326965,10.490042015502741,1.186148982676291,-3.2041895954502717,96,77,0.0572961742679278,0.034963393072765796,cp,77,4,5042,0.4,0.5,calibrated
all_constraints,dlt_only,0.1038961038961039,0.30712656333452054,0.19480519480519481,0.39864774844601847,87.5,96,77,0.0572961742679278,0.034963393072765796,cp,77,4,5042,0.4,0.5,calibrated
Any_DLT,all_constraints,0.5,0.5060608273474739,0.9523809523809523,0.21554026870452117,90.47619047619047,96,42,0.09879204879204433,0.08805373666932238,cp,44,4,5042,0.4,0.5,calibrated
Blood,all_constraints,0.35714285714285715,0.4849656045851726,0.38095238095238093,0.49150743499231975,6.666666666666658,96,42,0.09879204879204433,0.08805373666932238,cp,44,4,5042,0.4,0.5,calibrated
Constitutional,all_constraints,0.47619047619047616,0.5054867366041315,0.8571428571428571,0.3541688016605732,80.0,96,42,0.09879204879204433,0.08805373666932238,cp,44,4,5042,0.4,0.5,calibrated
Infection,all_constraints,0.30952380952380953,0.4679011380933327,0.8095238095238095,0.39743661793163754,161.53846153846152,96,42,0.09879204879204433,0.08805373666932238,cp,44,4,5042,0.4,0.5,calibrated
Gastrointestinal,all_constraints,0.4523809523809524,0.5037605389507488,0.9761904761904762,0.15430334996209188,115.7894736842105,96,42,0.09879204879204433,0.08805373666932238,cp,44,4,5042,0.4,0.5,calibrated
Overall_Survival,all_constraints,10.498929364162956,1.5791452953688703,10.532686296911908,1.1003752929626651,0.32152738225078553,96,42,0.09879204879204433,0.08805373666932238,cp,44,4,5042,0.4,0.5,calibrated
all_constraints,all_constraints,0.19047619047619047,0.39743661793163754,0.2857142857142857,0.45722995685921247,50.0,96,42,0.09879204879204433,0.08805373666932238,cp,44,4,5042,0.4,0.5,calibrated
Any_DLT,dlt_only,0.375,0.4868972843601013,0.875,0.3326141667278259,133.33333333333334,96,88,0.009418348471323649,0.0029743144315569577,nominal,92,5,6042,0.4,0.5,calibrated
Blood,dlt_only,0.2727272727272727,0.4479140087646834,0.6136363636363636,0.48970594465015976,125.00000000000001,96,88,0.009418348471323649,0.0029743144315569577,nominal,92,5,6042,0.4,0.5,calibrated
Constitutional,dlt_only,0.4090909090909091,0.4944836767609948,0.6363636363636364,0.48380242433138315,55.55555555555554,96,88,0.009418348471323649,0.0029743144315569577,nominal,92,5,6042,0.4,0.5,calibrated
Infection,dlt_only,0.1590909090909091,0.3678569073487971,0.4090909090909091,0.4944836767609948,157.14285714285714,96,88,0.009418348471323649,0.0029743144315569577,nominal,92,5,6042,0.4,0.5,calibrated
Gastrointestinal,dlt_only,0.2727272727272727,0.4479140087646834,0.3522727272727273,0.4804158334617546,29.166666666666682,96,88,0.009418348471323649,0.0029743144315569577,nominal,92,5,6042,0.4,0.5,calibrated
Overall_Survival,dlt_only,10.708426157780133,1.8386452277006595,11.962301122440438,1.0590024366701405,11.709236690671961,96,88,0.009418348471323649,0.0029743144315569577,nominal,92,5,6042,0.4,0.5,calibrated
all_constraints,dlt_only,0.07954545454545454,0.272138863686403,0.1590909090909091,0.3678569073487971,100.0,96,88,0.009418348471323649,0.0029743144315569577,nominal,92,5,6042,0.4,0.5,calibrated
Any_DLT,all_constraints,0.5348837209302325,0.5046845884077511,1.0,0.0,86.95652173913045,96,43,0.050686041514078774,0.036989524162549005,nominal,64,5,6042,0.4,0.5,calibrated
Blood,all_constraints,0.32558139534883723,0.4741373235154427,0.5813953488372093,0.4991687442297913,78.57142857142857,96,43,0.050686041514078774,0.036989524162549005,nominal,64,5,6042,0.4,0.5,calibrated
Constitutional,all_constraints,0.6046511627906976,0.49471179121551506,0.8837209302325582,0.32435300622428814,46.15384615384617,96,43,0.050686041514078774,0.036989524162549005,nominal,64,5,6042,0.4,0.5,calibrated
Infection,all_constraints,0.23255813953488372,0.4274625743754584,0.5348837209302325,0.5046845884077511,130.0,96,43,0.050686041514078774,0.036989524162549005,nominal,64,5,6042,0.4,0.5,calibrated
Gastrointestinal,all_constraints,0.4186046511627907,0.4991687442297913,0.4883720930232558,0.5057805388588732,16.666666666666654,96,43,0.050686041514078774,0.036989524162549005,nominal,64,5,6042,0.4,0.5,calibrated
Overall_Survival,all_constraints,11.271355272491842,2.107853317951382,12.278711046642943,1.2526502508422015,8.937308334247877,96,43,0.050686041514078774,0.036989524162549005,nominal,64,5,6042,0.4,0.5,calibrated
all_constraints,all_constraints,0.09302325581395349,0.293902598732179,0.27906976744186046,0.4538502687508102,200.00000000000003,96,43,0.050686041514078774,0.036989524162549005,nominal,64,5,6042,0.4,0.5,calibrated
Any_DLT,dlt_only,0.375,0.4868972843601013,0.8522727272727273,0.3568628548597954,127.27272727272727,96,88,0.01108712206284205,0.00899004489721353,robust_reg,93,5,6042,0.4,0.5,calibrated
Blood,dlt_only,0.2727272727272727,0.4479140087646834,0.6022727272727273,0.4922333043530431,120.83333333333336,96,88,0.01108712206284205,0.00899004489721353,robust_reg,93,5,6042,0.4,0.5,calibrated
Constitutional,dlt_only,0.4090909090909091,0.4944836767609948,0.6590909090909091,0.4767312946227961,61.11111111111109,96,88,0.01108712206284205,0.00899004489721353,robust_reg,93,5,6042,0.4,0.5,calibrated
Infection,dlt_only,0.1590909090909091,0.3678569073487971,0.3977272727272727,0.49223330435304313,150.0,96,88,0.01108712206284205,0.00899004489721353,robust_reg,93,5,6042,0.4,0.5,calibrated
Gastrointestinal,dlt_only,0.2727272727272727,0.4479140087646834,0.3409090909090909,0.4767312946227962,25.0,96,88,0.01108712206284205,0.00899004489721353,robust_reg,93,5,6042,0.4,0.5,calibrated
Overall_Survival,dlt_only,10.708426157780133,1.8386452277006595,11.950234942907004,1.0308207693808868,11.596557391626064,96,88,0.01108712206284205,0.00899004489721353,robust_reg,93,5,6042,0.4,0.5,calibrated
all_constraints,dlt_only,0.07954545454545454,0.272138863686403,0.14772727272727273,0.3568628548597954,85.71428571428572,96,88,0.01108712206284205,0.00899004489721353,robust_reg,93,5,6042,0.4,0.5,calibrated
Any_DLT,all_constraints,0.5348837209302325,0.5046845884077511,1.0,0.0,86.95652173913045,96,43,0.053761919339497886,0.037447626704259086,robust_reg,63,5,6042,0.4,0.5,calibrated
Blood,all_constraints,0.32558139534883723,0.4741373235154427,0.5348837209302325,0.5046845884077511,64.28571428571426,96,43,0.053761919339497886,0.037447626704259086,robust_reg,63,5,6042,0.4,0.5,calibrated
Constitutional,all_constraints,0.6046511627906976,0.49471179121551506,0.8604651162790697,0.350604603563426,42.307692307692314,96,43,0.053761919339497886,0.037447626704259086,robust_reg,63,5,6042,0.4,0.5,calibrated
Infection,all_constraints,0.23255813953488372,0.4274625743754584,0.5581395348837209,0.5024855165595915,140.0,96,43,0.053761919339497886,0.037447626704259086,robust_reg,63,5,6042,0.4,0.5,calibrated
Gastrointestinal,all_constraints,0.4186046511627907,0.4991687442297913,0.4883720930232558,0.5057805388588732,16.666666666666654,96,43,0.053761919339497886,0.037447626704259086,robust_reg,63,5,6042,0.4,0.5,calibrated
Overall_Survival,all_constraints,11.271355272491842,2.107853317951382,12.255564374070717,1.2757553238156145,8.731949954420065,96,43,0.053761919339497886,0.037447626704259086,robust_reg,63,5,6042,0.4,0.5,calibrated
all_constraints,all_constraints,0.09302325581395349,0.293902598732179,0.2558139534883721,0.4414814484488266,175.0,96,43,0.053761919339497886,0.037447626704259086,robust_reg,63,5,6042,0.4,0.5,calibrated
Any_DLT,dlt_only,0.375,0.4868972843601013,0.8522727272727273,0.3568628548597954,127.27272727272727,96,88,0.014710875848929087,0.0039028203333438295,cp,88,5,6042,0.4,0.5,calibrated
Blood,dlt_only,0.2727272727272727,0.4479140087646834,0.5909090909090909,0.4944836767609949,116.6666666666667,96,88,0.014710875848929087,0.0039028203333438295,cp,88,5,6042,0.4,0.5,calibrated
Constitutional,dlt_only,0.4090909090909091,0.4944836767609948,0.6590909090909091,0.4767312946227962,61.11111111111109,96,88,0.014710875848929087,0.0039028203333438295,cp,88,5,6042,0.4,0.5,calibrated
Infection,dlt_only,0.1590909090909091,0.3678569073487971,0.4318181818181818,0.49816801268349614,171.42857142857142,96,88,0.014710875848929087,0.0039028203333438295,cp,88,5,6042,0.4,0.5,calibrated
Gastrointestinal,dlt_only,0.2727272727272727,0.4479140087646834,0.3522727272727273,0.48041583346175465,29.166666666666682,96,88,0.014710875848929087,0.0039028203333438295,cp,88,5,6042,0.4,0.5,calibrated
Overall_Survival,dlt_only,10.708426157780133,1.8386452277006595,11.924971460917442,1.0767063347405126,11.360635869477761,96,88,0.014710875848929087,0.0039028203333438295,cp,88,5,6042,0.4,0.5,calibrated
all_constraints,dlt_only,0.07954545454545454,0.272138863686403,0.14772727272727273,0.3568628548597954,85.71428571428572,96,88,0.014710875848929087,0.0039028203333438295,cp,88,5,6042,0.4,0.5,calibrated
Any_DLT,all_constraints,0.5348837209302325,0.5046845884077511,0.8837209302325582,0.32435300622428814,65.21739130434784,96,43,0.08835042516390483,0.06856011966155673,cp,43,5,6042,0.4,0.5,calibrated
Blood,all_constraints,0.32558139534883723,0.4741373235154427,0.5348837209302325,0.5046845884077511,64.28571428571426,96,43,0.08835042516390483,0.06856011966155673,cp,43,5,6042,0.4,0.5,calibrated
Constitutional,all_constraints,0.6046511627906976,0.49471179121551506,0.9302325581395349,0.25776963111323353,53.846153846153854,96,43,0.08835042516390483,0.06856011966155673,cp,43,5,6042,0.4,0.5,calibrated
Infection,all_constraints,0.23255813953488372,0.4274625743754584,0.4883720930232558,0.5057805388588732,110.00000000000001,96,43,0.08835042516390483,0.06856011966155673,cp,43,5,6042,0.4,0.5,calibrated
Gastrointestinal,all_constraints,0.4186046511627907,0.4991687442297913,0.46511627906976744,0.5046845884077512,11.111111111111105,96,43,0.08835042516390483,0.06856011966155673,cp,43,5,6042,0.4,0.5,calibrated
Overall_Survival,all_constraints,11.271355272491842,2.107853317951382,11.92977192517738,1.4737224972141263,5.841503854398312,96,43,0.08835042516390483,0.06856011966155673,cp,43,5,6042,0.4,0.5,calibrated
all_constraints,all_constraints,0.09302325581395349,0.293902598732179,0.20930232558139536,0.41162509149327114,125.00000000000001,96,43,0.08835042516390483,0.06856011966155673,cp,43,5,6042,0.4,0.5,calibrated
Any_DLT,dlt_only,0.4074074074074074,0.4944132324730442,0.8024691358024691,0.40061680838488767,96.96969696969698,96,81,0.016565459469954174,0.008949634666436418,nominal,86,6,7042,0.4,0.5,calibrated
Blood,dlt_only,0.2839506172839506,0.453722599757676,0.4444444444444444,0.5,56.52173913043479,96,81,0.016565459469954174,0.008949634666436418,nominal,86,6,7042,0.4,0.5,calibrated
Constitutional,dlt_only,0.4444444444444444,0.5,0.7530864197530864,0.4339027597725919,69.44444444444446,96,81,0.016565459469954174,0.008949634666436418,nominal,86,6,7042,0.4,0.5,calibrated
Infection,dlt_only,0.18518518518518517,0.39086797998528583,0.5679012345679012,0.4984544012479544,206.66666666666666,96,81,0.016565459469954174,0.008949634666436418,nominal,86,6,7042,0.4,0.5,calibrated
Gastrointestinal,dlt_only,0.30864197530864196,0.4648111258522642,0.8518518518518519,0.35746017649212025,176.0,96,81,0.016565459469954174,0.008949634666436418,nominal,86,6,7042,0.4,0.5,calibrated
Overall_Survival,dlt_only,10.763481354824584,1.8832252402311525,10.302491300532514,1.0600324099678835,-4.282908467021571,96,81,0.016565459469954174,0.008949634666436418,nominal,86,6,7042,0.4,0.5,calibrated
all_constraints,dlt_only,0.09876543209876543,0.3002056908023621,0.3333333333333333,0.47434164902525694,237.5,96,81,0.016565459469954174,0.008949634666436418,nominal,86,6,7042,0.4,0.5,calibrated
Any_DLT,all_constraints,0.5833333333333334,0.5149286505444373,0.8333333333333334,0.38924947208076144,42.857142857142854,96,12,0.07816695421934128,0.06230151375656115,nominal,26,6,7042,0.4,0.5,calibrated
Blood,all_constraints,0.6666666666666666,0.4923659639173309,0.5833333333333334,0.5149286505444373,-12.499999999999988,96,12,0.07816695421934128,0.06230151375656115,nominal,26,6,7042,0.4,0.5,calibrated
Constitutional,all_constraints,0.5833333333333334,0.5149286505444373,0.8333333333333334,0.38924947208076144,42.857142857142854,96,12,0.07816695421934128,0.06230151375656115,nominal,26,6,7042,0.4,0.5,calibrated
Infection,all_constraints,0.4166666666666667,0.5149286505444373,1.0,0.0,139.99999999999997,96,12,0.07816695421934128,0.06230151375656115,nominal,26,6,7042,0.4,0.5,calibrated
Gastrointestinal,all_constraints,0.4166666666666667,0.5149286505444373,1.0,0.0,139.99999999999997,96,12,0.07816695421934128,0.06230151375656115,nominal,26,6,7042,0.4,0.5,calibrated
Overall_Survival,all_constraints,9.53575261896089,1.9026627736886546,9.428308995971193,1.1674376959394934,-1.1267450749095171,96,12,0.07816695421934128,0.06230151375656115,nominal,26,6,7042,0.4,0.5,calibrated
all_constraints,all_constraints,0.3333333333333333,0.49236596391733095,0.5833333333333334,0.5149286505444373,75.00000000000003,96,12,0.07816695421934128,0.06230151375656115,nominal,26,6,7042,0.4,0.5,calibrated
Any_DLT,dlt_only,0.4074074074074074,0.4944132324730442,0.654320987654321,0.4785523437190673,60.606060606060616,96,81,0.02225724111000697,0.014160652815480618,robust_reg,86,6,7042,0.4,0.5,calibrated
Blood,dlt_only,0.2839506172839506,0.453722599757676,0.4074074074074074,0.49441323247304414,43.47826086956522,96,81,0.02225724111000697,0.014160652815480618,robust_reg,86,6,7042,0.4,0.5,calibrated
Constitutional,dlt_only,0.4444444444444444,0.5,0.6296296296296297,0.4859126579037751,41.66666666666668,96,81,0.02225724111000697,0.014160652815480618,robust_reg,86,6,7042,0.4,0.5,calibrated
Infection,dlt_only,0.18518518518518517,0.39086797998528583,0.38271604938271603,0.4890782461571947,106.66666666666667,96,81,0.02225724111000697,0.014160652815480618,robust_reg,86,6,7042,0.4,0.5,calibrated
Gastrointestinal,dlt_only,0.30864197530864196,0.4648111258522642,0.6172839506172839,0.4890782461571947,100.0,96,81,0.02225724111000697,0.014160652815480618,robust_reg,86,6,7042,0.4,0.5,calibrated
Overall_Survival,dlt_only,10.763481354824584,1.8832252402311525,10.71765371165948,1.025243031033925,-0.4257697082790293,96,81,0.02225724111000697,0.014160652815480618,robust_reg,86,6,7042,0.4,0.5,calibrated
all_constraints,dlt_only,0.09876543209876543,0.3002056908023621,0.19753086419753085,0.40061680838488767,100.0,96,81,0.02225724111000697,0.014160652815480618,robust_reg,86,6,7042,0.4,0.5,calibrated
Any_DLT,all_constraints,0.5833333333333334,0.5149286505444373,0.6666666666666666,0.49236596391733095,14.28571428571427,96,12,0.09056543310483296,0.0550157874138752,robust_reg,22,6,7042,0.4,0.5,calibrated
Blood,all_constraints,0.6666666666666666,0.4923659639173309,0.5,0.5222329678670935,-24.999999999999996,96,12,0.09056543310483296,0.0550157874138752,robust_reg,22,6,7042,0.4,0.5,calibrated
Constitutional,all_constraints,0.5833333333333334,0.5149286505444373,0.6666666666666666,0.49236596391733095,14.28571428571427,96,12,0.09056543310483296,0.0550157874138752,robust_reg,22,6,7042,0.4,0.5,calibrated
Infection,all_constraints,0.4166666666666667,0.5149286505444373,0.9166666666666666,0.28867513459481287,119.99999999999997,96,12,0.09056543310483296,0.0550157874138752,robust_reg,22,6,7042,0.4,0.5,calibrated
Gastrointestinal,all_constraints,0.4166666666666667,0.5149286505444373,0.9166666666666666,0.28867513459481287,119.99999999999997,96,12,0.09056543310483296,0.0550157874138752,robust_reg,22,6,7042,0.4,0.5,calibrated
Overall_Survival,all_constraints,9.53575261896089,1.9026627736886546,9.467520705535462,1.3393719568852371,-0.7155377886980439,96,12,0.09056543310483296,0.0550157874138752,robust_reg,22,6,7042,0.4,0.5,calibrated
all_constraints,all_constraints,0.3333333333333333,0.49236596391733095,0.4166666666666667,0.5149286505444373,25.000000000000014,96,12,0.09056543310483296,0.0550157874138752,robust_reg,22,6,7042,0.4,0.5,calibrated
Any_DLT,dlt_only,0.4074074074074074,0.4944132324730442,0.6172839506172839,0.4890782461571947,51.51515151515151,96,81,0.042101976772149406,0.03237446521347,cp,82,6,7042,0.4,0.5,calibrated
Blood,dlt_only,0.2839506172839506,0.453722599757676,0.5308641975308642,0.5021558461545186,86.95652173913045,96,81,0.042101976772149406,0.03237446521347,cp,82,6,7042,0.4,0.5,calibrated
Constitutional,dlt_only,0.4444444444444444,0.5,0.5185185185185185,0.5027701042999453,16.666666666666664,96,81,0.042101976772149406,0.03237446521347,cp,82,6,7042,0.4,0.5,calibrated
Infection,dlt_only,0.18518518518518517,0.39086797998528583,0.4567901234567901,0.5012330474951093,146.66666666666669,96,81,0.042101976772149406,0.03237446521347,cp,82,6,7042,0.4,0.5,calibrated
Gastrointestinal,dlt_only,0.30864197530864196,0.4648111258522642,0.6666666666666666,0.4743416490252569,116.0,96,81,0.042101976772149406,0.03237446521347,cp,82,6,7042,0.4,0.5,calibrated
Overall_Survival,dlt_only,10.763481354824584,1.8832252402311525,10.334367592208622,1.1079237279187233,-3.9867562219877684,96,81,0.042101976772149406,0.03237446521347,cp,82,6,7042,0.4,0.5,calibrated
all_constraints,dlt_only,0.09876543209876543,0.3002056908023621,0.2962962962962963,0.45946829173634074,200.0,96,81,0.042101976772149406,0.03237446521347,cp,82,6,7042,0.4,0.5,calibrated
Any_DLT,all_constraints,0.5833333333333334,0.5149286505444373,1.0,0.0,71.42857142857142,96,12,0.09754999975363414,0.05627032475861428,cp,25,6,7042,0.4,0.5,calibrated
Blood,all_constraints,0.6666666666666666,0.4923659639173309,0.5833333333333334,0.5149286505444373,-12.499999999999988,96,12,0.09754999975363414,0.05627032475861428,cp,25,6,7042,0.4,0.5,calibrated
Constitutional,all_constraints,0.5833333333333334,0.5149286505444373,0.6666666666666666,0.49236596391733095,14.28571428571427,96,12,0.09754999975363414,0.05627032475861428,cp,25,6,7042,0.4,0.5,calibrated
Infection,all_constraints,0.4166666666666667,0.5149286505444373,1.0,0.0,139.99999999999997,96,12,0.09754999975363414,0.05627032475861428,cp,25,6,7042,0.4,0.5,calibrated
Gastrointestinal,all_constraints,0.4166666666666667,0.5149286505444373,0.9166666666666666,0.28867513459481287,119.99999999999997,96,12,0.09754999975363414,0.05627032475861428,cp,25,6,7042,0.4,0.5,calibrated
Overall_Survival,all_constraints,9.53575261896089,1.9026627736886546,9.313139541293369,1.252512921687456,-2.334509781900984,96,12,0.09754999975363414,0.05627032475861428,cp,25,6,7042,0.4,0.5,calibrated
all_constraints,all_constraints,0.3333333333333333,0.49236596391733095,0.3333333333333333,0.49236596391733095,0.0,96,12,0.09754999975363414,0.05627032475861428,cp,25,6,7042,0.4,0.5,calibrated
Any_DLT,dlt_only,0.5365853658536586,0.5048544827774513,0.926829268292683,0.2636516548818748,72.72727272727272,96,41,0.02342582494020462,0.026306360849306237,nominal,89,7,8042,0.4,0.5,calibrated
Blood,dlt_only,0.3902439024390244,0.49386479832479485,0.7317073170731707,0.4485749794573054,87.49999999999999,96,41,0.02342582494020462,0.026306360849306237,nominal,89,7,8042,0.4,0.5,calibrated
Constitutional,dlt_only,0.5121951219512195,0.5060608273474738,0.5609756097560976,0.5024331043932554,9.523809523809533,96,41,0.02342582494020462,0.026306360849306237,nominal,89,7,8042,0.4,0.5,calibrated
Infection,dlt_only,0.3170731707317073,0.4711169913218957,0.6829268292682927,0.4711169913218957,115.3846153846154,96,41,0.02342582494020462,0.026306360849306237,nominal,89,7,8042,0.4,0.5,calibrated
Gastrointestinal,dlt_only,0.43902439024390244,0.5024331043932554,0.6097560975609756,0.4938647983247948,38.888888888888886,96,41,0.02342582494020462,0.026306360849306237,nominal,89,7,8042,0.4,0.5,calibrated
Overall_Survival,dlt_only,10.368152544823523,1.5115379303015777,11.65330305942218,0.9638912468001422,12.395173672867013,96,41,0.02342582494020462,0.026306360849306237,nominal,89,7,8042,0.4,0.5,calibrated
all_constraints,dlt_only,0.17073170731707318,0.38094875143451007,0.2682926829268293,0.4485749794573054,57.14285714285714,96,41,0.02342582494020462,0.026306360849306237,nominal,89,7,8042,0.4,0.5,calibrated
Any_DLT,all_constraints,0.5106382978723404,0.5052911526399114,0.9361702127659575,0.24709224814516548,83.33333333333336,96,47,0.06671129167079926,0.04048738231457665,nominal,52,7,8042,0.4,0.5,calibrated
Blood,all_constraints,0.2978723404255319,0.46226726774346905,0.7872340425531915,0.4136880894317002,164.2857142857143,96,47,0.06671129167079926,0.04048738231457665,nominal,52,7,8042,0.4,0.5,calibrated
Constitutional,all_constraints,0.46808510638297873,0.5043749394606821,0.9148936170212766,0.28205667284696945,95.45454545454545,96,47,0.06671129167079926,0.04048738231457665,nominal,52,7,8042,0.4,0.5,calibrated
Infection,all_constraints,0.2127659574468085,0.4136880894317002,0.5957446808510638,0.49605287534106185,180.0,96,47,0.06671129167079926,0.04048738231457665,nominal,52,7,8042,0.4,0.5,calibrated
Gastrointestinal,all_constraints,0.3829787234042553,0.4913686072930561,0.851063829787234,0.35987457985872257,122.22222222222223,96,47,0.06671129167079926,0.04048738231457665,nominal,52,7,8042,0.4,0.5,calibrated
Overall_Survival,all_constraints,10.908485450532197,1.7183221573545318,10.592308049247716,0.9899710598367087,-2.8984537103549552,96,47,0.06671129167079926,0.04048738231457665,nominal,52,7,8042,0.4,0.5,calibrated
all_constraints,all_constraints,0.10638297872340426,0.31166052833390545,0.44680851063829785,0.5025375018797698,320.0,96,47,0.06671129167079926,0.04048738231457665,nominal,52,7,8042,0.4,0.5,calibrated
Any_DLT,dlt_only,0.5365853658536586,0.5048544827774513,0.9024390243902439,0.30040622902833486,68.18181818181817,96,41,0.026003653804461162,0.029319423645689135,robust_reg,95,7,8042,0.4,0.5,calibrated
Blood,dlt_only,0.3902439024390244,0.49386479832479485,0.7073170731707317,0.46064641749526236,81.24999999999999,96,41,0.026003653804461162,0.029319423645689135,robust_reg,95,7,8042,0.4,0.5,calibrated
Constitutional,dlt_only,0.5121951219512195,0.5060608273474738,0.5365853658536586,0.5048544827774513,4.761904761904766,96,41,0.026003653804461162,0.029319423645689135,robust_reg,95,7,8042,0.4,0.5,calibrated
Infection,dlt_only,0.3170731707317073,0.4711169913218957,0.6341463414634146,0.48765241519834646,100.0,96,41,0.026003653804461162,0.029319423645689135,robust_reg,95,7,8042,0.4,0.5,calibrated
Gastrointestinal,dlt_only,0.43902439024390244,0.5024331043932554,0.5609756097560976,0.5024331043932554,27.77777777777779,96,41,0.026003653804461162,0.029319423645689135,robust_reg,95,7,8042,0.4,0.5,calibrated
Overall_Survival,dlt_only,10.368152544823523,1.5115379303015777,11.635713481800869,0.9808675820174647,12.225523607001678,96,41,0.026003653804461162,0.029319423645689135,robust_reg,95,7,8042,0.4,0.5,calibrated
all_constraints,dlt_only,0.17073170731707318,0.38094875143451007,0.2682926829268293,0.4485749794573054,57.14285714285714,96,41,0.026003653804461162,0.029319423645689135,robust_reg,95,7,8042,0.4,0.5,calibrated
Any_DLT,all_constraints,0.5106382978723404,0.5052911526399114,0.9574468085106383,0.2040297088885788,87.50000000000003,96,47,0.06685930738846461,0.027192580535342795,robust_reg,57,7,8042,0.4,0.5,calibrated
Blood,all_constraints,0.2978723404255319,0.46226726774346905,0.6808510638297872,0.4711864293980077,128.57142857142858,96,47,0.06685930738846461,0.027192580535342795,robust_reg,57,7,8042,0.4,0.5,calibrated
Constitutional,all_constraints,0.46808510638297873,0.5043749394606821,0.8936170212765957,0.3116605283339055,90.90909090909089,96,47,0.06685930738846461,0.027192580535342795,robust_reg,57,7,8042,0.4,0.5,calibrated
Infection,all_constraints,0.2127659574468085,0.4136880894317002,0.5531914893617021,0.5025375018797696,160.00000000000003,96,47,0.06685930738846461,0.027192580535342795,robust_reg,57,7,8042,0.4,0.5,calibrated
Gastrointestinal,all_constraints,0.3829787234042553,0.4913686072930561,0.8723404255319149,0.33731814917823844,127.77777777777779,96,47,0.06685930738846461,0.027192580535342795,robust_reg,57,7,8042,0.4,0.5,calibrated
Overall_Survival,all_constraints,10.908485450532197,1.7183221573545318,10.641036058260077,0.919659738997448,-2.4517555024934423,96,47,0.06685930738846461,0.027192580535342795,robust_reg,57,7,8042,0.4,0.5,calibrated
all_constraints,all_constraints,0.10638297872340426,0.31166052833390545,0.3404255319148936,0.47897516249850763,220.0,96,47,0.06685930738846461,0.027192580535342795,robust_reg,57,7,8042,0.4,0.5,calibrated
Any_DLT,dlt_only,0.5365853658536586,0.5048544827774513,0.975609756097561,0.15617376188860604,81.81818181818181,96,41,0.07318512847026189,0.07317971869351254,cp,41,7,8042,0.4,0.5,calibrated
Blood,dlt_only,0.3902439024390244,0.49386479832479485,0.5365853658536586,0.5048544827774513,37.50000000000001,96,41,0.07318512847026189,0.07317971869351254,cp,41,7,8042,0.4,0.5,calibrated
Constitutional,dlt_only,0.5121951219512195,0.5060608273474738,0.7317073170731707,0.4485749794573054,42.857142857142854,96,41,0.07318512847026189,0.07317971869351254,cp,41,7,8042,0.4,0.5,calibrated
Infection,dlt_only,0.3170731707317073,0.4711169913218957,0.6585365853658537,0.4800914547021732,107.6923076923077,96,41,0.07318512847026189,0.07317971869351254,cp,41,7,8042,0.4,0.5,calibrated
Gastrointestinal,dlt_only,0.43902439024390244,0.5024331043932554,0.9024390243902439,0.30040622902833486,105.55555555555556,96,41,0.07318512847026189,0.07317971869351254,cp,41,7,8042,0.4,0.5,calibrated
Overall_Survival,dlt_only,10.368152544823523,1.5115379303015777,10.355850477726591,0.8057903277704636,-0.11865245079823315,96,41,0.07318512847026189,0.07317971869351254,cp,41,7,8042,0.4,0.5,calibrated
all_constraints,dlt_only,0.17073170731707318,0.38094875143451007,0.17073170731707318,0.38094875143451007,0.0,96,41,0.07318512847026189,0.07317971869351254,cp,41,7,8042,0.4,0.5,calibrated
Any_DLT,all_constraints,0.5106382978723404,0.5052911526399114,0.9148936170212766,0.2820566728469694,79.16666666666667,96,47,0.08098140855630238,0.04403120568192779,cp,54,7,8042,0.4,0.5,calibrated
Blood,all_constraints,0.2978723404255319,0.46226726774346905,0.7021276595744681,0.46226726774346905,135.71428571428572,96,47,0.08098140855630238,0.04403120568192779,cp,54,7,8042,0.4,0.5,calibrated
Constitutional,all_constraints,0.46808510638297873,0.5043749394606821,0.8085106382978723,0.39772712255364373,72.7272727272727,96,47,0.08098140855630238,0.04403120568192779,cp,54,7,8042,0.4,0.5,calibrated
Infection,all_constraints,0.2127659574468085,0.4136880894317002,0.5319148936170213,0.5043749394606821,150.0,96,47,0.08098140855630238,0.04403120568192779,cp,54,7,8042,0.4,0.5,calibrated
Gastrointestinal,all_constraints,0.3829787234042553,0.4913686072930561,0.6595744680851063,0.4789751624985076,72.22222222222221,96,47,0.08098140855630238,0.04403120568192779,cp,54,7,8042,0.4,0.5,calibrated
Overall_Survival,all_constraints,10.908485450532197,1.7183221573545318,10.721553643263595,0.8453002010966427,-1.7136366740946771,96,47,0.08098140855630238,0.04403120568192779,cp,54,7,8042,0.4,0.5,calibrated
all_constraints,all_constraints,0.10638297872340426,0.31166052833390545,0.3404255319148936,0.47897516249850763,220.0,96,47,0.08098140855630238,0.04403120568192779,cp,54,7,8042,0.4,0.5,calibrated
Any_DLT,dlt_only,0.3707865168539326,0.4857520521621862,0.8202247191011236,0.386175824087028,121.21212121212119,96,89,0.012544170022010803,0.008660355534465527,nominal,91,8,9042,0.4,0.5,calibrated
Blood,dlt_only,0.30337078651685395,0.4623186224697518,0.651685393258427,0.4791356705641377,114.81481481481481,96,89,0.012544170022010803,0.008660355534465527,nominal,91,8,9042,0.4,0.5,calibrated
Constitutional,dlt_only,0.4157303370786517,0.49563982441534704,0.651685393258427,0.47913567056413775,56.75675675675676,96,89,0.012544170022010803,0.008660355534465527,nominal,91,8,9042,0.4,0.5,calibrated
Infection,dlt_only,0.15730337078651685,0.36614938594707186,0.4157303370786517,0.495639824415347,164.2857142857143,96,89,0.012544170022010803,0.008660355534465527,nominal,91,8,9042,0.4,0.5,calibrated
Gastrointestinal,dlt_only,0.2696629213483146,0.44629904731276077,0.33707865168539325,0.4753902756663849,25.0,96,89,0.012544170022010803,0.008660355534465527,nominal,91,8,9042,0.4,0.5,calibrated
Overall_Survival,dlt_only,10.722905708668526,1.7939982433884092,11.758497692822981,1.2170711221681185,9.657755204517661,96,89,0.012544170022010803,0.008660355534465527,nominal,91,8,9042,0.4,0.5,calibrated
all_constraints,dlt_only,0.0898876404494382,0.28764124744526687,0.19101123595505617,0.3953250818337538,112.49999999999999,96,89,0.012544170022010803,0.008660355534465527,nominal,91,8,9042,0.4,0.5,calibrated
Any_DLT,all_constraints,0.5,0.508000508000762,1.0,0.0,100.0,96,32,0.06872664143641789,0.0607684432233406,nominal,47,8,9042,0.4,0.5,calibrated
Blood,all_constraints,0.28125,0.45680340939917435,0.625,0.4918693768379647,122.22222222222223,96,32,0.06872664143641789,0.0607684432233406,nominal,47,8,9042,0.4,0.5,calibrated
Constitutional,all_constraints,0.59375,0.49899091723584604,0.78125,0.42001344064515445,31.57894736842105,96,32,0.06872664143641789,0.0607684432233406,nominal,47,8,9042,0.4,0.5,calibrated
Infection,all_constraints,0.25,0.43994134506405985,0.65625,0.48255870443481425,162.5,96,32,0.06872664143641789,0.0607684432233406,nominal,47,8,9042,0.4,0.5,calibrated
Gastrointestinal,all_constraints,0.40625,0.49899091723584604,0.75,0.43994134506405985,84.61538461538461,96,32,0.06872664143641789,0.0607684432233406,nominal,47,8,9042,0.4,0.5,calibrated
Overall_Survival,all_constraints,11.143282053809768,2.0034493246697336,11.892376438634852,1.0650680764579155,6.722385570137983,96,32,0.06872664143641789,0.0607684432233406,nominal,47,8,9042,0.4,0.5,calibrated
all_constraints,all_constraints,0.125,0.3360107525161235,0.3125,0.47092907485988494,150.0,96,32,0.06872664143641789,0.0607684432233406,nominal,47,8,9042,0.4,0.5,calibrated
Any_DLT,dlt_only,0.3707865168539326,0.4857520521621862,0.8426966292134831,0.3661493859470718,127.27272727272725,96,89,0.014166889091332754,0.013661206738435067,robust_reg,90,8,9042,0.4,0.5,calibrated
Blood,dlt_only,0.30337078651685395,0.4623186224697518,0.651685393258427,0.4791356705641377,114.81481481481481,96,89,0.014166889091332754,0.013661206738435067,robust_reg,90,8,9042,0.4,0.5,calibrated
Constitutional,dlt_only,0.4157303370786517,0.49563982441534704,0.6741573033707865,0.4713443274024455,62.16216216216215,96,89,0.014166889091332754,0.013661206738435067,robust_reg,90,8,9042,0.4,0.5,calibrated
Infection,dlt_only,0.15730337078651685,0.36614938594707186,0.4044943820224719,0.49357464949809826,157.14285714285714,96,89,0.014166889091332754,0.013661206738435067,robust_reg,90,8,9042,0.4,0.5,calibrated
Gastrointestinal,dlt_only,0.2696629213483146,0.44629904731276077,0.33707865168539325,0.4753902756663849,25.0,96,89,0.014166889091332754,0.013661206738435067,robust_reg,90,8,9042,0.4,0.5,calibrated
Overall_Survival,dlt_only,10.722905708668526,1.7939982433884092,11.782793165326789,1.210978721512303,9.884330660498463,96,89,0.014166889091332754,0.013661206738435067,robust_reg,90,8,9042,0.4,0.5,calibrated
all_constraints,dlt_only,0.0898876404494382,0.28764124744526687,0.1797752808988764,0.386175824087028,100.00000000000001,96,89,0.014166889091332754,0.013661206738435067,robust_reg,90,8,9042,0.4,0.5,calibrated
Any_DLT,all_constraints,0.5,0.508000508000762,1.0,0.0,100.0,96,32,0.057386547327041626,0.0430136740463236,robust_reg,42,8,9042,0.4,0.5,calibrated
Blood,all_constraints,0.28125,0.45680340939917435,0.625,0.4918693768379647,122.22222222222223,96,32,0.057386547327041626,0.0430136740463236,robust_reg,42,8,9042,0.4,0.5,calibrated
Constitutional,all_constraints,0.59375,0.49899091723584604,0.78125,0.42001344064515445,31.57894736842105,96,32,0.057386547327041626,0.0430136740463236,robust_reg,42,8,9042,0.4,0.5,calibrated
Infection,all_constraints,0.25,0.43994134506405985,0.6875,0.47092907485988494,175.0,96,32,0.057386547327041626,0.0430136740463236,robust_reg,42,8,9042,0.4,0.5,calibrated
Gastrointestinal,all_constraints,0.40625,0.49899091723584604,0.75,0.43994134506405985,84.61538461538461,96,32,0.057386547327041626,0.0430136740463236,robust_reg,42,8,9042,0.4,0.5,calibrated
Overall_Survival,all_constraints,11.143282053809768,2.0034493246697336,11.849775370016093,1.2082275683196806,6.340082866024043,96,32,0.057386547327041626,0.0430136740463236,robust_reg,42,8,9042,0.4,0.5,calibrated
all_constraints,all_constraints,0.125,0.3360107525161235,0.375,0.4918693768379647,200.0,96,32,0.057386547327041626,0.0430136740463236,robust_reg,42,8,9042,0.4,0.5,calibrated
Any_DLT,dlt_only,0.3707865168539326,0.4857520521621862,0.7191011235955056,0.4519846147055687,93.93939393939392,96,89,0.02961344023545583,0.015735749150343543,cp,90,8,9042,0.4,0.5,calibrated
Blood,dlt_only,0.30337078651685395,0.4623186224697518,0.5730337078651685,0.49743981932578357,88.88888888888887,96,89,0.02961344023545583,0.015735749150343543,cp,90,8,9042,0.4,0.5,calibrated
Constitutional,dlt_only,0.4157303370786517,0.49563982441534704,0.5955056179775281,0.4935746494980983,43.24324324324324,96,89,0.02961344023545583,0.015735749150343543,cp,90,8,9042,0.4,0.5,calibrated
Infection,dlt_only,0.15730337078651685,0.36614938594707186,0.3146067415730337,0.4669900139573146,100.0,96,89,0.02961344023545583,0.015735749150343543,cp,90,8,9042,0.4,0.5,calibrated
Gastrointestinal,dlt_only,0.2696629213483146,0.44629904731276077,0.20224719101123595,0.4039513719861834,-25.0,96,89,0.02961344023545583,0.015735749150343543,cp,90,8,9042,0.4,0.5,calibrated
Overall_Survival,dlt_only,10.722905708668526,1.7939982433884092,11.296513131605666,1.453795445958624,5.3493655406615135,96,89,0.02961344023545583,0.015735749150343543,cp,90,8,9042,0.4,0.5,calibrated
all_constraints,dlt_only,0.0898876404494382,0.28764124744526687,0.07865168539325842,0.2707195421096928,-12.500000000000002,96,89,0.02961344023545583,0.015735749150343543,cp,90,8,9042,0.4,0.5,calibrated
Any_DLT,all_constraints,0.5,0.508000508000762,1.0,0.0,100.0,96,32,0.06905519465605418,0.04224719593492168,cp,47,8,9042,0.4,0.5,calibrated
Blood,all_constraints,0.28125,0.45680340939917435,0.59375,0.49899091723584604,111.11111111111111,96,32,0.06905519465605418,0.04224719593492168,cp,47,8,9042,0.4,0.5,calibrated
Constitutional,all_constraints,0.59375,0.49899091723584604,0.75,0.43994134506405985,26.31578947368421,96,32,0.06905519465605418,0.04224719593492168,cp,47,8,9042,0.4,0.5,calibrated
Infection,all_constraints,0.25,0.43994134506405985,0.65625,0.48255870443481425,162.5,96,32,0.06905519465605418,0.04224719593492168,cp,47,8,9042,0.4,0.5,calibrated
Gastrointestinal,all_constraints,0.40625,0.49899091723584604,0.75,0.43994134506405985,84.61538461538461,96,32,0.06905519465605418,0.04224719593492168,cp,47,8,9042,0.4,0.5,calibrated
Overall_Survival,all_constraints,11.143282053809768,2.0034493246697336,11.889437261096546,1.0601220287169677,6.696009341625481,96,32,0.06905519465605418,0.04224719593492168,cp,47,8,9042,0.4,0.5,calibrated
all_constraints,all_constraints,0.125,0.3360107525161235,0.28125,0.45680340939917435,125.0,96,32,0.06905519465605418,0.04224719593492168,cp,47,8,9042,0.4,0.5,calibrated
Any_DLT,dlt_only,0.3617021276595745,0.48306957200104617,0.8723404255319149,0.3354997092507591,141.1764705882353,96,94,0.015353391567866007,0.008448027067042833,nominal,95,9,10042,0.4,0.5,calibrated
Blood,dlt_only,0.2872340425531915,0.45489784805160016,0.6276595744680851,0.48602054368703224,118.51851851851848,96,94,0.015353391567866007,0.008448027067042833,nominal,95,9,10042,0.4,0.5,calibrated
Constitutional,dlt_only,0.40425531914893614,0.4933787163701949,0.7340425531914894,0.4442108361881319,81.57894736842105,96,94,0.015353391567866007,0.008448027067042833,nominal,95,9,10042,0.4,0.5,calibrated
Infection,dlt_only,0.1595744680851064,0.3681745579851539,0.425531914893617,0.4970744887414602,166.66666666666666,96,94,0.015353391567866007,0.008448027067042833,nominal,95,9,10042,0.4,0.5,calibrated
Gastrointestinal,dlt_only,0.26595744680851063,0.4442108361881319,0.32978723404255317,0.4726565934366608,23.999999999999993,96,94,0.015353391567866007,0.008448027067042833,nominal,95,9,10042,0.4,0.5,calibrated
Overall_Survival,dlt_only,10.692359945669535,1.795378540474259,11.911765441533511,1.0284455832288377,11.404456098186646,96,94,0.015353391567866007,0.008448027067042833,nominal,95,9,10042,0.4,0.5,calibrated
all_constraints,dlt_only,0.0851063829787234,0.2805361406225206,0.20212765957446807,0.4037402346511726,137.5,96,94,0.015353391567866007,0.008448027067042833,nominal,95,9,10042,0.4,0.5,calibrated
Any_DLT,all_constraints,0.6071428571428571,0.49734746139343816,0.9642857142857143,0.18898223650461365,58.823529411764724,96,28,0.0673220803340276,0.048114274673895216,nominal,33,9,10042,0.4,0.5,calibrated
Blood,all_constraints,0.32142857142857145,0.4755948656056709,0.6785714285714286,0.4755948656056709,111.1111111111111,96,28,0.0673220803340276,0.048114274673895216,nominal,33,9,10042,0.4,0.5,calibrated
Constitutional,all_constraints,0.5714285714285714,0.5039526306789697,0.7142857142857143,0.4600437062282362,25.00000000000001,96,28,0.0673220803340276,0.048114274673895216,nominal,33,9,10042,0.4,0.5,calibrated
Infection,all_constraints,0.21428571428571427,0.4178554470186725,0.6071428571428571,0.4973474613934381,183.33333333333331,96,28,0.0673220803340276,0.048114274673895216,nominal,33,9,10042,0.4,0.5,calibrated
Gastrointestinal,all_constraints,0.39285714285714285,0.49734746139343805,0.8214285714285714,0.3900210277874798,109.09090909090908,96,28,0.0673220803340276,0.048114274673895216,nominal,33,9,10042,0.4,0.5,calibrated
Overall_Survival,all_constraints,10.976973287551383,1.4864947740694856,10.994659414841957,1.5511853348794666,0.1611202544387276,96,28,0.0673220803340276,0.048114274673895216,nominal,33,9,10042,0.4,0.5,calibrated
all_constraints,all_constraints,0.10714285714285714,0.314970394174356,0.32142857142857145,0.4755948656056709,200.00000000000003,96,28,0.0673220803340276,0.048114274673895216,nominal,33,9,10042,0.4,0.5,calibrated
Any_DLT,dlt_only,0.3617021276595745,0.48306957200104617,0.8723404255319149,0.3354997092507591,141.1764705882353,96,94,0.01587054878473282,0.018186708320803845,robust_reg,96,9,10042,0.4,0.5,calibrated
Blood,dlt_only,0.2872340425531915,0.45489784805160016,0.6170212765957447,0.4887197006250085,114.81481481481481,96,94,0.01587054878473282,0.018186708320803845,robust_reg,96,9,10042,0.4,0.5,calibrated
Constitutional,dlt_only,0.40425531914893614,0.4933787163701949,0.7659574468085106,0.4256691611203411,89.47368421052633,96,94,0.01587054878473282,0.018186708320803845,robust_reg,96,9,10042,0.4,0.5,calibrated
Infection,dlt_only,0.1595744680851064,0.3681745579851539,0.425531914893617,0.4970744887414602,166.66666666666666,96,94,0.01587054878473282,0.018186708320803845,robust_reg,96,9,10042,0.4,0.5,calibrated
Gastrointestinal,dlt_only,0.26595744680851063,0.4442108361881319,0.32978723404255317,0.4726565934366608,23.999999999999993,96,94,0.01587054878473282,0.018186708320803845,robust_reg,96,9,10042,0.4,0.5,calibrated
Overall_Survival,dlt_only,10.692359945669535,1.795378540474259,11.910360918190603,1.0289148376122523,11.391320332555445,96,94,0.01587054878473282,0.018186708320803845,robust_reg,96,9,10042,0.4,0.5,calibrated
all_constraints,dlt_only,0.0851063829787234,0.2805361406225206,0.20212765957446807,0.4037402346511726,137.5,96,94,0.01587054878473282,0.018186708320803845,robust_reg,96,9,10042,0.4,0.5,calibrated
Any_DLT,all_constraints,0.6071428571428571,0.49734746139343816,0.8928571428571429,0.314970394174356,47.05882352941178,96,28,0.07976406812667847,0.02626694946582597,robust_reg,41,9,10042,0.4,0.5,calibrated
Blood,all_constraints,0.32142857142857145,0.4755948656056709,0.6785714285714286,0.4755948656056709,111.1111111111111,96,28,0.07976406812667847,0.02626694946582597,robust_reg,41,9,10042,0.4,0.5,calibrated
Constitutional,all_constraints,0.5714285714285714,0.5039526306789697,0.6785714285714286,0.4755948656056709,18.75000000000001,96,28,0.07976406812667847,0.02626694946582597,robust_reg,41,9,10042,0.4,0.5,calibrated
Infection,all_constraints,0.21428571428571427,0.4178554470186725,0.6428571428571429,0.48795003647426666,200.00000000000003,96,28,0.07976406812667847,0.02626694946582597,robust_reg,41,9,10042,0.4,0.5,calibrated
Gastrointestinal,all_constraints,0.39285714285714285,0.49734746139343805,0.6785714285714286,0.4755948656056709,72.72727272727275,96,28,0.07976406812667847,0.02626694946582597,robust_reg,41,9,10042,0.4,0.5,calibrated
Overall_Survival,all_constraints,10.976973287551383,1.4864947740694856,10.921094829422794,1.5435046691886682,-0.5090515997880677,96,28,0.07976406812667847,0.02626694946582597,robust_reg,41,9,10042,0.4,0.5,calibrated
all_constraints,all_constraints,0.10714285714285714,0.314970394174356,0.25,0.44095855184409843,133.33333333333334,96,28,0.07976406812667847,0.02626694946582597,robust_reg,41,9,10042,0.4,0.5,calibrated
Any_DLT,dlt_only,0.3617021276595745,0.48306957200104617,0.8617021276595744,0.3470633740209737,138.23529411764704,96,94,0.03862495720386505,0.03303734839539378,cp,94,9,10042,0.4,0.5,calibrated
Blood,dlt_only,0.2872340425531915,0.45489784805160016,0.6276595744680851,0.48602054368703224,118.51851851851848,96,94,0.03862495720386505,0.03303734839539378,cp,94,9,10042,0.4,0.5,calibrated
Constitutional,dlt_only,0.40425531914893614,0.4933787163701949,0.5425531914893617,0.5008571924688408,34.210526315789465,96,94,0.03862495720386505,0.03303734839539378,cp,94,9,10042,0.4,0.5,calibrated
Infection,dlt_only,0.1595744680851064,0.3681745579851539,0.43617021276595747,0.4985680708325772,173.33333333333334,96,94,0.03862495720386505,0.03303734839539378,cp,94,9,10042,0.4,0.5,calibrated
Gastrointestinal,dlt_only,0.26595744680851063,0.4442108361881319,0.43617021276595747,0.4985680708325772,64.00000000000001,96,94,0.03862495720386505,0.03303734839539378,cp,94,9,10042,0.4,0.5,calibrated
Overall_Survival,dlt_only,10.692359945669535,1.795378540474259,11.56210015433737,1.3697036045645499,8.134221192395275,96,94,0.03862495720386505,0.03303734839539378,cp,94,9,10042,0.4,0.5,calibrated
all_constraints,dlt_only,0.0851063829787234,0.2805361406225206,0.13829787234042554,0.34706337402097365,62.500000000000014,96,94,0.03862495720386505,0.03303734839539378,cp,94,9,10042,0.4,0.5,calibrated
Any_DLT,all_constraints,0.6071428571428571,0.49734746139343816,1.0,0.0,64.70588235294119,96,28,0.09734486043453217,0.07164467458823515,cp,34,9,10042,0.4,0.5,calibrated
Blood,all_constraints,0.32142857142857145,0.4755948656056709,0.6785714285714286,0.4755948656056709,111.1111111111111,96,28,0.09734486043453217,0.07164467458823515,cp,34,9,10042,0.4,0.5,calibrated
Constitutional,all_constraints,0.5714285714285714,0.5039526306789697,0.7142857142857143,0.4600437062282362,25.00000000000001,96,28,0.09734486043453217,0.07164467458823515,cp,34,9,10042,0.4,0.5,calibrated
Infection,all_constraints,0.21428571428571427,0.4178554470186725,0.6071428571428571,0.49734746139343816,183.33333333333331,96,28,0.09734486043453217,0.07164467458823515,cp,34,9,10042,0.4,0.5,calibrated
Gastrointestinal,all_constraints,0.39285714285714285,0.49734746139343805,0.75,0.44095855184409843,90.9090909090909,96,28,0.09734486043453217,0.07164467458823515,cp,34,9,10042,0.4,0.5,calibrated
Overall_Survival,all_constraints,10.976973287551383,1.4864947740694856,10.99312129868093,1.6161833196110975,0.147108047970376,96,28,0.09734486043453217,0.07164467458823515,cp,34,9,10042,0.4,0.5,calibrated
all_constraints,all_constraints,0.10714285714285714,0.314970394174356,0.35714285714285715,0.4879500364742666,233.33333333333334,96,28,0.09734486043453217,0.07164467458823515,cp,34,9,10042,0.4,0.5,calibrated
Any_DLT,dlt_only,0.631578947368421,0.484935432836328,0.9578947368421052,0.20189472049435528,51.66666666666668,96,95,0.017986536026000977,0.005135173170874743,nominal,95,0,1042,0.5,0.5,calibrated
Blood,dlt_only,0.6105263157894737,0.49021785956044767,0.9473684210526315,0.22448148540588725,55.17241379310343,96,95,0.017986536026000977,0.005135173170874743,nominal,95,0,1042,0.5,0.5,calibrated
Constitutional,dlt_only,0.7263157894736842,0.4482140745926371,0.8947368421052632,0.3085202917746743,23.188405797101442,96,95,0.017986536026000977,0.005135173170874743,nominal,95,0,1042,0.5,0.5,calibrated
Infection,dlt_only,0.6947368421052632,0.46296188461572396,0.9157894736842105,0.27917652063748477,31.818181818181806,96,95,0.017986536026000977,0.005135173170874743,nominal,95,0,1042,0.5,0.5,calibrated
Gastrointestinal,dlt_only,0.5789473684210527,0.4963472396486464,0.968421052631579,0.17580402404729137,67.27272727272727,96,95,0.017986536026000977,0.005135173170874743,nominal,95,0,1042,0.5,0.5,calibrated
Overall_Survival,dlt_only,10.693736232232505,1.7885985250798564,11.684496067653553,1.1076889033420274,9.264861353459903,96,95,0.017986536026000977,0.005135173170874743,nominal,95,0,1042,0.5,0.5,calibrated
all_constraints,dlt_only,0.42105263157894735,0.49634723964864647,0.8631578947368421,0.3455038354865923,105.00000000000001,96,95,0.017986536026000977,0.005135173170874743,nominal,95,0,1042,0.5,0.5,calibrated
Any_DLT,all_constraints,0.691358024691358,0.4648111258522642,1.0,0.0,44.64285714285715,96,81,0.06996625413497289,0.026769537287993292,nominal,84,0,1042,0.5,0.5,calibrated
Blood,all_constraints,0.6790123456790124,0.46976484792466006,0.9629629629629629,0.19002923751652298,41.818181818181806,96,81,0.06996625413497289,0.026769537287993292,nominal,84,0,1042,0.5,0.5,calibrated
Constitutional,all_constraints,0.8271604938271605,0.3804643037391985,1.0,0.0,20.8955223880597,96,81,0.06996625413497289,0.026769537287993292,nominal,84,0,1042,0.5,0.5,calibrated
Infection,all_constraints,0.7654320987654321,0.42636853009666426,0.9753086419753086,0.15614965913950216,27.419354838709683,96,81,0.06996625413497289,0.026769537287993292,nominal,84,0,1042,0.5,0.5,calibrated
Gastrointestinal,all_constraints,0.6419753086419753,0.48240651880205354,1.0,0.0,55.76923076923078,96,81,0.06996625413497289,0.026769537287993292,nominal,84,0,1042,0.5,0.5,calibrated
Overall_Survival,all_constraints,10.821999053655267,1.805778493305929,11.547499197278666,1.2982513342534219,6.703938339177297,96,81,0.06996625413497289,0.026769537287993292,nominal,84,0,1042,0.5,0.5,calibrated
all_constraints,all_constraints,0.48148148148148145,0.5027701042999453,0.9382716049382716,0.2421610524189263,94.87179487179488,96,81,0.06996625413497289,0.026769537287993292,nominal,84,0,1042,0.5,0.5,calibrated
Any_DLT,dlt_only,0.631578947368421,0.484935432836328,0.9789473684210527,0.1443214031708876,55.000000000000014,96,95,0.017339497804641724,0.0036526296677607795,robust_reg,95,0,1042,0.5,0.5,calibrated
Blood,dlt_only,0.6105263157894737,0.49021785956044767,0.9157894736842105,0.27917652063748477,49.999999999999986,96,95,0.017339497804641724,0.0036526296677607795,robust_reg,95,0,1042,0.5,0.5,calibrated
Constitutional,dlt_only,0.7263157894736842,0.4482140745926371,0.8947368421052632,0.3085202917746743,23.188405797101442,96,95,0.017339497804641724,0.0036526296677607795,robust_reg,95,0,1042,0.5,0.5,calibrated
Infection,dlt_only,0.6947368421052632,0.46296188461572396,0.9368421052631579,0.24453717969020553,34.848484848484844,96,95,0.017339497804641724,0.0036526296677607795,robust_reg,95,0,1042,0.5,0.5,calibrated
Gastrointestinal,dlt_only,0.5789473684210527,0.4963472396486464,0.9894736842105263,0.10259783520851543,70.90909090909089,96,95,0.017339497804641724,0.0036526296677607795,robust_reg,95,0,1042,0.5,0.5,calibrated
Overall_Survival,dlt_only,10.693736232232505,1.7885985250798564,11.634458132363566,1.1534759371791417,8.79694317964928,96,95,0.017339497804641724,0.0036526296677607795,robust_reg,95,0,1042,0.5,0.5,calibrated
all_constraints,dlt_only,0.42105263157894735,0.49634723964864647,0.8,0.4021220308060408,90.00000000000001,96,95,0.017339497804641724,0.0036526296677607795,robust_reg,95,0,1042,0.5,0.5,calibrated
Any_DLT,all_constraints,0.691358024691358,0.4648111258522642,1.0,0.0,44.64285714285715,96,81,0.06626233210166295,0.030404360980086042,robust_reg,82,0,1042,0.5,0.5,calibrated
Blood,all_constraints,0.6790123456790124,0.46976484792466006,0.9753086419753086,0.15614965913950216,43.63636363636363,96,81,0.06626233210166295,0.030404360980086042,robust_reg,82,0,1042,0.5,0.5,calibrated
Constitutional,all_constraints,0.8271604938271605,0.3804643037391985,1.0,0.0,20.8955223880597,96,81,0.06626233210166295,0.030404360980086042,robust_reg,82,0,1042,0.5,0.5,calibrated
Infection,all_constraints,0.7654320987654321,0.42636853009666426,0.9876543209876543,0.11111111111111113,29.032258064516128,96,81,0.06626233210166295,0.030404360980086042,robust_reg,82,0,1042,0.5,0.5,calibrated
Gastrointestinal,all_constraints,0.6419753086419753,0.48240651880205354,1.0,0.0,55.76923076923078,96,81,0.06626233210166295,0.030404360980086042,robust_reg,82,0,1042,0.5,0.5,calibrated
Overall_Survival,all_constraints,10.821999053655267,1.805778493305929,11.545368100207908,1.3552888550884965,6.684246071046492,96,81,0.06626233210166295,0.030404360980086042,robust_reg,82,0,1042,0.5,0.5,calibrated
all_constraints,all_constraints,0.48148148148148145,0.5027701042999453,0.9629629629629629,0.19002923751652298,100.0,96,81,0.06626233210166295,0.030404360980086042,robust_reg,82,0,1042,0.5,0.5,calibrated
Any_DLT,dlt_only,0.631578947368421,0.484935432836328,0.9578947368421052,0.20189472049435528,51.66666666666668,96,95,0.021321574846903484,0.005133250360698877,cp,95,0,1042,0.5,0.5,calibrated
Blood,dlt_only,0.6105263157894737,0.49021785956044767,0.9473684210526315,0.22448148540588725,55.17241379310343,96,95,0.021321574846903484,0.005133250360698877,cp,95,0,1042,0.5,0.5,calibrated
Constitutional,dlt_only,0.7263157894736842,0.4482140745926371,0.8947368421052632,0.3085202917746743,23.188405797101442,96,95,0.021321574846903484,0.005133250360698877,cp,95,0,1042,0.5,0.5,calibrated
Infection,dlt_only,0.6947368421052632,0.46296188461572396,0.9157894736842105,0.27917652063748477,31.818181818181806,96,95,0.021321574846903484,0.005133250360698877,cp,95,0,1042,0.5,0.5,calibrated
Gastrointestinal,dlt_only,0.5789473684210527,0.4963472396486464,0.9789473684210527,0.1443214031708876,69.0909090909091,96,95,0.021321574846903484,0.005133250360698877,cp,95,0,1042,0.5,0.5,calibrated
Overall_Survival,dlt_only,10.693736232232505,1.7885985250798564,11.682187201287276,1.1113110394974488,9.243270523873903,96,95,0.021321574846903484,0.005133250360698877,cp,95,0,1042,0.5,0.5,calibrated
all_constraints,dlt_only,0.42105263157894735,0.49634723964864647,0.8631578947368421,0.3455038354865923,105.00000000000001,96,95,0.021321574846903484,0.005133250360698877,cp,95,0,1042,0.5,0.5,calibrated
Any_DLT,all_constraints,0.691358024691358,0.4648111258522642,1.0,0.0,44.64285714285715,96,81,0.07654098172982533,0.02135223774268916,cp,84,0,1042,0.5,0.5,calibrated
Blood,all_constraints,0.6790123456790124,0.46976484792466006,0.9753086419753086,0.15614965913950216,43.63636363636363,96,81,0.07654098172982533,0.02135223774268916,cp,84,0,1042,0.5,0.5,calibrated
Constitutional,all_constraints,0.8271604938271605,0.3804643037391985,1.0,0.0,20.8955223880597,96,81,0.07654098172982533,0.02135223774268916,cp,84,0,1042,0.5,0.5,calibrated
Infection,all_constraints,0.7654320987654321,0.42636853009666426,0.9753086419753086,0.15614965913950216,27.419354838709683,96,81,0.07654098172982533,0.02135223774268916,cp,84,0,1042,0.5,0.5,calibrated
Gastrointestinal,all_constraints,0.6419753086419753,0.48240651880205354,1.0,0.0,55.76923076923078,96,81,0.07654098172982533,0.02135223774268916,cp,84,0,1042,0.5,0.5,calibrated
Overall_Survival,all_constraints,10.821999053655267,1.805778493305929,11.550294760338135,1.2890762077661577,6.729770563386594,96,81,0.07654098172982533,0.02135223774268916,cp,84,0,1042,0.5,0.5,calibrated
all_constraints,all_constraints,0.48148148148148145,0.5027701042999453,0.9506172839506173,0.2180157430038732,97.43589743589745,96,81,0.07654098172982533,0.02135223774268916,cp,84,0,1042,0.5,0.5,calibrated
Any_DLT,dlt_only,0.625,0.4866642633922876,0.96875,0.17490598978639324,55.0,96,96,0.017489920059839886,0.004096805977079478,nominal,96,1,2042,0.5,0.5,calibrated
Blood,dlt_only,0.6145833333333334,0.48924843902430526,1.0,0.0,62.711864406779654,96,96,0.017489920059839886,0.004096805977079478,nominal,96,1,2042,0.5,0.5,calibrated
Constitutional,dlt_only,0.71875,0.45196937483581084,0.8854166666666666,0.320190458671962,23.188405797101446,96,96,0.017489920059839886,0.004096805977079478,nominal,96,1,2042,0.5,0.5,calibrated
Infection,dlt_only,0.6979166666666666,0.4615714956689105,0.96875,0.17490598978639324,38.80597014925374,96,96,0.017489920059839886,0.004096805977079478,nominal,96,1,2042,0.5,0.5,calibrated
Gastrointestinal,dlt_only,0.5729166666666666,0.4972512161169891,0.9583333333333334,0.20087527770480484,67.27272727272728,96,96,0.017489920059839886,0.004096805977079478,nominal,96,1,2042,0.5,0.5,calibrated
Overall_Survival,dlt_only,10.690597206168823,1.779425762099106,11.930940549247088,0.9568688396355185,11.602189467605674,96,96,0.017489920059839886,0.004096805977079478,nominal,96,1,2042,0.5,0.5,calibrated
all_constraints,dlt_only,0.4166666666666667,0.49559462778335206,0.8645833333333334,0.3439642474280894,107.5,96,96,0.017489920059839886,0.004096805977079478,nominal,96,1,2042,0.5,0.5,calibrated
Any_DLT,all_constraints,0.6436781609195402,0.48168820114484845,0.9885057471264368,0.10721125348377945,53.57142857142858,96,87,0.06842417021592458,0.025877016251378056,nominal,87,1,2042,0.5,0.5,calibrated
Blood,all_constraints,0.6091954022988506,0.49075930345955115,0.9885057471264368,0.10721125348377945,62.264150943396224,96,87,0.06842417021592458,0.025877016251378056,nominal,87,1,2042,0.5,0.5,calibrated
Constitutional,all_constraints,0.7701149425287356,0.4231979421765856,0.9310344827586207,0.25486446230486964,20.89552238805971,96,87,0.06842417021592458,0.025877016251378056,nominal,87,1,2042,0.5,0.5,calibrated
Infection,all_constraints,0.7241379310344828,0.4495386568579204,0.9540229885057471,0.21064938228269575,31.74603174603174,96,87,0.06842417021592458,0.025877016251378056,nominal,87,1,2042,0.5,0.5,calibrated
Gastrointestinal,all_constraints,0.6091954022988506,0.4907593034595512,1.0,0.0,64.15094339622641,96,87,0.06842417021592458,0.025877016251378056,nominal,87,1,2042,0.5,0.5,calibrated
Overall_Survival,all_constraints,10.775670917590768,1.8406148838884717,11.410849674271416,1.4591980263612643,5.894563424758543,96,87,0.06842417021592458,0.025877016251378056,nominal,87,1,2042,0.5,0.5,calibrated
all_constraints,all_constraints,0.4482758620689655,0.5002004409781856,0.896551724137931,0.3063089623779221,100.0,96,87,0.06842417021592458,0.025877016251378056,nominal,87,1,2042,0.5,0.5,calibrated
Any_DLT,dlt_only,0.625,0.4866642633922876,0.9791666666666666,0.143575886163796,56.666666666666664,96,96,0.015963005522886913,0.003550508349473142,robust_reg,96,1,2042,0.5,0.5,calibrated
Blood,dlt_only,0.6145833333333334,0.48924843902430526,1.0,0.0,62.711864406779654,96,96,0.015963005522886913,0.003550508349473142,robust_reg,96,1,2042,0.5,0.5,calibrated
Constitutional,dlt_only,0.71875,0.45196937483581084,0.8854166666666666,0.320190458671962,23.188405797101446,96,96,0.015963005522886913,0.003550508349473142,robust_reg,96,1,2042,0.5,0.5,calibrated
Infection,dlt_only,0.6979166666666666,0.4615714956689105,0.96875,0.17490598978639324,38.80597014925374,96,96,0.015963005522886913,0.003550508349473142,robust_reg,96,1,2042,0.5,0.5,calibrated
Gastrointestinal,dlt_only,0.5729166666666666,0.4972512161169891,0.96875,0.17490598978639324,69.0909090909091,96,96,0.015963005522886913,0.003550508349473142,robust_reg,96,1,2042,0.5,0.5,calibrated
Overall_Survival,dlt_only,10.690597206168823,1.779425762099106,11.907871549226826,0.993772053501435,11.386401709678072,96,96,0.015963005522886913,0.003550508349473142,robust_reg,96,1,2042,0.5,0.5,calibrated
all_constraints,dlt_only,0.4166666666666667,0.49559462778335206,0.8645833333333334,0.3439642474280894,107.5,96,96,0.015963005522886913,0.003550508349473142,robust_reg,96,1,2042,0.5,0.5,calibrated
Any_DLT,all_constraints,0.6436781609195402,0.48168820114484845,0.9885057471264368,0.10721125348377945,53.57142857142858,96,87,0.06914389381806056,0.02466011903053283,robust_reg,89,1,2042,0.5,0.5,calibrated
Blood,all_constraints,0.6091954022988506,0.49075930345955115,1.0,0.0,64.15094339622641,96,87,0.06914389381806056,0.02466011903053283,robust_reg,89,1,2042,0.5,0.5,calibrated
Constitutional,all_constraints,0.7701149425287356,0.4231979421765856,0.9310344827586207,0.25486446230486964,20.89552238805971,96,87,0.06914389381806056,0.02466011903053283,robust_reg,89,1,2042,0.5,0.5,calibrated
Infection,all_constraints,0.7241379310344828,0.4495386568579204,0.9655172413793104,0.18352338815966718,33.333333333333336,96,87,0.06914389381806056,0.02466011903053283,robust_reg,89,1,2042,0.5,0.5,calibrated
Gastrointestinal,all_constraints,0.6091954022988506,0.4907593034595512,0.9885057471264368,0.10721125348377945,62.264150943396224,96,87,0.06914389381806056,0.02466011903053283,robust_reg,89,1,2042,0.5,0.5,calibrated
Overall_Survival,all_constraints,10.775670917590768,1.8406148838884717,11.496032981611902,1.4129001039434168,6.685078539705385,96,87,0.06914389381806056,0.02466011903053283,robust_reg,89,1,2042,0.5,0.5,calibrated
all_constraints,all_constraints,0.4482758620689655,0.5002004409781856,0.9080459770114943,0.2906361870283388,102.56410256410255,96,87,0.06914389381806056,0.02466011903053283,robust_reg,89,1,2042,0.5,0.5,calibrated
Any_DLT,dlt_only,0.625,0.4866642633922876,0.9270833333333334,0.26136450315368365,48.333333333333336,96,96,0.03284958998362223,0.009150856617313215,cp,96,1,2042,0.5,0.5,calibrated
Blood,dlt_only,0.6145833333333334,0.48924843902430526,0.9479166666666666,0.22336148028967082,54.23728813559321,96,96,0.03284958998362223,0.009150856617313215,cp,96,1,2042,0.5,0.5,calibrated
Constitutional,dlt_only,0.71875,0.45196937483581084,0.8854166666666666,0.320190458671962,23.188405797101446,96,96,0.03284958998362223,0.009150856617313215,cp,96,1,2042,0.5,0.5,calibrated
Infection,dlt_only,0.6979166666666666,0.4615714956689105,0.9583333333333334,0.20087527770480484,37.31343283582091,96,96,0.03284958998362223,0.009150856617313215,cp,96,1,2042,0.5,0.5,calibrated
Gastrointestinal,dlt_only,0.5729166666666666,0.4972512161169891,0.90625,0.2930106877878258,58.18181818181819,96,96,0.03284958998362223,0.009150856617313215,cp,96,1,2042,0.5,0.5,calibrated
Overall_Survival,dlt_only,10.690597206168823,1.779425762099106,11.83182165071758,0.8950351818491205,10.675029865405783,96,96,0.03284958998362223,0.009150856617313215,cp,96,1,2042,0.5,0.5,calibrated
all_constraints,dlt_only,0.4166666666666667,0.49559462778335206,0.8125,0.3923612728354477,94.99999999999999,96,96,0.03284958998362223,0.009150856617313215,cp,96,1,2042,0.5,0.5,calibrated
Any_DLT,all_constraints,0.6436781609195402,0.48168820114484845,0.9885057471264368,0.10721125348377945,53.57142857142858,96,87,0.08077573031187057,0.024212459202420933,cp,87,1,2042,0.5,0.5,calibrated
Blood,all_constraints,0.6091954022988506,0.49075930345955115,0.9885057471264368,0.10721125348377945,62.264150943396224,96,87,0.08077573031187057,0.024212459202420933,cp,87,1,2042,0.5,0.5,calibrated
Constitutional,all_constraints,0.7701149425287356,0.4231979421765856,0.9310344827586207,0.25486446230486964,20.89552238805971,96,87,0.08077573031187057,0.024212459202420933,cp,87,1,2042,0.5,0.5,calibrated
Infection,all_constraints,0.7241379310344828,0.4495386568579204,0.9540229885057471,0.21064938228269575,31.74603174603174,96,87,0.08077573031187057,0.024212459202420933,cp,87,1,2042,0.5,0.5,calibrated
Gastrointestinal,all_constraints,0.6091954022988506,0.4907593034595512,1.0,0.0,64.15094339622641,96,87,0.08077573031187057,0.024212459202420933,cp,87,1,2042,0.5,0.5,calibrated
Overall_Survival,all_constraints,10.775670917590768,1.8406148838884717,11.410849674271416,1.4591980263612643,5.894563424758543,96,87,0.08077573031187057,0.024212459202420933,cp,87,1,2042,0.5,0.5,calibrated
all_constraints,all_constraints,0.4482758620689655,0.5002004409781856,0.896551724137931,0.3063089623779221,100.0,96,87,0.08077573031187057,0.024212459202420933,cp,87,1,2042,0.5,0.5,calibrated
Any_DLT,dlt_only,0.631578947368421,0.484935432836328,0.9157894736842105,0.27917652063748477,45.0,96,95,0.04675069202979406,0.04271190707968243,nominal,96,2,3042,0.5,0.5,calibrated
Blood,dlt_only,0.6105263157894737,0.49021785956044767,0.8210526315789474,0.38534172091962604,34.48275862068965,96,95,0.04675069202979406,0.04271190707968243,nominal,96,2,3042,0.5,0.5,calibrated
Constitutional,dlt_only,0.7263157894736842,0.4482140745926371,0.8736842105263158,0.333967295607331,20.28985507246377,96,95,0.04675069202979406,0.04271190707968243,nominal,96,2,3042,0.5,0.5,calibrated
Infection,dlt_only,0.7052631578947368,0.4583430892442982,0.9473684210526315,0.22448148540588725,34.32835820895522,96,95,0.04675069202979406,0.04271190707968243,nominal,96,2,3042,0.5,0.5,calibrated
Gastrointestinal,dlt_only,0.5684210526315789,0.49792402178140127,0.9473684210526315,0.22448148540588725,66.66666666666666,96,95,0.04675069202979406,0.04271190707968243,nominal,96,2,3042,0.5,0.5,calibrated
Overall_Survival,dlt_only,10.686847195164717,1.788484361649838,10.814390547521294,1.00706417667748,1.1934609902000304,96,95,0.04675069202979406,0.04271190707968243,nominal,96,2,3042,0.5,0.5,calibrated
all_constraints,dlt_only,0.42105263157894735,0.49634723964864647,0.7368421052631579,0.44268345916331386,75.0,96,95,0.04675069202979406,0.04271190707968243,nominal,96,2,3042,0.5,0.5,calibrated
Any_DLT,all_constraints,0.7051282051282052,0.45893649955381693,1.0,0.0,41.818181818181806,96,78,0.09622899691263835,0.04139683674871773,nominal,89,2,3042,0.5,0.5,calibrated
Blood,all_constraints,0.6666666666666666,0.47445571459117775,0.8205128205128205,0.386243639668214,23.07692307692308,96,78,0.09622899691263835,0.04139683674871773,nominal,89,2,3042,0.5,0.5,calibrated
Constitutional,all_constraints,0.8205128205128205,0.386243639668214,0.9487179487179487,0.2220001110000833,15.625,96,78,0.09622899691263835,0.04139683674871773,nominal,89,2,3042,0.5,0.5,calibrated
Infection,all_constraints,0.782051282051282,0.41552457527885484,1.0,0.0,27.868852459016395,96,78,0.09622899691263835,0.04139683674871773,nominal,89,2,3042,0.5,0.5,calibrated
Gastrointestinal,all_constraints,0.6282051282051282,0.48641210572593335,1.0,0.0,59.18367346938776,96,78,0.09622899691263835,0.04139683674871773,nominal,89,2,3042,0.5,0.5,calibrated
Overall_Survival,all_constraints,10.704283823706504,1.7641785489387456,10.737754621743743,1.1118571815603777,0.3126860104653837,96,78,0.09622899691263835,0.04139683674871773,nominal,89,2,3042,0.5,0.5,calibrated
all_constraints,all_constraints,0.46153846153846156,0.5017452060042545,0.7692307692307693,0.4240520956441317,66.66666666666667,96,78,0.09622899691263835,0.04139683674871773,nominal,89,2,3042,0.5,0.5,calibrated
Any_DLT,dlt_only,0.631578947368421,0.484935432836328,0.9263157894736842,0.26264227200873946,46.66666666666667,96,95,0.0592497910062472,0.047657104868595423,robust_reg,95,2,3042,0.5,0.5,calibrated
Blood,dlt_only,0.6105263157894737,0.49021785956044767,0.8315789473684211,0.3762251357147221,36.20689655172414,96,95,0.0592497910062472,0.047657104868595423,robust_reg,95,2,3042,0.5,0.5,calibrated
Constitutional,dlt_only,0.7263157894736842,0.4482140745926371,0.8526315789473684,0.3563533105934119,17.39130434782608,96,95,0.0592497910062472,0.047657104868595423,robust_reg,95,2,3042,0.5,0.5,calibrated
Infection,dlt_only,0.7052631578947368,0.4583430892442982,0.9789473684210527,0.14432140317088757,38.805970149253746,96,95,0.0592497910062472,0.047657104868595423,robust_reg,95,2,3042,0.5,0.5,calibrated
Gastrointestinal,dlt_only,0.5684210526315789,0.49792402178140127,0.8947368421052632,0.3085202917746743,57.40740740740741,96,95,0.0592497910062472,0.047657104868595423,robust_reg,95,2,3042,0.5,0.5,calibrated
Overall_Survival,dlt_only,10.686847195164717,1.788484361649838,10.873665792905912,1.0271413399474263,1.7481170482695982,96,95,0.0592497910062472,0.047657104868595423,robust_reg,95,2,3042,0.5,0.5,calibrated
all_constraints,dlt_only,0.42105263157894735,0.49634723964864647,0.7368421052631579,0.442683459163314,75.0,96,95,0.0592497910062472,0.047657104868595423,robust_reg,95,2,3042,0.5,0.5,calibrated
Any_DLT,all_constraints,0.7051282051282052,0.45893649955381693,1.0,0.0,41.818181818181806,96,78,0.09261466314395268,0.053369355215759084,robust_reg,80,2,3042,0.5,0.5,calibrated
Blood,all_constraints,0.6666666666666666,0.47445571459117775,0.7435897435897436,0.4394771815921655,11.538461538461549,96,78,0.09261466314395268,0.053369355215759084,robust_reg,80,2,3042,0.5,0.5,calibrated
Constitutional,all_constraints,0.8205128205128205,0.386243639668214,0.9358974358974359,0.2465209134587992,14.062500000000005,96,78,0.09261466314395268,0.053369355215759084,robust_reg,80,2,3042,0.5,0.5,calibrated
Infection,all_constraints,0.782051282051282,0.41552457527885484,1.0,0.0,27.868852459016395,96,78,0.09261466314395268,0.053369355215759084,robust_reg,80,2,3042,0.5,0.5,calibrated
Gastrointestinal,all_constraints,0.6282051282051282,0.48641210572593335,0.9871794871794872,0.11322770341445958,57.14285714285715,96,78,0.09261466314395268,0.053369355215759084,robust_reg,80,2,3042,0.5,0.5,calibrated
Overall_Survival,all_constraints,10.704283823706504,1.7641785489387456,10.78571471838724,0.9917566519795264,0.760731834299768,96,78,0.09261466314395268,0.053369355215759084,robust_reg,80,2,3042,0.5,0.5,calibrated
all_constraints,all_constraints,0.46153846153846156,0.5017452060042545,0.6923076923076923,0.4645257966832583,49.999999999999986,96,78,0.09261466314395268,0.053369355215759084,robust_reg,80,2,3042,0.5,0.5,calibrated
Any_DLT,dlt_only,0.631578947368421,0.484935432836328,0.9157894736842105,0.27917652063748477,45.0,96,95,0.03504127015670141,0.031169917153531696,cp,96,2,3042,0.5,0.5,calibrated
Blood,dlt_only,0.6105263157894737,0.49021785956044767,0.8210526315789474,0.38534172091962604,34.48275862068965,96,95,0.03504127015670141,0.031169917153531696,cp,96,2,3042,0.5,0.5,calibrated
Constitutional,dlt_only,0.7263157894736842,0.4482140745926371,0.8736842105263158,0.333967295607331,20.28985507246377,96,95,0.03504127015670141,0.031169917153531696,cp,96,2,3042,0.5,0.5,calibrated
Infection,dlt_only,0.7052631578947368,0.4583430892442982,0.9473684210526315,0.22448148540588725,34.32835820895522,96,95,0.03504127015670141,0.031169917153531696,cp,96,2,3042,0.5,0.5,calibrated
Gastrointestinal,dlt_only,0.5684210526315789,0.49792402178140127,0.9473684210526315,0.22448148540588725,66.66666666666666,96,95,0.03504127015670141,0.031169917153531696,cp,96,2,3042,0.5,0.5,calibrated
Overall_Survival,dlt_only,10.686847195164717,1.788484361649838,10.812477974400549,1.0059710502410533,1.1755644760474755,96,95,0.03504127015670141,0.031169917153531696,cp,96,2,3042,0.5,0.5,calibrated
all_constraints,dlt_only,0.42105263157894735,0.49634723964864647,0.7368421052631579,0.44268345916331386,75.0,96,95,0.03504127015670141,0.031169917153531696,cp,96,2,3042,0.5,0.5,calibrated
Any_DLT,all_constraints,0.7051282051282052,0.45893649955381693,0.9871794871794872,0.11322770341445958,39.99999999999999,96,78,0.20153949409723282,0.10139469028531838,cp,87,2,3042,0.5,0.5,calibrated
Blood,all_constraints,0.6666666666666666,0.47445571459117775,0.7051282051282052,0.45893649955381693,5.7692307692307825,96,78,0.20153949409723282,0.10139469028531838,cp,87,2,3042,0.5,0.5,calibrated
Constitutional,all_constraints,0.8205128205128205,0.386243639668214,0.9358974358974359,0.2465209134587992,14.062500000000005,96,78,0.20153949409723282,0.10139469028531838,cp,87,2,3042,0.5,0.5,calibrated
Infection,all_constraints,0.782051282051282,0.41552457527885484,1.0,0.0,27.868852459016395,96,78,0.20153949409723282,0.10139469028531838,cp,87,2,3042,0.5,0.5,calibrated
Gastrointestinal,all_constraints,0.6282051282051282,0.48641210572593335,0.9743589743589743,0.1590849625452554,55.10204081632653,96,78,0.20153949409723282,0.10139469028531838,cp,87,2,3042,0.5,0.5,calibrated
Overall_Survival,all_constraints,10.704283823706504,1.7641785489387456,10.57633203544966,1.0444212177575174,-1.1953325450271843,96,78,0.20153949409723282,0.10139469028531838,cp,87,2,3042,0.5,0.5,calibrated
all_constraints,all_constraints,0.46153846153846156,0.5017452060042545,0.6538461538461539,0.478822231387317,41.666666666666664,96,78,0.20153949409723282,0.10139469028531838,cp,87,2,3042,0.5,0.5,calibrated
Any_DLT,dlt_only,0.625,0.4866642633922876,0.8958333333333334,0.30708019410902276,43.333333333333336,96,96,0.018108983834584553,0.006231753376127303,nominal,96,3,4042,0.5,0.5,calibrated
Blood,dlt_only,0.6145833333333334,0.48924843902430526,0.90625,0.2930106877878258,47.45762711864406,96,96,0.018108983834584553,0.006231753376127303,nominal,96,3,4042,0.5,0.5,calibrated
Constitutional,dlt_only,0.71875,0.45196937483581084,0.8645833333333334,0.3439642474280894,20.289855072463773,96,96,0.018108983834584553,0.006231753376127303,nominal,96,3,4042,0.5,0.5,calibrated
Infection,dlt_only,0.6979166666666666,0.4615714956689105,0.9270833333333334,0.26136450315368365,32.8358208955224,96,96,0.018108983834584553,0.006231753376127303,nominal,96,3,4042,0.5,0.5,calibrated
Gastrointestinal,dlt_only,0.5729166666666666,0.4972512161169891,0.9270833333333334,0.2613645031536837,61.81818181818183,96,96,0.018108983834584553,0.006231753376127303,nominal,96,3,4042,0.5,0.5,calibrated
Overall_Survival,dlt_only,10.690597206168823,1.779425762099106,12.025668621729116,1.0011659984695869,12.488277219816245,96,96,0.018108983834584553,0.006231753376127303,nominal,96,3,4042,0.5,0.5,calibrated
all_constraints,dlt_only,0.4166666666666667,0.49559462778335206,0.7604166666666666,0.4290697812628879,82.49999999999999,96,96,0.018108983834584553,0.006231753376127303,nominal,96,3,4042,0.5,0.5,calibrated
Any_DLT,all_constraints,0.6666666666666666,0.4741373235154427,0.9195402298850575,0.2735805142573971,37.931034482758626,96,87,0.07929929097493489,0.04693213877721198,nominal,91,3,4042,0.5,0.5,calibrated
Blood,all_constraints,0.6436781609195402,0.48168820114484845,0.8850574712643678,0.3208015889133735,37.50000000000001,96,87,0.07929929097493489,0.04693213877721198,nominal,91,3,4042,0.5,0.5,calibrated
Constitutional,all_constraints,0.7701149425287356,0.4231979421765855,0.9310344827586207,0.25486446230486964,20.89552238805971,96,87,0.07929929097493489,0.04693213877721198,nominal,91,3,4042,0.5,0.5,calibrated
Infection,all_constraints,0.7471264367816092,0.43717887363044405,0.9195402298850575,0.2735805142573971,23.07692307692308,96,87,0.07929929097493489,0.04693213877721198,nominal,91,3,4042,0.5,0.5,calibrated
Gastrointestinal,all_constraints,0.5977011494252874,0.49320428606142624,0.9540229885057471,0.21064938228269575,59.61538461538459,96,87,0.07929929097493489,0.04693213877721198,nominal,91,3,4042,0.5,0.5,calibrated
Overall_Survival,all_constraints,10.814537722273027,1.7586375443021909,11.486024501821658,1.254773316066385,6.209112185772623,96,87,0.07929929097493489,0.04693213877721198,nominal,91,3,4042,0.5,0.5,calibrated
all_constraints,all_constraints,0.4482758620689655,0.5002004409781856,0.8045977011494253,0.3988087045004804,79.48717948717949,96,87,0.07929929097493489,0.04693213877721198,nominal,91,3,4042,0.5,0.5,calibrated
Any_DLT,dlt_only,0.625,0.4866642633922876,0.8854166666666666,0.320190458671962,41.666666666666664,96,96,0.02119048188130061,0.016238452073462833,robust_reg,96,3,4042,0.5,0.5,calibrated
Blood,dlt_only,0.6145833333333334,0.48924843902430526,0.8958333333333334,0.30708019410902276,45.762711864406775,96,96,0.02119048188130061,0.016238452073462833,robust_reg,96,3,4042,0.5,0.5,calibrated
Constitutional,dlt_only,0.71875,0.45196937483581084,0.8645833333333334,0.3439642474280894,20.289855072463773,96,96,0.02119048188130061,0.016238452073462833,robust_reg,96,3,4042,0.5,0.5,calibrated
Infection,dlt_only,0.6979166666666666,0.4615714956689105,0.9166666666666666,0.27783625115549687,31.343283582089555,96,96,0.02119048188130061,0.016238452073462833,robust_reg,96,3,4042,0.5,0.5,calibrated
Gastrointestinal,dlt_only,0.5729166666666666,0.4972512161169891,0.9270833333333334,0.2613645031536837,61.81818181818183,96,96,0.02119048188130061,0.016238452073462833,robust_reg,96,3,4042,0.5,0.5,calibrated
Overall_Survival,dlt_only,10.690597206168823,1.779425762099106,12.037175488670776,1.0165624532943889,12.595912618660199,96,96,0.02119048188130061,0.016238452073462833,robust_reg,96,3,4042,0.5,0.5,calibrated
all_constraints,dlt_only,0.4166666666666667,0.49559462778335206,0.75,0.435285750066007,79.99999999999999,96,96,0.02119048188130061,0.016238452073462833,robust_reg,96,3,4042,0.5,0.5,calibrated
Any_DLT,all_constraints,0.6666666666666666,0.4741373235154427,0.9310344827586207,0.25486446230486964,39.65517241379311,96,87,0.07417775442202885,0.04712278719997018,robust_reg,87,3,4042,0.5,0.5,calibrated
Blood,all_constraints,0.6436781609195402,0.48168820114484845,0.9080459770114943,0.2906361870283388,41.07142857142858,96,87,0.07417775442202885,0.04712278719997018,robust_reg,87,3,4042,0.5,0.5,calibrated
Constitutional,all_constraints,0.7701149425287356,0.4231979421765855,0.9310344827586207,0.25486446230486964,20.89552238805971,96,87,0.07417775442202885,0.04712278719997018,robust_reg,87,3,4042,0.5,0.5,calibrated
Infection,all_constraints,0.7471264367816092,0.43717887363044405,0.9080459770114943,0.2906361870283388,21.538461538461544,96,87,0.07417775442202885,0.04712278719997018,robust_reg,87,3,4042,0.5,0.5,calibrated
Gastrointestinal,all_constraints,0.5977011494252874,0.49320428606142624,0.9425287356321839,0.23409011577637515,57.69230769230767,96,87,0.07417775442202885,0.04712278719997018,robust_reg,87,3,4042,0.5,0.5,calibrated
Overall_Survival,all_constraints,10.814537722273027,1.7586375443021909,11.641365075230409,1.2383308582735697,7.645517304493691,96,87,0.07417775442202885,0.04712278719997018,robust_reg,87,3,4042,0.5,0.5,calibrated
all_constraints,all_constraints,0.4482758620689655,0.5002004409781856,0.8045977011494253,0.3988087045004804,79.48717948717949,96,87,0.07417775442202885,0.04712278719997018,robust_reg,87,3,4042,0.5,0.5,calibrated
Any_DLT,dlt_only,0.625,0.4866642633922876,0.8854166666666666,0.320190458671962,41.666666666666664,96,96,0.03132402151823044,0.012482712334555049,cp,96,3,4042,0.5,0.5,calibrated
Blood,dlt_only,0.6145833333333334,0.48924843902430526,0.8958333333333334,0.3070801941090227,45.762711864406775,96,96,0.03132402151823044,0.012482712334555049,cp,96,3,4042,0.5,0.5,calibrated
Constitutional,dlt_only,0.71875,0.45196937483581084,0.8645833333333334,0.3439642474280894,20.289855072463773,96,96,0.03132402151823044,0.012482712334555049,cp,96,3,4042,0.5,0.5,calibrated
Infection,dlt_only,0.6979166666666666,0.4615714956689105,0.90625,0.2930106877878258,29.85074626865672,96,96,0.03132402151823044,0.012482712334555049,cp,96,3,4042,0.5,0.5,calibrated
Gastrointestinal,dlt_only,0.5729166666666666,0.4972512161169891,0.9166666666666666,0.27783625115549687,60.00000000000001,96,96,0.03132402151823044,0.012482712334555049,cp,96,3,4042,0.5,0.5,calibrated
Overall_Survival,dlt_only,10.690597206168823,1.779425762099106,11.522459965274924,1.2788574486047686,7.781256211075745,96,96,0.03132402151823044,0.012482712334555049,cp,96,3,4042,0.5,0.5,calibrated
all_constraints,dlt_only,0.4166666666666667,0.49559462778335206,0.7604166666666666,0.4290697812628879,82.49999999999999,96,96,0.03132402151823044,0.012482712334555049,cp,96,3,4042,0.5,0.5,calibrated
Any_DLT,all_constraints,0.6666666666666666,0.4741373235154427,0.896551724137931,0.3063089623779221,34.482758620689665,96,87,0.08859045306841533,0.037618396028931696,cp,91,3,4042,0.5,0.5,calibrated
Blood,all_constraints,0.6436781609195402,0.48168820114484845,0.8850574712643678,0.3208015889133735,37.50000000000001,96,87,0.08859045306841533,0.037618396028931696,cp,91,3,4042,0.5,0.5,calibrated
Constitutional,all_constraints,0.7701149425287356,0.4231979421765855,0.9310344827586207,0.25486446230486964,20.89552238805971,96,87,0.08859045306841533,0.037618396028931696,cp,91,3,4042,0.5,0.5,calibrated
Infection,all_constraints,0.7471264367816092,0.43717887363044405,0.9310344827586207,0.25486446230486964,24.615384615384613,96,87,0.08859045306841533,0.037618396028931696,cp,91,3,4042,0.5,0.5,calibrated
Gastrointestinal,all_constraints,0.5977011494252874,0.49320428606142624,0.9540229885057471,0.21064938228269575,59.61538461538459,96,87,0.08859045306841533,0.037618396028931696,cp,91,3,4042,0.5,0.5,calibrated
Overall_Survival,all_constraints,10.814537722273027,1.7586375443021909,11.485830686658758,1.2553923869470192,6.207320013348083,96,87,0.08859045306841533,0.037618396028931696,cp,91,3,4042,0.5,0.5,calibrated
all_constraints,all_constraints,0.4482758620689655,0.5002004409781856,0.8045977011494253,0.3988087045004804,79.48717948717949,96,87,0.08859045306841533,0.037618396028931696,cp,91,3,4042,0.5,0.5,calibrated
Any_DLT,dlt_only,0.6451612903225806,0.4810577405983832,0.978494623655914,0.1458479422322764,51.66666666666667,96,93,0.013782553374767303,0.01393885453994413,nominal,96,4,5042,0.5,0.5,calibrated
Blood,dlt_only,0.6129032258064516,0.4897261449572592,0.9139784946236559,0.28191557395227324,49.12280701754385,96,93,0.013782553374767303,0.01393885453994413,nominal,96,4,5042,0.5,0.5,calibrated
Constitutional,dlt_only,0.7419354838709677,0.4399413450640598,0.8924731182795699,0.31146098895220203,20.289855072463766,96,93,0.013782553374767303,0.01393885453994413,nominal,96,4,5042,0.5,0.5,calibrated
Infection,dlt_only,0.7096774193548387,0.45637144390360274,0.967741935483871,0.1776423436122123,36.36363636363636,96,93,0.013782553374767303,0.01393885453994413,nominal,96,4,5042,0.5,0.5,calibrated
Gastrointestinal,dlt_only,0.5913978494623656,0.4942398453968819,0.989247311827957,0.10369516947304255,67.27272727272727,96,93,0.013782553374767303,0.01393885453994413,nominal,96,4,5042,0.5,0.5,calibrated
Overall_Survival,dlt_only,10.714010224478686,1.802455124358899,10.989981462506348,1.0258001998234723,2.5757977848214137,96,93,0.013782553374767303,0.01393885453994413,nominal,96,4,5042,0.5,0.5,calibrated
all_constraints,dlt_only,0.43010752688172044,0.49777438276631153,0.8064516129032258,0.397220355999282,87.49999999999999,96,93,0.013782553374767303,0.01393885453994413,nominal,96,4,5042,0.5,0.5,calibrated
Any_DLT,all_constraints,0.7160493827160493,0.453722599757676,0.9876543209876543,0.11111111111111112,37.93103448275862,96,81,0.11512497315804164,0.13557366864743697,nominal,89,4,5042,0.5,0.5,calibrated
Blood,all_constraints,0.6790123456790124,0.46976484792466006,0.9012345679012346,0.3002056908023621,32.72727272727273,96,81,0.11512497315804164,0.13557366864743697,nominal,89,4,5042,0.5,0.5,calibrated
Constitutional,all_constraints,0.8024691358024691,0.40061680838488767,0.9506172839506173,0.21801574300387316,18.46153846153846,96,81,0.11512497315804164,0.13557366864743697,nominal,89,4,5042,0.5,0.5,calibrated
Infection,all_constraints,0.7777777777777778,0.41833001326703784,1.0,0.0,28.57142857142857,96,81,0.11512497315804164,0.13557366864743697,nominal,89,4,5042,0.5,0.5,calibrated
Gastrointestinal,all_constraints,0.6419753086419753,0.48240651880205354,0.9876543209876543,0.1111111111111111,53.84615384615385,96,81,0.11512497315804164,0.13557366864743697,nominal,89,4,5042,0.5,0.5,calibrated
Overall_Survival,all_constraints,10.753281073597899,1.904376289517723,10.894204925041729,1.15809631950341,1.310519556582918,96,81,0.11512497315804164,0.13557366864743697,nominal,89,4,5042,0.5,0.5,calibrated
all_constraints,all_constraints,0.48148148148148145,0.5027701042999452,0.8641975308641975,0.34471315683307935,79.48717948717949,96,81,0.11512497315804164,0.13557366864743697,nominal,89,4,5042,0.5,0.5,calibrated
Any_DLT,dlt_only,0.6451612903225806,0.4810577405983832,0.978494623655914,0.1458479422322764,51.66666666666667,96,93,0.014268544812997183,0.016598647395478096,robust_reg,95,4,5042,0.5,0.5,calibrated
Blood,dlt_only,0.6129032258064516,0.4897261449572592,0.9139784946236559,0.28191557395227324,49.12280701754385,96,93,0.014268544812997183,0.016598647395478096,robust_reg,95,4,5042,0.5,0.5,calibrated
Constitutional,dlt_only,0.7419354838709677,0.4399413450640598,0.8924731182795699,0.31146098895220203,20.289855072463766,96,93,0.014268544812997183,0.016598647395478096,robust_reg,95,4,5042,0.5,0.5,calibrated
Infection,dlt_only,0.7096774193548387,0.45637144390360274,0.967741935483871,0.1776423436122123,36.36363636363636,96,93,0.014268544812997183,0.016598647395478096,robust_reg,95,4,5042,0.5,0.5,calibrated
Gastrointestinal,dlt_only,0.5913978494623656,0.4942398453968819,0.978494623655914,0.14584794223227637,65.45454545454545,96,93,0.014268544812997183,0.016598647395478096,robust_reg,95,4,5042,0.5,0.5,calibrated
Overall_Survival,dlt_only,10.714010224478686,1.802455124358899,10.997148683056038,1.0267284962325172,2.6426935633349933,96,93,0.014268544812997183,0.016598647395478096,robust_reg,95,4,5042,0.5,0.5,calibrated
all_constraints,dlt_only,0.43010752688172044,0.49777438276631153,0.8064516129032258,0.397220355999282,87.49999999999999,96,93,0.014268544812997183,0.016598647395478096,robust_reg,95,4,5042,0.5,0.5,calibrated
Any_DLT,all_constraints,0.7160493827160493,0.453722599757676,1.0,0.0,39.65517241379311,96,81,0.08415057510137558,0.10609528990138228,robust_reg,89,4,5042,0.5,0.5,calibrated
Blood,all_constraints,0.6790123456790124,0.46976484792466006,0.9259259259259259,0.26352313834736496,36.36363636363636,96,81,0.08415057510137558,0.10609528990138228,robust_reg,89,4,5042,0.5,0.5,calibrated
Constitutional,all_constraints,0.8024691358024691,0.40061680838488767,0.9629629629629629,0.19002923751652298,19.999999999999993,96,81,0.08415057510137558,0.10609528990138228,robust_reg,89,4,5042,0.5,0.5,calibrated
Infection,all_constraints,0.7777777777777778,0.41833001326703784,1.0,0.0,28.57142857142857,96,81,0.08415057510137558,0.10609528990138228,robust_reg,89,4,5042,0.5,0.5,calibrated
Gastrointestinal,all_constraints,0.6419753086419753,0.48240651880205354,1.0,0.0,55.76923076923078,96,81,0.08415057510137558,0.10609528990138228,robust_reg,89,4,5042,0.5,0.5,calibrated
Overall_Survival,all_constraints,10.753281073597899,1.904376289517723,10.917231385461575,1.2268818988769037,1.5246538311568614,96,81,0.08415057510137558,0.10609528990138228,robust_reg,89,4,5042,0.5,0.5,calibrated
all_constraints,all_constraints,0.48148148148148145,0.5027701042999452,0.8888888888888888,0.31622776601683794,84.61538461538461,96,81,0.08415057510137558,0.10609528990138228,robust_reg,89,4,5042,0.5,0.5,calibrated
Any_DLT,dlt_only,0.6451612903225806,0.4810577405983832,0.978494623655914,0.1458479422322764,51.66666666666667,96,93,0.11363707979520161,0.0721644098093961,cp,94,4,5042,0.5,0.5,calibrated
Blood,dlt_only,0.6129032258064516,0.4897261449572592,1.0,0.0,63.1578947368421,96,93,0.11363707979520161,0.0721644098093961,cp,94,4,5042,0.5,0.5,calibrated
Constitutional,dlt_only,0.7419354838709677,0.4399413450640598,0.9032258064516129,0.2972524958403377,21.739130434782602,96,93,0.11363707979520161,0.0721644098093961,cp,94,4,5042,0.5,0.5,calibrated
Infection,dlt_only,0.7096774193548387,0.45637144390360274,0.978494623655914,0.1458479422322764,37.878787878787875,96,93,0.11363707979520161,0.0721644098093961,cp,94,4,5042,0.5,0.5,calibrated
Gastrointestinal,dlt_only,0.5913978494623656,0.4942398453968819,0.8924731182795699,0.31146098895220203,50.9090909090909,96,93,0.11363707979520161,0.0721644098093961,cp,94,4,5042,0.5,0.5,calibrated
Overall_Survival,dlt_only,10.714010224478686,1.802455124358899,10.53514309791805,0.9843065813117094,-1.6694694406019128,96,93,0.11363707979520161,0.0721644098093961,cp,94,4,5042,0.5,0.5,calibrated
all_constraints,dlt_only,0.43010752688172044,0.49777438276631153,0.8279569892473119,0.3794634631543566,92.50000000000001,96,93,0.11363707979520161,0.0721644098093961,cp,94,4,5042,0.5,0.5,calibrated
Any_DLT,all_constraints,0.7160493827160493,0.453722599757676,1.0,0.0,39.65517241379311,96,81,0.2282756194472313,0.22626428960367662,cp,81,4,5042,0.5,0.5,calibrated
Blood,all_constraints,0.6790123456790124,0.46976484792466006,0.9135802469135802,0.2827335699999882,34.54545454545453,96,81,0.2282756194472313,0.22626428960367662,cp,81,4,5042,0.5,0.5,calibrated
Constitutional,all_constraints,0.8024691358024691,0.40061680838488767,0.9753086419753086,0.15614965913950216,21.538461538461537,96,81,0.2282756194472313,0.22626428960367662,cp,81,4,5042,0.5,0.5,calibrated
Infection,all_constraints,0.7777777777777778,0.41833001326703784,1.0,0.0,28.57142857142857,96,81,0.2282756194472313,0.22626428960367662,cp,81,4,5042,0.5,0.5,calibrated
Gastrointestinal,all_constraints,0.6419753086419753,0.48240651880205354,0.9876543209876543,0.1111111111111111,53.84615384615385,96,81,0.2282756194472313,0.22626428960367662,cp,81,4,5042,0.5,0.5,calibrated
Overall_Survival,all_constraints,10.753281073597899,1.904376289517723,10.87567649604411,1.191358269134193,1.1382146677698501,96,81,0.2282756194472313,0.22626428960367662,cp,81,4,5042,0.5,0.5,calibrated
all_constraints,all_constraints,0.48148148148148145,0.5027701042999452,0.8765432098765432,0.3310104246614718,82.05128205128207,96,81,0.2282756194472313,0.22626428960367662,cp,81,4,5042,0.5,0.5,calibrated
Any_DLT,dlt_only,0.6210526315789474,0.4876986200605437,0.968421052631579,0.1758040240472914,55.932203389830505,96,95,0.008403917153676351,0.0007240038408014596,nominal,96,5,6042,0.5,0.5,calibrated
Blood,dlt_only,0.6105263157894737,0.49021785956044767,1.0,0.0,63.79310344827586,96,95,0.008403917153676351,0.0007240038408014596,nominal,96,5,6042,0.5,0.5,calibrated
Constitutional,dlt_only,0.7157894736842105,0.4534303740855229,0.8842105263157894,0.3216697756533383,23.529411764705877,96,95,0.008403917153676351,0.0007240038408014596,nominal,96,5,6042,0.5,0.5,calibrated
Infection,dlt_only,0.6947368421052632,0.46296188461572396,0.9578947368421052,0.20189472049435528,37.87878787878787,96,95,0.008403917153676351,0.0007240038408014596,nominal,96,5,6042,0.5,0.5,calibrated
Gastrointestinal,dlt_only,0.5684210526315789,0.49792402178140127,0.9368421052631579,0.24453717969020555,64.81481481481482,96,95,0.008403917153676351,0.0007240038408014596,nominal,96,5,6042,0.5,0.5,calibrated
Overall_Survival,dlt_only,10.692743200623422,1.7887408616809621,11.971081293924795,0.9747958276634783,11.955193062401818,96,95,0.008403917153676351,0.0007240038408014596,nominal,96,5,6042,0.5,0.5,calibrated
all_constraints,dlt_only,0.4105263157894737,0.4945390469729999,0.8631578947368421,0.3455038354865923,110.25641025641026,96,95,0.008403917153676351,0.0007240038408014596,nominal,96,5,6042,0.5,0.5,calibrated
Any_DLT,all_constraints,0.6236559139784946,0.4870938329080301,0.967741935483871,0.17764234361221226,55.17241379310346,96,93,0.06309498846530914,0.09066925358807004,nominal,93,5,6042,0.5,0.5,calibrated
Blood,all_constraints,0.6129032258064516,0.48972614495725925,1.0,0.0,63.1578947368421,96,93,0.06309498846530914,0.09066925358807004,nominal,93,5,6042,0.5,0.5,calibrated
Constitutional,all_constraints,0.7096774193548387,0.45637144390360274,0.8709677419354839,0.33705264882291225,22.72727272727272,96,93,0.06309498846530914,0.09066925358807004,nominal,93,5,6042,0.5,0.5,calibrated
Infection,all_constraints,0.6881720430107527,0.46575078761761946,0.956989247311828,0.20398095044388959,39.06249999999999,96,93,0.06309498846530914,0.09066925358807004,nominal,93,5,6042,0.5,0.5,calibrated
Gastrointestinal,all_constraints,0.5806451612903226,0.4961280656277231,0.967741935483871,0.17764234361221223,66.66666666666666,96,93,0.06309498846530914,0.09066925358807004,nominal,93,5,6042,0.5,0.5,calibrated
Overall_Survival,all_constraints,10.721927759895767,1.795407586642199,11.791585705068746,1.17457872252689,9.97635844156609,96,93,0.06309498846530914,0.09066925358807004,nominal,93,5,6042,0.5,0.5,calibrated
all_constraints,all_constraints,0.41935483870967744,0.49612806562772305,0.8494623655913979,0.3595358287503663,102.56410256410255,96,93,0.06309498846530914,0.09066925358807004,nominal,93,5,6042,0.5,0.5,calibrated
Any_DLT,dlt_only,0.6210526315789474,0.4876986200605437,0.968421052631579,0.1758040240472914,55.932203389830505,96,95,0.010003750522931417,0.0022462826809456597,robust_reg,95,5,6042,0.5,0.5,calibrated
Blood,dlt_only,0.6105263157894737,0.49021785956044767,1.0,0.0,63.79310344827586,96,95,0.010003750522931417,0.0022462826809456597,robust_reg,95,5,6042,0.5,0.5,calibrated
Constitutional,dlt_only,0.7157894736842105,0.4534303740855229,0.8842105263157894,0.3216697756533383,23.529411764705877,96,95,0.010003750522931417,0.0022462826809456597,robust_reg,95,5,6042,0.5,0.5,calibrated
Infection,dlt_only,0.6947368421052632,0.46296188461572396,0.9578947368421052,0.20189472049435528,37.87878787878787,96,95,0.010003750522931417,0.0022462826809456597,robust_reg,95,5,6042,0.5,0.5,calibrated
Gastrointestinal,dlt_only,0.5684210526315789,0.49792402178140127,0.9368421052631579,0.24453717969020555,64.81481481481482,96,95,0.010003750522931417,0.0022462826809456597,robust_reg,95,5,6042,0.5,0.5,calibrated
Overall_Survival,dlt_only,10.692743200623422,1.7887408616809621,11.958961857987518,0.9763411448778392,11.841850436380733,96,95,0.010003750522931417,0.0022462826809456597,robust_reg,95,5,6042,0.5,0.5,calibrated
all_constraints,dlt_only,0.4105263157894737,0.4945390469729999,0.8631578947368421,0.3455038354865923,110.25641025641026,96,95,0.010003750522931417,0.0022462826809456597,robust_reg,95,5,6042,0.5,0.5,calibrated
Any_DLT,all_constraints,0.6236559139784946,0.4870938329080301,0.967741935483871,0.17764234361221226,55.17241379310346,96,93,0.050248230497042336,0.06492792463924832,robust_reg,93,5,6042,0.5,0.5,calibrated
Blood,all_constraints,0.6129032258064516,0.48972614495725925,0.978494623655914,0.1458479422322764,59.64912280701755,96,93,0.050248230497042336,0.06492792463924832,robust_reg,93,5,6042,0.5,0.5,calibrated
Constitutional,all_constraints,0.7096774193548387,0.45637144390360274,0.8817204301075269,0.32468922819237606,24.242424242424235,96,93,0.050248230497042336,0.06492792463924832,robust_reg,93,5,6042,0.5,0.5,calibrated
Infection,all_constraints,0.6881720430107527,0.46575078761761946,0.967741935483871,0.1776423436122123,40.62499999999999,96,93,0.050248230497042336,0.06492792463924832,robust_reg,93,5,6042,0.5,0.5,calibrated
Gastrointestinal,all_constraints,0.5806451612903226,0.4961280656277231,0.9354838709677419,0.24700165520054565,61.11111111111109,96,93,0.050248230497042336,0.06492792463924832,robust_reg,93,5,6042,0.5,0.5,calibrated
Overall_Survival,all_constraints,10.721927759895767,1.795407586642199,11.828114381418253,1.1300015773654706,10.317049753497312,96,93,0.050248230497042336,0.06492792463924832,robust_reg,93,5,6042,0.5,0.5,calibrated
all_constraints,all_constraints,0.41935483870967744,0.49612806562772305,0.8602150537634409,0.34864326633713344,105.12820512820512,96,93,0.050248230497042336,0.06492792463924832,robust_reg,93,5,6042,0.5,0.5,calibrated
Any_DLT,dlt_only,0.6210526315789474,0.4876986200605437,0.968421052631579,0.1758040240472914,55.932203389830505,96,95,0.015221041937669119,0.001968464561759112,cp,96,5,6042,0.5,0.5,calibrated
Blood,dlt_only,0.6105263157894737,0.49021785956044767,1.0,0.0,63.79310344827586,96,95,0.015221041937669119,0.001968464561759112,cp,96,5,6042,0.5,0.5,calibrated
Constitutional,dlt_only,0.7157894736842105,0.4534303740855229,0.8736842105263158,0.333967295607331,22.05882352941177,96,95,0.015221041937669119,0.001968464561759112,cp,96,5,6042,0.5,0.5,calibrated
Infection,dlt_only,0.6947368421052632,0.46296188461572396,0.9578947368421052,0.20189472049435528,37.87878787878787,96,95,0.015221041937669119,0.001968464561759112,cp,96,5,6042,0.5,0.5,calibrated
Gastrointestinal,dlt_only,0.5684210526315789,0.49792402178140127,0.9368421052631579,0.24453717969020555,64.81481481481482,96,95,0.015221041937669119,0.001968464561759112,cp,96,5,6042,0.5,0.5,calibrated
Overall_Survival,dlt_only,10.692743200623422,1.7887408616809621,11.971349442790968,0.9726175217968875,11.957700827351765,96,95,0.015221041937669119,0.001968464561759112,cp,96,5,6042,0.5,0.5,calibrated
all_constraints,dlt_only,0.4105263157894737,0.4945390469729999,0.8526315789473684,0.35635331059341196,107.6923076923077,96,95,0.015221041937669119,0.001968464561759112,cp,96,5,6042,0.5,0.5,calibrated
Any_DLT,all_constraints,0.6236559139784946,0.4870938329080301,0.967741935483871,0.17764234361221226,55.17241379310346,96,93,0.05997526397307714,0.04875575298203655,cp,93,5,6042,0.5,0.5,calibrated
Blood,all_constraints,0.6129032258064516,0.48972614495725925,1.0,0.0,63.1578947368421,96,93,0.05997526397307714,0.04875575298203655,cp,93,5,6042,0.5,0.5,calibrated
Constitutional,all_constraints,0.7096774193548387,0.45637144390360274,0.8817204301075269,0.32468922819237606,24.242424242424235,96,93,0.05997526397307714,0.04875575298203655,cp,93,5,6042,0.5,0.5,calibrated
Infection,all_constraints,0.6881720430107527,0.46575078761761946,0.956989247311828,0.20398095044388959,39.06249999999999,96,93,0.05997526397307714,0.04875575298203655,cp,93,5,6042,0.5,0.5,calibrated
Gastrointestinal,all_constraints,0.5806451612903226,0.4961280656277231,0.967741935483871,0.17764234361221223,66.66666666666666,96,93,0.05997526397307714,0.04875575298203655,cp,93,5,6042,0.5,0.5,calibrated
Overall_Survival,all_constraints,10.721927759895767,1.795407586642199,11.798010744304468,1.1808171653186448,10.03628273297714,96,93,0.05997526397307714,0.04875575298203655,cp,93,5,6042,0.5,0.5,calibrated
all_constraints,all_constraints,0.41935483870967744,0.49612806562772305,0.8602150537634409,0.34864326633713344,105.12820512820512,96,93,0.05997526397307714,0.04875575298203655,cp,93,5,6042,0.5,0.5,calibrated
Any_DLT,dlt_only,0.6444444444444445,0.48136302521843194,0.6888888888888889,0.4655417152513843,6.896551724137923,96,90,0.017674528062343597,0.015434714037386,nominal,95,6,7042,0.5,0.5,calibrated
Blood,dlt_only,0.6222222222222222,0.48754781448667844,0.6888888888888889,0.4655417152513843,10.714285714285712,96,90,0.017674528062343597,0.015434714037386,nominal,95,6,7042,0.5,0.5,calibrated
Constitutional,dlt_only,0.7444444444444445,0.4386165972131145,0.8444444444444444,0.3644639317587663,13.43283582089552,96,90,0.017674528062343597,0.015434714037386,nominal,95,6,7042,0.5,0.5,calibrated
Infection,dlt_only,0.7,0.460824858880028,0.6555555555555556,0.4778489044986781,-6.349206349206343,96,90,0.017674528062343597,0.015434714037386,nominal,95,6,7042,0.5,0.5,calibrated
Gastrointestinal,dlt_only,0.6111111111111112,0.4902291242441421,0.9888888888888889,0.10540925533894599,61.81818181818181,96,90,0.017674528062343597,0.015434714037386,nominal,95,6,7042,0.5,0.5,calibrated
Overall_Survival,dlt_only,10.721240557333259,1.8189431053864415,11.051347416026932,1.2039378859343228,3.0789987122141604,96,90,0.017674528062343597,0.015434714037386,nominal,95,6,7042,0.5,0.5,calibrated
all_constraints,dlt_only,0.4444444444444444,0.49968779266390767,0.5888888888888889,0.4947918514685245,32.50000000000001,96,90,0.017674528062343597,0.015434714037386,nominal,95,6,7042,0.5,0.5,calibrated
Any_DLT,all_constraints,0.7037037037037037,0.4594682917363407,0.9506172839506173,0.21801574300387316,35.08771929824561,96,81,0.07371751964092255,0.04867329643557018,nominal,85,6,7042,0.5,0.5,calibrated
Blood,all_constraints,0.6790123456790124,0.46976484792466006,0.8765432098765432,0.3310104246614718,29.09090909090909,96,81,0.07371751964092255,0.04867329643557018,nominal,85,6,7042,0.5,0.5,calibrated
Constitutional,all_constraints,0.8024691358024691,0.40061680838488767,0.9506172839506173,0.21801574300387316,18.46153846153846,96,81,0.07371751964092255,0.04867329643557018,nominal,85,6,7042,0.5,0.5,calibrated
Infection,all_constraints,0.7777777777777778,0.41833001326703784,0.9259259259259259,0.26352313834736496,19.047619047619044,96,81,0.07371751964092255,0.04867329643557018,nominal,85,6,7042,0.5,0.5,calibrated
Gastrointestinal,all_constraints,0.6419753086419753,0.48240651880205354,1.0,0.0,55.76923076923078,96,81,0.07371751964092255,0.04867329643557018,nominal,85,6,7042,0.5,0.5,calibrated
Overall_Survival,all_constraints,10.884003131069422,1.7901860896769206,10.644224828521335,1.1228538896539721,-2.203034119529214,96,81,0.07371751964092255,0.04867329643557018,nominal,85,6,7042,0.5,0.5,calibrated
all_constraints,all_constraints,0.48148148148148145,0.5027701042999452,0.8641975308641975,0.34471315683307935,79.48717948717949,96,81,0.07371751964092255,0.04867329643557018,nominal,85,6,7042,0.5,0.5,calibrated
Any_DLT,dlt_only,0.6444444444444445,0.48136302521843194,0.6666666666666666,0.4740454631399772,3.448275862068953,96,90,0.022958241403102875,0.02319451422427658,robust_reg,96,6,7042,0.5,0.5,calibrated
Blood,dlt_only,0.6222222222222222,0.48754781448667844,0.6444444444444445,0.48136302521843194,3.5714285714285765,96,90,0.022958241403102875,0.02319451422427658,robust_reg,96,6,7042,0.5,0.5,calibrated
Constitutional,dlt_only,0.7444444444444445,0.4386165972131145,0.8666666666666667,0.3418390448504524,16.417910447761194,96,90,0.022958241403102875,0.02319451422427658,robust_reg,96,6,7042,0.5,0.5,calibrated
Infection,dlt_only,0.7,0.460824858880028,0.5777777777777777,0.4966806171531966,-17.460317460317462,96,90,0.022958241403102875,0.02319451422427658,robust_reg,96,6,7042,0.5,0.5,calibrated
Gastrointestinal,dlt_only,0.6111111111111112,0.4902291242441421,0.7555555555555555,0.4321649474711266,23.636363636363622,96,90,0.022958241403102875,0.02319451422427658,robust_reg,96,6,7042,0.5,0.5,calibrated
Overall_Survival,dlt_only,10.721240557333259,1.8189431053864415,11.657066382319046,1.3759791500899639,8.728708398821336,96,90,0.022958241403102875,0.02319451422427658,robust_reg,96,6,7042,0.5,0.5,calibrated
all_constraints,dlt_only,0.4444444444444444,0.49968779266390767,0.34444444444444444,0.4778489044986781,-22.499999999999996,96,90,0.022958241403102875,0.02319451422427658,robust_reg,96,6,7042,0.5,0.5,calibrated
Any_DLT,all_constraints,0.7037037037037037,0.4594682917363407,0.9012345679012346,0.3002056908023621,28.07017543859649,96,81,0.07555098583300908,0.03433913086909095,robust_reg,84,6,7042,0.5,0.5,calibrated
Blood,all_constraints,0.6790123456790124,0.46976484792466006,0.7901234567901234,0.4097575314352394,16.363636363636356,96,81,0.07555098583300908,0.03433913086909095,robust_reg,84,6,7042,0.5,0.5,calibrated
Constitutional,all_constraints,0.8024691358024691,0.40061680838488767,0.9753086419753086,0.15614965913950216,21.538461538461537,96,81,0.07555098583300908,0.03433913086909095,robust_reg,84,6,7042,0.5,0.5,calibrated
Infection,all_constraints,0.7777777777777778,0.41833001326703784,0.9012345679012346,0.3002056908023621,15.873015873015872,96,81,0.07555098583300908,0.03433913086909095,robust_reg,84,6,7042,0.5,0.5,calibrated
Gastrointestinal,all_constraints,0.6419753086419753,0.48240651880205354,0.9382716049382716,0.2421610524189263,46.15384615384615,96,81,0.07555098583300908,0.03433913086909095,robust_reg,84,6,7042,0.5,0.5,calibrated
Overall_Survival,all_constraints,10.884003131069422,1.7901860896769206,10.691958966433702,0.9101739449030198,-1.764462600047505,96,81,0.07555098583300908,0.03433913086909095,robust_reg,84,6,7042,0.5,0.5,calibrated
all_constraints,all_constraints,0.48148148148148145,0.5027701042999452,0.691358024691358,0.4648111258522642,43.589743589743584,96,81,0.07555098583300908,0.03433913086909095,robust_reg,84,6,7042,0.5,0.5,calibrated
Any_DLT,dlt_only,0.6444444444444445,0.48136302521843194,0.8444444444444444,0.36446393175876635,31.034482758620683,96,90,0.0813989316423734,0.07415921761577464,cp,90,6,7042,0.5,0.5,calibrated
Blood,dlt_only,0.6222222222222222,0.48754781448667844,0.7555555555555555,0.4321649474711266,21.428571428571423,96,90,0.0813989316423734,0.07415921761577464,cp,90,6,7042,0.5,0.5,calibrated
Constitutional,dlt_only,0.7444444444444445,0.4386165972131145,0.8,0.4022409138923946,7.462686567164182,96,90,0.0813989316423734,0.07415921761577464,cp,90,6,7042,0.5,0.5,calibrated
Infection,dlt_only,0.7,0.460824858880028,0.9222222222222223,0.26932198589215456,31.74603174603176,96,90,0.0813989316423734,0.07415921761577464,cp,90,6,7042,0.5,0.5,calibrated
Gastrointestinal,dlt_only,0.6111111111111112,0.4902291242441421,0.8777777777777778,0.3293772734489573,43.636363636363626,96,90,0.0813989316423734,0.07415921761577464,cp,90,6,7042,0.5,0.5,calibrated
Overall_Survival,dlt_only,10.721240557333259,1.8189431053864415,10.843116847313258,1.2044713114224452,1.1367741384800554,96,90,0.0813989316423734,0.07415921761577464,cp,90,6,7042,0.5,0.5,calibrated
all_constraints,dlt_only,0.4444444444444444,0.49968779266390767,0.5666666666666667,0.4983117565757134,27.500000000000004,96,90,0.0813989316423734,0.07415921761577464,cp,90,6,7042,0.5,0.5,calibrated
Any_DLT,all_constraints,0.7037037037037037,0.4594682917363407,0.9506172839506173,0.21801574300387316,35.08771929824561,96,81,0.07645829766988754,0.02845526205910771,cp,85,6,7042,0.5,0.5,calibrated
Blood,all_constraints,0.6790123456790124,0.46976484792466006,0.8765432098765432,0.3310104246614718,29.09090909090909,96,81,0.07645829766988754,0.02845526205910771,cp,85,6,7042,0.5,0.5,calibrated
Constitutional,all_constraints,0.8024691358024691,0.40061680838488767,0.9506172839506173,0.21801574300387316,18.46153846153846,96,81,0.07645829766988754,0.02845526205910771,cp,85,6,7042,0.5,0.5,calibrated
Infection,all_constraints,0.7777777777777778,0.41833001326703784,0.9259259259259259,0.26352313834736496,19.047619047619044,96,81,0.07645829766988754,0.02845526205910771,cp,85,6,7042,0.5,0.5,calibrated
Gastrointestinal,all_constraints,0.6419753086419753,0.48240651880205354,1.0,0.0,55.76923076923078,96,81,0.07645829766988754,0.02845526205910771,cp,85,6,7042,0.5,0.5,calibrated
Overall_Survival,all_constraints,10.884003131069422,1.7901860896769206,10.644224828521335,1.1228538896539721,-2.203034119529214,96,81,0.07645829766988754,0.02845526205910771,cp,85,6,7042,0.5,0.5,calibrated
all_constraints,all_constraints,0.48148148148148145,0.5027701042999452,0.8641975308641975,0.34471315683307935,79.48717948717949,96,81,0.07645829766988754,0.02845526205910771,cp,85,6,7042,0.5,0.5,calibrated
Any_DLT,dlt_only,0.625,0.4866642633922876,0.96875,0.17490598978639324,55.0,96,96,0.010938741266727448,0.0018545615403055809,nominal,96,7,8042,0.5,0.5,calibrated
Blood,dlt_only,0.6145833333333334,0.48924843902430526,1.0,0.0,62.711864406779654,96,96,0.010938741266727448,0.0018545615403055809,nominal,96,7,8042,0.5,0.5,calibrated
Constitutional,dlt_only,0.71875,0.45196937483581084,0.875,0.33245498310218435,21.73913043478261,96,96,0.010938741266727448,0.0018545615403055809,nominal,96,7,8042,0.5,0.5,calibrated
Infection,dlt_only,0.6979166666666666,0.4615714956689105,0.9375,0.2433321316961438,34.32835820895523,96,96,0.010938741266727448,0.0018545615403055809,nominal,96,7,8042,0.5,0.5,calibrated
Gastrointestinal,dlt_only,0.5729166666666666,0.4972512161169891,0.9270833333333334,0.2613645031536837,61.81818181818183,96,96,0.010938741266727448,0.0018545615403055809,nominal,96,7,8042,0.5,0.5,calibrated
Overall_Survival,dlt_only,10.690597206168823,1.779425762099106,11.981539812744126,0.9693301657904027,12.075495705987192,96,96,0.010938741266727448,0.0018545615403055809,nominal,96,7,8042,0.5,0.5,calibrated
all_constraints,dlt_only,0.4166666666666667,0.49559462778335206,0.8541666666666666,0.3547917600261542,104.99999999999997,96,96,0.010938741266727448,0.0018545615403055809,nominal,96,7,8042,0.5,0.5,calibrated
Any_DLT,all_constraints,0.6588235294117647,0.47691821142849733,1.0,0.0,51.785714285714285,96,85,0.05587915579477946,0.03967273514546396,nominal,88,7,8042,0.5,0.5,calibrated
Blood,all_constraints,0.6235294117647059,0.4873756395282824,0.9882352941176471,0.1084652289093281,58.49056603773586,96,85,0.05587915579477946,0.03967273514546396,nominal,88,7,8042,0.5,0.5,calibrated
Constitutional,all_constraints,0.7764705882352941,0.4190826315905258,0.9529411764705882,0.21302148074901792,22.72727272727272,96,85,0.05587915579477946,0.03967273514546396,nominal,88,7,8042,0.5,0.5,calibrated
Infection,all_constraints,0.7294117647058823,0.4469003109812994,0.9882352941176471,0.10846522890932811,35.48387096774195,96,85,0.05587915579477946,0.03967273514546396,nominal,88,7,8042,0.5,0.5,calibrated
Gastrointestinal,all_constraints,0.6235294117647059,0.4873756395282824,0.9647058823529412,0.18561729852738681,54.71698113207547,96,85,0.05587915579477946,0.03967273514546396,nominal,88,7,8042,0.5,0.5,calibrated
Overall_Survival,all_constraints,10.7864506064009,1.8241447352526683,11.594375886090202,1.4552019327800487,7.490186616252269,96,85,0.05587915579477946,0.03967273514546396,nominal,88,7,8042,0.5,0.5,calibrated
all_constraints,all_constraints,0.4588235294117647,0.5012589193238167,0.9176470588235294,0.27653315937748607,100.0,96,85,0.05587915579477946,0.03967273514546396,nominal,88,7,8042,0.5,0.5,calibrated
Any_DLT,dlt_only,0.625,0.4866642633922876,0.96875,0.17490598978639324,55.0,96,96,0.01190929114818573,0.0009208024908322262,robust_reg,96,7,8042,0.5,0.5,calibrated
Blood,dlt_only,0.6145833333333334,0.48924843902430526,1.0,0.0,62.711864406779654,96,96,0.01190929114818573,0.0009208024908322262,robust_reg,96,7,8042,0.5,0.5,calibrated
Constitutional,dlt_only,0.71875,0.45196937483581084,0.875,0.33245498310218435,21.73913043478261,96,96,0.01190929114818573,0.0009208024908322262,robust_reg,96,7,8042,0.5,0.5,calibrated
Infection,dlt_only,0.6979166666666666,0.4615714956689105,0.9479166666666666,0.22336148028967082,35.820895522388064,96,96,0.01190929114818573,0.0009208024908322262,robust_reg,96,7,8042,0.5,0.5,calibrated
Gastrointestinal,dlt_only,0.5729166666666666,0.4972512161169891,0.9270833333333334,0.2613645031536837,61.81818181818183,96,96,0.01190929114818573,0.0009208024908322262,robust_reg,96,7,8042,0.5,0.5,calibrated
Overall_Survival,dlt_only,10.690597206168823,1.779425762099106,11.992224108393252,0.9740353829262507,12.175436761131996,96,96,0.01190929114818573,0.0009208024908322262,robust_reg,96,7,8042,0.5,0.5,calibrated
all_constraints,dlt_only,0.4166666666666667,0.49559462778335206,0.8541666666666666,0.3547917600261542,104.99999999999997,96,96,0.01190929114818573,0.0009208024908322262,robust_reg,96,7,8042,0.5,0.5,calibrated
Any_DLT,all_constraints,0.6588235294117647,0.47691821142849733,1.0,0.0,51.785714285714285,96,85,0.05578461786111196,0.03206609920354122,robust_reg,88,7,8042,0.5,0.5,calibrated
Blood,all_constraints,0.6235294117647059,0.4873756395282824,0.9882352941176471,0.1084652289093281,58.49056603773586,96,85,0.05578461786111196,0.03206609920354122,robust_reg,88,7,8042,0.5,0.5,calibrated
Constitutional,all_constraints,0.7764705882352941,0.4190826315905258,0.9411764705882353,0.23669053416557545,21.21212121212121,96,85,0.05578461786111196,0.03206609920354122,robust_reg,88,7,8042,0.5,0.5,calibrated
Infection,all_constraints,0.7294117647058823,0.4469003109812994,0.9882352941176471,0.10846522890932811,35.48387096774195,96,85,0.05578461786111196,0.03206609920354122,robust_reg,88,7,8042,0.5,0.5,calibrated
Gastrointestinal,all_constraints,0.6235294117647059,0.4873756395282824,0.9647058823529412,0.18561729852738681,54.71698113207547,96,85,0.05578461786111196,0.03206609920354122,robust_reg,88,7,8042,0.5,0.5,calibrated
Overall_Survival,all_constraints,10.7864506064009,1.8241447352526683,11.636948256660357,1.4088100934241452,7.884870392441745,96,85,0.05578461786111196,0.03206609920354122,robust_reg,88,7,8042,0.5,0.5,calibrated
all_constraints,all_constraints,0.4588235294117647,0.5012589193238167,0.9058823529411765,0.29372522840900395,97.43589743589745,96,85,0.05578461786111196,0.03206609920354122,robust_reg,88,7,8042,0.5,0.5,calibrated
Any_DLT,dlt_only,0.625,0.4866642633922876,0.96875,0.17490598978639324,55.0,96,96,0.013287884493668875,0.00330999070176058,cp,96,7,8042,0.5,0.5,calibrated
Blood,dlt_only,0.6145833333333334,0.48924843902430526,1.0,0.0,62.711864406779654,96,96,0.013287884493668875,0.00330999070176058,cp,96,7,8042,0.5,0.5,calibrated
Constitutional,dlt_only,0.71875,0.45196937483581084,0.875,0.33245498310218435,21.73913043478261,96,96,0.013287884493668875,0.00330999070176058,cp,96,7,8042,0.5,0.5,calibrated
Infection,dlt_only,0.6979166666666666,0.4615714956689105,0.9375,0.2433321316961438,34.32835820895523,96,96,0.013287884493668875,0.00330999070176058,cp,96,7,8042,0.5,0.5,calibrated
Gastrointestinal,dlt_only,0.5729166666666666,0.4972512161169891,0.9270833333333334,0.2613645031536837,61.81818181818183,96,96,0.013287884493668875,0.00330999070176058,cp,96,7,8042,0.5,0.5,calibrated
Overall_Survival,dlt_only,10.690597206168823,1.779425762099106,11.98153594522819,0.9693269903231484,12.075459529187514,96,96,0.013287884493668875,0.00330999070176058,cp,96,7,8042,0.5,0.5,calibrated
all_constraints,dlt_only,0.4166666666666667,0.49559462778335206,0.8541666666666666,0.3547917600261542,104.99999999999997,96,96,0.013287884493668875,0.00330999070176058,cp,96,7,8042,0.5,0.5,calibrated
Any_DLT,all_constraints,0.6588235294117647,0.47691821142849733,1.0,0.0,51.785714285714285,96,85,0.06537676850954692,0.044000042932989515,cp,88,7,8042,0.5,0.5,calibrated
Blood,all_constraints,0.6235294117647059,0.4873756395282824,0.9882352941176471,0.1084652289093281,58.49056603773586,96,85,0.06537676850954692,0.044000042932989515,cp,88,7,8042,0.5,0.5,calibrated
Constitutional,all_constraints,0.7764705882352941,0.4190826315905258,0.9529411764705882,0.21302148074901792,22.72727272727272,96,85,0.06537676850954692,0.044000042932989515,cp,88,7,8042,0.5,0.5,calibrated
Infection,all_constraints,0.7294117647058823,0.4469003109812994,0.9882352941176471,0.10846522890932811,35.48387096774195,96,85,0.06537676850954692,0.044000042932989515,cp,88,7,8042,0.5,0.5,calibrated
Gastrointestinal,all_constraints,0.6235294117647059,0.4873756395282824,0.9647058823529412,0.18561729852738681,54.71698113207547,96,85,0.06537676850954692,0.044000042932989515,cp,88,7,8042,0.5,0.5,calibrated
Overall_Survival,all_constraints,10.7864506064009,1.8241447352526683,11.59437360165821,1.4552010503523345,7.490165437533945,96,85,0.06537676850954692,0.044000042932989515,cp,88,7,8042,0.5,0.5,calibrated
all_constraints,all_constraints,0.4588235294117647,0.5012589193238167,0.9176470588235294,0.27653315937748607,100.0,96,85,0.06537676850954692,0.044000042932989515,cp,88,7,8042,0.5,0.5,calibrated
Any_DLT,dlt_only,0.6236559139784946,0.48709383290803004,0.956989247311828,0.20398095044388956,53.44827586206897,96,93,0.010733348627885183,0.006676285182759409,nominal,94,8,9042,0.5,0.5,calibrated
Blood,dlt_only,0.6129032258064516,0.48972614495725925,1.0,0.0,63.1578947368421,96,93,0.010733348627885183,0.006676285182759409,nominal,94,8,9042,0.5,0.5,calibrated
Constitutional,dlt_only,0.7096774193548387,0.4563714439036028,0.8817204301075269,0.32468922819237606,24.242424242424235,96,93,0.010733348627885183,0.006676285182759409,nominal,94,8,9042,0.5,0.5,calibrated
Infection,dlt_only,0.6989247311827957,0.461211689502656,0.967741935483871,0.1776423436122123,38.46153846153845,96,93,0.010733348627885183,0.006676285182759409,nominal,94,8,9042,0.5,0.5,calibrated
Gastrointestinal,dlt_only,0.5698924731182796,0.49777438276631164,0.9247311827956989,0.2652545594323927,62.26415094339621,96,93,0.010733348627885183,0.006676285182759409,nominal,94,8,9042,0.5,0.5,calibrated
Overall_Survival,dlt_only,10.736144907737671,1.7593593070254756,11.877101527512636,1.062451937714599,10.627246833755601,96,93,0.010733348627885183,0.006676285182759409,nominal,94,8,9042,0.5,0.5,calibrated
all_constraints,dlt_only,0.41935483870967744,0.49612806562772305,0.8602150537634409,0.34864326633713344,105.12820512820512,96,93,0.010733348627885183,0.006676285182759409,nominal,94,8,9042,0.5,0.5,calibrated
Any_DLT,all_constraints,0.7272727272727273,0.4482822077654243,1.0,0.0,37.49999999999999,96,77,0.0436968927582105,0.03070358765376226,nominal,82,8,9042,0.5,0.5,calibrated
Blood,all_constraints,0.6753246753246753,0.4713239594778242,0.987012987012987,0.11396057645963796,46.15384615384615,96,77,0.0436968927582105,0.03070358765376226,nominal,82,8,9042,0.5,0.5,calibrated
Constitutional,all_constraints,0.8311688311688312,0.3770591675822593,1.0,0.0,20.31249999999999,96,77,0.0436968927582105,0.03070358765376226,nominal,82,8,9042,0.5,0.5,calibrated
Infection,all_constraints,0.7922077922077922,0.40838779099431877,0.987012987012987,0.11396057645963796,24.590163934426222,96,77,0.0436968927582105,0.03070358765376226,nominal,82,8,9042,0.5,0.5,calibrated
Gastrointestinal,all_constraints,0.6493506493506493,0.48030236546295463,1.0,0.0,54.0,96,77,0.0436968927582105,0.03070358765376226,nominal,82,8,9042,0.5,0.5,calibrated
Overall_Survival,all_constraints,10.892835788479086,1.7929971560967783,11.838357234647633,1.1754038810613294,8.680213899566786,96,77,0.0436968927582105,0.03070358765376226,nominal,82,8,9042,0.5,0.5,calibrated
all_constraints,all_constraints,0.4935064935064935,0.5032362797401965,0.987012987012987,0.11396057645963796,100.0,96,77,0.0436968927582105,0.03070358765376226,nominal,82,8,9042,0.5,0.5,calibrated
Any_DLT,dlt_only,0.6236559139784946,0.48709383290803004,0.956989247311828,0.20398095044388956,53.44827586206897,96,93,0.01127696285645167,0.006471868568858401,robust_reg,95,8,9042,0.5,0.5,calibrated
Blood,dlt_only,0.6129032258064516,0.48972614495725925,1.0,0.0,63.1578947368421,96,93,0.01127696285645167,0.006471868568858401,robust_reg,95,8,9042,0.5,0.5,calibrated
Constitutional,dlt_only,0.7096774193548387,0.4563714439036028,0.8817204301075269,0.32468922819237606,24.242424242424235,96,93,0.01127696285645167,0.006471868568858401,robust_reg,95,8,9042,0.5,0.5,calibrated
Infection,dlt_only,0.6989247311827957,0.461211689502656,0.956989247311828,0.20398095044388959,36.92307692307692,96,93,0.01127696285645167,0.006471868568858401,robust_reg,95,8,9042,0.5,0.5,calibrated
Gastrointestinal,dlt_only,0.5698924731182796,0.49777438276631164,0.9354838709677419,0.24700165520054565,64.1509433962264,96,93,0.01127696285645167,0.006471868568858401,robust_reg,95,8,9042,0.5,0.5,calibrated
Overall_Survival,dlt_only,10.736144907737671,1.7593593070254756,11.90873530520525,1.0410833875810348,10.92189428835371,96,93,0.01127696285645167,0.006471868568858401,robust_reg,95,8,9042,0.5,0.5,calibrated
all_constraints,dlt_only,0.41935483870967744,0.49612806562772305,0.8602150537634409,0.34864326633713344,105.12820512820512,96,93,0.01127696285645167,0.006471868568858401,robust_reg,95,8,9042,0.5,0.5,calibrated
Any_DLT,all_constraints,0.7272727272727273,0.4482822077654243,0.987012987012987,0.11396057645963796,35.71428571428571,96,77,0.05022748311360677,0.028504360381704643,robust_reg,80,8,9042,0.5,0.5,calibrated
Blood,all_constraints,0.6753246753246753,0.4713239594778242,0.974025974025974,0.16010078848765158,44.230769230769226,96,77,0.05022748311360677,0.028504360381704643,robust_reg,80,8,9042,0.5,0.5,calibrated
Constitutional,all_constraints,0.8311688311688312,0.3770591675822593,1.0,0.0,20.31249999999999,96,77,0.05022748311360677,0.028504360381704643,robust_reg,80,8,9042,0.5,0.5,calibrated
Infection,all_constraints,0.7922077922077922,0.40838779099431877,0.987012987012987,0.11396057645963796,24.590163934426222,96,77,0.05022748311360677,0.028504360381704643,robust_reg,80,8,9042,0.5,0.5,calibrated
Gastrointestinal,all_constraints,0.6493506493506493,0.48030236546295463,0.987012987012987,0.11396057645963795,52.0,96,77,0.05022748311360677,0.028504360381704643,robust_reg,80,8,9042,0.5,0.5,calibrated
Overall_Survival,all_constraints,10.892835788479086,1.7929971560967783,11.762579025751842,1.3210648349698133,7.984543732795902,96,77,0.05022748311360677,0.028504360381704643,robust_reg,80,8,9042,0.5,0.5,calibrated
all_constraints,all_constraints,0.4935064935064935,0.5032362797401965,0.961038961038961,0.1947710154567775,94.73684210526315,96,77,0.05022748311360677,0.028504360381704643,robust_reg,80,8,9042,0.5,0.5,calibrated
Any_DLT,dlt_only,0.6236559139784946,0.48709383290803004,0.956989247311828,0.20398095044388956,53.44827586206897,96,93,0.018800581494967144,0.009600903075163248,cp,93,8,9042,0.5,0.5,calibrated
Blood,dlt_only,0.6129032258064516,0.48972614495725925,1.0,0.0,63.1578947368421,96,93,0.018800581494967144,0.009600903075163248,cp,93,8,9042,0.5,0.5,calibrated
Constitutional,dlt_only,0.7096774193548387,0.4563714439036028,0.8817204301075269,0.32468922819237606,24.242424242424235,96,93,0.018800581494967144,0.009600903075163248,cp,93,8,9042,0.5,0.5,calibrated
Infection,dlt_only,0.6989247311827957,0.461211689502656,0.956989247311828,0.20398095044388959,36.92307692307692,96,93,0.018800581494967144,0.009600903075163248,cp,93,8,9042,0.5,0.5,calibrated
Gastrointestinal,dlt_only,0.5698924731182796,0.49777438276631164,0.9247311827956989,0.2652545594323927,62.26415094339621,96,93,0.018800581494967144,0.009600903075163248,cp,93,8,9042,0.5,0.5,calibrated
Overall_Survival,dlt_only,10.736144907737671,1.7593593070254756,11.886879554406946,1.0507109772392864,10.718322606096029,96,93,0.018800581494967144,0.009600903075163248,cp,93,8,9042,0.5,0.5,calibrated
all_constraints,dlt_only,0.41935483870967744,0.49612806562772305,0.8602150537634409,0.34864326633713344,105.12820512820512,96,93,0.018800581494967144,0.009600903075163248,cp,93,8,9042,0.5,0.5,calibrated
Any_DLT,all_constraints,0.7272727272727273,0.4482822077654243,0.961038961038961,0.1947710154567775,32.14285714285714,96,77,0.09130158027013142,0.032247127475442956,cp,81,8,9042,0.5,0.5,calibrated
Blood,all_constraints,0.6753246753246753,0.4713239594778242,0.948051948051948,0.22337741817404583,40.38461538461538,96,77,0.09130158027013142,0.032247127475442956,cp,81,8,9042,0.5,0.5,calibrated
Constitutional,all_constraints,0.8311688311688312,0.3770591675822593,0.987012987012987,0.11396057645963796,18.749999999999993,96,77,0.09130158027013142,0.032247127475442956,cp,81,8,9042,0.5,0.5,calibrated
Infection,all_constraints,0.7922077922077922,0.40838779099431877,0.987012987012987,0.11396057645963795,24.590163934426222,96,77,0.09130158027013142,0.032247127475442956,cp,81,8,9042,0.5,0.5,calibrated
Gastrointestinal,all_constraints,0.6493506493506493,0.48030236546295463,0.9090909090909091,0.2893649208460969,39.99999999999999,96,77,0.09130158027013142,0.032247127475442956,cp,81,8,9042,0.5,0.5,calibrated
Overall_Survival,all_constraints,10.892835788479086,1.7929971560967783,10.668558470061956,0.9923382829664549,-2.058943352972776,96,77,0.09130158027013142,0.032247127475442956,cp,81,8,9042,0.5,0.5,calibrated
all_constraints,all_constraints,0.4935064935064935,0.5032362797401965,0.9090909090909091,0.2893649208460969,84.21052631578948,96,77,0.09130158027013142,0.032247127475442956,cp,81,8,9042,0.5,0.5,calibrated
Any_DLT,dlt_only,0.625,0.4866642633922876,0.96875,0.17490598978639324,55.0,96,96,0.013541705906391144,0.004339144603434486,nominal,96,9,10042,0.5,0.5,calibrated
Blood,dlt_only,0.6145833333333334,0.48924843902430526,1.0,0.0,62.711864406779654,96,96,0.013541705906391144,0.004339144603434486,nominal,96,9,10042,0.5,0.5,calibrated
Constitutional,dlt_only,0.71875,0.45196937483581084,0.8854166666666666,0.320190458671962,23.188405797101446,96,96,0.013541705906391144,0.004339144603434486,nominal,96,9,10042,0.5,0.5,calibrated
Infection,dlt_only,0.6979166666666666,0.4615714956689105,0.96875,0.17490598978639324,38.80597014925374,96,96,0.013541705906391144,0.004339144603434486,nominal,96,9,10042,0.5,0.5,calibrated
Gastrointestinal,dlt_only,0.5729166666666666,0.4972512161169891,0.9375,0.2433321316961438,63.63636363636365,96,96,0.013541705906391144,0.004339144603434486,nominal,96,9,10042,0.5,0.5,calibrated
Overall_Survival,dlt_only,10.690597206168823,1.779425762099106,11.954815007175833,0.9668326540317094,11.825511490391907,96,96,0.013541705906391144,0.004339144603434486,nominal,96,9,10042,0.5,0.5,calibrated
all_constraints,dlt_only,0.4166666666666667,0.49559462778335206,0.8645833333333334,0.3439642474280894,107.5,96,96,0.013541705906391144,0.004339144603434486,nominal,96,9,10042,0.5,0.5,calibrated
Any_DLT,all_constraints,0.6781609195402298,0.4698899641990224,0.9770114942528736,0.15073552182801675,44.0677966101695,96,87,0.07577285418907802,0.07962317920173606,nominal,88,9,10042,0.5,0.5,calibrated
Blood,all_constraints,0.6436781609195402,0.48168820114484845,0.9885057471264368,0.10721125348377945,53.57142857142858,96,87,0.07577285418907802,0.07962317920173606,nominal,88,9,10042,0.5,0.5,calibrated
Constitutional,all_constraints,0.7701149425287356,0.4231979421765855,0.9195402298850575,0.2735805142573971,19.402985074626873,96,87,0.07577285418907802,0.07962317920173606,nominal,88,9,10042,0.5,0.5,calibrated
Infection,all_constraints,0.7241379310344828,0.4495386568579204,1.0,0.0,38.095238095238095,96,87,0.07577285418907802,0.07962317920173606,nominal,88,9,10042,0.5,0.5,calibrated
Gastrointestinal,all_constraints,0.632183908045977,0.48500641397666394,0.9770114942528736,0.15073552182801675,54.54545454545455,96,87,0.07577285418907802,0.07962317920173606,nominal,88,9,10042,0.5,0.5,calibrated
Overall_Survival,all_constraints,10.729593166435597,1.8368812173453424,11.606062677759844,1.3731773266431495,8.168711504048693,96,87,0.07577285418907802,0.07962317920173606,nominal,88,9,10042,0.5,0.5,calibrated
all_constraints,all_constraints,0.45977011494252873,0.5012681058876768,0.896551724137931,0.3063089623779221,95.0,96,87,0.07577285418907802,0.07962317920173606,nominal,88,9,10042,0.5,0.5,calibrated
Any_DLT,dlt_only,0.625,0.4866642633922876,0.96875,0.17490598978639324,55.0,96,96,0.01412700613339742,0.0043330819560163675,robust_reg,96,9,10042,0.5,0.5,calibrated
Blood,dlt_only,0.6145833333333334,0.48924843902430526,1.0,0.0,62.711864406779654,96,96,0.01412700613339742,0.0043330819560163675,robust_reg,96,9,10042,0.5,0.5,calibrated
Constitutional,dlt_only,0.71875,0.45196937483581084,0.8854166666666666,0.320190458671962,23.188405797101446,96,96,0.01412700613339742,0.0043330819560163675,robust_reg,96,9,10042,0.5,0.5,calibrated
Infection,dlt_only,0.6979166666666666,0.4615714956689105,0.96875,0.17490598978639324,38.80597014925374,96,96,0.01412700613339742,0.0043330819560163675,robust_reg,96,9,10042,0.5,0.5,calibrated
Gastrointestinal,dlt_only,0.5729166666666666,0.4972512161169891,0.9583333333333334,0.20087527770480484,67.27272727272728,96,96,0.01412700613339742,0.0043330819560163675,robust_reg,96,9,10042,0.5,0.5,calibrated
Overall_Survival,dlt_only,10.690597206168823,1.779425762099106,11.956834142368137,0.9683693124753373,11.844398510016397,96,96,0.01412700613339742,0.0043330819560163675,robust_reg,96,9,10042,0.5,0.5,calibrated
all_constraints,dlt_only,0.4166666666666667,0.49559462778335206,0.8645833333333334,0.3439642474280894,107.5,96,96,0.01412700613339742,0.0043330819560163675,robust_reg,96,9,10042,0.5,0.5,calibrated
Any_DLT,all_constraints,0.6781609195402298,0.4698899641990224,0.9885057471264368,0.10721125348377945,45.762711864406796,96,87,0.0740761086344719,0.047544325380582876,robust_reg,95,9,10042,0.5,0.5,calibrated
Blood,all_constraints,0.6436781609195402,0.48168820114484845,0.9885057471264368,0.10721125348377945,53.57142857142858,96,87,0.0740761086344719,0.047544325380582876,robust_reg,95,9,10042,0.5,0.5,calibrated
Constitutional,all_constraints,0.7701149425287356,0.4231979421765855,0.9080459770114943,0.2906361870283388,17.91044776119404,96,87,0.0740761086344719,0.047544325380582876,robust_reg,95,9,10042,0.5,0.5,calibrated
Infection,all_constraints,0.7241379310344828,0.4495386568579204,0.9885057471264368,0.10721125348377945,36.507936507936506,96,87,0.0740761086344719,0.047544325380582876,robust_reg,95,9,10042,0.5,0.5,calibrated
Gastrointestinal,all_constraints,0.632183908045977,0.48500641397666394,0.9540229885057471,0.21064938228269575,50.9090909090909,96,87,0.0740761086344719,0.047544325380582876,robust_reg,95,9,10042,0.5,0.5,calibrated
Overall_Survival,all_constraints,10.729593166435597,1.8368812173453424,11.676153716816126,1.2956834754418138,8.821961240259949,96,87,0.0740761086344719,0.047544325380582876,robust_reg,95,9,10042,0.5,0.5,calibrated
all_constraints,all_constraints,0.45977011494252873,0.5012681058876768,0.896551724137931,0.3063089623779221,95.0,96,87,0.0740761086344719,0.047544325380582876,robust_reg,95,9,10042,0.5,0.5,calibrated
Any_DLT,dlt_only,0.625,0.4866642633922876,0.96875,0.17490598978639324,55.0,96,96,0.01737533261378606,0.004346915156210623,cp,96,9,10042,0.5,0.5,calibrated
Blood,dlt_only,0.6145833333333334,0.48924843902430526,1.0,0.0,62.711864406779654,96,96,0.01737533261378606,0.004346915156210623,cp,96,9,10042,0.5,0.5,calibrated
Constitutional,dlt_only,0.71875,0.45196937483581084,0.875,0.33245498310218435,21.73913043478261,96,96,0.01737533261378606,0.004346915156210623,cp,96,9,10042,0.5,0.5,calibrated
Infection,dlt_only,0.6979166666666666,0.4615714956689105,0.9583333333333334,0.2008752777048049,37.31343283582091,96,96,0.01737533261378606,0.004346915156210623,cp,96,9,10042,0.5,0.5,calibrated
Gastrointestinal,dlt_only,0.5729166666666666,0.4972512161169891,0.9270833333333334,0.2613645031536837,61.81818181818183,96,96,0.01737533261378606,0.004346915156210623,cp,96,9,10042,0.5,0.5,calibrated
Overall_Survival,dlt_only,10.690597206168823,1.779425762099106,11.970133325165056,0.9659539949466763,11.968799257144395,96,96,0.01737533261378606,0.004346915156210623,cp,96,9,10042,0.5,0.5,calibrated
all_constraints,dlt_only,0.4166666666666667,0.49559462778335206,0.8541666666666666,0.3547917600261542,104.99999999999997,96,96,0.01737533261378606,0.004346915156210623,cp,96,9,10042,0.5,0.5,calibrated
Any_DLT,all_constraints,0.6781609195402298,0.4698899641990224,0.9885057471264368,0.10721125348377945,45.762711864406796,96,87,0.13858776539564133,0.10271376103308753,cp,88,9,10042,0.5,0.5,calibrated
Blood,all_constraints,0.6436781609195402,0.48168820114484845,1.0,0.0,55.35714285714286,96,87,0.13858776539564133,0.10271376103308753,cp,88,9,10042,0.5,0.5,calibrated
Constitutional,all_constraints,0.7701149425287356,0.4231979421765855,0.9195402298850575,0.2735805142573971,19.402985074626873,96,87,0.13858776539564133,0.10271376103308753,cp,88,9,10042,0.5,0.5,calibrated
Infection,all_constraints,0.7241379310344828,0.4495386568579204,0.9885057471264368,0.10721125348377945,36.507936507936506,96,87,0.13858776539564133,0.10271376103308753,cp,88,9,10042,0.5,0.5,calibrated
Gastrointestinal,all_constraints,0.632183908045977,0.48500641397666394,0.9770114942528736,0.15073552182801675,54.54545454545455,96,87,0.13858776539564133,0.10271376103308753,cp,88,9,10042,0.5,0.5,calibrated
Overall_Survival,all_constraints,10.729593166435597,1.8368812173453424,11.560751905707086,1.3932996468700005,7.746414299020454,96,87,0.13858776539564133,0.10271376103308753,cp,88,9,10042,0.5,0.5,calibrated
all_constraints,all_constraints,0.45977011494252873,0.5012681058876768,0.9080459770114943,0.2906361870283388,97.50000000000001,96,87,0.13858776539564133,0.10271376103308753,cp,88,9,10042,0.5,0.5,calibrated
Any_DLT,dlt_only,0.8541666666666666,0.35479176002615415,1.0,0.0,17.07317073170732,96,96,0.017100165287653606,0.003844455612817733,nominal,96,0,1042,0.6,0.5,calibrated
Blood,dlt_only,0.875,0.33245498310218435,0.9895833333333334,0.10206207261596574,13.0952380952381,96,96,0.017100165287653606,0.003844455612817733,nominal,96,0,1042,0.6,0.5,calibrated
Constitutional,dlt_only,0.8645833333333334,0.34396424742808945,0.96875,0.17490598978639324,12.048192771084333,96,96,0.017100165287653606,0.003844455612817733,nominal,96,0,1042,0.6,0.5,calibrated
Infection,dlt_only,0.8645833333333334,0.34396424742808945,1.0,0.0,15.662650602409633,96,96,0.017100165287653606,0.003844455612817733,nominal,96,0,1042,0.6,0.5,calibrated
Gastrointestinal,dlt_only,0.8645833333333334,0.3439642474280894,1.0,0.0,15.662650602409633,96,96,0.017100165287653606,0.003844455612817733,nominal,96,0,1042,0.6,0.5,calibrated
Overall_Survival,dlt_only,10.690597206168823,1.779425762099106,11.928525342216346,0.9582011685872592,11.579597586308823,96,96,0.017100165287653606,0.003844455612817733,nominal,96,0,1042,0.6,0.5,calibrated
all_constraints,dlt_only,0.6979166666666666,0.4615714956689105,0.96875,0.17490598978639324,38.80597014925374,96,96,0.017100165287653606,0.003844455612817733,nominal,96,0,1042,0.6,0.5,calibrated
Any_DLT,all_constraints,0.8723404255319149,0.3354997092507591,1.0,0.0,14.63414634146341,96,94,0.06248492250839869,0.014757789182241859,nominal,94,0,1042,0.6,0.5,calibrated
Blood,all_constraints,0.8723404255319149,0.3354997092507591,1.0,0.0,14.63414634146341,96,94,0.06248492250839869,0.014757789182241859,nominal,94,0,1042,0.6,0.5,calibrated
Constitutional,all_constraints,0.8829787234042553,0.3231692182564118,0.9680851063829787,0.1767160202664313,9.638554216867472,96,94,0.06248492250839869,0.014757789182241859,nominal,94,0,1042,0.6,0.5,calibrated
Infection,all_constraints,0.8829787234042553,0.32316921825641187,1.0,0.0,13.253012048192772,96,94,0.06248492250839869,0.014757789182241859,nominal,94,0,1042,0.6,0.5,calibrated
Gastrointestinal,all_constraints,0.8829787234042553,0.32316921825641187,1.0,0.0,13.253012048192772,96,94,0.06248492250839869,0.014757789182241859,nominal,94,0,1042,0.6,0.5,calibrated
Overall_Survival,all_constraints,10.730295877840042,1.764989827595647,11.78178359125213,1.1740349093722429,9.799242494175731,96,94,0.06248492250839869,0.014757789182241859,nominal,94,0,1042,0.6,0.5,calibrated
all_constraints,all_constraints,0.7127659574468085,0.45489784805160016,0.9680851063829787,0.1767160202664313,35.820895522388064,96,94,0.06248492250839869,0.014757789182241859,nominal,94,0,1042,0.6,0.5,calibrated
Any_DLT,dlt_only,0.8541666666666666,0.35479176002615415,1.0,0.0,17.07317073170732,96,96,0.01875488708416621,0.014862299902563929,robust_reg,96,0,1042,0.6,0.5,calibrated
Blood,dlt_only,0.875,0.33245498310218435,1.0,0.0,14.285714285714286,96,96,0.01875488708416621,0.014862299902563929,robust_reg,96,0,1042,0.6,0.5,calibrated
Constitutional,dlt_only,0.8645833333333334,0.34396424742808945,0.9479166666666666,0.22336148028967082,9.63855421686746,96,96,0.01875488708416621,0.014862299902563929,robust_reg,96,0,1042,0.6,0.5,calibrated
Infection,dlt_only,0.8645833333333334,0.34396424742808945,1.0,0.0,15.662650602409633,96,96,0.01875488708416621,0.014862299902563929,robust_reg,96,0,1042,0.6,0.5,calibrated
Gastrointestinal,dlt_only,0.8645833333333334,0.3439642474280894,1.0,0.0,15.662650602409633,96,96,0.01875488708416621,0.014862299902563929,robust_reg,96,0,1042,0.6,0.5,calibrated
Overall_Survival,dlt_only,10.690597206168823,1.779425762099106,11.865559167065703,1.050626877034212,10.99061107848015,96,96,0.01875488708416621,0.014862299902563929,robust_reg,96,0,1042,0.6,0.5,calibrated
all_constraints,dlt_only,0.6979166666666666,0.4615714956689105,0.9479166666666666,0.22336148028967082,35.820895522388064,96,96,0.01875488708416621,0.014862299902563929,robust_reg,96,0,1042,0.6,0.5,calibrated
Any_DLT,all_constraints,0.8723404255319149,0.3354997092507591,1.0,0.0,14.63414634146341,96,94,0.059030858178933464,0.025825076281930488,robust_reg,94,0,1042,0.6,0.5,calibrated
Blood,all_constraints,0.8723404255319149,0.3354997092507591,1.0,0.0,14.63414634146341,96,94,0.059030858178933464,0.025825076281930488,robust_reg,94,0,1042,0.6,0.5,calibrated
Constitutional,all_constraints,0.8829787234042553,0.3231692182564118,0.9787234042553191,0.14507865158346242,10.8433734939759,96,94,0.059030858178933464,0.025825076281930488,robust_reg,94,0,1042,0.6,0.5,calibrated
Infection,all_constraints,0.8829787234042553,0.32316921825641187,1.0,0.0,13.253012048192772,96,94,0.059030858178933464,0.025825076281930488,robust_reg,94,0,1042,0.6,0.5,calibrated
Gastrointestinal,all_constraints,0.8829787234042553,0.32316921825641187,1.0,0.0,13.253012048192772,96,94,0.059030858178933464,0.025825076281930488,robust_reg,94,0,1042,0.6,0.5,calibrated
Overall_Survival,all_constraints,10.730295877840042,1.764989827595647,11.780482069652466,1.1895387539112856,9.787113084003991,96,94,0.059030858178933464,0.025825076281930488,robust_reg,94,0,1042,0.6,0.5,calibrated
all_constraints,all_constraints,0.7127659574468085,0.45489784805160016,0.9787234042553191,0.14507865158346242,37.3134328358209,96,94,0.059030858178933464,0.025825076281930488,robust_reg,94,0,1042,0.6,0.5,calibrated
Any_DLT,dlt_only,0.8541666666666666,0.35479176002615415,1.0,0.0,17.07317073170732,96,96,0.026858871181805927,0.004187162144276049,cp,96,0,1042,0.6,0.5,calibrated
Blood,dlt_only,0.875,0.33245498310218435,0.9895833333333334,0.10206207261596574,13.0952380952381,96,96,0.026858871181805927,0.004187162144276049,cp,96,0,1042,0.6,0.5,calibrated
Constitutional,dlt_only,0.8645833333333334,0.34396424742808945,0.96875,0.17490598978639324,12.048192771084333,96,96,0.026858871181805927,0.004187162144276049,cp,96,0,1042,0.6,0.5,calibrated
Infection,dlt_only,0.8645833333333334,0.34396424742808945,1.0,0.0,15.662650602409633,96,96,0.026858871181805927,0.004187162144276049,cp,96,0,1042,0.6,0.5,calibrated
Gastrointestinal,dlt_only,0.8645833333333334,0.3439642474280894,1.0,0.0,15.662650602409633,96,96,0.026858871181805927,0.004187162144276049,cp,96,0,1042,0.6,0.5,calibrated
Overall_Survival,dlt_only,10.690597206168823,1.779425762099106,11.928525342222736,0.9582011685829658,11.579597586368592,96,96,0.026858871181805927,0.004187162144276049,cp,96,0,1042,0.6,0.5,calibrated
all_constraints,dlt_only,0.6979166666666666,0.4615714956689105,0.96875,0.17490598978639324,38.80597014925374,96,96,0.026858871181805927,0.004187162144276049,cp,96,0,1042,0.6,0.5,calibrated
Any_DLT,all_constraints,0.8723404255319149,0.3354997092507591,1.0,0.0,14.63414634146341,96,94,0.07565958549578984,0.014708355548197207,cp,94,0,1042,0.6,0.5,calibrated
Blood,all_constraints,0.8723404255319149,0.3354997092507591,1.0,0.0,14.63414634146341,96,94,0.07565958549578984,0.014708355548197207,cp,94,0,1042,0.6,0.5,calibrated
Constitutional,all_constraints,0.8829787234042553,0.3231692182564118,0.9680851063829787,0.1767160202664313,9.638554216867472,96,94,0.07565958549578984,0.014708355548197207,cp,94,0,1042,0.6,0.5,calibrated
Infection,all_constraints,0.8829787234042553,0.32316921825641187,1.0,0.0,13.253012048192772,96,94,0.07565958549578984,0.014708355548197207,cp,94,0,1042,0.6,0.5,calibrated
Gastrointestinal,all_constraints,0.8829787234042553,0.32316921825641187,1.0,0.0,13.253012048192772,96,94,0.07565958549578984,0.014708355548197207,cp,94,0,1042,0.6,0.5,calibrated
Overall_Survival,all_constraints,10.730295877840042,1.764989827595647,11.779773397059698,1.1733217532980205,9.780508675320053,96,94,0.07565958549578984,0.014708355548197207,cp,94,0,1042,0.6,0.5,calibrated
all_constraints,all_constraints,0.7127659574468085,0.45489784805160016,0.9680851063829787,0.1767160202664313,35.820895522388064,96,94,0.07565958549578984,0.014708355548197207,cp,94,0,1042,0.6,0.5,calibrated
Any_DLT,dlt_only,0.8541666666666666,0.35479176002615415,1.0,0.0,17.07317073170732,96,96,0.017754857738812763,0.0038042352276980713,nominal,96,1,2042,0.6,0.5,calibrated
Blood,dlt_only,0.875,0.33245498310218435,1.0,0.0,14.285714285714286,96,96,0.017754857738812763,0.0038042352276980713,nominal,96,1,2042,0.6,0.5,calibrated
Constitutional,dlt_only,0.8645833333333334,0.34396424742808945,0.9791666666666666,0.143575886163796,13.253012048192762,96,96,0.017754857738812763,0.0038042352276980713,nominal,96,1,2042,0.6,0.5,calibrated
Infection,dlt_only,0.8645833333333334,0.34396424742808945,1.0,0.0,15.662650602409633,96,96,0.017754857738812763,0.0038042352276980713,nominal,96,1,2042,0.6,0.5,calibrated
Gastrointestinal,dlt_only,0.8645833333333334,0.3439642474280894,1.0,0.0,15.662650602409633,96,96,0.017754857738812763,0.0038042352276980713,nominal,96,1,2042,0.6,0.5,calibrated
Overall_Survival,dlt_only,10.690597206168823,1.779425762099106,11.94812450417013,0.9642490522635561,11.762928429065427,96,96,0.017754857738812763,0.0038042352276980713,nominal,96,1,2042,0.6,0.5,calibrated
all_constraints,dlt_only,0.6979166666666666,0.4615714956689105,0.9791666666666666,0.143575886163796,40.29850746268657,96,96,0.017754857738812763,0.0038042352276980713,nominal,96,1,2042,0.6,0.5,calibrated
Any_DLT,all_constraints,0.8526315789473684,0.3563533105934119,0.9894736842105263,0.10259783520851541,16.04938271604938,96,95,0.06639313201109569,0.04523678731900693,nominal,96,1,2042,0.6,0.5,calibrated
Blood,all_constraints,0.8736842105263158,0.33396729560733096,0.9894736842105263,0.10259783520851541,13.25301204819276,96,95,0.06639313201109569,0.04523678731900693,nominal,96,1,2042,0.6,0.5,calibrated
Constitutional,all_constraints,0.8736842105263158,0.333967295607331,0.968421052631579,0.17580402404729137,10.843373493975898,96,95,0.06639313201109569,0.04523678731900693,nominal,96,1,2042,0.6,0.5,calibrated
Infection,all_constraints,0.8736842105263158,0.333967295607331,0.9894736842105263,0.10259783520851541,13.25301204819276,96,95,0.06639313201109569,0.04523678731900693,nominal,96,1,2042,0.6,0.5,calibrated
Gastrointestinal,all_constraints,0.8631578947368421,0.34550383548659225,1.0,0.0,15.853658536585364,96,95,0.06639313201109569,0.04523678731900693,nominal,96,1,2042,0.6,0.5,calibrated
Overall_Survival,all_constraints,10.6999871958255,1.7864730982355768,11.856799572609498,1.0867303090698472,10.811343561563492,96,95,0.06639313201109569,0.04523678731900693,nominal,96,1,2042,0.6,0.5,calibrated
all_constraints,all_constraints,0.7052631578947368,0.4583430892442982,0.9473684210526315,0.22448148540588725,34.32835820895522,96,95,0.06639313201109569,0.04523678731900693,nominal,96,1,2042,0.6,0.5,calibrated
Any_DLT,dlt_only,0.8541666666666666,0.35479176002615415,1.0,0.0,17.07317073170732,96,96,0.016769809027512867,0.004146766870971248,robust_reg,96,1,2042,0.6,0.5,calibrated
Blood,dlt_only,0.875,0.33245498310218435,1.0,0.0,14.285714285714286,96,96,0.016769809027512867,0.004146766870971248,robust_reg,96,1,2042,0.6,0.5,calibrated
Constitutional,dlt_only,0.8645833333333334,0.34396424742808945,0.9791666666666666,0.143575886163796,13.253012048192762,96,96,0.016769809027512867,0.004146766870971248,robust_reg,96,1,2042,0.6,0.5,calibrated
Infection,dlt_only,0.8645833333333334,0.34396424742808945,1.0,0.0,15.662650602409633,96,96,0.016769809027512867,0.004146766870971248,robust_reg,96,1,2042,0.6,0.5,calibrated
Gastrointestinal,dlt_only,0.8645833333333334,0.3439642474280894,1.0,0.0,15.662650602409633,96,96,0.016769809027512867,0.004146766870971248,robust_reg,96,1,2042,0.6,0.5,calibrated
Overall_Survival,dlt_only,10.690597206168823,1.779425762099106,11.94812450417013,0.9642490522635561,11.762928429065427,96,96,0.016769809027512867,0.004146766870971248,robust_reg,96,1,2042,0.6,0.5,calibrated
all_constraints,dlt_only,0.6979166666666666,0.4615714956689105,0.9791666666666666,0.143575886163796,40.29850746268657,96,96,0.016769809027512867,0.004146766870971248,robust_reg,96,1,2042,0.6,0.5,calibrated
Any_DLT,all_constraints,0.8526315789473684,0.3563533105934119,0.9894736842105263,0.10259783520851543,16.04938271604938,96,95,0.0641607716679573,0.022124349032839562,robust_reg,96,1,2042,0.6,0.5,calibrated
Blood,all_constraints,0.8736842105263158,0.33396729560733096,0.9894736842105263,0.10259783520851543,13.25301204819276,96,95,0.0641607716679573,0.022124349032839562,robust_reg,96,1,2042,0.6,0.5,calibrated
Constitutional,all_constraints,0.8736842105263158,0.333967295607331,0.968421052631579,0.1758040240472914,10.843373493975898,96,95,0.0641607716679573,0.022124349032839562,robust_reg,96,1,2042,0.6,0.5,calibrated
Infection,all_constraints,0.8736842105263158,0.333967295607331,0.9894736842105263,0.10259783520851543,13.25301204819276,96,95,0.0641607716679573,0.022124349032839562,robust_reg,96,1,2042,0.6,0.5,calibrated
Gastrointestinal,all_constraints,0.8631578947368421,0.34550383548659225,1.0,0.0,15.853658536585364,96,95,0.0641607716679573,0.022124349032839562,robust_reg,96,1,2042,0.6,0.5,calibrated
Overall_Survival,all_constraints,10.6999871958255,1.7864730982355768,11.89105058541818,1.0163185149494673,11.131446868061317,96,95,0.0641607716679573,0.022124349032839562,robust_reg,96,1,2042,0.6,0.5,calibrated
all_constraints,all_constraints,0.7052631578947368,0.4583430892442982,0.968421052631579,0.1758040240472914,37.313432835820905,96,95,0.0641607716679573,0.022124349032839562,robust_reg,96,1,2042,0.6,0.5,calibrated
Any_DLT,dlt_only,0.8541666666666666,0.35479176002615415,1.0,0.0,17.07317073170732,96,96,0.016892534991105396,0.004668197290955043,cp,96,1,2042,0.6,0.5,calibrated
Blood,dlt_only,0.875,0.33245498310218435,1.0,0.0,14.285714285714286,96,96,0.016892534991105396,0.004668197290955043,cp,96,1,2042,0.6,0.5,calibrated
Constitutional,dlt_only,0.8645833333333334,0.34396424742808945,0.9791666666666666,0.143575886163796,13.253012048192762,96,96,0.016892534991105396,0.004668197290955043,cp,96,1,2042,0.6,0.5,calibrated
Infection,dlt_only,0.8645833333333334,0.34396424742808945,1.0,0.0,15.662650602409633,96,96,0.016892534991105396,0.004668197290955043,cp,96,1,2042,0.6,0.5,calibrated
Gastrointestinal,dlt_only,0.8645833333333334,0.3439642474280894,1.0,0.0,15.662650602409633,96,96,0.016892534991105396,0.004668197290955043,cp,96,1,2042,0.6,0.5,calibrated
Overall_Survival,dlt_only,10.690597206168823,1.779425762099106,11.94812450417013,0.9642490522635561,11.762928429065427,96,96,0.016892534991105396,0.004668197290955043,cp,96,1,2042,0.6,0.5,calibrated
all_constraints,dlt_only,0.6979166666666666,0.4615714956689105,0.9791666666666666,0.143575886163796,40.29850746268657,96,96,0.016892534991105396,0.004668197290955043,cp,96,1,2042,0.6,0.5,calibrated
Any_DLT,all_constraints,0.8526315789473684,0.3563533105934119,0.9789473684210527,0.1443214031708876,14.814814814814822,96,95,0.13396735241015753,0.03981090329433189,cp,95,1,2042,0.6,0.5,calibrated
Blood,all_constraints,0.8736842105263158,0.33396729560733096,0.9894736842105263,0.10259783520851543,13.25301204819276,96,95,0.13396735241015753,0.03981090329433189,cp,95,1,2042,0.6,0.5,calibrated
Constitutional,all_constraints,0.8736842105263158,0.333967295607331,0.9789473684210527,0.1443214031708876,12.048192771084336,96,95,0.13396735241015753,0.03981090329433189,cp,95,1,2042,0.6,0.5,calibrated
Infection,all_constraints,0.8736842105263158,0.333967295607331,0.9894736842105263,0.10259783520851543,13.25301204819276,96,95,0.13396735241015753,0.03981090329433189,cp,95,1,2042,0.6,0.5,calibrated
Gastrointestinal,all_constraints,0.8631578947368421,0.34550383548659225,1.0,0.0,15.853658536585364,96,95,0.13396735241015753,0.03981090329433189,cp,95,1,2042,0.6,0.5,calibrated
Overall_Survival,all_constraints,10.6999871958255,1.7864730982355768,11.726138524808006,1.1737529352095566,9.590210812428348,96,95,0.13396735241015753,0.03981090329433189,cp,95,1,2042,0.6,0.5,calibrated
all_constraints,all_constraints,0.7052631578947368,0.4583430892442982,0.9789473684210527,0.1443214031708876,38.805970149253746,96,95,0.13396735241015753,0.03981090329433189,cp,95,1,2042,0.6,0.5,calibrated
Any_DLT,dlt_only,0.8541666666666666,0.35479176002615415,1.0,0.0,17.07317073170732,96,96,0.03512801229953766,0.036995332429807806,nominal,96,2,3042,0.6,0.5,calibrated
Blood,dlt_only,0.875,0.33245498310218435,1.0,0.0,14.285714285714286,96,96,0.03512801229953766,0.036995332429807806,nominal,96,2,3042,0.6,0.5,calibrated
Constitutional,dlt_only,0.8645833333333334,0.34396424742808945,0.9583333333333334,0.20087527770480484,10.843373493975903,96,96,0.03512801229953766,0.036995332429807806,nominal,96,2,3042,0.6,0.5,calibrated
Infection,dlt_only,0.8645833333333334,0.34396424742808945,1.0,0.0,15.662650602409633,96,96,0.03512801229953766,0.036995332429807806,nominal,96,2,3042,0.6,0.5,calibrated
Gastrointestinal,dlt_only,0.8645833333333334,0.3439642474280894,1.0,0.0,15.662650602409633,96,96,0.03512801229953766,0.036995332429807806,nominal,96,2,3042,0.6,0.5,calibrated
Overall_Survival,dlt_only,10.690597206168823,1.779425762099106,10.972600188573972,1.0204463370463992,2.6378599526921156,96,96,0.03512801229953766,0.036995332429807806,nominal,96,2,3042,0.6,0.5,calibrated
all_constraints,dlt_only,0.6979166666666666,0.4615714956689105,0.9583333333333334,0.20087527770480484,37.31343283582091,96,96,0.03512801229953766,0.036995332429807806,nominal,96,2,3042,0.6,0.5,calibrated
Any_DLT,all_constraints,0.8617021276595744,0.3470633740209737,1.0,0.0,16.049382716049386,96,94,0.0814466302593549,0.04140436504949048,nominal,95,2,3042,0.6,0.5,calibrated
Blood,all_constraints,0.8723404255319149,0.3354997092507591,1.0,0.0,14.63414634146341,96,94,0.0814466302593549,0.04140436504949048,nominal,95,2,3042,0.6,0.5,calibrated
Constitutional,all_constraints,0.8723404255319149,0.3354997092507591,0.9680851063829787,0.1767160202664313,10.975609756097557,96,94,0.0814466302593549,0.04140436504949048,nominal,95,2,3042,0.6,0.5,calibrated
Infection,all_constraints,0.8829787234042553,0.32316921825641187,1.0,0.0,13.253012048192772,96,94,0.0814466302593549,0.04140436504949048,nominal,95,2,3042,0.6,0.5,calibrated
Gastrointestinal,all_constraints,0.8723404255319149,0.3354997092507591,1.0,0.0,14.63414634146341,96,94,0.0814466302593549,0.04140436504949048,nominal,95,2,3042,0.6,0.5,calibrated
Overall_Survival,all_constraints,10.691638504403187,1.794187956903382,10.989698500476843,1.0324749808372844,2.787785950216185,96,94,0.0814466302593549,0.04140436504949048,nominal,95,2,3042,0.6,0.5,calibrated
all_constraints,all_constraints,0.7127659574468085,0.45489784805160016,0.9680851063829787,0.1767160202664313,35.820895522388064,96,94,0.0814466302593549,0.04140436504949048,nominal,95,2,3042,0.6,0.5,calibrated
Any_DLT,dlt_only,0.8541666666666666,0.35479176002615415,1.0,0.0,17.07317073170732,96,96,0.05955473085244497,0.04837084358928401,robust_reg,96,2,3042,0.6,0.5,calibrated
Blood,dlt_only,0.875,0.33245498310218435,1.0,0.0,14.285714285714286,96,96,0.05955473085244497,0.04837084358928401,robust_reg,96,2,3042,0.6,0.5,calibrated
Constitutional,dlt_only,0.8645833333333334,0.34396424742808945,0.9583333333333334,0.20087527770480484,10.843373493975903,96,96,0.05955473085244497,0.04837084358928401,robust_reg,96,2,3042,0.6,0.5,calibrated
Infection,dlt_only,0.8645833333333334,0.34396424742808945,1.0,0.0,15.662650602409633,96,96,0.05955473085244497,0.04837084358928401,robust_reg,96,2,3042,0.6,0.5,calibrated
Gastrointestinal,dlt_only,0.8645833333333334,0.3439642474280894,1.0,0.0,15.662650602409633,96,96,0.05955473085244497,0.04837084358928401,robust_reg,96,2,3042,0.6,0.5,calibrated
Overall_Survival,dlt_only,10.690597206168823,1.779425762099106,10.986076859347506,1.0212430101326118,2.763920924905688,96,96,0.05955473085244497,0.04837084358928401,robust_reg,96,2,3042,0.6,0.5,calibrated
all_constraints,dlt_only,0.6979166666666666,0.4615714956689105,0.9583333333333334,0.20087527770480484,37.31343283582091,96,96,0.05955473085244497,0.04837084358928401,robust_reg,96,2,3042,0.6,0.5,calibrated
Any_DLT,all_constraints,0.8617021276595744,0.3470633740209737,1.0,0.0,16.049382716049386,96,94,0.07945454120635986,0.04578187185799446,robust_reg,96,2,3042,0.6,0.5,calibrated
Blood,all_constraints,0.8723404255319149,0.3354997092507591,1.0,0.0,14.63414634146341,96,94,0.07945454120635986,0.04578187185799446,robust_reg,96,2,3042,0.6,0.5,calibrated
Constitutional,all_constraints,0.8723404255319149,0.3354997092507591,0.9574468085106383,0.2029298102618999,9.756097560975611,96,94,0.07945454120635986,0.04578187185799446,robust_reg,96,2,3042,0.6,0.5,calibrated
Infection,all_constraints,0.8829787234042553,0.32316921825641187,1.0,0.0,13.253012048192772,96,94,0.07945454120635986,0.04578187185799446,robust_reg,96,2,3042,0.6,0.5,calibrated
Gastrointestinal,all_constraints,0.8723404255319149,0.3354997092507591,1.0,0.0,14.63414634146341,96,94,0.07945454120635986,0.04578187185799446,robust_reg,96,2,3042,0.6,0.5,calibrated
Overall_Survival,all_constraints,10.691638504403187,1.794187956903382,11.004139830037587,1.0369930836383043,2.9228571982273963,96,94,0.07945454120635986,0.04578187185799446,robust_reg,96,2,3042,0.6,0.5,calibrated
all_constraints,all_constraints,0.7127659574468085,0.45489784805160016,0.9574468085106383,0.2029298102618999,34.32835820895524,96,94,0.07945454120635986,0.04578187185799446,robust_reg,96,2,3042,0.6,0.5,calibrated
Any_DLT,dlt_only,0.8541666666666666,0.35479176002615415,1.0,0.0,17.07317073170732,96,96,0.10594990352789561,0.052732465865353996,cp,96,2,3042,0.6,0.5,calibrated
Blood,dlt_only,0.875,0.33245498310218435,1.0,0.0,14.285714285714286,96,96,0.10594990352789561,0.052732465865353996,cp,96,2,3042,0.6,0.5,calibrated
Constitutional,dlt_only,0.8645833333333334,0.34396424742808945,0.9583333333333334,0.20087527770480484,10.843373493975903,96,96,0.10594990352789561,0.052732465865353996,cp,96,2,3042,0.6,0.5,calibrated
Infection,dlt_only,0.8645833333333334,0.34396424742808945,1.0,0.0,15.662650602409633,96,96,0.10594990352789561,0.052732465865353996,cp,96,2,3042,0.6,0.5,calibrated
Gastrointestinal,dlt_only,0.8645833333333334,0.3439642474280894,1.0,0.0,15.662650602409633,96,96,0.10594990352789561,0.052732465865353996,cp,96,2,3042,0.6,0.5,calibrated
Overall_Survival,dlt_only,10.690597206168823,1.779425762099106,11.01530070613245,1.0321087823280886,3.03728120797838,96,96,0.10594990352789561,0.052732465865353996,cp,96,2,3042,0.6,0.5,calibrated
all_constraints,dlt_only,0.6979166666666666,0.4615714956689105,0.9583333333333334,0.20087527770480484,37.31343283582091,96,96,0.10594990352789561,0.052732465865353996,cp,96,2,3042,0.6,0.5,calibrated
Any_DLT,all_constraints,0.8617021276595744,0.3470633740209737,1.0,0.0,16.049382716049386,96,94,0.11426509916782379,0.0579513715378742,cp,94,2,3042,0.6,0.5,calibrated
Blood,all_constraints,0.8723404255319149,0.3354997092507591,1.0,0.0,14.63414634146341,96,94,0.11426509916782379,0.0579513715378742,cp,94,2,3042,0.6,0.5,calibrated
Constitutional,all_constraints,0.8723404255319149,0.3354997092507591,0.9680851063829787,0.1767160202664313,10.975609756097557,96,94,0.11426509916782379,0.0579513715378742,cp,94,2,3042,0.6,0.5,calibrated
Infection,all_constraints,0.8829787234042553,0.32316921825641187,1.0,0.0,13.253012048192772,96,94,0.11426509916782379,0.0579513715378742,cp,94,2,3042,0.6,0.5,calibrated
Gastrointestinal,all_constraints,0.8723404255319149,0.3354997092507591,1.0,0.0,14.63414634146341,96,94,0.11426509916782379,0.0579513715378742,cp,94,2,3042,0.6,0.5,calibrated
Overall_Survival,all_constraints,10.691638504403187,1.794187956903382,10.906516123996585,1.0786925623849357,2.00977258541714,96,94,0.11426509916782379,0.0579513715378742,cp,94,2,3042,0.6,0.5,calibrated
all_constraints,all_constraints,0.7127659574468085,0.45489784805160016,0.9680851063829787,0.1767160202664313,35.820895522388064,96,94,0.11426509916782379,0.0579513715378742,cp,94,2,3042,0.6,0.5,calibrated
Any_DLT,dlt_only,0.8526315789473684,0.35635331059341196,0.9263157894736842,0.2626422720087394,8.641975308641976,96,95,0.01578664282957713,0.00697660990845963,nominal,96,3,4042,0.6,0.5,calibrated
Blood,dlt_only,0.8736842105263158,0.33396729560733096,0.6736842105263158,0.4713517289748865,-22.89156626506025,96,95,0.01578664282957713,0.00697660990845963,nominal,96,3,4042,0.6,0.5,calibrated
Constitutional,dlt_only,0.8736842105263158,0.333967295607331,0.9368421052631579,0.24453717969020553,7.228915662650599,96,95,0.01578664282957713,0.00697660990845963,nominal,96,3,4042,0.6,0.5,calibrated
Infection,dlt_only,0.8631578947368421,0.34550383548659225,0.9157894736842105,0.27917652063748477,6.097560975609749,96,95,0.01578664282957713,0.00697660990845963,nominal,96,3,4042,0.6,0.5,calibrated
Gastrointestinal,dlt_only,0.8631578947368421,0.3455038354865923,1.0,0.0,15.853658536585364,96,95,0.01578664282957713,0.00697660990845963,nominal,96,3,4042,0.6,0.5,calibrated
Overall_Survival,dlt_only,10.693736232232505,1.7885985250798564,12.28930736445896,1.0520463045951864,14.920614250959057,96,95,0.01578664282957713,0.00697660990845963,nominal,96,3,4042,0.6,0.5,calibrated
all_constraints,dlt_only,0.7052631578947368,0.4583430892442982,0.6,0.49249689490326914,-14.925373134328357,96,95,0.01578664282957713,0.00697660990845963,nominal,96,3,4042,0.6,0.5,calibrated
Any_DLT,all_constraints,0.8723404255319149,0.3354997092507591,0.9468085106382979,0.22561844642593043,8.53658536585365,96,94,0.05064044147729874,0.024874322310566847,nominal,96,3,4042,0.6,0.5,calibrated
Blood,all_constraints,0.8723404255319149,0.3354997092507591,0.648936170212766,0.4798621398915568,-25.609756097560982,96,94,0.05064044147729874,0.024874322310566847,nominal,96,3,4042,0.6,0.5,calibrated
Constitutional,all_constraints,0.8829787234042553,0.32316921825641187,0.9468085106382979,0.22561844642593043,7.2289156626506,96,94,0.05064044147729874,0.024874322310566847,nominal,96,3,4042,0.6,0.5,calibrated
Infection,all_constraints,0.8829787234042553,0.32316921825641187,0.9148936170212766,0.2805361406225206,3.6144578313253,96,94,0.05064044147729874,0.024874322310566847,nominal,96,3,4042,0.6,0.5,calibrated
Gastrointestinal,all_constraints,0.8829787234042553,0.32316921825641187,1.0,0.0,13.253012048192772,96,94,0.05064044147729874,0.024874322310566847,nominal,96,3,4042,0.6,0.5,calibrated
Overall_Survival,all_constraints,10.741255018806033,1.740743490176881,12.281394713049654,1.1604399860808874,14.338545091305525,96,94,0.05064044147729874,0.024874322310566847,nominal,96,3,4042,0.6,0.5,calibrated
all_constraints,all_constraints,0.7127659574468085,0.45489784805160016,0.574468085106383,0.4970744887414602,-19.402985074626855,96,94,0.05064044147729874,0.024874322310566847,nominal,96,3,4042,0.6,0.5,calibrated
Any_DLT,dlt_only,0.8526315789473684,0.35635331059341196,0.9157894736842105,0.27917652063748477,7.407407407407405,96,95,0.01564686745405197,0.01274437058195831,robust_reg,96,3,4042,0.6,0.5,calibrated
Blood,dlt_only,0.8736842105263158,0.33396729560733096,0.5894736842105263,0.4945390469729999,-32.530120481927725,96,95,0.01564686745405197,0.01274437058195831,robust_reg,96,3,4042,0.6,0.5,calibrated
Constitutional,dlt_only,0.8736842105263158,0.333967295607331,0.9157894736842105,0.27917652063748477,4.819277108433724,96,95,0.01564686745405197,0.01274437058195831,robust_reg,96,3,4042,0.6,0.5,calibrated
Infection,dlt_only,0.8631578947368421,0.34550383548659225,0.8842105263157894,0.3216697756533384,2.439024390243897,96,95,0.01564686745405197,0.01274437058195831,robust_reg,96,3,4042,0.6,0.5,calibrated
Gastrointestinal,dlt_only,0.8631578947368421,0.3455038354865923,1.0,0.0,15.853658536585364,96,95,0.01564686745405197,0.01274437058195831,robust_reg,96,3,4042,0.6,0.5,calibrated
Overall_Survival,dlt_only,10.693736232232505,1.7885985250798564,12.259484218815114,1.0183675104509162,14.641730005114704,96,95,0.01564686745405197,0.01274437058195831,robust_reg,96,3,4042,0.6,0.5,calibrated
all_constraints,dlt_only,0.7052631578947368,0.4583430892442982,0.5157894736842106,0.502401845917822,-26.865671641791035,96,95,0.01564686745405197,0.01274437058195831,robust_reg,96,3,4042,0.6,0.5,calibrated
Any_DLT,all_constraints,0.8723404255319149,0.3354997092507591,0.8829787234042553,0.32316921825641187,1.2195121951219465,96,94,0.057446526984373726,0.030214562147099604,robust_reg,94,3,4042,0.6,0.5,calibrated
Blood,all_constraints,0.8723404255319149,0.3354997092507591,0.5851063829787234,0.4953455287595169,-32.926829268292686,96,94,0.057446526984373726,0.030214562147099604,robust_reg,94,3,4042,0.6,0.5,calibrated
Constitutional,all_constraints,0.8829787234042553,0.32316921825641187,0.9361702127659575,0.24576020475855118,6.024096385542172,96,94,0.057446526984373726,0.030214562147099604,robust_reg,94,3,4042,0.6,0.5,calibrated
Infection,all_constraints,0.8829787234042553,0.32316921825641187,0.8085106382978723,0.39558302541076834,-8.433734939759042,96,94,0.057446526984373726,0.030214562147099604,robust_reg,94,3,4042,0.6,0.5,calibrated
Gastrointestinal,all_constraints,0.8829787234042553,0.32316921825641187,1.0,0.0,13.253012048192772,96,94,0.057446526984373726,0.030214562147099604,robust_reg,94,3,4042,0.6,0.5,calibrated
Overall_Survival,all_constraints,10.741255018806033,1.740743490176881,12.178406946708854,1.2281364593888762,13.379739382284686,96,94,0.057446526984373726,0.030214562147099604,robust_reg,94,3,4042,0.6,0.5,calibrated
all_constraints,all_constraints,0.7127659574468085,0.45489784805160016,0.48936170212765956,0.5025671912722797,-31.34328358208955,96,94,0.057446526984373726,0.030214562147099604,robust_reg,94,3,4042,0.6,0.5,calibrated
Any_DLT,dlt_only,0.8526315789473684,0.35635331059341196,0.9789473684210527,0.14432140317088757,14.814814814814822,96,95,0.06184649467468262,0.022059814945567097,cp,95,3,4042,0.6,0.5,calibrated
Blood,dlt_only,0.8736842105263158,0.33396729560733096,0.8315789473684211,0.3762251357147221,-4.819277108433737,96,95,0.06184649467468262,0.022059814945567097,cp,95,3,4042,0.6,0.5,calibrated
Constitutional,dlt_only,0.8736842105263158,0.333967295607331,0.9263157894736842,0.26264227200873946,6.024096385542162,96,95,0.06184649467468262,0.022059814945567097,cp,95,3,4042,0.6,0.5,calibrated
Infection,dlt_only,0.8631578947368421,0.34550383548659225,0.9578947368421052,0.2018947204943553,10.975609756097557,96,95,0.06184649467468262,0.022059814945567097,cp,95,3,4042,0.6,0.5,calibrated
Gastrointestinal,dlt_only,0.8631578947368421,0.3455038354865923,1.0,0.0,15.853658536585364,96,95,0.06184649467468262,0.022059814945567097,cp,95,3,4042,0.6,0.5,calibrated
Overall_Survival,dlt_only,10.693736232232505,1.7885985250798564,12.043733009122866,1.2142092956270198,12.624182489383559,96,95,0.06184649467468262,0.022059814945567097,cp,95,3,4042,0.6,0.5,calibrated
all_constraints,dlt_only,0.7052631578947368,0.4583430892442982,0.7578947368421053,0.4306301536438475,7.462686567164187,96,95,0.06184649467468262,0.022059814945567097,cp,95,3,4042,0.6,0.5,calibrated
Any_DLT,all_constraints,0.8723404255319149,0.3354997092507591,0.9680851063829787,0.1767160202664313,10.975609756097557,96,94,0.15674380958080292,0.11063675454285124,cp,96,3,4042,0.6,0.5,calibrated
Blood,all_constraints,0.8723404255319149,0.3354997092507591,0.6702127659574468,0.47265659343666083,-23.170731707317074,96,94,0.15674380958080292,0.11063675454285124,cp,96,3,4042,0.6,0.5,calibrated
Constitutional,all_constraints,0.8829787234042553,0.32316921825641187,0.9680851063829787,0.1767160202664313,9.638554216867472,96,94,0.15674380958080292,0.11063675454285124,cp,96,3,4042,0.6,0.5,calibrated
Infection,all_constraints,0.8829787234042553,0.32316921825641187,0.9468085106382979,0.22561844642593043,7.2289156626506,96,94,0.15674380958080292,0.11063675454285124,cp,96,3,4042,0.6,0.5,calibrated
Gastrointestinal,all_constraints,0.8829787234042553,0.32316921825641187,1.0,0.0,13.253012048192772,96,94,0.15674380958080292,0.11063675454285124,cp,96,3,4042,0.6,0.5,calibrated
Overall_Survival,all_constraints,10.741255018806033,1.740743490176881,12.151569644343006,1.4333898682909176,13.129886806222942,96,94,0.15674380958080292,0.11063675454285124,cp,96,3,4042,0.6,0.5,calibrated
all_constraints,all_constraints,0.7127659574468085,0.45489784805160016,0.6276595744680851,0.4860205436870322,-11.940298507462689,96,94,0.15674380958080292,0.11063675454285124,cp,96,3,4042,0.6,0.5,calibrated
Any_DLT,dlt_only,0.8541666666666666,0.35479176002615415,1.0,0.0,17.07317073170732,96,96,0.01407497376203537,0.005590555742893673,nominal,96,4,5042,0.6,0.5,calibrated
Blood,dlt_only,0.875,0.33245498310218435,1.0,0.0,14.285714285714286,96,96,0.01407497376203537,0.005590555742893673,nominal,96,4,5042,0.6,0.5,calibrated
Constitutional,dlt_only,0.8645833333333334,0.34396424742808945,0.9166666666666666,0.27783625115549687,6.02409638554216,96,96,0.01407497376203537,0.005590555742893673,nominal,96,4,5042,0.6,0.5,calibrated
Infection,dlt_only,0.8645833333333334,0.34396424742808945,1.0,0.0,15.662650602409633,96,96,0.01407497376203537,0.005590555742893673,nominal,96,4,5042,0.6,0.5,calibrated
Gastrointestinal,dlt_only,0.8645833333333334,0.3439642474280894,1.0,0.0,15.662650602409633,96,96,0.01407497376203537,0.005590555742893673,nominal,96,4,5042,0.6,0.5,calibrated
Overall_Survival,dlt_only,10.690597206168823,1.779425762099106,10.991495814130841,1.0167800073389321,2.8146099058749527,96,96,0.01407497376203537,0.005590555742893673,nominal,96,4,5042,0.6,0.5,calibrated
all_constraints,dlt_only,0.6979166666666666,0.4615714956689105,0.9166666666666666,0.27783625115549687,31.343283582089555,96,96,0.01407497376203537,0.005590555742893673,nominal,96,4,5042,0.6,0.5,calibrated
Any_DLT,all_constraints,0.8541666666666666,0.35479176002615415,1.0,0.0,17.07317073170732,96,96,0.09568838278452556,0.14881544825602877,nominal,96,4,5042,0.6,0.5,calibrated
Blood,all_constraints,0.875,0.33245498310218435,1.0,0.0,14.285714285714286,96,96,0.09568838278452556,0.14881544825602877,nominal,96,4,5042,0.6,0.5,calibrated
Constitutional,all_constraints,0.8645833333333334,0.34396424742808945,0.9270833333333334,0.2613645031536837,7.228915662650602,96,96,0.09568838278452556,0.14881544825602877,nominal,96,4,5042,0.6,0.5,calibrated
Infection,all_constraints,0.8645833333333334,0.34396424742808945,1.0,0.0,15.662650602409633,96,96,0.09568838278452556,0.14881544825602877,nominal,96,4,5042,0.6,0.5,calibrated
Gastrointestinal,all_constraints,0.8645833333333334,0.3439642474280894,1.0,0.0,15.662650602409633,96,96,0.09568838278452556,0.14881544825602877,nominal,96,4,5042,0.6,0.5,calibrated
Overall_Survival,all_constraints,10.690597206168823,1.779425762099106,10.929097200549352,1.0546700802302018,2.230932377125824,96,96,0.09568838278452556,0.14881544825602877,nominal,96,4,5042,0.6,0.5,calibrated
all_constraints,all_constraints,0.6979166666666666,0.4615714956689105,0.9270833333333334,0.2613645031536837,32.8358208955224,96,96,0.09568838278452556,0.14881544825602877,nominal,96,4,5042,0.6,0.5,calibrated
Any_DLT,dlt_only,0.8541666666666666,0.35479176002615415,1.0,0.0,17.07317073170732,96,96,0.010928623378276825,0.0007316025836254337,robust_reg,96,4,5042,0.6,0.5,calibrated
Blood,dlt_only,0.875,0.33245498310218435,1.0,0.0,14.285714285714286,96,96,0.010928623378276825,0.0007316025836254337,robust_reg,96,4,5042,0.6,0.5,calibrated
Constitutional,dlt_only,0.8645833333333334,0.34396424742808945,0.90625,0.2930106877878258,4.81927710843373,96,96,0.010928623378276825,0.0007316025836254337,robust_reg,96,4,5042,0.6,0.5,calibrated
Infection,dlt_only,0.8645833333333334,0.34396424742808945,1.0,0.0,15.662650602409633,96,96,0.010928623378276825,0.0007316025836254337,robust_reg,96,4,5042,0.6,0.5,calibrated
Gastrointestinal,dlt_only,0.8645833333333334,0.3439642474280894,1.0,0.0,15.662650602409633,96,96,0.010928623378276825,0.0007316025836254337,robust_reg,96,4,5042,0.6,0.5,calibrated
Overall_Survival,dlt_only,10.690597206168823,1.779425762099106,10.998024342438649,1.0133304840149577,2.8756778535480763,96,96,0.010928623378276825,0.0007316025836254337,robust_reg,96,4,5042,0.6,0.5,calibrated
all_constraints,dlt_only,0.6979166666666666,0.4615714956689105,0.90625,0.2930106877878258,29.85074626865672,96,96,0.010928623378276825,0.0007316025836254337,robust_reg,96,4,5042,0.6,0.5,calibrated
Any_DLT,all_constraints,0.8541666666666666,0.35479176002615415,1.0,0.0,17.07317073170732,96,96,0.04630612830320994,0.04791866872912271,robust_reg,96,4,5042,0.6,0.5,calibrated
Blood,all_constraints,0.875,0.33245498310218435,1.0,0.0,14.285714285714286,96,96,0.04630612830320994,0.04791866872912271,robust_reg,96,4,5042,0.6,0.5,calibrated
Constitutional,all_constraints,0.8645833333333334,0.34396424742808945,0.90625,0.2930106877878258,4.81927710843373,96,96,0.04630612830320994,0.04791866872912271,robust_reg,96,4,5042,0.6,0.5,calibrated
Infection,all_constraints,0.8645833333333334,0.34396424742808945,1.0,0.0,15.662650602409633,96,96,0.04630612830320994,0.04791866872912271,robust_reg,96,4,5042,0.6,0.5,calibrated
Gastrointestinal,all_constraints,0.8645833333333334,0.3439642474280894,1.0,0.0,15.662650602409633,96,96,0.04630612830320994,0.04791866872912271,robust_reg,96,4,5042,0.6,0.5,calibrated
Overall_Survival,all_constraints,10.690597206168823,1.779425762099106,10.989118250554638,1.0336369402413301,2.7923701419931777,96,96,0.04630612830320994,0.04791866872912271,robust_reg,96,4,5042,0.6,0.5,calibrated
all_constraints,all_constraints,0.6979166666666666,0.4615714956689105,0.90625,0.2930106877878258,29.85074626865672,96,96,0.04630612830320994,0.04791866872912271,robust_reg,96,4,5042,0.6,0.5,calibrated
Any_DLT,dlt_only,0.8541666666666666,0.35479176002615415,1.0,0.0,17.07317073170732,96,96,0.115742822488149,0.123368852084117,cp,96,4,5042,0.6,0.5,calibrated
Blood,dlt_only,0.875,0.33245498310218435,1.0,0.0,14.285714285714286,96,96,0.115742822488149,0.123368852084117,cp,96,4,5042,0.6,0.5,calibrated
Constitutional,dlt_only,0.8645833333333334,0.34396424742808945,0.9479166666666666,0.22336148028967082,9.63855421686746,96,96,0.115742822488149,0.123368852084117,cp,96,4,5042,0.6,0.5,calibrated
Infection,dlt_only,0.8645833333333334,0.34396424742808945,1.0,0.0,15.662650602409633,96,96,0.115742822488149,0.123368852084117,cp,96,4,5042,0.6,0.5,calibrated
Gastrointestinal,dlt_only,0.8645833333333334,0.3439642474280894,1.0,0.0,15.662650602409633,96,96,0.115742822488149,0.123368852084117,cp,96,4,5042,0.6,0.5,calibrated
Overall_Survival,dlt_only,10.690597206168823,1.779425762099106,10.804632298582336,1.0690183586123878,1.0666858942895237,96,96,0.115742822488149,0.123368852084117,cp,96,4,5042,0.6,0.5,calibrated
all_constraints,dlt_only,0.6979166666666666,0.4615714956689105,0.9479166666666666,0.22336148028967082,35.820895522388064,96,96,0.115742822488149,0.123368852084117,cp,96,4,5042,0.6,0.5,calibrated
Any_DLT,all_constraints,0.8541666666666666,0.35479176002615415,1.0,0.0,17.07317073170732,96,96,0.6760521084070206,0.3845815995209047,cp,96,4,5042,0.6,0.5,calibrated
Blood,all_constraints,0.875,0.33245498310218435,1.0,0.0,14.285714285714286,96,96,0.6760521084070206,0.3845815995209047,cp,96,4,5042,0.6,0.5,calibrated
Constitutional,all_constraints,0.8645833333333334,0.34396424742808945,0.9479166666666666,0.22336148028967082,9.63855421686746,96,96,0.6760521084070206,0.3845815995209047,cp,96,4,5042,0.6,0.5,calibrated
Infection,all_constraints,0.8645833333333334,0.34396424742808945,1.0,0.0,15.662650602409633,96,96,0.6760521084070206,0.3845815995209047,cp,96,4,5042,0.6,0.5,calibrated
Gastrointestinal,all_constraints,0.8645833333333334,0.3439642474280894,1.0,0.0,15.662650602409633,96,96,0.6760521084070206,0.3845815995209047,cp,96,4,5042,0.6,0.5,calibrated
Overall_Survival,all_constraints,10.690597206168823,1.779425762099106,10.635695292606492,0.9691573030842164,-0.5135532889654711,96,96,0.6760521084070206,0.3845815995209047,cp,96,4,5042,0.6,0.5,calibrated
all_constraints,all_constraints,0.6979166666666666,0.4615714956689105,0.9479166666666666,0.22336148028967082,35.820895522388064,96,96,0.6760521084070206,0.3845815995209047,cp,96,4,5042,0.6,0.5,calibrated
Any_DLT,dlt_only,0.8526315789473684,0.3563533105934119,1.0,0.0,17.283950617283953,96,95,0.008631775776545206,0.0009926718053795698,nominal,96,5,6042,0.6,0.5,calibrated
Blood,dlt_only,0.8736842105263158,0.33396729560733096,1.0,0.0,14.457831325301198,96,95,0.008631775776545206,0.0009926718053795698,nominal,96,5,6042,0.6,0.5,calibrated
Constitutional,dlt_only,0.8631578947368421,0.34550383548659225,0.968421052631579,0.17580402404729137,12.19512195121951,96,95,0.008631775776545206,0.0009926718053795698,nominal,96,5,6042,0.6,0.5,calibrated
Infection,dlt_only,0.8631578947368421,0.3455038354865923,1.0,0.0,15.853658536585364,96,95,0.008631775776545206,0.0009926718053795698,nominal,96,5,6042,0.6,0.5,calibrated
Gastrointestinal,dlt_only,0.8631578947368421,0.3455038354865923,1.0,0.0,15.853658536585364,96,95,0.008631775776545206,0.0009926718053795698,nominal,96,5,6042,0.6,0.5,calibrated
Overall_Survival,dlt_only,10.692743200623422,1.7887408616809621,11.972816591722736,0.9819016020801629,11.971421805254634,96,95,0.008631775776545206,0.0009926718053795698,nominal,96,5,6042,0.6,0.5,calibrated
all_constraints,dlt_only,0.6947368421052632,0.462961884615724,0.968421052631579,0.17580402404729137,39.393939393939384,96,95,0.008631775776545206,0.0009926718053795698,nominal,96,5,6042,0.6,0.5,calibrated
Any_DLT,all_constraints,0.8541666666666666,0.35479176002615415,0.9895833333333334,0.10206207261596574,15.853658536585376,96,96,0.0381217896938324,0.02637367059437055,nominal,96,5,6042,0.6,0.5,calibrated
Blood,all_constraints,0.875,0.33245498310218435,0.9895833333333334,0.10206207261596574,13.0952380952381,96,96,0.0381217896938324,0.02637367059437055,nominal,96,5,6042,0.6,0.5,calibrated
Constitutional,all_constraints,0.8645833333333334,0.34396424742808945,0.9270833333333334,0.2613645031536837,7.228915662650602,96,96,0.0381217896938324,0.02637367059437055,nominal,96,5,6042,0.6,0.5,calibrated
Infection,all_constraints,0.8645833333333334,0.34396424742808945,1.0,0.0,15.662650602409633,96,96,0.0381217896938324,0.02637367059437055,nominal,96,5,6042,0.6,0.5,calibrated
Gastrointestinal,all_constraints,0.8645833333333334,0.3439642474280894,1.0,0.0,15.662650602409633,96,96,0.0381217896938324,0.02637367059437055,nominal,96,5,6042,0.6,0.5,calibrated
Overall_Survival,all_constraints,10.690597206168823,1.779425762099106,11.958598173740397,0.9617007090412867,11.860899284839727,96,96,0.0381217896938324,0.02637367059437055,nominal,96,5,6042,0.6,0.5,calibrated
all_constraints,all_constraints,0.6979166666666666,0.4615714956689105,0.9270833333333334,0.2613645031536837,32.8358208955224,96,96,0.0381217896938324,0.02637367059437055,nominal,96,5,6042,0.6,0.5,calibrated
Any_DLT,dlt_only,0.8526315789473684,0.3563533105934119,1.0,0.0,17.283950617283953,96,95,0.010229070981343588,0.0018102487363913327,robust_reg,96,5,6042,0.6,0.5,calibrated
Blood,dlt_only,0.8736842105263158,0.33396729560733096,1.0,0.0,14.457831325301198,96,95,0.010229070981343588,0.0018102487363913327,robust_reg,96,5,6042,0.6,0.5,calibrated
Constitutional,dlt_only,0.8631578947368421,0.34550383548659225,0.968421052631579,0.1758040240472914,12.19512195121951,96,95,0.010229070981343588,0.0018102487363913327,robust_reg,96,5,6042,0.6,0.5,calibrated
Infection,dlt_only,0.8631578947368421,0.3455038354865923,1.0,0.0,15.853658536585364,96,95,0.010229070981343588,0.0018102487363913327,robust_reg,96,5,6042,0.6,0.5,calibrated
Gastrointestinal,dlt_only,0.8631578947368421,0.3455038354865923,1.0,0.0,15.853658536585364,96,95,0.010229070981343588,0.0018102487363913327,robust_reg,96,5,6042,0.6,0.5,calibrated
Overall_Survival,dlt_only,10.692743200623422,1.7887408616809621,11.966150680831602,0.965903626716226,11.909081292945816,96,95,0.010229070981343588,0.0018102487363913327,robust_reg,96,5,6042,0.6,0.5,calibrated
all_constraints,dlt_only,0.6947368421052632,0.462961884615724,0.968421052631579,0.1758040240472914,39.393939393939384,96,95,0.010229070981343588,0.0018102487363913327,robust_reg,96,5,6042,0.6,0.5,calibrated
Any_DLT,all_constraints,0.8541666666666666,0.35479176002615415,1.0,0.0,17.07317073170732,96,96,0.04143125315507253,0.022109813116300326,robust_reg,96,5,6042,0.6,0.5,calibrated
Blood,all_constraints,0.875,0.33245498310218435,0.9895833333333334,0.10206207261596574,13.0952380952381,96,96,0.04143125315507253,0.022109813116300326,robust_reg,96,5,6042,0.6,0.5,calibrated
Constitutional,all_constraints,0.8645833333333334,0.34396424742808945,0.96875,0.17490598978639324,12.048192771084333,96,96,0.04143125315507253,0.022109813116300326,robust_reg,96,5,6042,0.6,0.5,calibrated
Infection,all_constraints,0.8645833333333334,0.34396424742808945,1.0,0.0,15.662650602409633,96,96,0.04143125315507253,0.022109813116300326,robust_reg,96,5,6042,0.6,0.5,calibrated
Gastrointestinal,all_constraints,0.8645833333333334,0.3439642474280894,1.0,0.0,15.662650602409633,96,96,0.04143125315507253,0.022109813116300326,robust_reg,96,5,6042,0.6,0.5,calibrated
Overall_Survival,all_constraints,10.690597206168823,1.779425762099106,11.955595410183049,0.966511170831696,11.832811391343798,96,96,0.04143125315507253,0.022109813116300326,robust_reg,96,5,6042,0.6,0.5,calibrated
all_constraints,all_constraints,0.6979166666666666,0.4615714956689105,0.9583333333333334,0.20087527770480487,37.31343283582091,96,96,0.04143125315507253,0.022109813116300326,robust_reg,96,5,6042,0.6,0.5,calibrated
Any_DLT,dlt_only,0.8526315789473684,0.3563533105934119,1.0,0.0,17.283950617283953,96,95,0.05813900132973989,0.014701715936395219,cp,95,5,6042,0.6,0.5,calibrated
Blood,dlt_only,0.8736842105263158,0.33396729560733096,1.0,0.0,14.457831325301198,96,95,0.05813900132973989,0.014701715936395219,cp,95,5,6042,0.6,0.5,calibrated
Constitutional,dlt_only,0.8631578947368421,0.34550383548659225,0.9157894736842105,0.27917652063748477,6.097560975609749,96,95,0.05813900132973989,0.014701715936395219,cp,95,5,6042,0.6,0.5,calibrated
Infection,dlt_only,0.8631578947368421,0.3455038354865923,1.0,0.0,15.853658536585364,96,95,0.05813900132973989,0.014701715936395219,cp,95,5,6042,0.6,0.5,calibrated
Gastrointestinal,dlt_only,0.8631578947368421,0.3455038354865923,1.0,0.0,15.853658536585364,96,95,0.05813900132973989,0.014701715936395219,cp,95,5,6042,0.6,0.5,calibrated
Overall_Survival,dlt_only,10.692743200623422,1.7887408616809621,11.922253278497573,1.0059627164882001,11.498546769574215,96,95,0.05813900132973989,0.014701715936395219,cp,95,5,6042,0.6,0.5,calibrated
all_constraints,dlt_only,0.6947368421052632,0.462961884615724,0.9157894736842105,0.27917652063748477,31.818181818181806,96,95,0.05813900132973989,0.014701715936395219,cp,95,5,6042,0.6,0.5,calibrated
Any_DLT,all_constraints,0.8541666666666666,0.35479176002615415,1.0,0.0,17.07317073170732,96,96,0.060711207489172615,0.02118770342344263,cp,96,5,6042,0.6,0.5,calibrated
Blood,all_constraints,0.875,0.33245498310218435,1.0,0.0,14.285714285714286,96,96,0.060711207489172615,0.02118770342344263,cp,96,5,6042,0.6,0.5,calibrated
Constitutional,all_constraints,0.8645833333333334,0.34396424742808945,0.9479166666666666,0.22336148028967082,9.63855421686746,96,96,0.060711207489172615,0.02118770342344263,cp,96,5,6042,0.6,0.5,calibrated
Infection,all_constraints,0.8645833333333334,0.34396424742808945,1.0,0.0,15.662650602409633,96,96,0.060711207489172615,0.02118770342344263,cp,96,5,6042,0.6,0.5,calibrated
Gastrointestinal,all_constraints,0.8645833333333334,0.3439642474280894,1.0,0.0,15.662650602409633,96,96,0.060711207489172615,0.02118770342344263,cp,96,5,6042,0.6,0.5,calibrated
Overall_Survival,all_constraints,10.690597206168823,1.779425762099106,11.927789025672046,1.038858645717681,11.572710070765025,96,96,0.060711207489172615,0.02118770342344263,cp,96,5,6042,0.6,0.5,calibrated
all_constraints,all_constraints,0.6979166666666666,0.4615714956689105,0.9479166666666666,0.22336148028967082,35.820895522388064,96,96,0.060711207489172615,0.02118770342344263,cp,96,5,6042,0.6,0.5,calibrated
Any_DLT,dlt_only,0.8494623655913979,0.35953582875036627,0.6129032258064516,0.48972614495725925,-27.848101265822784,96,93,0.012685634195804596,0.01280144505649854,nominal,96,6,7042,0.6,0.5,calibrated
Blood,dlt_only,0.8817204301075269,0.32468922819237606,0.22580645161290322,0.4203785110666575,-74.39024390243902,96,93,0.012685634195804596,0.01280144505649854,nominal,96,6,7042,0.6,0.5,calibrated
Constitutional,dlt_only,0.8709677419354839,0.3370526488229122,0.9032258064516129,0.29725249584033764,3.7037037037037006,96,93,0.012685634195804596,0.01280144505649854,nominal,96,6,7042,0.6,0.5,calibrated
Infection,dlt_only,0.8709677419354839,0.33705264882291225,0.34408602150537637,0.47764421122826245,-60.49382716049383,96,93,0.012685634195804596,0.01280144505649854,nominal,96,6,7042,0.6,0.5,calibrated
Gastrointestinal,dlt_only,0.8602150537634409,0.34864326633713344,0.989247311827957,0.10369516947304255,14.999999999999998,96,93,0.012685634195804596,0.01280144505649854,nominal,96,6,7042,0.6,0.5,calibrated
Overall_Survival,dlt_only,10.723112888852,1.7982054651714736,12.289313775621752,1.2661928490964982,14.605841633897283,96,93,0.012685634195804596,0.01280144505649854,nominal,96,6,7042,0.6,0.5,calibrated
all_constraints,dlt_only,0.6989247311827957,0.46121168950265595,0.1827956989247312,0.38859380153316303,-73.84615384615384,96,93,0.012685634195804596,0.01280144505649854,nominal,96,6,7042,0.6,0.5,calibrated
Any_DLT,all_constraints,0.8526315789473684,0.3563533105934119,0.7263157894736842,0.4482140745926371,-14.81481481481481,96,95,0.07891874760389328,0.04810796067552361,nominal,95,6,7042,0.6,0.5,calibrated
Blood,all_constraints,0.8736842105263158,0.33396729560733096,0.30526315789473685,0.46296188461572396,-65.0602409638554,96,95,0.07891874760389328,0.04810796067552361,nominal,95,6,7042,0.6,0.5,calibrated
Constitutional,all_constraints,0.8736842105263158,0.333967295607331,0.9789473684210527,0.1443214031708876,12.048192771084336,96,95,0.07891874760389328,0.04810796067552361,nominal,95,6,7042,0.6,0.5,calibrated
Infection,all_constraints,0.8736842105263158,0.333967295607331,0.4421052631578947,0.49927158587422754,-49.397590361445786,96,95,0.07891874760389328,0.04810796067552361,nominal,95,6,7042,0.6,0.5,calibrated
Gastrointestinal,all_constraints,0.8631578947368421,0.34550383548659225,1.0,0.0,15.853658536585364,96,95,0.07891874760389328,0.04810796067552361,nominal,95,6,7042,0.6,0.5,calibrated
Overall_Survival,all_constraints,10.6999871958255,1.7864730982355768,12.113773329748236,1.4581448155685701,13.212970333967421,96,95,0.07891874760389328,0.04810796067552361,nominal,95,6,7042,0.6,0.5,calibrated
all_constraints,all_constraints,0.7052631578947368,0.4583430892442982,0.25263157894736843,0.4368265893978148,-64.17910447761193,96,95,0.07891874760389328,0.04810796067552361,nominal,95,6,7042,0.6,0.5,calibrated
Any_DLT,dlt_only,0.8494623655913979,0.35953582875036627,0.6666666666666666,0.47395957755848783,-21.518987341772156,96,93,0.01309597740570704,0.012866252272818103,robust_reg,96,6,7042,0.6,0.5,calibrated
Blood,dlt_only,0.8817204301075269,0.32468922819237606,0.2903225806451613,0.4563714439036028,-67.07317073170731,96,93,0.01309597740570704,0.012866252272818103,robust_reg,96,6,7042,0.6,0.5,calibrated
Constitutional,dlt_only,0.8709677419354839,0.3370526488229122,0.9139784946236559,0.28191557395227324,4.938271604938267,96,93,0.01309597740570704,0.012866252272818103,robust_reg,96,6,7042,0.6,0.5,calibrated
Infection,dlt_only,0.8709677419354839,0.33705264882291225,0.3978494623655914,0.492106937526453,-54.32098765432099,96,93,0.01309597740570704,0.012866252272818103,robust_reg,96,6,7042,0.6,0.5,calibrated
Gastrointestinal,dlt_only,0.8602150537634409,0.34864326633713344,0.946236559139785,0.22677279367959727,10.000000000000004,96,93,0.01309597740570704,0.012866252272818103,robust_reg,96,6,7042,0.6,0.5,calibrated
Overall_Survival,dlt_only,10.723112888852,1.7982054651714736,12.364865519420007,1.1383901715279423,15.310410769570575,96,93,0.01309597740570704,0.012866252272818103,robust_reg,96,6,7042,0.6,0.5,calibrated
all_constraints,dlt_only,0.6989247311827957,0.46121168950265595,0.20430107526881722,0.4053752900211121,-70.76923076923076,96,93,0.01309597740570704,0.012866252272818103,robust_reg,96,6,7042,0.6,0.5,calibrated
Any_DLT,all_constraints,0.8526315789473684,0.3563533105934119,0.7578947368421053,0.43063015364384744,-11.111111111111105,96,95,0.06993293017148972,0.0382806494141462,robust_reg,96,6,7042,0.6,0.5,calibrated
Blood,all_constraints,0.8736842105263158,0.33396729560733096,0.3684210526315789,0.4849354328363279,-57.831325301204814,96,95,0.06993293017148972,0.0382806494141462,robust_reg,96,6,7042,0.6,0.5,calibrated
Constitutional,all_constraints,0.8736842105263158,0.333967295607331,0.968421052631579,0.1758040240472914,10.843373493975898,96,95,0.06993293017148972,0.0382806494141462,robust_reg,96,6,7042,0.6,0.5,calibrated
Infection,all_constraints,0.8736842105263158,0.333967295607331,0.4842105263157895,0.502401845917822,-44.578313253012055,96,95,0.06993293017148972,0.0382806494141462,robust_reg,96,6,7042,0.6,0.5,calibrated
Gastrointestinal,all_constraints,0.8631578947368421,0.34550383548659225,0.968421052631579,0.17580402404729137,12.19512195121951,96,95,0.06993293017148972,0.0382806494141462,robust_reg,96,6,7042,0.6,0.5,calibrated
Overall_Survival,all_constraints,10.6999871958255,1.7864730982355768,12.116386689830016,1.4020911039551256,13.237394289192334,96,95,0.06993293017148972,0.0382806494141462,robust_reg,96,6,7042,0.6,0.5,calibrated
all_constraints,all_constraints,0.7052631578947368,0.4583430892442982,0.28421052631578947,0.4534303740855228,-59.70149253731343,96,95,0.06993293017148972,0.0382806494141462,robust_reg,96,6,7042,0.6,0.5,calibrated
Any_DLT,dlt_only,0.8494623655913979,0.35953582875036627,0.989247311827957,0.10369516947304255,16.455696202531644,96,93,0.06693853437900543,0.05252695830212434,cp,93,6,7042,0.6,0.5,calibrated
Blood,dlt_only,0.8817204301075269,0.32468922819237606,0.8709677419354839,0.3370526488229122,-1.21951219512195,96,93,0.06693853437900543,0.05252695830212434,cp,93,6,7042,0.6,0.5,calibrated
Constitutional,dlt_only,0.8709677419354839,0.3370526488229122,0.989247311827957,0.10369516947304255,13.580246913580247,96,93,0.06693853437900543,0.05252695830212434,cp,93,6,7042,0.6,0.5,calibrated
Infection,dlt_only,0.8709677419354839,0.33705264882291225,0.978494623655914,0.14584794223227637,12.34567901234568,96,93,0.06693853437900543,0.05252695830212434,cp,93,6,7042,0.6,0.5,calibrated
Gastrointestinal,dlt_only,0.8602150537634409,0.34864326633713344,1.0,0.0,16.249999999999996,96,93,0.06693853437900543,0.05252695830212434,cp,93,6,7042,0.6,0.5,calibrated
Overall_Survival,dlt_only,10.723112888852,1.7982054651714736,10.7311048569181,1.3734994762445198,0.07453029870092627,96,93,0.06693853437900543,0.05252695830212434,cp,93,6,7042,0.6,0.5,calibrated
all_constraints,dlt_only,0.6989247311827957,0.46121168950265595,0.8709677419354839,0.3370526488229122,24.615384615384606,96,93,0.06693853437900543,0.05252695830212434,cp,93,6,7042,0.6,0.5,calibrated
Any_DLT,all_constraints,0.8526315789473684,0.3563533105934119,0.968421052631579,0.17580402404729137,13.58024691358025,96,95,0.10457577308019002,0.02739351116421295,cp,95,6,7042,0.6,0.5,calibrated
Blood,all_constraints,0.8736842105263158,0.33396729560733096,0.6421052631578947,0.4819241017687551,-26.506024096385545,96,95,0.10457577308019002,0.02739351116421295,cp,95,6,7042,0.6,0.5,calibrated
Constitutional,all_constraints,0.8736842105263158,0.333967295607331,0.9789473684210527,0.1443214031708876,12.048192771084336,96,95,0.10457577308019002,0.02739351116421295,cp,95,6,7042,0.6,0.5,calibrated
Infection,all_constraints,0.8736842105263158,0.333967295607331,0.7789473684210526,0.41715723267721977,-10.84337349397591,96,95,0.10457577308019002,0.02739351116421295,cp,95,6,7042,0.6,0.5,calibrated
Gastrointestinal,all_constraints,0.8631578947368421,0.34550383548659225,1.0,0.0,15.853658536585364,96,95,0.10457577308019002,0.02739351116421295,cp,95,6,7042,0.6,0.5,calibrated
Overall_Survival,all_constraints,10.6999871958255,1.7864730982355768,11.26373434031397,1.5496530151206893,5.268671206526406,96,95,0.10457577308019002,0.02739351116421295,cp,95,6,7042,0.6,0.5,calibrated
all_constraints,all_constraints,0.7052631578947368,0.4583430892442982,0.631578947368421,0.48493543283632795,-10.447761194029852,96,95,0.10457577308019002,0.02739351116421295,cp,95,6,7042,0.6,0.5,calibrated
Any_DLT,dlt_only,0.8541666666666666,0.35479176002615415,1.0,0.0,17.07317073170732,96,96,0.010906162361303965,0.001033237587020674,nominal,96,7,8042,0.6,0.5,calibrated
Blood,dlt_only,0.875,0.33245498310218435,1.0,0.0,14.285714285714286,96,96,0.010906162361303965,0.001033237587020674,nominal,96,7,8042,0.6,0.5,calibrated
Constitutional,dlt_only,0.8645833333333334,0.34396424742808945,0.9166666666666666,0.27783625115549687,6.02409638554216,96,96,0.010906162361303965,0.001033237587020674,nominal,96,7,8042,0.6,0.5,calibrated
Infection,dlt_only,0.8645833333333334,0.34396424742808945,1.0,0.0,15.662650602409633,96,96,0.010906162361303965,0.001033237587020674,nominal,96,7,8042,0.6,0.5,calibrated
Gastrointestinal,dlt_only,0.8645833333333334,0.3439642474280894,1.0,0.0,15.662650602409633,96,96,0.010906162361303965,0.001033237587020674,nominal,96,7,8042,0.6,0.5,calibrated
Overall_Survival,dlt_only,10.690597206168823,1.779425762099106,11.992224108393252,0.9740353829262507,12.175436761131996,96,96,0.010906162361303965,0.001033237587020674,nominal,96,7,8042,0.6,0.5,calibrated
all_constraints,dlt_only,0.6979166666666666,0.4615714956689105,0.9166666666666666,0.27783625115549687,31.343283582089555,96,96,0.010906162361303965,0.001033237587020674,nominal,96,7,8042,0.6,0.5,calibrated
Any_DLT,all_constraints,0.8631578947368421,0.34550383548659225,1.0,0.0,15.853658536585364,96,95,0.043393644193808235,0.023944972677264045,nominal,96,7,8042,0.6,0.5,calibrated
Blood,all_constraints,0.8736842105263158,0.33396729560733096,1.0,0.0,14.457831325301198,96,95,0.043393644193808235,0.023944972677264045,nominal,96,7,8042,0.6,0.5,calibrated
Constitutional,all_constraints,0.8736842105263158,0.333967295607331,0.9473684210526315,0.22448148540588725,8.433734939759024,96,95,0.043393644193808235,0.023944972677264045,nominal,96,7,8042,0.6,0.5,calibrated
Infection,all_constraints,0.8736842105263158,0.333967295607331,1.0,0.0,14.457831325301198,96,95,0.043393644193808235,0.023944972677264045,nominal,96,7,8042,0.6,0.5,calibrated
Gastrointestinal,all_constraints,0.8736842105263158,0.333967295607331,1.0,0.0,14.457831325301198,96,95,0.043393644193808235,0.023944972677264045,nominal,96,7,8042,0.6,0.5,calibrated
Overall_Survival,all_constraints,10.725087536752348,1.7563102885413053,11.848683962981788,1.0721284420099726,10.476338047397189,96,95,0.043393644193808235,0.023944972677264045,nominal,96,7,8042,0.6,0.5,calibrated
all_constraints,all_constraints,0.7052631578947368,0.4583430892442982,0.9473684210526315,0.22448148540588725,34.32835820895522,96,95,0.043393644193808235,0.023944972677264045,nominal,96,7,8042,0.6,0.5,calibrated
Any_DLT,dlt_only,0.8541666666666666,0.35479176002615415,1.0,0.0,17.07317073170732,96,96,0.011939607560634613,0.0008662202294766765,robust_reg,96,7,8042,0.6,0.5,calibrated
Blood,dlt_only,0.875,0.33245498310218435,1.0,0.0,14.285714285714286,96,96,0.011939607560634613,0.0008662202294766765,robust_reg,96,7,8042,0.6,0.5,calibrated
Constitutional,dlt_only,0.8645833333333334,0.34396424742808945,0.9166666666666666,0.27783625115549687,6.02409638554216,96,96,0.011939607560634613,0.0008662202294766765,robust_reg,96,7,8042,0.6,0.5,calibrated
Infection,dlt_only,0.8645833333333334,0.34396424742808945,1.0,0.0,15.662650602409633,96,96,0.011939607560634613,0.0008662202294766765,robust_reg,96,7,8042,0.6,0.5,calibrated
Gastrointestinal,dlt_only,0.8645833333333334,0.3439642474280894,1.0,0.0,15.662650602409633,96,96,0.011939607560634613,0.0008662202294766765,robust_reg,96,7,8042,0.6,0.5,calibrated
Overall_Survival,dlt_only,10.690597206168823,1.779425762099106,11.992224108393252,0.9740353829262507,12.175436761131996,96,96,0.011939607560634613,0.0008662202294766765,robust_reg,96,7,8042,0.6,0.5,calibrated
all_constraints,dlt_only,0.6979166666666666,0.4615714956689105,0.9166666666666666,0.27783625115549687,31.343283582089555,96,96,0.011939607560634613,0.0008662202294766765,robust_reg,96,7,8042,0.6,0.5,calibrated
Any_DLT,all_constraints,0.8631578947368421,0.34550383548659225,1.0,0.0,15.853658536585364,96,95,0.053146906197071075,0.05830160705431852,robust_reg,95,7,8042,0.6,0.5,calibrated
Blood,all_constraints,0.8736842105263158,0.33396729560733096,1.0,0.0,14.457831325301198,96,95,0.053146906197071075,0.05830160705431852,robust_reg,95,7,8042,0.6,0.5,calibrated
Constitutional,all_constraints,0.8736842105263158,0.333967295607331,0.9263157894736842,0.26264227200873946,6.024096385542162,96,95,0.053146906197071075,0.05830160705431852,robust_reg,95,7,8042,0.6,0.5,calibrated
Infection,all_constraints,0.8736842105263158,0.333967295607331,1.0,0.0,14.457831325301198,96,95,0.053146906197071075,0.05830160705431852,robust_reg,95,7,8042,0.6,0.5,calibrated
Gastrointestinal,all_constraints,0.8736842105263158,0.333967295607331,1.0,0.0,14.457831325301198,96,95,0.053146906197071075,0.05830160705431852,robust_reg,95,7,8042,0.6,0.5,calibrated
Overall_Survival,all_constraints,10.725087536752348,1.7563102885413053,11.836347969881619,1.0954097434473569,10.361318071495857,96,95,0.053146906197071075,0.05830160705431852,robust_reg,95,7,8042,0.6,0.5,calibrated
all_constraints,all_constraints,0.7052631578947368,0.4583430892442982,0.9263157894736842,0.26264227200873946,31.34328358208956,96,95,0.053146906197071075,0.05830160705431852,robust_reg,95,7,8042,0.6,0.5,calibrated
Any_DLT,dlt_only,0.8541666666666666,0.35479176002615415,1.0,0.0,17.07317073170732,96,96,0.016619086265563965,0.01977869650744577,cp,96,7,8042,0.6,0.5,calibrated
Blood,dlt_only,0.875,0.33245498310218435,0.9895833333333334,0.10206207261596575,13.0952380952381,96,96,0.016619086265563965,0.01977869650744577,cp,96,7,8042,0.6,0.5,calibrated
Constitutional,dlt_only,0.8645833333333334,0.34396424742808945,0.9375,0.2433321316961438,8.43373493975903,96,96,0.016619086265563965,0.01977869650744577,cp,96,7,8042,0.6,0.5,calibrated
Infection,dlt_only,0.8645833333333334,0.34396424742808945,0.9895833333333334,0.10206207261596575,14.457831325301203,96,96,0.016619086265563965,0.01977869650744577,cp,96,7,8042,0.6,0.5,calibrated
Gastrointestinal,dlt_only,0.8645833333333334,0.3439642474280894,1.0,0.0,15.662650602409633,96,96,0.016619086265563965,0.01977869650744577,cp,96,7,8042,0.6,0.5,calibrated
Overall_Survival,dlt_only,10.690597206168823,1.779425762099106,11.782374637953298,1.1093334723914,10.212501796948109,96,96,0.016619086265563965,0.01977869650744577,cp,96,7,8042,0.6,0.5,calibrated
all_constraints,dlt_only,0.6979166666666666,0.4615714956689105,0.9270833333333334,0.2613645031536837,32.8358208955224,96,96,0.016619086265563965,0.01977869650744577,cp,96,7,8042,0.6,0.5,calibrated
Any_DLT,all_constraints,0.8631578947368421,0.34550383548659225,1.0,0.0,15.853658536585364,96,95,0.052452266216278076,0.02226984736261956,cp,96,7,8042,0.6,0.5,calibrated
Blood,all_constraints,0.8736842105263158,0.33396729560733096,1.0,0.0,14.457831325301198,96,95,0.052452266216278076,0.02226984736261956,cp,96,7,8042,0.6,0.5,calibrated
Constitutional,all_constraints,0.8736842105263158,0.333967295607331,0.9473684210526315,0.22448148540588725,8.433734939759024,96,95,0.052452266216278076,0.02226984736261956,cp,96,7,8042,0.6,0.5,calibrated
Infection,all_constraints,0.8736842105263158,0.333967295607331,1.0,0.0,14.457831325301198,96,95,0.052452266216278076,0.02226984736261956,cp,96,7,8042,0.6,0.5,calibrated
Gastrointestinal,all_constraints,0.8736842105263158,0.333967295607331,1.0,0.0,14.457831325301198,96,95,0.052452266216278076,0.02226984736261956,cp,96,7,8042,0.6,0.5,calibrated
Overall_Survival,all_constraints,10.725087536752348,1.7563102885413053,11.848385119781254,1.0723938363301075,10.47355165335136,96,95,0.052452266216278076,0.02226984736261956,cp,96,7,8042,0.6,0.5,calibrated
all_constraints,all_constraints,0.7052631578947368,0.4583430892442982,0.9473684210526315,0.22448148540588725,34.32835820895522,96,95,0.052452266216278076,0.02226984736261956,cp,96,7,8042,0.6,0.5,calibrated
Any_DLT,dlt_only,0.851063829787234,0.3579345410363401,0.9893617021276596,0.10314212462587934,16.250000000000004,96,94,0.009036784370740255,0.001877161527538934,nominal,96,8,9042,0.6,0.5,calibrated
Blood,dlt_only,0.8723404255319149,0.3354997092507591,0.9893617021276596,0.10314212462587934,13.414634146341463,96,94,0.009036784370740255,0.001877161527538934,nominal,96,8,9042,0.6,0.5,calibrated
Constitutional,dlt_only,0.8617021276595744,0.3470633740209737,0.9574468085106383,0.20292981026189993,11.111111111111121,96,94,0.009036784370740255,0.001877161527538934,nominal,96,8,9042,0.6,0.5,calibrated
Infection,dlt_only,0.8617021276595744,0.3470633740209737,0.9893617021276596,0.10314212462587934,14.814814814814824,96,94,0.009036784370740255,0.001877161527538934,nominal,96,8,9042,0.6,0.5,calibrated
Gastrointestinal,dlt_only,0.8617021276595744,0.3470633740209737,1.0,0.0,16.049382716049386,96,94,0.009036784370740255,0.001877161527538934,nominal,96,8,9042,0.6,0.5,calibrated
Overall_Survival,dlt_only,10.713668852058001,1.7907616144176628,11.950371689220983,0.9769416982927429,11.543224400905597,96,94,0.009036784370740255,0.001877161527538934,nominal,96,8,9042,0.6,0.5,calibrated
all_constraints,dlt_only,0.6914893617021277,0.4643551603453689,0.9574468085106383,0.20292981026189993,38.46153846153846,96,94,0.009036784370740255,0.001877161527538934,nominal,96,8,9042,0.6,0.5,calibrated
Any_DLT,all_constraints,0.9036144578313253,0.29691330061333543,1.0,0.0,10.666666666666663,96,83,0.039872705936431885,0.030004169998414685,nominal,89,8,9042,0.6,0.5,calibrated
Blood,all_constraints,0.891566265060241,0.3128175729878781,1.0,0.0,12.162162162162165,96,83,0.039872705936431885,0.030004169998414685,nominal,89,8,9042,0.6,0.5,calibrated
Constitutional,all_constraints,0.9518072289156626,0.2154753371565183,1.0,0.0,5.063291139240512,96,83,0.039872705936431885,0.030004169998414685,nominal,89,8,9042,0.6,0.5,calibrated
Infection,all_constraints,0.9397590361445783,0.239379155844276,1.0,0.0,6.410256410256407,96,83,0.039872705936431885,0.030004169998414685,nominal,89,8,9042,0.6,0.5,calibrated
Gastrointestinal,all_constraints,0.9036144578313253,0.29691330061333543,0.9879518072289156,0.10976425998969035,9.333333333333327,96,83,0.039872705936431885,0.030004169998414685,nominal,89,8,9042,0.6,0.5,calibrated
Overall_Survival,all_constraints,10.843134967393205,1.7833103227259628,11.963010390018454,1.027673358377113,10.327967197612757,96,83,0.039872705936431885,0.030004169998414685,nominal,89,8,9042,0.6,0.5,calibrated
all_constraints,all_constraints,0.7951807228915663,0.4060228320078394,0.9879518072289156,0.10976425998969035,24.242424242424235,96,83,0.039872705936431885,0.030004169998414685,nominal,89,8,9042,0.6,0.5,calibrated
Any_DLT,dlt_only,0.851063829787234,0.3579345410363401,0.9893617021276596,0.10314212462587934,16.250000000000004,96,94,0.009713763991991678,0.0026212714204997467,robust_reg,96,8,9042,0.6,0.5,calibrated
Blood,dlt_only,0.8723404255319149,0.3354997092507591,0.9893617021276596,0.10314212462587934,13.414634146341463,96,94,0.009713763991991678,0.0026212714204997467,robust_reg,96,8,9042,0.6,0.5,calibrated
Constitutional,dlt_only,0.8617021276595744,0.3470633740209737,0.9361702127659575,0.24576020475855118,8.641975308641982,96,94,0.009713763991991678,0.0026212714204997467,robust_reg,96,8,9042,0.6,0.5,calibrated
Infection,dlt_only,0.8617021276595744,0.3470633740209737,0.9893617021276596,0.10314212462587934,14.814814814814824,96,94,0.009713763991991678,0.0026212714204997467,robust_reg,96,8,9042,0.6,0.5,calibrated
Gastrointestinal,dlt_only,0.8617021276595744,0.3470633740209737,1.0,0.0,16.049382716049386,96,94,0.009713763991991678,0.0026212714204997467,robust_reg,96,8,9042,0.6,0.5,calibrated
Overall_Survival,dlt_only,10.713668852058001,1.7907616144176628,11.9583237349675,0.9706395015592297,11.61744776786163,96,94,0.009713763991991678,0.0026212714204997467,robust_reg,96,8,9042,0.6,0.5,calibrated
all_constraints,dlt_only,0.6914893617021277,0.4643551603453689,0.9361702127659575,0.24576020475855118,35.38461538461538,96,94,0.009713763991991678,0.0026212714204997467,robust_reg,96,8,9042,0.6,0.5,calibrated
Any_DLT,all_constraints,0.9036144578313253,0.29691330061333543,1.0,0.0,10.666666666666663,96,83,0.03982153534889221,0.017169195660274614,robust_reg,94,8,9042,0.6,0.5,calibrated
Blood,all_constraints,0.891566265060241,0.3128175729878781,1.0,0.0,12.162162162162165,96,83,0.03982153534889221,0.017169195660274614,robust_reg,94,8,9042,0.6,0.5,calibrated
Constitutional,all_constraints,0.9518072289156626,0.2154753371565183,1.0,0.0,5.063291139240512,96,83,0.03982153534889221,0.017169195660274614,robust_reg,94,8,9042,0.6,0.5,calibrated
Infection,all_constraints,0.9397590361445783,0.239379155844276,1.0,0.0,6.410256410256407,96,83,0.03982153534889221,0.017169195660274614,robust_reg,94,8,9042,0.6,0.5,calibrated
Gastrointestinal,all_constraints,0.9036144578313253,0.29691330061333543,1.0,0.0,10.666666666666663,96,83,0.03982153534889221,0.017169195660274614,robust_reg,94,8,9042,0.6,0.5,calibrated
Overall_Survival,all_constraints,10.843134967393205,1.7833103227259628,11.957499832516703,1.0204475624134752,10.277146493837312,96,83,0.03982153534889221,0.017169195660274614,robust_reg,94,8,9042,0.6,0.5,calibrated
all_constraints,all_constraints,0.7951807228915663,0.4060228320078394,1.0,0.0,25.757575757575754,96,83,0.03982153534889221,0.017169195660274614,robust_reg,94,8,9042,0.6,0.5,calibrated
Any_DLT,dlt_only,0.851063829787234,0.3579345410363401,1.0,0.0,17.5,96,94,0.01804943134387334,0.007702359648774735,cp,94,8,9042,0.6,0.5,calibrated
Blood,dlt_only,0.8723404255319149,0.3354997092507591,1.0,0.0,14.63414634146341,96,94,0.01804943134387334,0.007702359648774735,cp,94,8,9042,0.6,0.5,calibrated
Constitutional,dlt_only,0.8617021276595744,0.3470633740209737,0.9574468085106383,0.2029298102618999,11.111111111111121,96,94,0.01804943134387334,0.007702359648774735,cp,94,8,9042,0.6,0.5,calibrated
Infection,dlt_only,0.8617021276595744,0.3470633740209737,1.0,0.0,16.049382716049386,96,94,0.01804943134387334,0.007702359648774735,cp,94,8,9042,0.6,0.5,calibrated
Gastrointestinal,dlt_only,0.8617021276595744,0.3470633740209737,1.0,0.0,16.049382716049386,96,94,0.01804943134387334,0.007702359648774735,cp,94,8,9042,0.6,0.5,calibrated
Overall_Survival,dlt_only,10.713668852058001,1.7907616144176628,11.852560739536539,1.0791512829821863,10.630269641568834,96,94,0.01804943134387334,0.007702359648774735,cp,94,8,9042,0.6,0.5,calibrated
all_constraints,dlt_only,0.6914893617021277,0.4643551603453689,0.9574468085106383,0.2029298102618999,38.46153846153846,96,94,0.01804943134387334,0.007702359648774735,cp,94,8,9042,0.6,0.5,calibrated
Any_DLT,all_constraints,0.9036144578313253,0.29691330061333543,1.0,0.0,10.666666666666663,96,83,0.0840345670779546,0.0334214715141452,cp,83,8,9042,0.6,0.5,calibrated
Blood,all_constraints,0.891566265060241,0.3128175729878781,1.0,0.0,12.162162162162165,96,83,0.0840345670779546,0.0334214715141452,cp,83,8,9042,0.6,0.5,calibrated
Constitutional,all_constraints,0.9518072289156626,0.2154753371565183,1.0,0.0,5.063291139240512,96,83,0.0840345670779546,0.0334214715141452,cp,83,8,9042,0.6,0.5,calibrated
Infection,all_constraints,0.9397590361445783,0.239379155844276,1.0,0.0,6.410256410256407,96,83,0.0840345670779546,0.0334214715141452,cp,83,8,9042,0.6,0.5,calibrated
Gastrointestinal,all_constraints,0.9036144578313253,0.29691330061333543,1.0,0.0,10.666666666666663,96,83,0.0840345670779546,0.0334214715141452,cp,83,8,9042,0.6,0.5,calibrated
Overall_Survival,all_constraints,10.843134967393205,1.7833103227259628,11.293105084373414,1.4306549253263794,4.149815697520421,96,83,0.0840345670779546,0.0334214715141452,cp,83,8,9042,0.6,0.5,calibrated
all_constraints,all_constraints,0.7951807228915663,0.4060228320078394,1.0,0.0,25.757575757575754,96,83,0.0840345670779546,0.0334214715141452,cp,83,8,9042,0.6,0.5,calibrated
Any_DLT,dlt_only,0.8526315789473684,0.3563533105934119,1.0,0.0,17.283950617283953,96,95,0.01316845417022705,0.00286697359508115,nominal,96,9,10042,0.6,0.5,calibrated
Blood,dlt_only,0.8736842105263158,0.33396729560733096,1.0,0.0,14.457831325301198,96,95,0.01316845417022705,0.00286697359508115,nominal,96,9,10042,0.6,0.5,calibrated
Constitutional,dlt_only,0.8736842105263158,0.333967295607331,0.9473684210526315,0.22448148540588725,8.433734939759024,96,95,0.01316845417022705,0.00286697359508115,nominal,96,9,10042,0.6,0.5,calibrated
Infection,dlt_only,0.8736842105263158,0.333967295607331,1.0,0.0,14.457831325301198,96,95,0.01316845417022705,0.00286697359508115,nominal,96,9,10042,0.6,0.5,calibrated
Gastrointestinal,dlt_only,0.8631578947368421,0.34550383548659225,1.0,0.0,15.853658536585364,96,95,0.01316845417022705,0.00286697359508115,nominal,96,9,10042,0.6,0.5,calibrated
Overall_Survival,dlt_only,10.6999871958255,1.7864730982355768,11.957708426787775,0.9740441435088383,11.754418093630647,96,95,0.01316845417022705,0.00286697359508115,nominal,96,9,10042,0.6,0.5,calibrated
all_constraints,dlt_only,0.7052631578947368,0.4583430892442982,0.9473684210526315,0.22448148540588725,34.32835820895522,96,95,0.01316845417022705,0.00286697359508115,nominal,96,9,10042,0.6,0.5,calibrated
Any_DLT,all_constraints,0.8636363636363636,0.345140923469373,1.0,0.0,15.789473684210524,96,88,0.05275710920492808,0.03924661018365165,nominal,96,9,10042,0.6,0.5,calibrated
Blood,all_constraints,0.875,0.3326141667278259,1.0,0.0,14.285714285714286,96,88,0.05275710920492808,0.03924661018365165,nominal,96,9,10042,0.6,0.5,calibrated
Constitutional,all_constraints,0.8863636363636364,0.3191878408444575,0.9318181818181818,0.25350211613320417,5.128205128205123,96,88,0.05275710920492808,0.03924661018365165,nominal,96,9,10042,0.6,0.5,calibrated
Infection,all_constraints,0.875,0.3326141667278259,1.0,0.0,14.285714285714286,96,88,0.05275710920492808,0.03924661018365165,nominal,96,9,10042,0.6,0.5,calibrated
Gastrointestinal,all_constraints,0.875,0.3326141667278259,1.0,0.0,14.285714285714286,96,88,0.05275710920492808,0.03924661018365165,nominal,96,9,10042,0.6,0.5,calibrated
Overall_Survival,all_constraints,10.809084376181206,1.7615419475371596,11.994261724354972,0.9695317295272655,10.964641471255531,96,88,0.05275710920492808,0.03924661018365165,nominal,96,9,10042,0.6,0.5,calibrated
all_constraints,all_constraints,0.7159090909090909,0.4535647728106717,0.9318181818181818,0.25350211613320417,30.158730158730148,96,88,0.05275710920492808,0.03924661018365165,nominal,96,9,10042,0.6,0.5,calibrated
Any_DLT,dlt_only,0.8526315789473684,0.3563533105934119,1.0,0.0,17.283950617283953,96,95,0.013359934091567993,0.002885699712853732,robust_reg,96,9,10042,0.6,0.5,calibrated
Blood,dlt_only,0.8736842105263158,0.33396729560733096,1.0,0.0,14.457831325301198,96,95,0.013359934091567993,0.002885699712853732,robust_reg,96,9,10042,0.6,0.5,calibrated
Constitutional,dlt_only,0.8736842105263158,0.333967295607331,0.9473684210526315,0.22448148540588725,8.433734939759024,96,95,0.013359934091567993,0.002885699712853732,robust_reg,96,9,10042,0.6,0.5,calibrated
Infection,dlt_only,0.8736842105263158,0.333967295607331,1.0,0.0,14.457831325301198,96,95,0.013359934091567993,0.002885699712853732,robust_reg,96,9,10042,0.6,0.5,calibrated
Gastrointestinal,dlt_only,0.8631578947368421,0.34550383548659225,1.0,0.0,15.853658536585364,96,95,0.013359934091567993,0.002885699712853732,robust_reg,96,9,10042,0.6,0.5,calibrated
Overall_Survival,dlt_only,10.6999871958255,1.7864730982355768,11.953366645695443,0.9732043052281218,11.713840651687295,96,95,0.013359934091567993,0.002885699712853732,robust_reg,96,9,10042,0.6,0.5,calibrated
all_constraints,dlt_only,0.7052631578947368,0.4583430892442982,0.9473684210526315,0.22448148540588725,34.32835820895522,96,95,0.013359934091567993,0.002885699712853732,robust_reg,96,9,10042,0.6,0.5,calibrated
Any_DLT,all_constraints,0.8636363636363636,0.345140923469373,1.0,0.0,15.789473684210524,96,88,0.08083382497231166,0.08934127038632114,robust_reg,96,9,10042,0.6,0.5,calibrated
Blood,all_constraints,0.875,0.3326141667278259,1.0,0.0,14.285714285714286,96,88,0.08083382497231166,0.08934127038632114,robust_reg,96,9,10042,0.6,0.5,calibrated
Constitutional,all_constraints,0.8863636363636364,0.3191878408444575,0.9318181818181818,0.25350211613320417,5.128205128205123,96,88,0.08083382497231166,0.08934127038632114,robust_reg,96,9,10042,0.6,0.5,calibrated
Infection,all_constraints,0.875,0.3326141667278259,1.0,0.0,14.285714285714286,96,88,0.08083382497231166,0.08934127038632114,robust_reg,96,9,10042,0.6,0.5,calibrated
Gastrointestinal,all_constraints,0.875,0.3326141667278259,1.0,0.0,14.285714285714286,96,88,0.08083382497231166,0.08934127038632114,robust_reg,96,9,10042,0.6,0.5,calibrated
Overall_Survival,all_constraints,10.809084376181206,1.7615419475371596,11.918394394194387,1.0009660821310098,10.262756579619694,96,88,0.08083382497231166,0.08934127038632114,robust_reg,96,9,10042,0.6,0.5,calibrated
all_constraints,all_constraints,0.7159090909090909,0.4535647728106717,0.9318181818181818,0.25350211613320417,30.158730158730148,96,88,0.08083382497231166,0.08934127038632114,robust_reg,96,9,10042,0.6,0.5,calibrated
Any_DLT,dlt_only,0.8526315789473684,0.3563533105934119,0.9894736842105263,0.10259783520851543,16.04938271604938,96,95,0.13961944232384363,0.1008358609480879,cp,95,9,10042,0.6,0.5,calibrated
Blood,dlt_only,0.8736842105263158,0.33396729560733096,0.9789473684210527,0.14432140317088757,12.048192771084336,96,95,0.13961944232384363,0.1008358609480879,cp,95,9,10042,0.6,0.5,calibrated
Constitutional,dlt_only,0.8736842105263158,0.333967295607331,0.9473684210526315,0.22448148540588725,8.433734939759024,96,95,0.13961944232384363,0.1008358609480879,cp,95,9,10042,0.6,0.5,calibrated
Infection,dlt_only,0.8736842105263158,0.333967295607331,0.9789473684210527,0.14432140317088757,12.048192771084336,96,95,0.13961944232384363,0.1008358609480879,cp,95,9,10042,0.6,0.5,calibrated
Gastrointestinal,dlt_only,0.8631578947368421,0.34550383548659225,1.0,0.0,15.853658536585364,96,95,0.13961944232384363,0.1008358609480879,cp,95,9,10042,0.6,0.5,calibrated
Overall_Survival,dlt_only,10.6999871958255,1.7864730982355768,11.666151871078814,1.1332345203326508,9.029587209508566,96,95,0.13961944232384363,0.1008358609480879,cp,95,9,10042,0.6,0.5,calibrated
all_constraints,dlt_only,0.7052631578947368,0.4583430892442982,0.9263157894736842,0.2626422720087394,31.34328358208956,96,95,0.13961944232384363,0.1008358609480879,cp,95,9,10042,0.6,0.5,calibrated
Any_DLT,all_constraints,0.8636363636363636,0.345140923469373,1.0,0.0,15.789473684210524,96,88,0.40284155557552975,0.3379207739469578,cp,88,9,10042,0.6,0.5,calibrated
Blood,all_constraints,0.875,0.3326141667278259,0.9886363636363636,0.10660035817780522,12.987012987012989,96,88,0.40284155557552975,0.3379207739469578,cp,88,9,10042,0.6,0.5,calibrated
Constitutional,all_constraints,0.8863636363636364,0.3191878408444575,0.9772727272727273,0.14988675627759449,10.256410256410259,96,88,0.40284155557552975,0.3379207739469578,cp,88,9,10042,0.6,0.5,calibrated
Infection,all_constraints,0.875,0.3326141667278259,1.0,0.0,14.285714285714286,96,88,0.40284155557552975,0.3379207739469578,cp,88,9,10042,0.6,0.5,calibrated
Gastrointestinal,all_constraints,0.875,0.3326141667278259,0.9886363636363636,0.10660035817780522,12.987012987012989,96,88,0.40284155557552975,0.3379207739469578,cp,88,9,10042,0.6,0.5,calibrated
Overall_Survival,all_constraints,10.809084376181206,1.7615419475371596,11.217323081376863,1.2277317589870143,3.776811161685889,96,88,0.40284155557552975,0.3379207739469578,cp,88,9,10042,0.6,0.5,calibrated
all_constraints,all_constraints,0.7159090909090909,0.4535647728106717,0.9545454545454546,0.20949259494173825,33.33333333333333,96,88,0.40284155557552975,0.3379207739469578,cp,88,9,10042,0.6,0.5,calibrated
Any_DLT,dlt_only,1.0,0.0,1.0,0.0,0.0,96,96,0.0176642710963885,0.012465084651211803,nominal,96,0,1042,0.7,0.5,calibrated
Blood,dlt_only,0.96875,0.17490598978639324,1.0,0.0,3.225806451612903,96,96,0.0176642710963885,0.012465084651211803,nominal,96,0,1042,0.7,0.5,calibrated
Constitutional,dlt_only,0.96875,0.17490598978639324,1.0,0.0,3.225806451612903,96,96,0.0176642710963885,0.012465084651211803,nominal,96,0,1042,0.7,0.5,calibrated
Infection,dlt_only,0.9895833333333334,0.10206207261596574,1.0,0.0,1.0526315789473646,96,96,0.0176642710963885,0.012465084651211803,nominal,96,0,1042,0.7,0.5,calibrated
Gastrointestinal,dlt_only,0.96875,0.17490598978639324,1.0,0.0,3.225806451612903,96,96,0.0176642710963885,0.012465084651211803,nominal,96,0,1042,0.7,0.5,calibrated
Overall_Survival,dlt_only,10.690597206168823,1.779425762099106,11.94812450417013,0.9642490522635561,11.762928429065427,96,96,0.0176642710963885,0.012465084651211803,nominal,96,0,1042,0.7,0.5,calibrated
all_constraints,dlt_only,0.90625,0.2930106877878258,1.0,0.0,10.344827586206897,96,96,0.0176642710963885,0.012465084651211803,nominal,96,0,1042,0.7,0.5,calibrated
Any_DLT,all_constraints,1.0,0.0,1.0,0.0,0.0,96,95,0.05833772073189417,0.007546147373172292,nominal,96,0,1042,0.7,0.5,calibrated
Blood,all_constraints,0.968421052631579,0.17580402404729137,1.0,0.0,3.26086956521739,96,95,0.05833772073189417,0.007546147373172292,nominal,96,0,1042,0.7,0.5,calibrated
Constitutional,all_constraints,0.9789473684210527,0.1443214031708876,1.0,0.0,2.1505376344085976,96,95,0.05833772073189417,0.007546147373172292,nominal,96,0,1042,0.7,0.5,calibrated
Infection,all_constraints,0.9894736842105263,0.10259783520851543,1.0,0.0,1.0638297872340459,96,95,0.05833772073189417,0.007546147373172292,nominal,96,0,1042,0.7,0.5,calibrated
Gastrointestinal,all_constraints,0.968421052631579,0.1758040240472914,1.0,0.0,3.26086956521739,96,95,0.05833772073189417,0.007546147373172292,nominal,96,0,1042,0.7,0.5,calibrated
Overall_Survival,all_constraints,10.725087536752348,1.7563102885413053,11.943666316431285,0.9775697746155325,11.361947168292613,96,95,0.05833772073189417,0.007546147373172292,nominal,96,0,1042,0.7,0.5,calibrated
all_constraints,all_constraints,0.9157894736842105,0.27917652063748477,1.0,0.0,9.195402298850581,96,95,0.05833772073189417,0.007546147373172292,nominal,96,0,1042,0.7,0.5,calibrated
Any_DLT,dlt_only,1.0,0.0,1.0,0.0,0.0,96,96,0.016136440138022106,0.003068631980707331,robust_reg,96,0,1042,0.7,0.5,calibrated
Blood,dlt_only,0.96875,0.17490598978639324,1.0,0.0,3.225806451612903,96,96,0.016136440138022106,0.003068631980707331,robust_reg,96,0,1042,0.7,0.5,calibrated
Constitutional,dlt_only,0.96875,0.17490598978639324,1.0,0.0,3.225806451612903,96,96,0.016136440138022106,0.003068631980707331,robust_reg,96,0,1042,0.7,0.5,calibrated
Infection,dlt_only,0.9895833333333334,0.10206207261596574,1.0,0.0,1.0526315789473646,96,96,0.016136440138022106,0.003068631980707331,robust_reg,96,0,1042,0.7,0.5,calibrated
Gastrointestinal,dlt_only,0.96875,0.17490598978639324,1.0,0.0,3.225806451612903,96,96,0.016136440138022106,0.003068631980707331,robust_reg,96,0,1042,0.7,0.5,calibrated
Overall_Survival,dlt_only,10.690597206168823,1.779425762099106,11.94812450417013,0.9642490522635561,11.762928429065427,96,96,0.016136440138022106,0.003068631980707331,robust_reg,96,0,1042,0.7,0.5,calibrated
all_constraints,dlt_only,0.90625,0.2930106877878258,1.0,0.0,10.344827586206897,96,96,0.016136440138022106,0.003068631980707331,robust_reg,96,0,1042,0.7,0.5,calibrated
Any_DLT,all_constraints,1.0,0.0,1.0,0.0,0.0,96,95,0.05535672108332316,0.022503703383314498,robust_reg,95,0,1042,0.7,0.5,calibrated
Blood,all_constraints,0.968421052631579,0.17580402404729137,1.0,0.0,3.26086956521739,96,95,0.05535672108332316,0.022503703383314498,robust_reg,95,0,1042,0.7,0.5,calibrated
Constitutional,all_constraints,0.9789473684210527,0.1443214031708876,1.0,0.0,2.1505376344085976,96,95,0.05535672108332316,0.022503703383314498,robust_reg,95,0,1042,0.7,0.5,calibrated
Infection,all_constraints,0.9894736842105263,0.10259783520851543,1.0,0.0,1.0638297872340459,96,95,0.05535672108332316,0.022503703383314498,robust_reg,95,0,1042,0.7,0.5,calibrated
Gastrointestinal,all_constraints,0.968421052631579,0.1758040240472914,1.0,0.0,3.26086956521739,96,95,0.05535672108332316,0.022503703383314498,robust_reg,95,0,1042,0.7,0.5,calibrated
Overall_Survival,all_constraints,10.725087536752348,1.7563102885413053,11.913618702319386,1.0122119580801228,11.081785220812625,96,95,0.05535672108332316,0.022503703383314498,robust_reg,95,0,1042,0.7,0.5,calibrated
all_constraints,all_constraints,0.9157894736842105,0.27917652063748477,1.0,0.0,9.195402298850581,96,95,0.05535672108332316,0.022503703383314498,robust_reg,95,0,1042,0.7,0.5,calibrated
Any_DLT,dlt_only,1.0,0.0,1.0,0.0,0.0,96,96,0.04000170280536016,0.00472155677609547,cp,96,0,1042,0.7,0.5,calibrated
Blood,dlt_only,0.96875,0.17490598978639324,1.0,0.0,3.225806451612903,96,96,0.04000170280536016,0.00472155677609547,cp,96,0,1042,0.7,0.5,calibrated
Constitutional,dlt_only,0.96875,0.17490598978639324,1.0,0.0,3.225806451612903,96,96,0.04000170280536016,0.00472155677609547,cp,96,0,1042,0.7,0.5,calibrated
Infection,dlt_only,0.9895833333333334,0.10206207261596574,1.0,0.0,1.0526315789473646,96,96,0.04000170280536016,0.00472155677609547,cp,96,0,1042,0.7,0.5,calibrated
Gastrointestinal,dlt_only,0.96875,0.17490598978639324,1.0,0.0,3.225806451612903,96,96,0.04000170280536016,0.00472155677609547,cp,96,0,1042,0.7,0.5,calibrated
Overall_Survival,dlt_only,10.690597206168823,1.779425762099106,11.899190527132447,1.1032606824647109,11.305199304171953,96,96,0.04000170280536016,0.00472155677609547,cp,96,0,1042,0.7,0.5,calibrated
all_constraints,dlt_only,0.90625,0.2930106877878258,1.0,0.0,10.344827586206897,96,96,0.04000170280536016,0.00472155677609547,cp,96,0,1042,0.7,0.5,calibrated
Any_DLT,all_constraints,1.0,0.0,1.0,0.0,0.0,96,95,0.10824698954820633,0.03283678760376054,cp,96,0,1042,0.7,0.5,calibrated
Blood,all_constraints,0.968421052631579,0.17580402404729137,1.0,0.0,3.26086956521739,96,95,0.10824698954820633,0.03283678760376054,cp,96,0,1042,0.7,0.5,calibrated
Constitutional,all_constraints,0.9789473684210527,0.1443214031708876,1.0,0.0,2.1505376344085976,96,95,0.10824698954820633,0.03283678760376054,cp,96,0,1042,0.7,0.5,calibrated
Infection,all_constraints,0.9894736842105263,0.10259783520851543,1.0,0.0,1.0638297872340459,96,95,0.10824698954820633,0.03283678760376054,cp,96,0,1042,0.7,0.5,calibrated
Gastrointestinal,all_constraints,0.968421052631579,0.1758040240472914,1.0,0.0,3.26086956521739,96,95,0.10824698954820633,0.03283678760376054,cp,96,0,1042,0.7,0.5,calibrated
Overall_Survival,all_constraints,10.725087536752348,1.7563102885413053,11.88478293129253,1.022202567799955,10.812922417333938,96,95,0.10824698954820633,0.03283678760376054,cp,96,0,1042,0.7,0.5,calibrated
all_constraints,all_constraints,0.9157894736842105,0.27917652063748477,1.0,0.0,9.195402298850581,96,95,0.10824698954820633,0.03283678760376054,cp,96,0,1042,0.7,0.5,calibrated
Any_DLT,dlt_only,1.0,0.0,1.0,0.0,0.0,96,96,0.016786699493726093,0.002235957334541417,nominal,96,1,2042,0.7,0.5,calibrated
Blood,dlt_only,0.96875,0.17490598978639324,1.0,0.0,3.225806451612903,96,96,0.016786699493726093,0.002235957334541417,nominal,96,1,2042,0.7,0.5,calibrated
Constitutional,dlt_only,0.96875,0.17490598978639324,1.0,0.0,3.225806451612903,96,96,0.016786699493726093,0.002235957334541417,nominal,96,1,2042,0.7,0.5,calibrated
Infection,dlt_only,0.9895833333333334,0.10206207261596574,1.0,0.0,1.0526315789473646,96,96,0.016786699493726093,0.002235957334541417,nominal,96,1,2042,0.7,0.5,calibrated
Gastrointestinal,dlt_only,0.96875,0.17490598978639324,1.0,0.0,3.225806451612903,96,96,0.016786699493726093,0.002235957334541417,nominal,96,1,2042,0.7,0.5,calibrated
Overall_Survival,dlt_only,10.690597206168823,1.779425762099106,11.94812450417013,0.9642490522635561,11.762928429065427,96,96,0.016786699493726093,0.002235957334541417,nominal,96,1,2042,0.7,0.5,calibrated
all_constraints,dlt_only,0.90625,0.2930106877878258,1.0,0.0,10.344827586206897,96,96,0.016786699493726093,0.002235957334541417,nominal,96,1,2042,0.7,0.5,calibrated
Any_DLT,all_constraints,1.0,0.0,1.0,0.0,0.0,96,95,0.057476334273815155,0.006988684881505685,nominal,96,1,2042,0.7,0.5,calibrated
Blood,all_constraints,0.968421052631579,0.17580402404729134,1.0,0.0,3.26086956521739,96,95,0.057476334273815155,0.006988684881505685,nominal,96,1,2042,0.7,0.5,calibrated
Constitutional,all_constraints,0.968421052631579,0.17580402404729137,1.0,0.0,3.26086956521739,96,95,0.057476334273815155,0.006988684881505685,nominal,96,1,2042,0.7,0.5,calibrated
Infection,all_constraints,0.9894736842105263,0.10259783520851543,1.0,0.0,1.0638297872340459,96,95,0.057476334273815155,0.006988684881505685,nominal,96,1,2042,0.7,0.5,calibrated
Gastrointestinal,all_constraints,0.9789473684210527,0.1443214031708876,1.0,0.0,2.1505376344085976,96,95,0.057476334273815155,0.006988684881505685,nominal,96,1,2042,0.7,0.5,calibrated
Overall_Survival,all_constraints,10.735931318339748,1.7322367987232548,11.982301781136737,0.9415046501145119,11.609337148681883,96,95,0.057476334273815155,0.006988684881505685,nominal,96,1,2042,0.7,0.5,calibrated
all_constraints,all_constraints,0.9157894736842105,0.27917652063748477,1.0,0.0,9.195402298850581,96,95,0.057476334273815155,0.006988684881505685,nominal,96,1,2042,0.7,0.5,calibrated
Any_DLT,dlt_only,1.0,0.0,1.0,0.0,0.0,96,96,0.015445483227570852,0.0020442354022053477,robust_reg,96,1,2042,0.7,0.5,calibrated
Blood,dlt_only,0.96875,0.17490598978639324,1.0,0.0,3.225806451612903,96,96,0.015445483227570852,0.0020442354022053477,robust_reg,96,1,2042,0.7,0.5,calibrated
Constitutional,dlt_only,0.96875,0.17490598978639324,1.0,0.0,3.225806451612903,96,96,0.015445483227570852,0.0020442354022053477,robust_reg,96,1,2042,0.7,0.5,calibrated
Infection,dlt_only,0.9895833333333334,0.10206207261596574,1.0,0.0,1.0526315789473646,96,96,0.015445483227570852,0.0020442354022053477,robust_reg,96,1,2042,0.7,0.5,calibrated
Gastrointestinal,dlt_only,0.96875,0.17490598978639324,1.0,0.0,3.225806451612903,96,96,0.015445483227570852,0.0020442354022053477,robust_reg,96,1,2042,0.7,0.5,calibrated
Overall_Survival,dlt_only,10.690597206168823,1.779425762099106,11.94812450417013,0.9642490522635561,11.762928429065427,96,96,0.015445483227570852,0.0020442354022053477,robust_reg,96,1,2042,0.7,0.5,calibrated
all_constraints,dlt_only,0.90625,0.2930106877878258,1.0,0.0,10.344827586206897,96,96,0.015445483227570852,0.0020442354022053477,robust_reg,96,1,2042,0.7,0.5,calibrated
Any_DLT,all_constraints,1.0,0.0,0.9894736842105263,0.10259783520851543,-1.0526315789473717,96,95,0.06277684619029363,0.0328594558339964,robust_reg,96,1,2042,0.7,0.5,calibrated
Blood,all_constraints,0.968421052631579,0.17580402404729134,1.0,0.0,3.26086956521739,96,95,0.06277684619029363,0.0328594558339964,robust_reg,96,1,2042,0.7,0.5,calibrated
Constitutional,all_constraints,0.968421052631579,0.17580402404729137,1.0,0.0,3.26086956521739,96,95,0.06277684619029363,0.0328594558339964,robust_reg,96,1,2042,0.7,0.5,calibrated
Infection,all_constraints,0.9894736842105263,0.10259783520851543,0.9894736842105263,0.10259783520851543,0.0,96,95,0.06277684619029363,0.0328594558339964,robust_reg,96,1,2042,0.7,0.5,calibrated
Gastrointestinal,all_constraints,0.9789473684210527,0.1443214031708876,1.0,0.0,2.1505376344085976,96,95,0.06277684619029363,0.0328594558339964,robust_reg,96,1,2042,0.7,0.5,calibrated
Overall_Survival,all_constraints,10.735931318339748,1.7322367987232548,11.955570642110992,0.9536326404108009,11.360349536586398,96,95,0.06277684619029363,0.0328594558339964,robust_reg,96,1,2042,0.7,0.5,calibrated
all_constraints,all_constraints,0.9157894736842105,0.27917652063748477,0.9894736842105263,0.10259783520851543,8.045977011494253,96,95,0.06277684619029363,0.0328594558339964,robust_reg,96,1,2042,0.7,0.5,calibrated
Any_DLT,dlt_only,1.0,0.0,1.0,0.0,0.0,96,96,0.019184728463490803,0.0030128479937856123,cp,96,1,2042,0.7,0.5,calibrated
Blood,dlt_only,0.96875,0.17490598978639324,1.0,0.0,3.225806451612903,96,96,0.019184728463490803,0.0030128479937856123,cp,96,1,2042,0.7,0.5,calibrated
Constitutional,dlt_only,0.96875,0.17490598978639324,1.0,0.0,3.225806451612903,96,96,0.019184728463490803,0.0030128479937856123,cp,96,1,2042,0.7,0.5,calibrated
Infection,dlt_only,0.9895833333333334,0.10206207261596574,1.0,0.0,1.0526315789473646,96,96,0.019184728463490803,0.0030128479937856123,cp,96,1,2042,0.7,0.5,calibrated
Gastrointestinal,dlt_only,0.96875,0.17490598978639324,1.0,0.0,3.225806451612903,96,96,0.019184728463490803,0.0030128479937856123,cp,96,1,2042,0.7,0.5,calibrated
Overall_Survival,dlt_only,10.690597206168823,1.779425762099106,11.94812450417013,0.9642490522635561,11.762928429065427,96,96,0.019184728463490803,0.0030128479937856123,cp,96,1,2042,0.7,0.5,calibrated
all_constraints,dlt_only,0.90625,0.2930106877878258,1.0,0.0,10.344827586206897,96,96,0.019184728463490803,0.0030128479937856123,cp,96,1,2042,0.7,0.5,calibrated
Any_DLT,all_constraints,1.0,0.0,0.968421052631579,0.1758040240472914,-3.157894736842104,96,95,0.028453576068083446,0.008098505241361518,cp,95,1,2042,0.7,0.5,calibrated
Blood,all_constraints,0.968421052631579,0.17580402404729134,1.0,0.0,3.26086956521739,96,95,0.028453576068083446,0.008098505241361518,cp,95,1,2042,0.7,0.5,calibrated
Constitutional,all_constraints,0.968421052631579,0.17580402404729137,1.0,0.0,3.26086956521739,96,95,0.028453576068083446,0.008098505241361518,cp,95,1,2042,0.7,0.5,calibrated
Infection,all_constraints,0.9894736842105263,0.10259783520851543,0.9789473684210527,0.1443214031708876,-1.0638297872340348,96,95,0.028453576068083446,0.008098505241361518,cp,95,1,2042,0.7,0.5,calibrated
Gastrointestinal,all_constraints,0.9789473684210527,0.1443214031708876,1.0,0.0,2.1505376344085976,96,95,0.028453576068083446,0.008098505241361518,cp,95,1,2042,0.7,0.5,calibrated
Overall_Survival,all_constraints,10.735931318339748,1.7322367987232548,11.85123972334205,1.0665654770087356,10.388557563674679,96,95,0.028453576068083446,0.008098505241361518,cp,95,1,2042,0.7,0.5,calibrated
all_constraints,all_constraints,0.9157894736842105,0.27917652063748477,0.968421052631579,0.1758040240472914,5.747126436781616,96,95,0.028453576068083446,0.008098505241361518,cp,95,1,2042,0.7,0.5,calibrated
Any_DLT,dlt_only,1.0,0.0,1.0,0.0,0.0,96,96,0.02693915863831838,0.029439732233125508,nominal,96,2,3042,0.7,0.5,calibrated
Blood,dlt_only,0.96875,0.17490598978639324,1.0,0.0,3.225806451612903,96,96,0.02693915863831838,0.029439732233125508,nominal,96,2,3042,0.7,0.5,calibrated
Constitutional,dlt_only,0.96875,0.17490598978639324,1.0,0.0,3.225806451612903,96,96,0.02693915863831838,0.029439732233125508,nominal,96,2,3042,0.7,0.5,calibrated
Infection,dlt_only,0.9895833333333334,0.10206207261596574,1.0,0.0,1.0526315789473646,96,96,0.02693915863831838,0.029439732233125508,nominal,96,2,3042,0.7,0.5,calibrated
Gastrointestinal,dlt_only,0.96875,0.17490598978639324,1.0,0.0,3.225806451612903,96,96,0.02693915863831838,0.029439732233125508,nominal,96,2,3042,0.7,0.5,calibrated
Overall_Survival,dlt_only,10.690597206168823,1.779425762099106,10.977629345942566,1.0192257895456684,2.684902763038494,96,96,0.02693915863831838,0.029439732233125508,nominal,96,2,3042,0.7,0.5,calibrated
all_constraints,dlt_only,0.90625,0.2930106877878258,1.0,0.0,10.344827586206897,96,96,0.02693915863831838,0.029439732233125508,nominal,96,2,3042,0.7,0.5,calibrated
Any_DLT,all_constraints,1.0,0.0,1.0,0.0,0.0,96,96,0.08865877737601598,0.04474842006319083,nominal,96,2,3042,0.7,0.5,calibrated
Blood,all_constraints,0.96875,0.17490598978639324,1.0,0.0,3.225806451612903,96,96,0.08865877737601598,0.04474842006319083,nominal,96,2,3042,0.7,0.5,calibrated
Constitutional,all_constraints,0.96875,0.17490598978639324,1.0,0.0,3.225806451612903,96,96,0.08865877737601598,0.04474842006319083,nominal,96,2,3042,0.7,0.5,calibrated
Infection,all_constraints,0.9895833333333334,0.10206207261596574,1.0,0.0,1.0526315789473646,96,96,0.08865877737601598,0.04474842006319083,nominal,96,2,3042,0.7,0.5,calibrated
Gastrointestinal,all_constraints,0.96875,0.17490598978639324,1.0,0.0,3.225806451612903,96,96,0.08865877737601598,0.04474842006319083,nominal,96,2,3042,0.7,0.5,calibrated
Overall_Survival,all_constraints,10.690597206168823,1.779425762099106,10.979489438285304,1.019120064564037,2.7023020935610695,96,96,0.08865877737601598,0.04474842006319083,nominal,96,2,3042,0.7,0.5,calibrated
all_constraints,all_constraints,0.90625,0.2930106877878258,1.0,0.0,10.344827586206897,96,96,0.08865877737601598,0.04474842006319083,nominal,96,2,3042,0.7,0.5,calibrated
Any_DLT,dlt_only,1.0,0.0,1.0,0.0,0.0,96,96,0.053818896412849426,0.041901833277623805,robust_reg,96,2,3042,0.7,0.5,calibrated
Blood,dlt_only,0.96875,0.17490598978639324,1.0,0.0,3.225806451612903,96,96,0.053818896412849426,0.041901833277623805,robust_reg,96,2,3042,0.7,0.5,calibrated
Constitutional,dlt_only,0.96875,0.17490598978639324,1.0,0.0,3.225806451612903,96,96,0.053818896412849426,0.041901833277623805,robust_reg,96,2,3042,0.7,0.5,calibrated
Infection,dlt_only,0.9895833333333334,0.10206207261596574,1.0,0.0,1.0526315789473646,96,96,0.053818896412849426,0.041901833277623805,robust_reg,96,2,3042,0.7,0.5,calibrated
Gastrointestinal,dlt_only,0.96875,0.17490598978639324,1.0,0.0,3.225806451612903,96,96,0.053818896412849426,0.041901833277623805,robust_reg,96,2,3042,0.7,0.5,calibrated
Overall_Survival,dlt_only,10.690597206168823,1.779425762099106,10.977629345932892,1.0192257895316907,2.6849027629480027,96,96,0.053818896412849426,0.041901833277623805,robust_reg,96,2,3042,0.7,0.5,calibrated
all_constraints,dlt_only,0.90625,0.2930106877878258,1.0,0.0,10.344827586206897,96,96,0.053818896412849426,0.041901833277623805,robust_reg,96,2,3042,0.7,0.5,calibrated
Any_DLT,all_constraints,1.0,0.0,1.0,0.0,0.0,96,96,0.07765308767557144,0.03610553138187247,robust_reg,96,2,3042,0.7,0.5,calibrated
Blood,all_constraints,0.96875,0.17490598978639324,1.0,0.0,3.225806451612903,96,96,0.07765308767557144,0.03610553138187247,robust_reg,96,2,3042,0.7,0.5,calibrated
Constitutional,all_constraints,0.96875,0.17490598978639324,1.0,0.0,3.225806451612903,96,96,0.07765308767557144,0.03610553138187247,robust_reg,96,2,3042,0.7,0.5,calibrated
Infection,all_constraints,0.9895833333333334,0.10206207261596574,1.0,0.0,1.0526315789473646,96,96,0.07765308767557144,0.03610553138187247,robust_reg,96,2,3042,0.7,0.5,calibrated
Gastrointestinal,all_constraints,0.96875,0.17490598978639324,1.0,0.0,3.225806451612903,96,96,0.07765308767557144,0.03610553138187247,robust_reg,96,2,3042,0.7,0.5,calibrated
Overall_Survival,all_constraints,10.690597206168823,1.779425762099106,10.980657788860524,1.019082541248248,2.713230861642857,96,96,0.07765308767557144,0.03610553138187247,robust_reg,96,2,3042,0.7,0.5,calibrated
all_constraints,all_constraints,0.90625,0.2930106877878258,1.0,0.0,10.344827586206897,96,96,0.07765308767557144,0.03610553138187247,robust_reg,96,2,3042,0.7,0.5,calibrated
Any_DLT,dlt_only,1.0,0.0,1.0,0.0,0.0,96,96,0.14316140860319138,0.06403165547253259,cp,96,2,3042,0.7,0.5,calibrated
Blood,dlt_only,0.96875,0.17490598978639324,1.0,0.0,3.225806451612903,96,96,0.14316140860319138,0.06403165547253259,cp,96,2,3042,0.7,0.5,calibrated
Constitutional,dlt_only,0.96875,0.17490598978639324,1.0,0.0,3.225806451612903,96,96,0.14316140860319138,0.06403165547253259,cp,96,2,3042,0.7,0.5,calibrated
Infection,dlt_only,0.9895833333333334,0.10206207261596574,1.0,0.0,1.0526315789473646,96,96,0.14316140860319138,0.06403165547253259,cp,96,2,3042,0.7,0.5,calibrated
Gastrointestinal,dlt_only,0.96875,0.17490598978639324,1.0,0.0,3.225806451612903,96,96,0.14316140860319138,0.06403165547253259,cp,96,2,3042,0.7,0.5,calibrated
Overall_Survival,dlt_only,10.690597206168823,1.779425762099106,11.007586550928373,1.0397588326218807,2.9651228892679358,96,96,0.14316140860319138,0.06403165547253259,cp,96,2,3042,0.7,0.5,calibrated
all_constraints,dlt_only,0.90625,0.2930106877878258,1.0,0.0,10.344827586206897,96,96,0.14316140860319138,0.06403165547253259,cp,96,2,3042,0.7,0.5,calibrated
Any_DLT,all_constraints,1.0,0.0,1.0,0.0,0.0,96,96,0.08873450507720311,0.04377906257532116,cp,96,2,3042,0.7,0.5,calibrated
Blood,all_constraints,0.96875,0.17490598978639324,1.0,0.0,3.225806451612903,96,96,0.08873450507720311,0.04377906257532116,cp,96,2,3042,0.7,0.5,calibrated
Constitutional,all_constraints,0.96875,0.17490598978639324,1.0,0.0,3.225806451612903,96,96,0.08873450507720311,0.04377906257532116,cp,96,2,3042,0.7,0.5,calibrated
Infection,all_constraints,0.9895833333333334,0.10206207261596574,1.0,0.0,1.0526315789473646,96,96,0.08873450507720311,0.04377906257532116,cp,96,2,3042,0.7,0.5,calibrated
Gastrointestinal,all_constraints,0.96875,0.17490598978639324,1.0,0.0,3.225806451612903,96,96,0.08873450507720311,0.04377906257532116,cp,96,2,3042,0.7,0.5,calibrated
Overall_Survival,all_constraints,10.690597206168823,1.779425762099106,10.966747103440701,1.0380891917216188,2.583110110186649,96,96,0.08873450507720311,0.04377906257532116,cp,96,2,3042,0.7,0.5,calibrated
all_constraints,all_constraints,0.90625,0.2930106877878258,1.0,0.0,10.344827586206897,96,96,0.08873450507720311,0.04377906257532116,cp,96,2,3042,0.7,0.5,calibrated
Any_DLT,dlt_only,1.0,0.0,1.0,0.0,0.0,96,96,0.011590297023455301,0.00448520820871519,nominal,96,3,4042,0.7,0.5,calibrated
Blood,dlt_only,0.96875,0.17490598978639324,0.9895833333333334,0.10206207261596575,2.150537634408606,96,96,0.011590297023455301,0.00448520820871519,nominal,96,3,4042,0.7,0.5,calibrated
Constitutional,dlt_only,0.96875,0.17490598978639324,1.0,0.0,3.225806451612903,96,96,0.011590297023455301,0.00448520820871519,nominal,96,3,4042,0.7,0.5,calibrated
Infection,dlt_only,0.9895833333333334,0.10206207261596574,0.9895833333333334,0.10206207261596575,0.0,96,96,0.011590297023455301,0.00448520820871519,nominal,96,3,4042,0.7,0.5,calibrated
Gastrointestinal,dlt_only,0.96875,0.17490598978639324,1.0,0.0,3.225806451612903,96,96,0.011590297023455301,0.00448520820871519,nominal,96,3,4042,0.7,0.5,calibrated
Overall_Survival,dlt_only,10.690597206168823,1.779425762099106,12.565852994110154,0.9783598982334869,17.54116960705663,96,96,0.011590297023455301,0.00448520820871519,nominal,96,3,4042,0.7,0.5,calibrated
all_constraints,dlt_only,0.90625,0.2930106877878258,0.9791666666666666,0.14357588616379596,8.045977011494248,96,96,0.011590297023455301,0.00448520820871519,nominal,96,3,4042,0.7,0.5,calibrated
Any_DLT,all_constraints,1.0,0.0,1.0,0.0,0.0,96,96,0.037191214660803475,0.011813903604195798,nominal,96,3,4042,0.7,0.5,calibrated
Blood,all_constraints,0.96875,0.17490598978639324,0.9791666666666666,0.143575886163796,1.0752688172042972,96,96,0.037191214660803475,0.011813903604195798,nominal,96,3,4042,0.7,0.5,calibrated
Constitutional,all_constraints,0.96875,0.17490598978639324,1.0,0.0,3.225806451612903,96,96,0.037191214660803475,0.011813903604195798,nominal,96,3,4042,0.7,0.5,calibrated
Infection,all_constraints,0.9895833333333334,0.10206207261596574,0.9895833333333334,0.10206207261596575,0.0,96,96,0.037191214660803475,0.011813903604195798,nominal,96,3,4042,0.7,0.5,calibrated
Gastrointestinal,all_constraints,0.96875,0.17490598978639324,1.0,0.0,3.225806451612903,96,96,0.037191214660803475,0.011813903604195798,nominal,96,3,4042,0.7,0.5,calibrated
Overall_Survival,all_constraints,10.690597206168823,1.779425762099106,12.532316252066053,0.9951660523846071,17.227466439709264,96,96,0.037191214660803475,0.011813903604195798,nominal,96,3,4042,0.7,0.5,calibrated
all_constraints,all_constraints,0.90625,0.2930106877878258,0.96875,0.17490598978639324,6.896551724137931,96,96,0.037191214660803475,0.011813903604195798,nominal,96,3,4042,0.7,0.5,calibrated
Any_DLT,dlt_only,1.0,0.0,0.9895833333333334,0.10206207261596574,-1.041666666666663,96,96,0.010420501232147217,0.0027440816472748177,robust_reg,96,3,4042,0.7,0.5,calibrated
Blood,dlt_only,0.96875,0.17490598978639324,0.9270833333333334,0.2613645031536837,-4.3010752688172,96,96,0.010420501232147217,0.0027440816472748177,robust_reg,96,3,4042,0.7,0.5,calibrated
Constitutional,dlt_only,0.96875,0.17490598978639324,1.0,0.0,3.225806451612903,96,96,0.010420501232147217,0.0027440816472748177,robust_reg,96,3,4042,0.7,0.5,calibrated
Infection,dlt_only,0.9895833333333334,0.10206207261596574,0.90625,0.2930106877878258,-8.42105263157895,96,96,0.010420501232147217,0.0027440816472748177,robust_reg,96,3,4042,0.7,0.5,calibrated
Gastrointestinal,dlt_only,0.96875,0.17490598978639324,1.0,0.0,3.225806451612903,96,96,0.010420501232147217,0.0027440816472748177,robust_reg,96,3,4042,0.7,0.5,calibrated
Overall_Survival,dlt_only,10.690597206168823,1.779425762099106,12.4628796216307,0.9621786877164419,16.57795520010063,96,96,0.010420501232147217,0.0027440816472748177,robust_reg,96,3,4042,0.7,0.5,calibrated
all_constraints,dlt_only,0.90625,0.2930106877878258,0.8333333333333334,0.3746343246326776,-8.045977011494248,96,96,0.010420501232147217,0.0027440816472748177,robust_reg,96,3,4042,0.7,0.5,calibrated
Any_DLT,all_constraints,1.0,0.0,0.9791666666666666,0.143575886163796,-2.083333333333337,96,96,0.04046405106782913,0.021095586633858607,robust_reg,96,3,4042,0.7,0.5,calibrated
Blood,all_constraints,0.96875,0.17490598978639324,0.875,0.33245498310218435,-9.67741935483871,96,96,0.04046405106782913,0.021095586633858607,robust_reg,96,3,4042,0.7,0.5,calibrated
Constitutional,all_constraints,0.96875,0.17490598978639324,1.0,0.0,3.225806451612903,96,96,0.04046405106782913,0.021095586633858607,robust_reg,96,3,4042,0.7,0.5,calibrated
Infection,all_constraints,0.9895833333333334,0.10206207261596574,0.90625,0.2930106877878258,-8.42105263157895,96,96,0.04046405106782913,0.021095586633858607,robust_reg,96,3,4042,0.7,0.5,calibrated
Gastrointestinal,all_constraints,0.96875,0.17490598978639324,1.0,0.0,3.225806451612903,96,96,0.04046405106782913,0.021095586633858607,robust_reg,96,3,4042,0.7,0.5,calibrated
Overall_Survival,all_constraints,10.690597206168823,1.779425762099106,12.409828791195698,1.0739599454419324,16.081716969327243,96,96,0.04046405106782913,0.021095586633858607,robust_reg,96,3,4042,0.7,0.5,calibrated
all_constraints,all_constraints,0.90625,0.2930106877878258,0.78125,0.41556872887773044,-13.793103448275861,96,96,0.04046405106782913,0.021095586633858607,robust_reg,96,3,4042,0.7,0.5,calibrated
Any_DLT,dlt_only,1.0,0.0,1.0,0.0,0.0,96,96,0.04540398716926575,0.017159312259529266,cp,96,3,4042,0.7,0.5,calibrated
Blood,dlt_only,0.96875,0.17490598978639324,0.9583333333333334,0.2008752777048049,-1.0752688172042972,96,96,0.04540398716926575,0.017159312259529266,cp,96,3,4042,0.7,0.5,calibrated
Constitutional,dlt_only,0.96875,0.17490598978639324,1.0,0.0,3.225806451612903,96,96,0.04540398716926575,0.017159312259529266,cp,96,3,4042,0.7,0.5,calibrated
Infection,dlt_only,0.9895833333333334,0.10206207261596574,0.9270833333333334,0.2613645031536837,-6.315789473684211,96,96,0.04540398716926575,0.017159312259529266,cp,96,3,4042,0.7,0.5,calibrated
Gastrointestinal,dlt_only,0.96875,0.17490598978639324,1.0,0.0,3.225806451612903,96,96,0.04540398716926575,0.017159312259529266,cp,96,3,4042,0.7,0.5,calibrated
Overall_Survival,dlt_only,10.690597206168823,1.779425762099106,12.462762037089439,1.1135404988006503,16.57685531261078,96,96,0.04540398716926575,0.017159312259529266,cp,96,3,4042,0.7,0.5,calibrated
all_constraints,dlt_only,0.90625,0.2930106877878258,0.8854166666666666,0.320190458671962,-2.298850574712648,96,96,0.04540398716926575,0.017159312259529266,cp,96,3,4042,0.7,0.5,calibrated
Any_DLT,all_constraints,1.0,0.0,0.9895833333333334,0.10206207261596574,-1.041666666666663,96,96,0.04163177311420441,0.0465309089203188,cp,96,3,4042,0.7,0.5,calibrated
Blood,all_constraints,0.96875,0.17490598978639324,0.9895833333333334,0.10206207261596575,2.150537634408606,96,96,0.04163177311420441,0.0465309089203188,cp,96,3,4042,0.7,0.5,calibrated
Constitutional,all_constraints,0.96875,0.17490598978639324,0.9895833333333334,0.10206207261596574,2.150537634408606,96,96,0.04163177311420441,0.0465309089203188,cp,96,3,4042,0.7,0.5,calibrated
Infection,all_constraints,0.9895833333333334,0.10206207261596574,0.9791666666666666,0.14357588616379596,-1.052631578947376,96,96,0.04163177311420441,0.0465309089203188,cp,96,3,4042,0.7,0.5,calibrated
Gastrointestinal,all_constraints,0.96875,0.17490598978639324,1.0,0.0,3.225806451612903,96,96,0.04163177311420441,0.0465309089203188,cp,96,3,4042,0.7,0.5,calibrated
Overall_Survival,all_constraints,10.690597206168823,1.779425762099106,12.514491798385736,1.11073537096459,17.060736243663417,96,96,0.04163177311420441,0.0465309089203188,cp,96,3,4042,0.7,0.5,calibrated
all_constraints,all_constraints,0.90625,0.2930106877878258,0.9479166666666666,0.22336148028967082,4.597701149425283,96,96,0.04163177311420441,0.0465309089203188,cp,96,3,4042,0.7,0.5,calibrated
Any_DLT,dlt_only,1.0,0.0,1.0,0.0,0.0,96,96,0.011614938577016195,0.0010597984662874,nominal,96,4,5042,0.7,0.5,calibrated
Blood,dlt_only,0.96875,0.17490598978639324,1.0,0.0,3.225806451612903,96,96,0.011614938577016195,0.0010597984662874,nominal,96,4,5042,0.7,0.5,calibrated
Constitutional,dlt_only,0.96875,0.17490598978639324,1.0,0.0,3.225806451612903,96,96,0.011614938577016195,0.0010597984662874,nominal,96,4,5042,0.7,0.5,calibrated
Infection,dlt_only,0.9895833333333334,0.10206207261596574,1.0,0.0,1.0526315789473646,96,96,0.011614938577016195,0.0010597984662874,nominal,96,4,5042,0.7,0.5,calibrated
Gastrointestinal,dlt_only,0.96875,0.17490598978639324,1.0,0.0,3.225806451612903,96,96,0.011614938577016195,0.0010597984662874,nominal,96,4,5042,0.7,0.5,calibrated
Overall_Survival,dlt_only,10.690597206168823,1.779425762099106,10.998024342438649,1.0133304840149577,2.8756778535480763,96,96,0.011614938577016195,0.0010597984662874,nominal,96,4,5042,0.7,0.5,calibrated
all_constraints,dlt_only,0.90625,0.2930106877878258,1.0,0.0,10.344827586206897,96,96,0.011614938577016195,0.0010597984662874,nominal,96,4,5042,0.7,0.5,calibrated
Any_DLT,all_constraints,1.0,0.0,1.0,0.0,0.0,96,96,0.05114515870809555,0.07764109093147113,nominal,96,4,5042,0.7,0.5,calibrated
Blood,all_constraints,0.96875,0.17490598978639324,1.0,0.0,3.225806451612903,96,96,0.05114515870809555,0.07764109093147113,nominal,96,4,5042,0.7,0.5,calibrated
Constitutional,all_constraints,0.96875,0.17490598978639324,1.0,0.0,3.225806451612903,96,96,0.05114515870809555,0.07764109093147113,nominal,96,4,5042,0.7,0.5,calibrated
Infection,all_constraints,0.9895833333333334,0.10206207261596574,1.0,0.0,1.0526315789473646,96,96,0.05114515870809555,0.07764109093147113,nominal,96,4,5042,0.7,0.5,calibrated
Gastrointestinal,all_constraints,0.96875,0.17490598978639324,1.0,0.0,3.225806451612903,96,96,0.05114515870809555,0.07764109093147113,nominal,96,4,5042,0.7,0.5,calibrated
Overall_Survival,all_constraints,10.690597206168823,1.779425762099106,10.98992480255806,1.0287341317484027,2.799914641031605,96,96,0.05114515870809555,0.07764109093147113,nominal,96,4,5042,0.7,0.5,calibrated
all_constraints,all_constraints,0.90625,0.2930106877878258,1.0,0.0,10.344827586206897,96,96,0.05114515870809555,0.07764109093147113,nominal,96,4,5042,0.7,0.5,calibrated
Any_DLT,dlt_only,1.0,0.0,1.0,0.0,0.0,96,96,0.010871010522047678,0.0007134628617530664,robust_reg,96,4,5042,0.7,0.5,calibrated
Blood,dlt_only,0.96875,0.17490598978639324,1.0,0.0,3.225806451612903,96,96,0.010871010522047678,0.0007134628617530664,robust_reg,96,4,5042,0.7,0.5,calibrated
Constitutional,dlt_only,0.96875,0.17490598978639324,1.0,0.0,3.225806451612903,96,96,0.010871010522047678,0.0007134628617530664,robust_reg,96,4,5042,0.7,0.5,calibrated
Infection,dlt_only,0.9895833333333334,0.10206207261596574,1.0,0.0,1.0526315789473646,96,96,0.010871010522047678,0.0007134628617530664,robust_reg,96,4,5042,0.7,0.5,calibrated
Gastrointestinal,dlt_only,0.96875,0.17490598978639324,1.0,0.0,3.225806451612903,96,96,0.010871010522047678,0.0007134628617530664,robust_reg,96,4,5042,0.7,0.5,calibrated
Overall_Survival,dlt_only,10.690597206168823,1.779425762099106,10.998024342438649,1.0133304840149577,2.8756778535480763,96,96,0.010871010522047678,0.0007134628617530664,robust_reg,96,4,5042,0.7,0.5,calibrated
all_constraints,dlt_only,0.90625,0.2930106877878258,1.0,0.0,10.344827586206897,96,96,0.010871010522047678,0.0007134628617530664,robust_reg,96,4,5042,0.7,0.5,calibrated
Any_DLT,all_constraints,1.0,0.0,1.0,0.0,0.0,96,96,0.037479810416698456,0.003236498597867658,robust_reg,96,4,5042,0.7,0.5,calibrated
Blood,all_constraints,0.96875,0.17490598978639324,1.0,0.0,3.225806451612903,96,96,0.037479810416698456,0.003236498597867658,robust_reg,96,4,5042,0.7,0.5,calibrated
Constitutional,all_constraints,0.96875,0.17490598978639324,1.0,0.0,3.225806451612903,96,96,0.037479810416698456,0.003236498597867658,robust_reg,96,4,5042,0.7,0.5,calibrated
Infection,all_constraints,0.9895833333333334,0.10206207261596574,1.0,0.0,1.0526315789473646,96,96,0.037479810416698456,0.003236498597867658,robust_reg,96,4,5042,0.7,0.5,calibrated
Gastrointestinal,all_constraints,0.96875,0.17490598978639324,1.0,0.0,3.225806451612903,96,96,0.037479810416698456,0.003236498597867658,robust_reg,96,4,5042,0.7,0.5,calibrated
Overall_Survival,all_constraints,10.690597206168823,1.779425762099106,10.998024342438649,1.0133304840149577,2.8756778535480763,96,96,0.037479810416698456,0.003236498597867658,robust_reg,96,4,5042,0.7,0.5,calibrated
all_constraints,all_constraints,0.90625,0.2930106877878258,1.0,0.0,10.344827586206897,96,96,0.037479810416698456,0.003236498597867658,robust_reg,96,4,5042,0.7,0.5,calibrated
Any_DLT,dlt_only,1.0,0.0,1.0,0.0,0.0,96,96,0.018313442667325337,0.0023216224124192604,cp,96,4,5042,0.7,0.5,calibrated
Blood,dlt_only,0.96875,0.17490598978639324,1.0,0.0,3.225806451612903,96,96,0.018313442667325337,0.0023216224124192604,cp,96,4,5042,0.7,0.5,calibrated
Constitutional,dlt_only,0.96875,0.17490598978639324,1.0,0.0,3.225806451612903,96,96,0.018313442667325337,0.0023216224124192604,cp,96,4,5042,0.7,0.5,calibrated
Infection,dlt_only,0.9895833333333334,0.10206207261596574,1.0,0.0,1.0526315789473646,96,96,0.018313442667325337,0.0023216224124192604,cp,96,4,5042,0.7,0.5,calibrated
Gastrointestinal,dlt_only,0.96875,0.17490598978639324,1.0,0.0,3.225806451612903,96,96,0.018313442667325337,0.0023216224124192604,cp,96,4,5042,0.7,0.5,calibrated
Overall_Survival,dlt_only,10.690597206168823,1.779425762099106,10.998024342438649,1.0133304840149577,2.8756778535480763,96,96,0.018313442667325337,0.0023216224124192604,cp,96,4,5042,0.7,0.5,calibrated
all_constraints,dlt_only,0.90625,0.2930106877878258,1.0,0.0,10.344827586206897,96,96,0.018313442667325337,0.0023216224124192604,cp,96,4,5042,0.7,0.5,calibrated
Any_DLT,all_constraints,1.0,0.0,1.0,0.0,0.0,96,96,0.3572370186448097,0.336218146900626,cp,96,4,5042,0.7,0.5,calibrated
Blood,all_constraints,0.96875,0.17490598978639324,1.0,0.0,3.225806451612903,96,96,0.3572370186448097,0.336218146900626,cp,96,4,5042,0.7,0.5,calibrated
Constitutional,all_constraints,0.96875,0.17490598978639324,1.0,0.0,3.225806451612903,96,96,0.3572370186448097,0.336218146900626,cp,96,4,5042,0.7,0.5,calibrated
Infection,all_constraints,0.9895833333333334,0.10206207261596574,1.0,0.0,1.0526315789473646,96,96,0.3572370186448097,0.336218146900626,cp,96,4,5042,0.7,0.5,calibrated
Gastrointestinal,all_constraints,0.96875,0.17490598978639324,1.0,0.0,3.225806451612903,96,96,0.3572370186448097,0.336218146900626,cp,96,4,5042,0.7,0.5,calibrated
Overall_Survival,all_constraints,10.690597206168823,1.779425762099106,10.802005798828553,0.9478335310503864,1.042117577822909,96,96,0.3572370186448097,0.336218146900626,cp,96,4,5042,0.7,0.5,calibrated
all_constraints,all_constraints,0.90625,0.2930106877878258,1.0,0.0,10.344827586206897,96,96,0.3572370186448097,0.336218146900626,cp,96,4,5042,0.7,0.5,calibrated
Any_DLT,dlt_only,1.0,0.0,1.0,0.0,0.0,96,96,0.008512429893016815,0.0006546083387294901,nominal,96,5,6042,0.7,0.5,calibrated
Blood,dlt_only,0.96875,0.17490598978639324,1.0,0.0,3.225806451612903,96,96,0.008512429893016815,0.0006546083387294901,nominal,96,5,6042,0.7,0.5,calibrated
Constitutional,dlt_only,0.96875,0.17490598978639324,1.0,0.0,3.225806451612903,96,96,0.008512429893016815,0.0006546083387294901,nominal,96,5,6042,0.7,0.5,calibrated
Infection,dlt_only,0.9895833333333334,0.10206207261596574,1.0,0.0,1.0526315789473646,96,96,0.008512429893016815,0.0006546083387294901,nominal,96,5,6042,0.7,0.5,calibrated
Gastrointestinal,dlt_only,0.96875,0.17490598978639324,1.0,0.0,3.225806451612903,96,96,0.008512429893016815,0.0006546083387294901,nominal,96,5,6042,0.7,0.5,calibrated
Overall_Survival,dlt_only,10.690597206168823,1.779425762099106,11.962983326928809,0.9803146785891971,11.901918070823749,96,96,0.008512429893016815,0.0006546083387294901,nominal,96,5,6042,0.7,0.5,calibrated
all_constraints,dlt_only,0.90625,0.2930106877878258,1.0,0.0,10.344827586206897,96,96,0.008512429893016815,0.0006546083387294901,nominal,96,5,6042,0.7,0.5,calibrated
Any_DLT,all_constraints,1.0,0.0,1.0,0.0,0.0,96,96,0.0342198982834816,0.001869251451084004,nominal,96,5,6042,0.7,0.5,calibrated
Blood,all_constraints,0.96875,0.17490598978639324,1.0,0.0,3.225806451612903,96,96,0.0342198982834816,0.001869251451084004,nominal,96,5,6042,0.7,0.5,calibrated
Constitutional,all_constraints,0.96875,0.17490598978639324,1.0,0.0,3.225806451612903,96,96,0.0342198982834816,0.001869251451084004,nominal,96,5,6042,0.7,0.5,calibrated
Infection,all_constraints,0.9895833333333334,0.10206207261596574,1.0,0.0,1.0526315789473646,96,96,0.0342198982834816,0.001869251451084004,nominal,96,5,6042,0.7,0.5,calibrated
Gastrointestinal,all_constraints,0.96875,0.17490598978639324,1.0,0.0,3.225806451612903,96,96,0.0342198982834816,0.001869251451084004,nominal,96,5,6042,0.7,0.5,calibrated
Overall_Survival,all_constraints,10.690597206168823,1.779425762099106,11.960872057585624,0.9686826072891781,11.882169227027006,96,96,0.0342198982834816,0.001869251451084004,nominal,96,5,6042,0.7,0.5,calibrated
all_constraints,all_constraints,0.90625,0.2930106877878258,1.0,0.0,10.344827586206897,96,96,0.0342198982834816,0.001869251451084004,nominal,96,5,6042,0.7,0.5,calibrated
Any_DLT,dlt_only,1.0,0.0,1.0,0.0,0.0,96,96,0.009791217744350433,0.0009179794522550478,robust_reg,96,5,6042,0.7,0.5,calibrated
Blood,dlt_only,0.96875,0.17490598978639324,1.0,0.0,3.225806451612903,96,96,0.009791217744350433,0.0009179794522550478,robust_reg,96,5,6042,0.7,0.5,calibrated
Constitutional,dlt_only,0.96875,0.17490598978639324,1.0,0.0,3.225806451612903,96,96,0.009791217744350433,0.0009179794522550478,robust_reg,96,5,6042,0.7,0.5,calibrated
Infection,dlt_only,0.9895833333333334,0.10206207261596574,1.0,0.0,1.0526315789473646,96,96,0.009791217744350433,0.0009179794522550478,robust_reg,96,5,6042,0.7,0.5,calibrated
Gastrointestinal,dlt_only,0.96875,0.17490598978639324,1.0,0.0,3.225806451612903,96,96,0.009791217744350433,0.0009179794522550478,robust_reg,96,5,6042,0.7,0.5,calibrated
Overall_Survival,dlt_only,10.690597206168823,1.779425762099106,11.957526680238766,0.9647195132009744,11.85087651921713,96,96,0.009791217744350433,0.0009179794522550478,robust_reg,96,5,6042,0.7,0.5,calibrated
all_constraints,dlt_only,0.90625,0.2930106877878258,1.0,0.0,10.344827586206897,96,96,0.009791217744350433,0.0009179794522550478,robust_reg,96,5,6042,0.7,0.5,calibrated
Any_DLT,all_constraints,1.0,0.0,1.0,0.0,0.0,96,96,0.03511520226796468,0.002670715854974169,robust_reg,96,5,6042,0.7,0.5,calibrated
Blood,all_constraints,0.96875,0.17490598978639324,1.0,0.0,3.225806451612903,96,96,0.03511520226796468,0.002670715854974169,robust_reg,96,5,6042,0.7,0.5,calibrated
Constitutional,all_constraints,0.96875,0.17490598978639324,1.0,0.0,3.225806451612903,96,96,0.03511520226796468,0.002670715854974169,robust_reg,96,5,6042,0.7,0.5,calibrated
Infection,all_constraints,0.9895833333333334,0.10206207261596574,1.0,0.0,1.0526315789473646,96,96,0.03511520226796468,0.002670715854974169,robust_reg,96,5,6042,0.7,0.5,calibrated
Gastrointestinal,all_constraints,0.96875,0.17490598978639324,1.0,0.0,3.225806451612903,96,96,0.03511520226796468,0.002670715854974169,robust_reg,96,5,6042,0.7,0.5,calibrated
Overall_Survival,all_constraints,10.690597206168823,1.779425762099106,11.962524396893718,0.9647235334291531,11.89762523267598,96,96,0.03511520226796468,0.002670715854974169,robust_reg,96,5,6042,0.7,0.5,calibrated
all_constraints,all_constraints,0.90625,0.2930106877878258,1.0,0.0,10.344827586206897,96,96,0.03511520226796468,0.002670715854974169,robust_reg,96,5,6042,0.7,0.5,calibrated
Any_DLT,dlt_only,1.0,0.0,1.0,0.0,0.0,96,96,0.009383377929528555,0.0006562867165850682,cp,96,5,6042,0.7,0.5,calibrated
Blood,dlt_only,0.96875,0.17490598978639324,1.0,0.0,3.225806451612903,96,96,0.009383377929528555,0.0006562867165850682,cp,96,5,6042,0.7,0.5,calibrated
Constitutional,dlt_only,0.96875,0.17490598978639324,1.0,0.0,3.225806451612903,96,96,0.009383377929528555,0.0006562867165850682,cp,96,5,6042,0.7,0.5,calibrated
Infection,dlt_only,0.9895833333333334,0.10206207261596574,1.0,0.0,1.0526315789473646,96,96,0.009383377929528555,0.0006562867165850682,cp,96,5,6042,0.7,0.5,calibrated
Gastrointestinal,dlt_only,0.96875,0.17490598978639324,1.0,0.0,3.225806451612903,96,96,0.009383377929528555,0.0006562867165850682,cp,96,5,6042,0.7,0.5,calibrated
Overall_Survival,dlt_only,10.690597206168823,1.779425762099106,11.971549645447089,0.9717318837583065,11.982047537429574,96,96,0.009383377929528555,0.0006562867165850682,cp,96,5,6042,0.7,0.5,calibrated
all_constraints,dlt_only,0.90625,0.2930106877878258,1.0,0.0,10.344827586206897,96,96,0.009383377929528555,0.0006562867165850682,cp,96,5,6042,0.7,0.5,calibrated
Any_DLT,all_constraints,1.0,0.0,1.0,0.0,0.0,96,96,0.06008953104416529,0.024882549492510918,cp,96,5,6042,0.7,0.5,calibrated
Blood,all_constraints,0.96875,0.17490598978639324,1.0,0.0,3.225806451612903,96,96,0.06008953104416529,0.024882549492510918,cp,96,5,6042,0.7,0.5,calibrated
Constitutional,all_constraints,0.96875,0.17490598978639324,1.0,0.0,3.225806451612903,96,96,0.06008953104416529,0.024882549492510918,cp,96,5,6042,0.7,0.5,calibrated
Infection,all_constraints,0.9895833333333334,0.10206207261596574,1.0,0.0,1.0526315789473646,96,96,0.06008953104416529,0.024882549492510918,cp,96,5,6042,0.7,0.5,calibrated
Gastrointestinal,all_constraints,0.96875,0.17490598978639324,1.0,0.0,3.225806451612903,96,96,0.06008953104416529,0.024882549492510918,cp,96,5,6042,0.7,0.5,calibrated
Overall_Survival,all_constraints,10.690597206168823,1.779425762099106,11.90903442269036,1.2251636725629718,11.397279244778378,96,96,0.06008953104416529,0.024882549492510918,cp,96,5,6042,0.7,0.5,calibrated
all_constraints,all_constraints,0.90625,0.2930106877878258,1.0,0.0,10.344827586206897,96,96,0.06008953104416529,0.024882549492510918,cp,96,5,6042,0.7,0.5,calibrated
Any_DLT,dlt_only,1.0,0.0,0.9479166666666666,0.22336148028967082,-5.2083333333333375,96,96,0.009425746897856394,0.0008710598978693343,nominal,96,6,7042,0.7,0.5,calibrated
Blood,dlt_only,0.96875,0.17490598978639324,0.875,0.33245498310218435,-9.67741935483871,96,96,0.009425746897856394,0.0008710598978693343,nominal,96,6,7042,0.7,0.5,calibrated
Constitutional,dlt_only,0.96875,0.17490598978639324,0.96875,0.17490598978639324,0.0,96,96,0.009425746897856394,0.0008710598978693343,nominal,96,6,7042,0.7,0.5,calibrated
Infection,dlt_only,0.9895833333333334,0.10206207261596574,0.71875,0.45196937483581084,-27.36842105263158,96,96,0.009425746897856394,0.0008710598978693343,nominal,96,6,7042,0.7,0.5,calibrated
Gastrointestinal,dlt_only,0.96875,0.17490598978639324,1.0,0.0,3.225806451612903,96,96,0.009425746897856394,0.0008710598978693343,nominal,96,6,7042,0.7,0.5,calibrated
Overall_Survival,dlt_only,10.690597206168823,1.779425762099106,12.527091036542194,1.0232466459308798,17.17858969855916,96,96,0.009425746897856394,0.0008710598978693343,nominal,96,6,7042,0.7,0.5,calibrated
all_constraints,dlt_only,0.90625,0.2930106877878258,0.5729166666666666,0.4972512161169891,-36.781609195402304,96,96,0.009425746897856394,0.0008710598978693343,nominal,96,6,7042,0.7,0.5,calibrated
Any_DLT,all_constraints,1.0,0.0,0.9791666666666666,0.143575886163796,-2.083333333333337,96,96,0.0567663237452507,0.05305104476853756,nominal,96,6,7042,0.7,0.5,calibrated
Blood,all_constraints,0.96875,0.17490598978639324,0.8854166666666666,0.320190458671962,-8.602150537634413,96,96,0.0567663237452507,0.05305104476853756,nominal,96,6,7042,0.7,0.5,calibrated
Constitutional,all_constraints,0.96875,0.17490598978639324,0.9791666666666666,0.143575886163796,1.0752688172042972,96,96,0.0567663237452507,0.05305104476853756,nominal,96,6,7042,0.7,0.5,calibrated
Infection,all_constraints,0.9895833333333334,0.10206207261596574,0.75,0.435285750066007,-24.210526315789476,96,96,0.0567663237452507,0.05305104476853756,nominal,96,6,7042,0.7,0.5,calibrated
Gastrointestinal,all_constraints,0.96875,0.17490598978639324,1.0,0.0,3.225806451612903,96,96,0.0567663237452507,0.05305104476853756,nominal,96,6,7042,0.7,0.5,calibrated
Overall_Survival,all_constraints,10.690597206168823,1.779425762099106,12.437187678011034,1.1969494250190789,16.337632390025615,96,96,0.0567663237452507,0.05305104476853756,nominal,96,6,7042,0.7,0.5,calibrated
all_constraints,all_constraints,0.90625,0.2930106877878258,0.6145833333333334,0.48924843902430526,-32.183908045977006,96,96,0.0567663237452507,0.05305104476853756,nominal,96,6,7042,0.7,0.5,calibrated
Any_DLT,dlt_only,1.0,0.0,0.9479166666666666,0.22336148028967082,-5.2083333333333375,96,96,0.008868373930454254,0.002491876058175006,robust_reg,96,6,7042,0.7,0.5,calibrated
Blood,dlt_only,0.96875,0.17490598978639324,0.875,0.33245498310218435,-9.67741935483871,96,96,0.008868373930454254,0.002491876058175006,robust_reg,96,6,7042,0.7,0.5,calibrated
Constitutional,dlt_only,0.96875,0.17490598978639324,0.9791666666666666,0.143575886163796,1.0752688172042972,96,96,0.008868373930454254,0.002491876058175006,robust_reg,96,6,7042,0.7,0.5,calibrated
Infection,dlt_only,0.9895833333333334,0.10206207261596574,0.7291666666666666,0.4467229605793415,-26.31578947368422,96,96,0.008868373930454254,0.002491876058175006,robust_reg,96,6,7042,0.7,0.5,calibrated
Gastrointestinal,dlt_only,0.96875,0.17490598978639324,1.0,0.0,3.225806451612903,96,96,0.008868373930454254,0.002491876058175006,robust_reg,96,6,7042,0.7,0.5,calibrated
Overall_Survival,dlt_only,10.690597206168823,1.779425762099106,12.5161865313763,1.0059005162322185,17.07658880042785,96,96,0.008868373930454254,0.002491876058175006,robust_reg,96,6,7042,0.7,0.5,calibrated
all_constraints,dlt_only,0.90625,0.2930106877878258,0.5833333333333334,0.4955946277833521,-35.632183908045974,96,96,0.008868373930454254,0.002491876058175006,robust_reg,96,6,7042,0.7,0.5,calibrated
Any_DLT,all_constraints,1.0,0.0,0.9791666666666666,0.143575886163796,-2.083333333333337,96,96,0.06067452331384023,0.05307618470381562,robust_reg,96,6,7042,0.7,0.5,calibrated
Blood,all_constraints,0.96875,0.17490598978639324,0.8854166666666666,0.320190458671962,-8.602150537634413,96,96,0.06067452331384023,0.05307618470381562,robust_reg,96,6,7042,0.7,0.5,calibrated
Constitutional,all_constraints,0.96875,0.17490598978639324,0.9895833333333334,0.10206207261596574,2.150537634408606,96,96,0.06067452331384023,0.05307618470381562,robust_reg,96,6,7042,0.7,0.5,calibrated
Infection,all_constraints,0.9895833333333334,0.10206207261596574,0.78125,0.41556872887773044,-21.05263157894737,96,96,0.06067452331384023,0.05307618470381562,robust_reg,96,6,7042,0.7,0.5,calibrated
Gastrointestinal,all_constraints,0.96875,0.17490598978639324,1.0,0.0,3.225806451612903,96,96,0.06067452331384023,0.05307618470381562,robust_reg,96,6,7042,0.7,0.5,calibrated
Overall_Survival,all_constraints,10.690597206168823,1.779425762099106,12.341320736774442,1.2513351437580118,15.440891643107626,96,96,0.06067452331384023,0.05307618470381562,robust_reg,96,6,7042,0.7,0.5,calibrated
all_constraints,all_constraints,0.90625,0.2930106877878258,0.65625,0.4774521193960599,-27.586206896551722,96,96,0.06067452331384023,0.05307618470381562,robust_reg,96,6,7042,0.7,0.5,calibrated
Any_DLT,dlt_only,1.0,0.0,0.9895833333333334,0.10206207261596574,-1.041666666666663,96,96,0.05991078664859136,0.035728883846756994,cp,96,6,7042,0.7,0.5,calibrated
Blood,dlt_only,0.96875,0.17490598978639324,0.9166666666666666,0.27783625115549687,-5.3763440860215095,96,96,0.05991078664859136,0.035728883846756994,cp,96,6,7042,0.7,0.5,calibrated
Constitutional,dlt_only,0.96875,0.17490598978639324,0.9791666666666666,0.143575886163796,1.0752688172042972,96,96,0.05991078664859136,0.035728883846756994,cp,96,6,7042,0.7,0.5,calibrated
Infection,dlt_only,0.9895833333333334,0.10206207261596574,0.8541666666666666,0.3547917600261542,-13.684210526315796,96,96,0.05991078664859136,0.035728883846756994,cp,96,6,7042,0.7,0.5,calibrated
Gastrointestinal,dlt_only,0.96875,0.17490598978639324,0.9895833333333334,0.10206207261596574,2.150537634408606,96,96,0.05991078664859136,0.035728883846756994,cp,96,6,7042,0.7,0.5,calibrated
Overall_Survival,dlt_only,10.690597206168823,1.779425762099106,11.927637747095618,1.4973079507203022,11.571295008785688,96,96,0.05991078664859136,0.035728883846756994,cp,96,6,7042,0.7,0.5,calibrated
all_constraints,dlt_only,0.90625,0.2930106877878258,0.7395833333333334,0.44116572054326264,-18.39080459770115,96,96,0.05991078664859136,0.035728883846756994,cp,96,6,7042,0.7,0.5,calibrated
Any_DLT,all_constraints,1.0,0.0,0.9791666666666666,0.143575886163796,-2.083333333333337,96,96,0.031907727320988975,0.027304400175198574,cp,96,6,7042,0.7,0.5,calibrated
Blood,all_constraints,0.96875,0.17490598978639324,0.8645833333333334,0.3439642474280894,-10.752688172043007,96,96,0.031907727320988975,0.027304400175198574,cp,96,6,7042,0.7,0.5,calibrated
Constitutional,all_constraints,0.96875,0.17490598978639324,0.9895833333333334,0.10206207261596574,2.150537634408606,96,96,0.031907727320988975,0.027304400175198574,cp,96,6,7042,0.7,0.5,calibrated
Infection,all_constraints,0.9895833333333334,0.10206207261596574,0.7395833333333334,0.4411657205432627,-25.263157894736842,96,96,0.031907727320988975,0.027304400175198574,cp,96,6,7042,0.7,0.5,calibrated
Gastrointestinal,all_constraints,0.96875,0.17490598978639324,0.9895833333333334,0.10206207261596574,2.150537634408606,96,96,0.031907727320988975,0.027304400175198574,cp,96,6,7042,0.7,0.5,calibrated
Overall_Survival,all_constraints,10.690597206168823,1.779425762099106,12.37758061194794,1.2515269382344285,15.780067036906715,96,96,0.031907727320988975,0.027304400175198574,cp,96,6,7042,0.7,0.5,calibrated
all_constraints,all_constraints,0.90625,0.2930106877878258,0.6041666666666666,0.49159604012508756,-33.333333333333336,96,96,0.031907727320988975,0.027304400175198574,cp,96,6,7042,0.7,0.5,calibrated
Any_DLT,dlt_only,1.0,0.0,1.0,0.0,0.0,96,96,0.010736512641112009,0.0008555204034534698,nominal,96,7,8042,0.7,0.5,calibrated
Blood,dlt_only,0.96875,0.17490598978639324,1.0,0.0,3.225806451612903,96,96,0.010736512641112009,0.0008555204034534698,nominal,96,7,8042,0.7,0.5,calibrated
Constitutional,dlt_only,0.96875,0.17490598978639324,1.0,0.0,3.225806451612903,96,96,0.010736512641112009,0.0008555204034534698,nominal,96,7,8042,0.7,0.5,calibrated
Infection,dlt_only,0.9895833333333334,0.10206207261596574,1.0,0.0,1.0526315789473646,96,96,0.010736512641112009,0.0008555204034534698,nominal,96,7,8042,0.7,0.5,calibrated
Gastrointestinal,dlt_only,0.96875,0.17490598978639324,1.0,0.0,3.225806451612903,96,96,0.010736512641112009,0.0008555204034534698,nominal,96,7,8042,0.7,0.5,calibrated
Overall_Survival,dlt_only,10.690597206168823,1.779425762099106,11.992224108393252,0.9740353829262507,12.175436761131996,96,96,0.010736512641112009,0.0008555204034534698,nominal,96,7,8042,0.7,0.5,calibrated
all_constraints,dlt_only,0.90625,0.2930106877878258,1.0,0.0,10.344827586206897,96,96,0.010736512641112009,0.0008555204034534698,nominal,96,7,8042,0.7,0.5,calibrated
Any_DLT,all_constraints,1.0,0.0,1.0,0.0,0.0,96,96,0.03635741025209427,0.006571394829370869,nominal,96,7,8042,0.7,0.5,calibrated
Blood,all_constraints,0.96875,0.17490598978639324,0.9895833333333334,0.10206207261596574,2.150537634408606,96,96,0.03635741025209427,0.006571394829370869,nominal,96,7,8042,0.7,0.5,calibrated
Constitutional,all_constraints,0.96875,0.17490598978639324,1.0,0.0,3.225806451612903,96,96,0.03635741025209427,0.006571394829370869,nominal,96,7,8042,0.7,0.5,calibrated
Infection,all_constraints,0.9895833333333334,0.10206207261596574,1.0,0.0,1.0526315789473646,96,96,0.03635741025209427,0.006571394829370869,nominal,96,7,8042,0.7,0.5,calibrated
Gastrointestinal,all_constraints,0.96875,0.17490598978639324,1.0,0.0,3.225806451612903,96,96,0.03635741025209427,0.006571394829370869,nominal,96,7,8042,0.7,0.5,calibrated
Overall_Survival,all_constraints,10.690597206168823,1.779425762099106,11.973646415984618,1.0377434229380638,12.00166075918971,96,96,0.03635741025209427,0.006571394829370869,nominal,96,7,8042,0.7,0.5,calibrated
all_constraints,all_constraints,0.90625,0.2930106877878258,0.9895833333333334,0.10206207261596574,9.19540229885058,96,96,0.03635741025209427,0.006571394829370869,nominal,96,7,8042,0.7,0.5,calibrated
Any_DLT,dlt_only,1.0,0.0,1.0,0.0,0.0,96,96,0.011849152545134226,0.0009420548866683969,robust_reg,96,7,8042,0.7,0.5,calibrated
Blood,dlt_only,0.96875,0.17490598978639324,1.0,0.0,3.225806451612903,96,96,0.011849152545134226,0.0009420548866683969,robust_reg,96,7,8042,0.7,0.5,calibrated
Constitutional,dlt_only,0.96875,0.17490598978639324,1.0,0.0,3.225806451612903,96,96,0.011849152545134226,0.0009420548866683969,robust_reg,96,7,8042,0.7,0.5,calibrated
Infection,dlt_only,0.9895833333333334,0.10206207261596574,1.0,0.0,1.0526315789473646,96,96,0.011849152545134226,0.0009420548866683969,robust_reg,96,7,8042,0.7,0.5,calibrated
Gastrointestinal,dlt_only,0.96875,0.17490598978639324,1.0,0.0,3.225806451612903,96,96,0.011849152545134226,0.0009420548866683969,robust_reg,96,7,8042,0.7,0.5,calibrated
Overall_Survival,dlt_only,10.690597206168823,1.779425762099106,11.992224108393252,0.9740353829262507,12.175436761131996,96,96,0.011849152545134226,0.0009420548866683969,robust_reg,96,7,8042,0.7,0.5,calibrated
all_constraints,dlt_only,0.90625,0.2930106877878258,1.0,0.0,10.344827586206897,96,96,0.011849152545134226,0.0009420548866683969,robust_reg,96,7,8042,0.7,0.5,calibrated
Any_DLT,all_constraints,1.0,0.0,1.0,0.0,0.0,96,96,0.04025922964016596,0.032599642536761717,robust_reg,96,7,8042,0.7,0.5,calibrated
Blood,all_constraints,0.96875,0.17490598978639324,1.0,0.0,3.225806451612903,96,96,0.04025922964016596,0.032599642536761717,robust_reg,96,7,8042,0.7,0.5,calibrated
Constitutional,all_constraints,0.96875,0.17490598978639324,1.0,0.0,3.225806451612903,96,96,0.04025922964016596,0.032599642536761717,robust_reg,96,7,8042,0.7,0.5,calibrated
Infection,all_constraints,0.9895833333333334,0.10206207261596574,1.0,0.0,1.0526315789473646,96,96,0.04025922964016596,0.032599642536761717,robust_reg,96,7,8042,0.7,0.5,calibrated
Gastrointestinal,all_constraints,0.96875,0.17490598978639324,1.0,0.0,3.225806451612903,96,96,0.04025922964016596,0.032599642536761717,robust_reg,96,7,8042,0.7,0.5,calibrated
Overall_Survival,all_constraints,10.690597206168823,1.779425762099106,11.957607365611237,1.0612035975811254,11.851631251351494,96,96,0.04025922964016596,0.032599642536761717,robust_reg,96,7,8042,0.7,0.5,calibrated
all_constraints,all_constraints,0.90625,0.2930106877878258,1.0,0.0,10.344827586206897,96,96,0.04025922964016596,0.032599642536761717,robust_reg,96,7,8042,0.7,0.5,calibrated
Any_DLT,dlt_only,1.0,0.0,1.0,0.0,0.0,96,96,0.03590621550877889,0.005444298841112482,cp,96,7,8042,0.7,0.5,calibrated
Blood,dlt_only,0.96875,0.17490598978639324,1.0,0.0,3.225806451612903,96,96,0.03590621550877889,0.005444298841112482,cp,96,7,8042,0.7,0.5,calibrated
Constitutional,dlt_only,0.96875,0.17490598978639324,1.0,0.0,3.225806451612903,96,96,0.03590621550877889,0.005444298841112482,cp,96,7,8042,0.7,0.5,calibrated
Infection,dlt_only,0.9895833333333334,0.10206207261596574,1.0,0.0,1.0526315789473646,96,96,0.03590621550877889,0.005444298841112482,cp,96,7,8042,0.7,0.5,calibrated
Gastrointestinal,dlt_only,0.96875,0.17490598978639324,1.0,0.0,3.225806451612903,96,96,0.03590621550877889,0.005444298841112482,cp,96,7,8042,0.7,0.5,calibrated
Overall_Survival,dlt_only,10.690597206168823,1.779425762099106,11.969468240920873,0.9705706016069127,11.962578049560229,96,96,0.03590621550877889,0.005444298841112482,cp,96,7,8042,0.7,0.5,calibrated
all_constraints,dlt_only,0.90625,0.2930106877878258,1.0,0.0,10.344827586206897,96,96,0.03590621550877889,0.005444298841112482,cp,96,7,8042,0.7,0.5,calibrated
Any_DLT,all_constraints,1.0,0.0,1.0,0.0,0.0,96,96,0.05315118779738744,0.008410762446870253,cp,96,7,8042,0.7,0.5,calibrated
Blood,all_constraints,0.96875,0.17490598978639324,0.9895833333333334,0.10206207261596574,2.150537634408606,96,96,0.05315118779738744,0.008410762446870253,cp,96,7,8042,0.7,0.5,calibrated
Constitutional,all_constraints,0.96875,0.17490598978639324,1.0,0.0,3.225806451612903,96,96,0.05315118779738744,0.008410762446870253,cp,96,7,8042,0.7,0.5,calibrated
Infection,all_constraints,0.9895833333333334,0.10206207261596574,1.0,0.0,1.0526315789473646,96,96,0.05315118779738744,0.008410762446870253,cp,96,7,8042,0.7,0.5,calibrated
Gastrointestinal,all_constraints,0.96875,0.17490598978639324,1.0,0.0,3.225806451612903,96,96,0.05315118779738744,0.008410762446870253,cp,96,7,8042,0.7,0.5,calibrated
Overall_Survival,all_constraints,10.690597206168823,1.779425762099106,11.974071501293006,1.037348261769763,12.005637013277203,96,96,0.05315118779738744,0.008410762446870253,cp,96,7,8042,0.7,0.5,calibrated
all_constraints,all_constraints,0.90625,0.2930106877878258,0.9895833333333334,0.10206207261596574,9.19540229885058,96,96,0.05315118779738744,0.008410762446870253,cp,96,7,8042,0.7,0.5,calibrated
Any_DLT,dlt_only,1.0,0.0,1.0,0.0,0.0,96,96,0.00899197906255722,0.0003816726798423732,nominal,96,8,9042,0.7,0.5,calibrated
Blood,dlt_only,0.96875,0.17490598978639324,1.0,0.0,3.225806451612903,96,96,0.00899197906255722,0.0003816726798423732,nominal,96,8,9042,0.7,0.5,calibrated
Constitutional,dlt_only,0.96875,0.17490598978639324,1.0,0.0,3.225806451612903,96,96,0.00899197906255722,0.0003816726798423732,nominal,96,8,9042,0.7,0.5,calibrated
Infection,dlt_only,0.9895833333333334,0.10206207261596574,1.0,0.0,1.0526315789473646,96,96,0.00899197906255722,0.0003816726798423732,nominal,96,8,9042,0.7,0.5,calibrated
Gastrointestinal,dlt_only,0.96875,0.17490598978639324,1.0,0.0,3.225806451612903,96,96,0.00899197906255722,0.0003816726798423732,nominal,96,8,9042,0.7,0.5,calibrated
Overall_Survival,dlt_only,10.690597206168823,1.779425762099106,11.959140447224565,0.9762576708162803,11.865971718808664,96,96,0.00899197906255722,0.0003816726798423732,nominal,96,8,9042,0.7,0.5,calibrated
all_constraints,dlt_only,0.90625,0.2930106877878258,1.0,0.0,10.344827586206897,96,96,0.00899197906255722,0.0003816726798423732,nominal,96,8,9042,0.7,0.5,calibrated
Any_DLT,all_constraints,1.0,0.0,1.0,0.0,0.0,96,92,0.04031579941511154,0.028995362798511448,nominal,95,8,9042,0.7,0.5,calibrated
Blood,all_constraints,0.967391304347826,0.17858337274913305,1.0,0.0,3.3707865168539364,96,92,0.04031579941511154,0.028995362798511448,nominal,95,8,9042,0.7,0.5,calibrated
Constitutional,all_constraints,0.9782608695652174,0.14662959759729013,1.0,0.0,2.2222222222222205,96,92,0.04031579941511154,0.028995362798511448,nominal,95,8,9042,0.7,0.5,calibrated
Infection,all_constraints,0.9891304347826086,0.10425720702853734,1.0,0.0,1.0989010989011039,96,92,0.04031579941511154,0.028995362798511448,nominal,95,8,9042,0.7,0.5,calibrated
Gastrointestinal,all_constraints,0.9782608695652174,0.14662959759729013,1.0,0.0,2.2222222222222205,96,92,0.04031579941511154,0.028995362798511448,nominal,95,8,9042,0.7,0.5,calibrated
Overall_Survival,all_constraints,10.738005315791824,1.776709065625389,11.864637428015676,1.1376355264683558,10.492005536325944,96,92,0.04031579941511154,0.028995362798511448,nominal,95,8,9042,0.7,0.5,calibrated
all_constraints,all_constraints,0.9239130434782609,0.26659001127895315,1.0,0.0,8.23529411764706,96,92,0.04031579941511154,0.028995362798511448,nominal,95,8,9042,0.7,0.5,calibrated
Any_DLT,dlt_only,1.0,0.0,1.0,0.0,0.0,96,96,0.009466019769509634,0.0006580401704474978,robust_reg,96,8,9042,0.7,0.5,calibrated
Blood,dlt_only,0.96875,0.17490598978639324,1.0,0.0,3.225806451612903,96,96,0.009466019769509634,0.0006580401704474978,robust_reg,96,8,9042,0.7,0.5,calibrated
Constitutional,dlt_only,0.96875,0.17490598978639324,1.0,0.0,3.225806451612903,96,96,0.009466019769509634,0.0006580401704474978,robust_reg,96,8,9042,0.7,0.5,calibrated
Infection,dlt_only,0.9895833333333334,0.10206207261596574,1.0,0.0,1.0526315789473646,96,96,0.009466019769509634,0.0006580401704474978,robust_reg,96,8,9042,0.7,0.5,calibrated
Gastrointestinal,dlt_only,0.96875,0.17490598978639324,1.0,0.0,3.225806451612903,96,96,0.009466019769509634,0.0006580401704474978,robust_reg,96,8,9042,0.7,0.5,calibrated
Overall_Survival,dlt_only,10.690597206168823,1.779425762099106,11.969318854009316,0.968777841126762,11.961180682241299,96,96,0.009466019769509634,0.0006580401704474978,robust_reg,96,8,9042,0.7,0.5,calibrated
all_constraints,dlt_only,0.90625,0.2930106877878258,1.0,0.0,10.344827586206897,96,96,0.009466019769509634,0.0006580401704474978,robust_reg,96,8,9042,0.7,0.5,calibrated
Any_DLT,all_constraints,1.0,0.0,1.0,0.0,0.0,96,92,0.03868408997853597,0.018133462827410525,robust_reg,96,8,9042,0.7,0.5,calibrated
Blood,all_constraints,0.967391304347826,0.17858337274913305,1.0,0.0,3.3707865168539364,96,92,0.03868408997853597,0.018133462827410525,robust_reg,96,8,9042,0.7,0.5,calibrated
Constitutional,all_constraints,0.9782608695652174,0.14662959759729013,1.0,0.0,2.2222222222222205,96,92,0.03868408997853597,0.018133462827410525,robust_reg,96,8,9042,0.7,0.5,calibrated
Infection,all_constraints,0.9891304347826086,0.10425720702853734,1.0,0.0,1.0989010989011039,96,92,0.03868408997853597,0.018133462827410525,robust_reg,96,8,9042,0.7,0.5,calibrated
Gastrointestinal,all_constraints,0.9782608695652174,0.14662959759729013,1.0,0.0,2.2222222222222205,96,92,0.03868408997853597,0.018133462827410525,robust_reg,96,8,9042,0.7,0.5,calibrated
Overall_Survival,all_constraints,10.738005315791824,1.776709065625389,11.87169409653424,1.090861986335786,10.557722290146001,96,92,0.03868408997853597,0.018133462827410525,robust_reg,96,8,9042,0.7,0.5,calibrated
all_constraints,all_constraints,0.9239130434782609,0.26659001127895315,1.0,0.0,8.23529411764706,96,92,0.03868408997853597,0.018133462827410525,robust_reg,96,8,9042,0.7,0.5,calibrated
Any_DLT,dlt_only,1.0,0.0,1.0,0.0,0.0,96,96,0.024150699377059937,0.02203245651218985,cp,96,8,9042,0.7,0.5,calibrated
Blood,dlt_only,0.96875,0.17490598978639324,1.0,0.0,3.225806451612903,96,96,0.024150699377059937,0.02203245651218985,cp,96,8,9042,0.7,0.5,calibrated
Constitutional,dlt_only,0.96875,0.17490598978639324,0.9895833333333334,0.10206207261596574,2.150537634408606,96,96,0.024150699377059937,0.02203245651218985,cp,96,8,9042,0.7,0.5,calibrated
Infection,dlt_only,0.9895833333333334,0.10206207261596574,1.0,0.0,1.0526315789473646,96,96,0.024150699377059937,0.02203245651218985,cp,96,8,9042,0.7,0.5,calibrated
Gastrointestinal,dlt_only,0.96875,0.17490598978639324,1.0,0.0,3.225806451612903,96,96,0.024150699377059937,0.02203245651218985,cp,96,8,9042,0.7,0.5,calibrated
Overall_Survival,dlt_only,10.690597206168823,1.779425762099106,11.867056672920034,1.0502158722130133,11.004618769776078,96,96,0.024150699377059937,0.02203245651218985,cp,96,8,9042,0.7,0.5,calibrated
all_constraints,dlt_only,0.90625,0.2930106877878258,0.9895833333333334,0.10206207261596574,9.19540229885058,96,96,0.024150699377059937,0.02203245651218985,cp,96,8,9042,0.7,0.5,calibrated
Any_DLT,all_constraints,1.0,0.0,1.0,0.0,0.0,96,92,0.05903055270512899,0.033635191938623896,cp,92,8,9042,0.7,0.5,calibrated
Blood,all_constraints,0.967391304347826,0.17858337274913305,1.0,0.0,3.3707865168539364,96,92,0.05903055270512899,0.033635191938623896,cp,92,8,9042,0.7,0.5,calibrated
Constitutional,all_constraints,0.9782608695652174,0.14662959759729013,1.0,0.0,2.2222222222222205,96,92,0.05903055270512899,0.033635191938623896,cp,92,8,9042,0.7,0.5,calibrated
Infection,all_constraints,0.9891304347826086,0.10425720702853734,1.0,0.0,1.0989010989011039,96,92,0.05903055270512899,0.033635191938623896,cp,92,8,9042,0.7,0.5,calibrated
Gastrointestinal,all_constraints,0.9782608695652174,0.14662959759729013,0.9891304347826086,0.10425720702853734,1.1111111111111047,96,92,0.05903055270512899,0.033635191938623896,cp,92,8,9042,0.7,0.5,calibrated
Overall_Survival,all_constraints,10.738005315791824,1.776709065625389,11.732696875858574,1.2456480301823856,9.26328057040453,96,92,0.05903055270512899,0.033635191938623896,cp,92,8,9042,0.7,0.5,calibrated
all_constraints,all_constraints,0.9239130434782609,0.26659001127895315,0.9891304347826086,0.10425720702853734,7.058823529411759,96,92,0.05903055270512899,0.033635191938623896,cp,92,8,9042,0.7,0.5,calibrated
Any_DLT,dlt_only,1.0,0.0,1.0,0.0,0.0,96,96,0.012966337303320566,0.002927989956847803,nominal,96,9,10042,0.7,0.5,calibrated
Blood,dlt_only,0.96875,0.17490598978639324,1.0,0.0,3.225806451612903,96,96,0.012966337303320566,0.002927989956847803,nominal,96,9,10042,0.7,0.5,calibrated
Constitutional,dlt_only,0.96875,0.17490598978639324,1.0,0.0,3.225806451612903,96,96,0.012966337303320566,0.002927989956847803,nominal,96,9,10042,0.7,0.5,calibrated
Infection,dlt_only,0.9895833333333334,0.10206207261596574,1.0,0.0,1.0526315789473646,96,96,0.012966337303320566,0.002927989956847803,nominal,96,9,10042,0.7,0.5,calibrated
Gastrointestinal,dlt_only,0.96875,0.17490598978639324,1.0,0.0,3.225806451612903,96,96,0.012966337303320566,0.002927989956847803,nominal,96,9,10042,0.7,0.5,calibrated
Overall_Survival,dlt_only,10.690597206168823,1.779425762099106,11.959327549081735,0.9669150457088852,11.867721872271206,96,96,0.012966337303320566,0.002927989956847803,nominal,96,9,10042,0.7,0.5,calibrated
all_constraints,dlt_only,0.90625,0.2930106877878258,1.0,0.0,10.344827586206897,96,96,0.012966337303320566,0.002927989956847803,nominal,96,9,10042,0.7,0.5,calibrated
Any_DLT,all_constraints,1.0,0.0,1.0,0.0,0.0,96,95,0.04636768996715546,0.0034126771969782608,nominal,96,9,10042,0.7,0.5,calibrated
Blood,all_constraints,0.968421052631579,0.17580402404729134,1.0,0.0,3.26086956521739,96,95,0.04636768996715546,0.0034126771969782608,nominal,96,9,10042,0.7,0.5,calibrated
Constitutional,all_constraints,0.968421052631579,0.17580402404729137,1.0,0.0,3.26086956521739,96,95,0.04636768996715546,0.0034126771969782608,nominal,96,9,10042,0.7,0.5,calibrated
Infection,all_constraints,0.9894736842105263,0.10259783520851543,1.0,0.0,1.0638297872340459,96,95,0.04636768996715546,0.0034126771969782608,nominal,96,9,10042,0.7,0.5,calibrated
Gastrointestinal,all_constraints,0.9789473684210527,0.1443214031708876,1.0,0.0,2.1505376344085976,96,95,0.04636768996715546,0.0034126771969782608,nominal,96,9,10042,0.7,0.5,calibrated
Overall_Survival,all_constraints,10.735931318339748,1.7322367987232548,11.986202374023199,0.9443374311048626,11.645669282064649,96,95,0.04636768996715546,0.0034126771969782608,nominal,96,9,10042,0.7,0.5,calibrated
all_constraints,all_constraints,0.9157894736842105,0.27917652063748477,1.0,0.0,9.195402298850581,96,95,0.04636768996715546,0.0034126771969782608,nominal,96,9,10042,0.7,0.5,calibrated
Any_DLT,dlt_only,1.0,0.0,1.0,0.0,0.0,96,96,0.01327096919218699,0.002888397024777015,robust_reg,96,9,10042,0.7,0.5,calibrated
Blood,dlt_only,0.96875,0.17490598978639324,1.0,0.0,3.225806451612903,96,96,0.01327096919218699,0.002888397024777015,robust_reg,96,9,10042,0.7,0.5,calibrated
Constitutional,dlt_only,0.96875,0.17490598978639324,1.0,0.0,3.225806451612903,96,96,0.01327096919218699,0.002888397024777015,robust_reg,96,9,10042,0.7,0.5,calibrated
Infection,dlt_only,0.9895833333333334,0.10206207261596574,1.0,0.0,1.0526315789473646,96,96,0.01327096919218699,0.002888397024777015,robust_reg,96,9,10042,0.7,0.5,calibrated
Gastrointestinal,dlt_only,0.96875,0.17490598978639324,1.0,0.0,3.225806451612903,96,96,0.01327096919218699,0.002888397024777015,robust_reg,96,9,10042,0.7,0.5,calibrated
Overall_Survival,dlt_only,10.690597206168823,1.779425762099106,11.954186269569595,0.9670899923042539,11.81963026978175,96,96,0.01327096919218699,0.002888397024777015,robust_reg,96,9,10042,0.7,0.5,calibrated
all_constraints,dlt_only,0.90625,0.2930106877878258,1.0,0.0,10.344827586206897,96,96,0.01327096919218699,0.002888397024777015,robust_reg,96,9,10042,0.7,0.5,calibrated
Any_DLT,all_constraints,1.0,0.0,1.0,0.0,0.0,96,95,0.0574918861190478,0.02366549356622365,robust_reg,96,9,10042,0.7,0.5,calibrated
Blood,all_constraints,0.968421052631579,0.17580402404729134,1.0,0.0,3.26086956521739,96,95,0.0574918861190478,0.02366549356622365,robust_reg,96,9,10042,0.7,0.5,calibrated
Constitutional,all_constraints,0.968421052631579,0.17580402404729137,1.0,0.0,3.26086956521739,96,95,0.0574918861190478,0.02366549356622365,robust_reg,96,9,10042,0.7,0.5,calibrated
Infection,all_constraints,0.9894736842105263,0.10259783520851543,1.0,0.0,1.0638297872340459,96,95,0.0574918861190478,0.02366549356622365,robust_reg,96,9,10042,0.7,0.5,calibrated
Gastrointestinal,all_constraints,0.9789473684210527,0.1443214031708876,1.0,0.0,2.1505376344085976,96,95,0.0574918861190478,0.02366549356622365,robust_reg,96,9,10042,0.7,0.5,calibrated
Overall_Survival,all_constraints,10.735931318339748,1.7322367987232548,11.979071028822064,0.9374600795590274,11.57924425577045,96,95,0.0574918861190478,0.02366549356622365,robust_reg,96,9,10042,0.7,0.5,calibrated
all_constraints,all_constraints,0.9157894736842105,0.27917652063748477,1.0,0.0,9.195402298850581,96,95,0.0574918861190478,0.02366549356622365,robust_reg,96,9,10042,0.7,0.5,calibrated
Any_DLT,dlt_only,1.0,0.0,1.0,0.0,0.0,96,96,0.01553929348786672,0.0020660033947106004,cp,96,9,10042,0.7,0.5,calibrated
Blood,dlt_only,0.96875,0.17490598978639324,1.0,0.0,3.225806451612903,96,96,0.01553929348786672,0.0020660033947106004,cp,96,9,10042,0.7,0.5,calibrated
Constitutional,dlt_only,0.96875,0.17490598978639324,1.0,0.0,3.225806451612903,96,96,0.01553929348786672,0.0020660033947106004,cp,96,9,10042,0.7,0.5,calibrated
Infection,dlt_only,0.9895833333333334,0.10206207261596574,1.0,0.0,1.0526315789473646,96,96,0.01553929348786672,0.0020660033947106004,cp,96,9,10042,0.7,0.5,calibrated
Gastrointestinal,dlt_only,0.96875,0.17490598978639324,1.0,0.0,3.225806451612903,96,96,0.01553929348786672,0.0020660033947106004,cp,96,9,10042,0.7,0.5,calibrated
Overall_Survival,dlt_only,10.690597206168823,1.779425762099106,11.972436888646977,0.966044977274058,11.990346823080102,96,96,0.01553929348786672,0.0020660033947106004,cp,96,9,10042,0.7,0.5,calibrated
all_constraints,dlt_only,0.90625,0.2930106877878258,1.0,0.0,10.344827586206897,96,96,0.01553929348786672,0.0020660033947106004,cp,96,9,10042,0.7,0.5,calibrated
Any_DLT,all_constraints,1.0,0.0,1.0,0.0,0.0,96,95,0.1044077177842458,0.08363134632852326,cp,95,9,10042,0.7,0.5,calibrated
Blood,all_constraints,0.968421052631579,0.17580402404729134,1.0,0.0,3.26086956521739,96,95,0.1044077177842458,0.08363134632852326,cp,95,9,10042,0.7,0.5,calibrated
Constitutional,all_constraints,0.968421052631579,0.17580402404729137,1.0,0.0,3.26086956521739,96,95,0.1044077177842458,0.08363134632852326,cp,95,9,10042,0.7,0.5,calibrated
Infection,all_constraints,0.9894736842105263,0.10259783520851543,1.0,0.0,1.0638297872340459,96,95,0.1044077177842458,0.08363134632852326,cp,95,9,10042,0.7,0.5,calibrated
Gastrointestinal,all_constraints,0.9789473684210527,0.1443214031708876,1.0,0.0,2.1505376344085976,96,95,0.1044077177842458,0.08363134632852326,cp,95,9,10042,0.7,0.5,calibrated
Overall_Survival,all_constraints,10.735931318339748,1.7322367987232548,11.782263660068846,1.1168837728962557,9.746078944652819,96,95,0.1044077177842458,0.08363134632852326,cp,95,9,10042,0.7,0.5,calibrated
all_constraints,all_constraints,0.9157894736842105,0.27917652063748477,1.0,0.0,9.195402298850581,96,95,0.1044077177842458,0.08363134632852326,cp,95,9,10042,0.7,0.5,calibrated
Any_DLT,dlt_only,1.0,0.0,1.0,0.0,0.0,96,96,0.019045181572437286,0.01398956138924019,nominal,96,0,1042,0.8,0.5,calibrated
Blood,dlt_only,1.0,0.0,1.0,0.0,0.0,96,96,0.019045181572437286,0.01398956138924019,nominal,96,0,1042,0.8,0.5,calibrated
Constitutional,dlt_only,1.0,0.0,1.0,0.0,0.0,96,96,0.019045181572437286,0.01398956138924019,nominal,96,0,1042,0.8,0.5,calibrated
Infection,dlt_only,1.0,0.0,1.0,0.0,0.0,96,96,0.019045181572437286,0.01398956138924019,nominal,96,0,1042,0.8,0.5,calibrated
Gastrointestinal,dlt_only,1.0,0.0,1.0,0.0,0.0,96,96,0.019045181572437286,0.01398956138924019,nominal,96,0,1042,0.8,0.5,calibrated
Overall_Survival,dlt_only,10.690597206168823,1.779425762099106,11.94812450417013,0.9642490522635561,11.762928429065427,96,96,0.019045181572437286,0.01398956138924019,nominal,96,0,1042,0.8,0.5,calibrated
all_constraints,dlt_only,1.0,0.0,1.0,0.0,0.0,96,96,0.019045181572437286,0.01398956138924019,nominal,96,0,1042,0.8,0.5,calibrated
Any_DLT,all_constraints,1.0,0.0,1.0,0.0,0.0,96,95,0.05821983019510905,0.0053533916649969706,nominal,96,0,1042,0.8,0.5,calibrated
Blood,all_constraints,1.0,0.0,1.0,0.0,0.0,96,95,0.05821983019510905,0.0053533916649969706,nominal,96,0,1042,0.8,0.5,calibrated
Constitutional,all_constraints,1.0,0.0,1.0,0.0,0.0,96,95,0.05821983019510905,0.0053533916649969706,nominal,96,0,1042,0.8,0.5,calibrated
Infection,all_constraints,1.0,0.0,1.0,0.0,0.0,96,95,0.05821983019510905,0.0053533916649969706,nominal,96,0,1042,0.8,0.5,calibrated
Gastrointestinal,all_constraints,1.0,0.0,1.0,0.0,0.0,96,95,0.05821983019510905,0.0053533916649969706,nominal,96,0,1042,0.8,0.5,calibrated
Overall_Survival,all_constraints,10.69538766650208,1.7882433245560843,11.95578679012146,0.9628566980154598,11.784510883761092,96,95,0.05821983019510905,0.0053533916649969706,nominal,96,0,1042,0.8,0.5,calibrated
all_constraints,all_constraints,1.0,0.0,1.0,0.0,0.0,96,95,0.05821983019510905,0.0053533916649969706,nominal,96,0,1042,0.8,0.5,calibrated
Any_DLT,dlt_only,1.0,0.0,1.0,0.0,0.0,96,96,0.017673872411251068,0.0047147917426245715,robust_reg,96,0,1042,0.8,0.5,calibrated
Blood,dlt_only,1.0,0.0,1.0,0.0,0.0,96,96,0.017673872411251068,0.0047147917426245715,robust_reg,96,0,1042,0.8,0.5,calibrated
Constitutional,dlt_only,1.0,0.0,1.0,0.0,0.0,96,96,0.017673872411251068,0.0047147917426245715,robust_reg,96,0,1042,0.8,0.5,calibrated
Infection,dlt_only,1.0,0.0,1.0,0.0,0.0,96,96,0.017673872411251068,0.0047147917426245715,robust_reg,96,0,1042,0.8,0.5,calibrated
Gastrointestinal,dlt_only,1.0,0.0,1.0,0.0,0.0,96,96,0.017673872411251068,0.0047147917426245715,robust_reg,96,0,1042,0.8,0.5,calibrated
Overall_Survival,dlt_only,10.690597206168823,1.779425762099106,11.94812450417013,0.9642490522635561,11.762928429065427,96,96,0.017673872411251068,0.0047147917426245715,robust_reg,96,0,1042,0.8,0.5,calibrated
all_constraints,dlt_only,1.0,0.0,1.0,0.0,0.0,96,96,0.017673872411251068,0.0047147917426245715,robust_reg,96,0,1042,0.8,0.5,calibrated
Any_DLT,all_constraints,1.0,0.0,1.0,0.0,0.0,96,95,0.05564287553230921,0.010138611747050386,robust_reg,96,0,1042,0.8,0.5,calibrated
Blood,all_constraints,1.0,0.0,1.0,0.0,0.0,96,95,0.05564287553230921,0.010138611747050386,robust_reg,96,0,1042,0.8,0.5,calibrated
Constitutional,all_constraints,1.0,0.0,1.0,0.0,0.0,96,95,0.05564287553230921,0.010138611747050386,robust_reg,96,0,1042,0.8,0.5,calibrated
Infection,all_constraints,1.0,0.0,1.0,0.0,0.0,96,95,0.05564287553230921,0.010138611747050386,robust_reg,96,0,1042,0.8,0.5,calibrated
Gastrointestinal,all_constraints,1.0,0.0,1.0,0.0,0.0,96,95,0.05564287553230921,0.010138611747050386,robust_reg,96,0,1042,0.8,0.5,calibrated
Overall_Survival,all_constraints,10.69538766650208,1.7882433245560843,11.95578679012146,0.9628566980154598,11.784510883761092,96,95,0.05564287553230921,0.010138611747050386,robust_reg,96,0,1042,0.8,0.5,calibrated
all_constraints,all_constraints,1.0,0.0,1.0,0.0,0.0,96,95,0.05564287553230921,0.010138611747050386,robust_reg,96,0,1042,0.8,0.5,calibrated
Any_DLT,dlt_only,1.0,0.0,1.0,0.0,0.0,96,96,0.01927067091067632,0.004752601442680643,cp,96,0,1042,0.8,0.5,calibrated
Blood,dlt_only,1.0,0.0,1.0,0.0,0.0,96,96,0.01927067091067632,0.004752601442680643,cp,96,0,1042,0.8,0.5,calibrated
Constitutional,dlt_only,1.0,0.0,1.0,0.0,0.0,96,96,0.01927067091067632,0.004752601442680643,cp,96,0,1042,0.8,0.5,calibrated
Infection,dlt_only,1.0,0.0,1.0,0.0,0.0,96,96,0.01927067091067632,0.004752601442680643,cp,96,0,1042,0.8,0.5,calibrated
Gastrointestinal,dlt_only,1.0,0.0,1.0,0.0,0.0,96,96,0.01927067091067632,0.004752601442680643,cp,96,0,1042,0.8,0.5,calibrated
Overall_Survival,dlt_only,10.690597206168823,1.779425762099106,11.94812450417013,0.9642490522635561,11.762928429065427,96,96,0.01927067091067632,0.004752601442680643,cp,96,0,1042,0.8,0.5,calibrated
all_constraints,dlt_only,1.0,0.0,1.0,0.0,0.0,96,96,0.01927067091067632,0.004752601442680643,cp,96,0,1042,0.8,0.5,calibrated
Any_DLT,all_constraints,1.0,0.0,1.0,0.0,0.0,96,95,0.03346335391203562,0.007258988937054823,cp,95,0,1042,0.8,0.5,calibrated
Blood,all_constraints,1.0,0.0,1.0,0.0,0.0,96,95,0.03346335391203562,0.007258988937054823,cp,95,0,1042,0.8,0.5,calibrated
Constitutional,all_constraints,1.0,0.0,1.0,0.0,0.0,96,95,0.03346335391203562,0.007258988937054823,cp,95,0,1042,0.8,0.5,calibrated
Infection,all_constraints,1.0,0.0,1.0,0.0,0.0,96,95,0.03346335391203562,0.007258988937054823,cp,95,0,1042,0.8,0.5,calibrated
Gastrointestinal,all_constraints,1.0,0.0,1.0,0.0,0.0,96,95,0.03346335391203562,0.007258988937054823,cp,95,0,1042,0.8,0.5,calibrated
Overall_Survival,all_constraints,10.69538766650208,1.7882433245560843,11.908088503047543,1.097450050503627,11.338540260150058,96,95,0.03346335391203562,0.007258988937054823,cp,95,0,1042,0.8,0.5,calibrated
all_constraints,all_constraints,1.0,0.0,1.0,0.0,0.0,96,95,0.03346335391203562,0.007258988937054823,cp,95,0,1042,0.8,0.5,calibrated
Any_DLT,dlt_only,1.0,0.0,1.0,0.0,0.0,96,96,0.02033163110415141,0.020750576816760128,nominal,96,1,2042,0.8,0.5,calibrated
Blood,dlt_only,1.0,0.0,1.0,0.0,0.0,96,96,0.02033163110415141,0.020750576816760128,nominal,96,1,2042,0.8,0.5,calibrated
Constitutional,dlt_only,1.0,0.0,1.0,0.0,0.0,96,96,0.02033163110415141,0.020750576816760128,nominal,96,1,2042,0.8,0.5,calibrated
Infection,dlt_only,1.0,0.0,1.0,0.0,0.0,96,96,0.02033163110415141,0.020750576816760128,nominal,96,1,2042,0.8,0.5,calibrated
Gastrointestinal,dlt_only,1.0,0.0,1.0,0.0,0.0,96,96,0.02033163110415141,0.020750576816760128,nominal,96,1,2042,0.8,0.5,calibrated
Overall_Survival,dlt_only,10.690597206168823,1.779425762099106,11.94812450417013,0.9642490522635561,11.762928429065427,96,96,0.02033163110415141,0.020750576816760128,nominal,96,1,2042,0.8,0.5,calibrated
all_constraints,dlt_only,1.0,0.0,1.0,0.0,0.0,96,96,0.02033163110415141,0.020750576816760128,nominal,96,1,2042,0.8,0.5,calibrated
Any_DLT,all_constraints,1.0,0.0,1.0,0.0,0.0,96,96,0.05913322667280833,0.009151556811486937,nominal,96,1,2042,0.8,0.5,calibrated
Blood,all_constraints,1.0,0.0,1.0,0.0,0.0,96,96,0.05913322667280833,0.009151556811486937,nominal,96,1,2042,0.8,0.5,calibrated
Constitutional,all_constraints,1.0,0.0,1.0,0.0,0.0,96,96,0.05913322667280833,0.009151556811486937,nominal,96,1,2042,0.8,0.5,calibrated
Infection,all_constraints,1.0,0.0,1.0,0.0,0.0,96,96,0.05913322667280833,0.009151556811486937,nominal,96,1,2042,0.8,0.5,calibrated
Gastrointestinal,all_constraints,1.0,0.0,1.0,0.0,0.0,96,96,0.05913322667280833,0.009151556811486937,nominal,96,1,2042,0.8,0.5,calibrated
Overall_Survival,all_constraints,10.690597206168823,1.779425762099106,11.94812450417013,0.9642490522635561,11.762928429065427,96,96,0.05913322667280833,0.009151556811486937,nominal,96,1,2042,0.8,0.5,calibrated
all_constraints,all_constraints,1.0,0.0,1.0,0.0,0.0,96,96,0.05913322667280833,0.009151556811486937,nominal,96,1,2042,0.8,0.5,calibrated
Any_DLT,dlt_only,1.0,0.0,1.0,0.0,0.0,96,96,0.016492222746213276,0.003725222483767258,robust_reg,96,1,2042,0.8,0.5,calibrated
Blood,dlt_only,1.0,0.0,1.0,0.0,0.0,96,96,0.016492222746213276,0.003725222483767258,robust_reg,96,1,2042,0.8,0.5,calibrated
Constitutional,dlt_only,1.0,0.0,1.0,0.0,0.0,96,96,0.016492222746213276,0.003725222483767258,robust_reg,96,1,2042,0.8,0.5,calibrated
Infection,dlt_only,1.0,0.0,1.0,0.0,0.0,96,96,0.016492222746213276,0.003725222483767258,robust_reg,96,1,2042,0.8,0.5,calibrated
Gastrointestinal,dlt_only,1.0,0.0,1.0,0.0,0.0,96,96,0.016492222746213276,0.003725222483767258,robust_reg,96,1,2042,0.8,0.5,calibrated
Overall_Survival,dlt_only,10.690597206168823,1.779425762099106,11.94812450417013,0.9642490522635561,11.762928429065427,96,96,0.016492222746213276,0.003725222483767258,robust_reg,96,1,2042,0.8,0.5,calibrated
all_constraints,dlt_only,1.0,0.0,1.0,0.0,0.0,96,96,0.016492222746213276,0.003725222483767258,robust_reg,96,1,2042,0.8,0.5,calibrated
Any_DLT,all_constraints,1.0,0.0,1.0,0.0,0.0,96,96,0.059934270878632866,0.010422819530521306,robust_reg,96,1,2042,0.8,0.5,calibrated
Blood,all_constraints,1.0,0.0,1.0,0.0,0.0,96,96,0.059934270878632866,0.010422819530521306,robust_reg,96,1,2042,0.8,0.5,calibrated
Constitutional,all_constraints,1.0,0.0,1.0,0.0,0.0,96,96,0.059934270878632866,0.010422819530521306,robust_reg,96,1,2042,0.8,0.5,calibrated
Infection,all_constraints,1.0,0.0,1.0,0.0,0.0,96,96,0.059934270878632866,0.010422819530521306,robust_reg,96,1,2042,0.8,0.5,calibrated
Gastrointestinal,all_constraints,1.0,0.0,1.0,0.0,0.0,96,96,0.059934270878632866,0.010422819530521306,robust_reg,96,1,2042,0.8,0.5,calibrated
Overall_Survival,all_constraints,10.690597206168823,1.779425762099106,11.94812450417013,0.9642490522635561,11.762928429065427,96,96,0.059934270878632866,0.010422819530521306,robust_reg,96,1,2042,0.8,0.5,calibrated
all_constraints,all_constraints,1.0,0.0,1.0,0.0,0.0,96,96,0.059934270878632866,0.010422819530521306,robust_reg,96,1,2042,0.8,0.5,calibrated
Any_DLT,dlt_only,1.0,0.0,1.0,0.0,0.0,96,96,0.021153417726357777,0.004902704838345522,cp,96,1,2042,0.8,0.5,calibrated
Blood,dlt_only,1.0,0.0,1.0,0.0,0.0,96,96,0.021153417726357777,0.004902704838345522,cp,96,1,2042,0.8,0.5,calibrated
Constitutional,dlt_only,1.0,0.0,1.0,0.0,0.0,96,96,0.021153417726357777,0.004902704838345522,cp,96,1,2042,0.8,0.5,calibrated
Infection,dlt_only,1.0,0.0,1.0,0.0,0.0,96,96,0.021153417726357777,0.004902704838345522,cp,96,1,2042,0.8,0.5,calibrated
Gastrointestinal,dlt_only,1.0,0.0,1.0,0.0,0.0,96,96,0.021153417726357777,0.004902704838345522,cp,96,1,2042,0.8,0.5,calibrated
Overall_Survival,dlt_only,10.690597206168823,1.779425762099106,11.94812450417013,0.9642490522635561,11.762928429065427,96,96,0.021153417726357777,0.004902704838345522,cp,96,1,2042,0.8,0.5,calibrated
all_constraints,dlt_only,1.0,0.0,1.0,0.0,0.0,96,96,0.021153417726357777,0.004902704838345522,cp,96,1,2042,0.8,0.5,calibrated
Any_DLT,all_constraints,1.0,0.0,1.0,0.0,0.0,96,96,0.2327950894832611,0.04940451427542683,cp,96,1,2042,0.8,0.5,calibrated
Blood,all_constraints,1.0,0.0,1.0,0.0,0.0,96,96,0.2327950894832611,0.04940451427542683,cp,96,1,2042,0.8,0.5,calibrated
Constitutional,all_constraints,1.0,0.0,1.0,0.0,0.0,96,96,0.2327950894832611,0.04940451427542683,cp,96,1,2042,0.8,0.5,calibrated
Infection,all_constraints,1.0,0.0,1.0,0.0,0.0,96,96,0.2327950894832611,0.04940451427542683,cp,96,1,2042,0.8,0.5,calibrated
Gastrointestinal,all_constraints,1.0,0.0,1.0,0.0,0.0,96,96,0.2327950894832611,0.04940451427542683,cp,96,1,2042,0.8,0.5,calibrated
Overall_Survival,all_constraints,10.690597206168823,1.779425762099106,11.812898747640068,1.104505149255294,10.498024757902584,96,96,0.2327950894832611,0.04940451427542683,cp,96,1,2042,0.8,0.5,calibrated
all_constraints,all_constraints,1.0,0.0,1.0,0.0,0.0,96,96,0.2327950894832611,0.04940451427542683,cp,96,1,2042,0.8,0.5,calibrated
Any_DLT,dlt_only,1.0,0.0,1.0,0.0,0.0,96,96,0.02820991724729538,0.02814474959220201,nominal,96,2,3042,0.8,0.5,calibrated
Blood,dlt_only,1.0,0.0,1.0,0.0,0.0,96,96,0.02820991724729538,0.02814474959220201,nominal,96,2,3042,0.8,0.5,calibrated
Constitutional,dlt_only,1.0,0.0,1.0,0.0,0.0,96,96,0.02820991724729538,0.02814474959220201,nominal,96,2,3042,0.8,0.5,calibrated
Infection,dlt_only,1.0,0.0,1.0,0.0,0.0,96,96,0.02820991724729538,0.02814474959220201,nominal,96,2,3042,0.8,0.5,calibrated
Gastrointestinal,dlt_only,1.0,0.0,1.0,0.0,0.0,96,96,0.02820991724729538,0.02814474959220201,nominal,96,2,3042,0.8,0.5,calibrated
Overall_Survival,dlt_only,10.690597206168823,1.779425762099106,10.977629345942566,1.0192257895456684,2.684902763038494,96,96,0.02820991724729538,0.02814474959220201,nominal,96,2,3042,0.8,0.5,calibrated
all_constraints,dlt_only,1.0,0.0,1.0,0.0,0.0,96,96,0.02820991724729538,0.02814474959220201,nominal,96,2,3042,0.8,0.5,calibrated
Any_DLT,all_constraints,1.0,0.0,1.0,0.0,0.0,96,96,0.09012408306201299,0.04529017400919573,nominal,96,2,3042,0.8,0.5,calibrated
Blood,all_constraints,1.0,0.0,1.0,0.0,0.0,96,96,0.09012408306201299,0.04529017400919573,nominal,96,2,3042,0.8,0.5,calibrated
Constitutional,all_constraints,1.0,0.0,1.0,0.0,0.0,96,96,0.09012408306201299,0.04529017400919573,nominal,96,2,3042,0.8,0.5,calibrated
Infection,all_constraints,1.0,0.0,1.0,0.0,0.0,96,96,0.09012408306201299,0.04529017400919573,nominal,96,2,3042,0.8,0.5,calibrated
Gastrointestinal,all_constraints,1.0,0.0,1.0,0.0,0.0,96,96,0.09012408306201299,0.04529017400919573,nominal,96,2,3042,0.8,0.5,calibrated
Overall_Survival,all_constraints,10.690597206168823,1.779425762099106,10.977920699898883,1.0191819256690173,2.687628092135631,96,96,0.09012408306201299,0.04529017400919573,nominal,96,2,3042,0.8,0.5,calibrated
all_constraints,all_constraints,1.0,0.0,1.0,0.0,0.0,96,96,0.09012408306201299,0.04529017400919573,nominal,96,2,3042,0.8,0.5,calibrated
Any_DLT,dlt_only,1.0,0.0,1.0,0.0,0.0,96,96,0.05376175045967102,0.04359151135367203,robust_reg,96,2,3042,0.8,0.5,calibrated
Blood,dlt_only,1.0,0.0,1.0,0.0,0.0,96,96,0.05376175045967102,0.04359151135367203,robust_reg,96,2,3042,0.8,0.5,calibrated
Constitutional,dlt_only,1.0,0.0,1.0,0.0,0.0,96,96,0.05376175045967102,0.04359151135367203,robust_reg,96,2,3042,0.8,0.5,calibrated
Infection,dlt_only,1.0,0.0,1.0,0.0,0.0,96,96,0.05376175045967102,0.04359151135367203,robust_reg,96,2,3042,0.8,0.5,calibrated
Gastrointestinal,dlt_only,1.0,0.0,1.0,0.0,0.0,96,96,0.05376175045967102,0.04359151135367203,robust_reg,96,2,3042,0.8,0.5,calibrated
Overall_Survival,dlt_only,10.690597206168823,1.779425762099106,10.97762934592322,1.019225789536242,2.6849027628575284,96,96,0.05376175045967102,0.04359151135367203,robust_reg,96,2,3042,0.8,0.5,calibrated
all_constraints,dlt_only,1.0,0.0,1.0,0.0,0.0,96,96,0.05376175045967102,0.04359151135367203,robust_reg,96,2,3042,0.8,0.5,calibrated
Any_DLT,all_constraints,1.0,0.0,1.0,0.0,0.0,96,96,0.0987056295077006,0.05139814720167879,robust_reg,96,2,3042,0.8,0.5,calibrated
Blood,all_constraints,1.0,0.0,1.0,0.0,0.0,96,96,0.0987056295077006,0.05139814720167879,robust_reg,96,2,3042,0.8,0.5,calibrated
Constitutional,all_constraints,1.0,0.0,1.0,0.0,0.0,96,96,0.0987056295077006,0.05139814720167879,robust_reg,96,2,3042,0.8,0.5,calibrated
Infection,all_constraints,1.0,0.0,1.0,0.0,0.0,96,96,0.0987056295077006,0.05139814720167879,robust_reg,96,2,3042,0.8,0.5,calibrated
Gastrointestinal,all_constraints,1.0,0.0,1.0,0.0,0.0,96,96,0.0987056295077006,0.05139814720167879,robust_reg,96,2,3042,0.8,0.5,calibrated
Overall_Survival,all_constraints,10.690597206168823,1.779425762099106,10.976882583432262,1.0191498738194202,2.6779175357784832,96,96,0.0987056295077006,0.05139814720167879,robust_reg,96,2,3042,0.8,0.5,calibrated
all_constraints,all_constraints,1.0,0.0,1.0,0.0,0.0,96,96,0.0987056295077006,0.05139814720167879,robust_reg,96,2,3042,0.8,0.5,calibrated
Any_DLT,dlt_only,1.0,0.0,1.0,0.0,0.0,96,96,0.044848899046579994,0.03297134386167836,cp,96,2,3042,0.8,0.5,calibrated
Blood,dlt_only,1.0,0.0,1.0,0.0,0.0,96,96,0.044848899046579994,0.03297134386167836,cp,96,2,3042,0.8,0.5,calibrated
Constitutional,dlt_only,1.0,0.0,1.0,0.0,0.0,96,96,0.044848899046579994,0.03297134386167836,cp,96,2,3042,0.8,0.5,calibrated
Infection,dlt_only,1.0,0.0,1.0,0.0,0.0,96,96,0.044848899046579994,0.03297134386167836,cp,96,2,3042,0.8,0.5,calibrated
Gastrointestinal,dlt_only,1.0,0.0,1.0,0.0,0.0,96,96,0.044848899046579994,0.03297134386167836,cp,96,2,3042,0.8,0.5,calibrated
Overall_Survival,dlt_only,10.690597206168823,1.779425762099106,10.977629345942566,1.0192257895456684,2.684902763038494,96,96,0.044848899046579994,0.03297134386167836,cp,96,2,3042,0.8,0.5,calibrated
all_constraints,dlt_only,1.0,0.0,1.0,0.0,0.0,96,96,0.044848899046579994,0.03297134386167836,cp,96,2,3042,0.8,0.5,calibrated
Any_DLT,all_constraints,1.0,0.0,1.0,0.0,0.0,96,96,0.09937791774670283,0.0454095857104933,cp,96,2,3042,0.8,0.5,calibrated
Blood,all_constraints,1.0,0.0,1.0,0.0,0.0,96,96,0.09937791774670283,0.0454095857104933,cp,96,2,3042,0.8,0.5,calibrated
Constitutional,all_constraints,1.0,0.0,1.0,0.0,0.0,96,96,0.09937791774670283,0.0454095857104933,cp,96,2,3042,0.8,0.5,calibrated
Infection,all_constraints,1.0,0.0,1.0,0.0,0.0,96,96,0.09937791774670283,0.0454095857104933,cp,96,2,3042,0.8,0.5,calibrated
Gastrointestinal,all_constraints,1.0,0.0,1.0,0.0,0.0,96,96,0.09937791774670283,0.0454095857104933,cp,96,2,3042,0.8,0.5,calibrated
Overall_Survival,all_constraints,10.690597206168823,1.779425762099106,11.028261449211612,1.0120867047415705,3.1585161851196335,96,96,0.09937791774670283,0.0454095857104933,cp,96,2,3042,0.8,0.5,calibrated
all_constraints,all_constraints,1.0,0.0,1.0,0.0,0.0,96,96,0.09937791774670283,0.0454095857104933,cp,96,2,3042,0.8,0.5,calibrated
Any_DLT,dlt_only,1.0,0.0,1.0,0.0,0.0,96,96,0.01069792608420054,0.000949102082307109,nominal,96,3,4042,0.8,0.5,calibrated
Blood,dlt_only,1.0,0.0,1.0,0.0,0.0,96,96,0.01069792608420054,0.000949102082307109,nominal,96,3,4042,0.8,0.5,calibrated
Constitutional,dlt_only,1.0,0.0,1.0,0.0,0.0,96,96,0.01069792608420054,0.000949102082307109,nominal,96,3,4042,0.8,0.5,calibrated
Infection,dlt_only,1.0,0.0,1.0,0.0,0.0,96,96,0.01069792608420054,0.000949102082307109,nominal,96,3,4042,0.8,0.5,calibrated
Gastrointestinal,dlt_only,1.0,0.0,1.0,0.0,0.0,96,96,0.01069792608420054,0.000949102082307109,nominal,96,3,4042,0.8,0.5,calibrated
Overall_Survival,dlt_only,10.690597206168823,1.779425762099106,12.62300661042768,0.9719545348278921,18.075785355974258,96,96,0.01069792608420054,0.000949102082307109,nominal,96,3,4042,0.8,0.5,calibrated
all_constraints,dlt_only,1.0,0.0,1.0,0.0,0.0,96,96,0.01069792608420054,0.000949102082307109,nominal,96,3,4042,0.8,0.5,calibrated
Any_DLT,all_constraints,1.0,0.0,1.0,0.0,0.0,96,96,0.034172977010409035,0.004154084434356396,nominal,96,3,4042,0.8,0.5,calibrated
Blood,all_constraints,1.0,0.0,1.0,0.0,0.0,96,96,0.034172977010409035,0.004154084434356396,nominal,96,3,4042,0.8,0.5,calibrated
Constitutional,all_constraints,1.0,0.0,1.0,0.0,0.0,96,96,0.034172977010409035,0.004154084434356396,nominal,96,3,4042,0.8,0.5,calibrated
Infection,all_constraints,1.0,0.0,1.0,0.0,0.0,96,96,0.034172977010409035,0.004154084434356396,nominal,96,3,4042,0.8,0.5,calibrated
Gastrointestinal,all_constraints,1.0,0.0,1.0,0.0,0.0,96,96,0.034172977010409035,0.004154084434356396,nominal,96,3,4042,0.8,0.5,calibrated
Overall_Survival,all_constraints,10.690597206168823,1.779425762099106,12.605690986454258,0.9710515780347339,17.913814760323806,96,96,0.034172977010409035,0.004154084434356396,nominal,96,3,4042,0.8,0.5,calibrated
all_constraints,all_constraints,1.0,0.0,1.0,0.0,0.0,96,96,0.034172977010409035,0.004154084434356396,nominal,96,3,4042,0.8,0.5,calibrated
Any_DLT,dlt_only,1.0,0.0,1.0,0.0,0.0,96,96,0.010199536879857382,0.0008881398861790887,robust_reg,96,3,4042,0.8,0.5,calibrated
Blood,dlt_only,1.0,0.0,1.0,0.0,0.0,96,96,0.010199536879857382,0.0008881398861790887,robust_reg,96,3,4042,0.8,0.5,calibrated
Constitutional,dlt_only,1.0,0.0,1.0,0.0,0.0,96,96,0.010199536879857382,0.0008881398861790887,robust_reg,96,3,4042,0.8,0.5,calibrated
Infection,dlt_only,1.0,0.0,1.0,0.0,0.0,96,96,0.010199536879857382,0.0008881398861790887,robust_reg,96,3,4042,0.8,0.5,calibrated
Gastrointestinal,dlt_only,1.0,0.0,1.0,0.0,0.0,96,96,0.010199536879857382,0.0008881398861790887,robust_reg,96,3,4042,0.8,0.5,calibrated
Overall_Survival,dlt_only,10.690597206168823,1.779425762099106,12.51969538092711,0.9669940853792337,17.10941062958427,96,96,0.010199536879857382,0.0008881398861790887,robust_reg,96,3,4042,0.8,0.5,calibrated
all_constraints,dlt_only,1.0,0.0,1.0,0.0,0.0,96,96,0.010199536879857382,0.0008881398861790887,robust_reg,96,3,4042,0.8,0.5,calibrated
Any_DLT,all_constraints,1.0,0.0,1.0,0.0,0.0,96,96,0.03481910626093546,0.0036808450327502594,robust_reg,96,3,4042,0.8,0.5,calibrated
Blood,all_constraints,1.0,0.0,1.0,0.0,0.0,96,96,0.03481910626093546,0.0036808450327502594,robust_reg,96,3,4042,0.8,0.5,calibrated
Constitutional,all_constraints,1.0,0.0,1.0,0.0,0.0,96,96,0.03481910626093546,0.0036808450327502594,robust_reg,96,3,4042,0.8,0.5,calibrated
Infection,all_constraints,1.0,0.0,1.0,0.0,0.0,96,96,0.03481910626093546,0.0036808450327502594,robust_reg,96,3,4042,0.8,0.5,calibrated
Gastrointestinal,all_constraints,1.0,0.0,1.0,0.0,0.0,96,96,0.03481910626093546,0.0036808450327502594,robust_reg,96,3,4042,0.8,0.5,calibrated
Overall_Survival,all_constraints,10.690597206168823,1.779425762099106,12.464879076638178,0.9900087496640976,16.59665813099325,96,96,0.03481910626093546,0.0036808450327502594,robust_reg,96,3,4042,0.8,0.5,calibrated
all_constraints,all_constraints,1.0,0.0,1.0,0.0,0.0,96,96,0.03481910626093546,0.0036808450327502594,robust_reg,96,3,4042,0.8,0.5,calibrated
Any_DLT,dlt_only,1.0,0.0,1.0,0.0,0.0,96,96,0.01947521169980367,0.003402850822689754,cp,96,3,4042,0.8,0.5,calibrated
Blood,dlt_only,1.0,0.0,1.0,0.0,0.0,96,96,0.01947521169980367,0.003402850822689754,cp,96,3,4042,0.8,0.5,calibrated
Constitutional,dlt_only,1.0,0.0,1.0,0.0,0.0,96,96,0.01947521169980367,0.003402850822689754,cp,96,3,4042,0.8,0.5,calibrated
Infection,dlt_only,1.0,0.0,1.0,0.0,0.0,96,96,0.01947521169980367,0.003402850822689754,cp,96,3,4042,0.8,0.5,calibrated
Gastrointestinal,dlt_only,1.0,0.0,1.0,0.0,0.0,96,96,0.01947521169980367,0.003402850822689754,cp,96,3,4042,0.8,0.5,calibrated
Overall_Survival,dlt_only,10.690597206168823,1.779425762099106,12.580934275071167,0.9704710517428586,17.68224012603859,96,96,0.01947521169980367,0.003402850822689754,cp,96,3,4042,0.8,0.5,calibrated
all_constraints,dlt_only,1.0,0.0,1.0,0.0,0.0,96,96,0.01947521169980367,0.003402850822689754,cp,96,3,4042,0.8,0.5,calibrated
Any_DLT,all_constraints,1.0,0.0,1.0,0.0,0.0,96,96,0.030338486035664875,0.014796004847813168,cp,96,3,4042,0.8,0.5,calibrated
Blood,all_constraints,1.0,0.0,1.0,0.0,0.0,96,96,0.030338486035664875,0.014796004847813168,cp,96,3,4042,0.8,0.5,calibrated
Constitutional,all_constraints,1.0,0.0,1.0,0.0,0.0,96,96,0.030338486035664875,0.014796004847813168,cp,96,3,4042,0.8,0.5,calibrated
Infection,all_constraints,1.0,0.0,1.0,0.0,0.0,96,96,0.030338486035664875,0.014796004847813168,cp,96,3,4042,0.8,0.5,calibrated
Gastrointestinal,all_constraints,1.0,0.0,1.0,0.0,0.0,96,96,0.030338486035664875,0.014796004847813168,cp,96,3,4042,0.8,0.5,calibrated
Overall_Survival,all_constraints,10.690597206168823,1.779425762099106,12.54009605992674,1.1364734226158593,17.30023887431373,96,96,0.030338486035664875,0.014796004847813168,cp,96,3,4042,0.8,0.5,calibrated
all_constraints,all_constraints,1.0,0.0,1.0,0.0,0.0,96,96,0.030338486035664875,0.014796004847813168,cp,96,3,4042,0.8,0.5,calibrated
Any_DLT,dlt_only,1.0,0.0,1.0,0.0,0.0,96,96,0.012126381198565165,0.00252874236232184,nominal,96,4,5042,0.8,0.5,calibrated
Blood,dlt_only,1.0,0.0,1.0,0.0,0.0,96,96,0.012126381198565165,0.00252874236232184,nominal,96,4,5042,0.8,0.5,calibrated
Constitutional,dlt_only,1.0,0.0,1.0,0.0,0.0,96,96,0.012126381198565165,0.00252874236232184,nominal,96,4,5042,0.8,0.5,calibrated
Infection,dlt_only,1.0,0.0,1.0,0.0,0.0,96,96,0.012126381198565165,0.00252874236232184,nominal,96,4,5042,0.8,0.5,calibrated
Gastrointestinal,dlt_only,1.0,0.0,1.0,0.0,0.0,96,96,0.012126381198565165,0.00252874236232184,nominal,96,4,5042,0.8,0.5,calibrated
Overall_Survival,dlt_only,10.690597206168823,1.779425762099106,10.998024342438649,1.0133304840149577,2.8756778535480763,96,96,0.012126381198565165,0.00252874236232184,nominal,96,4,5042,0.8,0.5,calibrated
all_constraints,dlt_only,1.0,0.0,1.0,0.0,0.0,96,96,0.012126381198565165,0.00252874236232184,nominal,96,4,5042,0.8,0.5,calibrated
Any_DLT,all_constraints,1.0,0.0,1.0,0.0,0.0,96,96,0.038008940716584526,0.002361658259026377,nominal,96,4,5042,0.8,0.5,calibrated
Blood,all_constraints,1.0,0.0,1.0,0.0,0.0,96,96,0.038008940716584526,0.002361658259026377,nominal,96,4,5042,0.8,0.5,calibrated
Constitutional,all_constraints,1.0,0.0,1.0,0.0,0.0,96,96,0.038008940716584526,0.002361658259026377,nominal,96,4,5042,0.8,0.5,calibrated
Infection,all_constraints,1.0,0.0,1.0,0.0,0.0,96,96,0.038008940716584526,0.002361658259026377,nominal,96,4,5042,0.8,0.5,calibrated
Gastrointestinal,all_constraints,1.0,0.0,1.0,0.0,0.0,96,96,0.038008940716584526,0.002361658259026377,nominal,96,4,5042,0.8,0.5,calibrated
Overall_Survival,all_constraints,10.690597206168823,1.779425762099106,10.998024342438649,1.0133304840149577,2.8756778535480763,96,96,0.038008940716584526,0.002361658259026377,nominal,96,4,5042,0.8,0.5,calibrated
all_constraints,all_constraints,1.0,0.0,1.0,0.0,0.0,96,96,0.038008940716584526,0.002361658259026377,nominal,96,4,5042,0.8,0.5,calibrated
Any_DLT,dlt_only,1.0,0.0,1.0,0.0,0.0,96,96,0.011214194198449453,0.0009699018261133264,robust_reg,96,4,5042,0.8,0.5,calibrated
Blood,dlt_only,1.0,0.0,1.0,0.0,0.0,96,96,0.011214194198449453,0.0009699018261133264,robust_reg,96,4,5042,0.8,0.5,calibrated
Constitutional,dlt_only,1.0,0.0,1.0,0.0,0.0,96,96,0.011214194198449453,0.0009699018261133264,robust_reg,96,4,5042,0.8,0.5,calibrated
Infection,dlt_only,1.0,0.0,1.0,0.0,0.0,96,96,0.011214194198449453,0.0009699018261133264,robust_reg,96,4,5042,0.8,0.5,calibrated
Gastrointestinal,dlt_only,1.0,0.0,1.0,0.0,0.0,96,96,0.011214194198449453,0.0009699018261133264,robust_reg,96,4,5042,0.8,0.5,calibrated
Overall_Survival,dlt_only,10.690597206168823,1.779425762099106,10.998024342438649,1.0133304840149577,2.8756778535480763,96,96,0.011214194198449453,0.0009699018261133264,robust_reg,96,4,5042,0.8,0.5,calibrated
all_constraints,dlt_only,1.0,0.0,1.0,0.0,0.0,96,96,0.011214194198449453,0.0009699018261133264,robust_reg,96,4,5042,0.8,0.5,calibrated
Any_DLT,all_constraints,1.0,0.0,1.0,0.0,0.0,96,96,0.03734686474005381,0.005146941250244061,robust_reg,96,4,5042,0.8,0.5,calibrated
Blood,all_constraints,1.0,0.0,1.0,0.0,0.0,96,96,0.03734686474005381,0.005146941250244061,robust_reg,96,4,5042,0.8,0.5,calibrated
Constitutional,all_constraints,1.0,0.0,1.0,0.0,0.0,96,96,0.03734686474005381,0.005146941250244061,robust_reg,96,4,5042,0.8,0.5,calibrated
Infection,all_constraints,1.0,0.0,1.0,0.0,0.0,96,96,0.03734686474005381,0.005146941250244061,robust_reg,96,4,5042,0.8,0.5,calibrated
Gastrointestinal,all_constraints,1.0,0.0,1.0,0.0,0.0,96,96,0.03734686474005381,0.005146941250244061,robust_reg,96,4,5042,0.8,0.5,calibrated
Overall_Survival,all_constraints,10.690597206168823,1.779425762099106,10.998024342438649,1.0133304840149577,2.8756778535480763,96,96,0.03734686474005381,0.005146941250244061,robust_reg,96,4,5042,0.8,0.5,calibrated
all_constraints,all_constraints,1.0,0.0,1.0,0.0,0.0,96,96,0.03734686474005381,0.005146941250244061,robust_reg,96,4,5042,0.8,0.5,calibrated
Any_DLT,dlt_only,1.0,0.0,1.0,0.0,0.0,96,96,0.012612178921699524,0.0010299010545992097,cp,96,4,5042,0.8,0.5,calibrated
Blood,dlt_only,1.0,0.0,1.0,0.0,0.0,96,96,0.012612178921699524,0.0010299010545992097,cp,96,4,5042,0.8,0.5,calibrated
Constitutional,dlt_only,1.0,0.0,1.0,0.0,0.0,96,96,0.012612178921699524,0.0010299010545992097,cp,96,4,5042,0.8,0.5,calibrated
Infection,dlt_only,1.0,0.0,1.0,0.0,0.0,96,96,0.012612178921699524,0.0010299010545992097,cp,96,4,5042,0.8,0.5,calibrated
Gastrointestinal,dlt_only,1.0,0.0,1.0,0.0,0.0,96,96,0.012612178921699524,0.0010299010545992097,cp,96,4,5042,0.8,0.5,calibrated
Overall_Survival,dlt_only,10.690597206168823,1.779425762099106,10.998024342438649,1.0133304840149577,2.8756778535480763,96,96,0.012612178921699524,0.0010299010545992097,cp,96,4,5042,0.8,0.5,calibrated
all_constraints,dlt_only,1.0,0.0,1.0,0.0,0.0,96,96,0.012612178921699524,0.0010299010545992097,cp,96,4,5042,0.8,0.5,calibrated
Any_DLT,all_constraints,1.0,0.0,1.0,0.0,0.0,96,96,0.1025364597638448,0.030507887546894884,cp,96,4,5042,0.8,0.5,calibrated
Blood,all_constraints,1.0,0.0,1.0,0.0,0.0,96,96,0.1025364597638448,0.030507887546894884,cp,96,4,5042,0.8,0.5,calibrated
Constitutional,all_constraints,1.0,0.0,1.0,0.0,0.0,96,96,0.1025364597638448,0.030507887546894884,cp,96,4,5042,0.8,0.5,calibrated
Infection,all_constraints,1.0,0.0,1.0,0.0,0.0,96,96,0.1025364597638448,0.030507887546894884,cp,96,4,5042,0.8,0.5,calibrated
Gastrointestinal,all_constraints,1.0,0.0,1.0,0.0,0.0,96,96,0.1025364597638448,0.030507887546894884,cp,96,4,5042,0.8,0.5,calibrated
Overall_Survival,all_constraints,10.690597206168823,1.779425762099106,10.9980243423838,1.013330484013213,2.8756778530350218,96,96,0.1025364597638448,0.030507887546894884,cp,96,4,5042,0.8,0.5,calibrated
all_constraints,all_constraints,1.0,0.0,1.0,0.0,0.0,96,96,0.1025364597638448,0.030507887546894884,cp,96,4,5042,0.8,0.5,calibrated
Any_DLT,dlt_only,1.0,0.0,1.0,0.0,0.0,96,96,0.00857199231783549,0.0006768752234349858,nominal,96,5,6042,0.8,0.5,calibrated
Blood,dlt_only,1.0,0.0,1.0,0.0,0.0,96,96,0.00857199231783549,0.0006768752234349858,nominal,96,5,6042,0.8,0.5,calibrated
Constitutional,dlt_only,1.0,0.0,1.0,0.0,0.0,96,96,0.00857199231783549,0.0006768752234349858,nominal,96,5,6042,0.8,0.5,calibrated
Infection,dlt_only,1.0,0.0,1.0,0.0,0.0,96,96,0.00857199231783549,0.0006768752234349858,nominal,96,5,6042,0.8,0.5,calibrated
Gastrointestinal,dlt_only,1.0,0.0,1.0,0.0,0.0,96,96,0.00857199231783549,0.0006768752234349858,nominal,96,5,6042,0.8,0.5,calibrated
Overall_Survival,dlt_only,10.690597206168823,1.779425762099106,11.961092717193052,0.9811911389599826,11.884233280168036,96,96,0.00857199231783549,0.0006768752234349858,nominal,96,5,6042,0.8,0.5,calibrated
all_constraints,dlt_only,1.0,0.0,1.0,0.0,0.0,96,96,0.00857199231783549,0.0006768752234349858,nominal,96,5,6042,0.8,0.5,calibrated
Any_DLT,all_constraints,1.0,0.0,1.0,0.0,0.0,96,96,0.034629213313261666,0.0022885937472999695,nominal,96,5,6042,0.8,0.5,calibrated
Blood,all_constraints,1.0,0.0,1.0,0.0,0.0,96,96,0.034629213313261666,0.0022885937472999695,nominal,96,5,6042,0.8,0.5,calibrated
Constitutional,all_constraints,1.0,0.0,1.0,0.0,0.0,96,96,0.034629213313261666,0.0022885937472999695,nominal,96,5,6042,0.8,0.5,calibrated
Infection,all_constraints,1.0,0.0,1.0,0.0,0.0,96,96,0.034629213313261666,0.0022885937472999695,nominal,96,5,6042,0.8,0.5,calibrated
Gastrointestinal,all_constraints,1.0,0.0,1.0,0.0,0.0,96,96,0.034629213313261666,0.0022885937472999695,nominal,96,5,6042,0.8,0.5,calibrated
Overall_Survival,all_constraints,10.690597206168823,1.779425762099106,11.963084537679231,0.9635299685776586,11.902864797638637,96,96,0.034629213313261666,0.0022885937472999695,nominal,96,5,6042,0.8,0.5,calibrated
all_constraints,all_constraints,1.0,0.0,1.0,0.0,0.0,96,96,0.034629213313261666,0.0022885937472999695,nominal,96,5,6042,0.8,0.5,calibrated
Any_DLT,dlt_only,1.0,0.0,1.0,0.0,0.0,96,96,0.009710719188054403,0.0008948753280136756,robust_reg,96,5,6042,0.8,0.5,calibrated
Blood,dlt_only,1.0,0.0,1.0,0.0,0.0,96,96,0.009710719188054403,0.0008948753280136756,robust_reg,96,5,6042,0.8,0.5,calibrated
Constitutional,dlt_only,1.0,0.0,1.0,0.0,0.0,96,96,0.009710719188054403,0.0008948753280136756,robust_reg,96,5,6042,0.8,0.5,calibrated
Infection,dlt_only,1.0,0.0,1.0,0.0,0.0,96,96,0.009710719188054403,0.0008948753280136756,robust_reg,96,5,6042,0.8,0.5,calibrated
Gastrointestinal,dlt_only,1.0,0.0,1.0,0.0,0.0,96,96,0.009710719188054403,0.0008948753280136756,robust_reg,96,5,6042,0.8,0.5,calibrated
Overall_Survival,dlt_only,10.690597206168823,1.779425762099106,11.954582387366154,0.9664382625694483,11.823335561347033,96,96,0.009710719188054403,0.0008948753280136756,robust_reg,96,5,6042,0.8,0.5,calibrated
all_constraints,dlt_only,1.0,0.0,1.0,0.0,0.0,96,96,0.009710719188054403,0.0008948753280136756,robust_reg,96,5,6042,0.8,0.5,calibrated
Any_DLT,all_constraints,1.0,0.0,1.0,0.0,0.0,96,96,0.03534491608540217,0.002086748273413746,robust_reg,96,5,6042,0.8,0.5,calibrated
Blood,all_constraints,1.0,0.0,1.0,0.0,0.0,96,96,0.03534491608540217,0.002086748273413746,robust_reg,96,5,6042,0.8,0.5,calibrated
Constitutional,all_constraints,1.0,0.0,1.0,0.0,0.0,96,96,0.03534491608540217,0.002086748273413746,robust_reg,96,5,6042,0.8,0.5,calibrated
Infection,all_constraints,1.0,0.0,1.0,0.0,0.0,96,96,0.03534491608540217,0.002086748273413746,robust_reg,96,5,6042,0.8,0.5,calibrated
Gastrointestinal,all_constraints,1.0,0.0,1.0,0.0,0.0,96,96,0.03534491608540217,0.002086748273413746,robust_reg,96,5,6042,0.8,0.5,calibrated
Overall_Survival,all_constraints,10.690597206168823,1.779425762099106,11.958927068283003,0.9634665792219191,11.863975769120858,96,96,0.03534491608540217,0.002086748273413746,robust_reg,96,5,6042,0.8,0.5,calibrated
all_constraints,all_constraints,1.0,0.0,1.0,0.0,0.0,96,96,0.03534491608540217,0.002086748273413746,robust_reg,96,5,6042,0.8,0.5,calibrated
Any_DLT,dlt_only,1.0,0.0,1.0,0.0,0.0,96,96,0.009434672693411509,0.0005908313602216802,cp,96,5,6042,0.8,0.5,calibrated
Blood,dlt_only,1.0,0.0,1.0,0.0,0.0,96,96,0.009434672693411509,0.0005908313602216802,cp,96,5,6042,0.8,0.5,calibrated
Constitutional,dlt_only,1.0,0.0,1.0,0.0,0.0,96,96,0.009434672693411509,0.0005908313602216802,cp,96,5,6042,0.8,0.5,calibrated
Infection,dlt_only,1.0,0.0,1.0,0.0,0.0,96,96,0.009434672693411509,0.0005908313602216802,cp,96,5,6042,0.8,0.5,calibrated
Gastrointestinal,dlt_only,1.0,0.0,1.0,0.0,0.0,96,96,0.009434672693411509,0.0005908313602216802,cp,96,5,6042,0.8,0.5,calibrated
Overall_Survival,dlt_only,10.690597206168823,1.779425762099106,11.972096026945065,0.9716616193109092,11.987158397818748,96,96,0.009434672693411509,0.0005908313602216802,cp,96,5,6042,0.8,0.5,calibrated
all_constraints,dlt_only,1.0,0.0,1.0,0.0,0.0,96,96,0.009434672693411509,0.0005908313602216802,cp,96,5,6042,0.8,0.5,calibrated
Any_DLT,all_constraints,1.0,0.0,1.0,0.0,0.0,96,96,0.025435229142506916,0.015387017846358184,cp,96,5,6042,0.8,0.5,calibrated
Blood,all_constraints,1.0,0.0,1.0,0.0,0.0,96,96,0.025435229142506916,0.015387017846358184,cp,96,5,6042,0.8,0.5,calibrated
Constitutional,all_constraints,1.0,0.0,1.0,0.0,0.0,96,96,0.025435229142506916,0.015387017846358184,cp,96,5,6042,0.8,0.5,calibrated
Infection,all_constraints,1.0,0.0,1.0,0.0,0.0,96,96,0.025435229142506916,0.015387017846358184,cp,96,5,6042,0.8,0.5,calibrated
Gastrointestinal,all_constraints,1.0,0.0,1.0,0.0,0.0,96,96,0.025435229142506916,0.015387017846358184,cp,96,5,6042,0.8,0.5,calibrated
Overall_Survival,all_constraints,10.690597206168823,1.779425762099106,11.769414576666835,1.2032112710101794,10.091273197305563,96,96,0.025435229142506916,0.015387017846358184,cp,96,5,6042,0.8,0.5,calibrated
all_constraints,all_constraints,1.0,0.0,1.0,0.0,0.0,96,96,0.025435229142506916,0.015387017846358184,cp,96,5,6042,0.8,0.5,calibrated
Any_DLT,dlt_only,1.0,0.0,1.0,0.0,0.0,96,96,0.009755117197831472,0.0015146526106811454,nominal,96,6,7042,0.8,0.5,calibrated
Blood,dlt_only,1.0,0.0,1.0,0.0,0.0,96,96,0.009755117197831472,0.0015146526106811454,nominal,96,6,7042,0.8,0.5,calibrated
Constitutional,dlt_only,1.0,0.0,1.0,0.0,0.0,96,96,0.009755117197831472,0.0015146526106811454,nominal,96,6,7042,0.8,0.5,calibrated
Infection,dlt_only,1.0,0.0,1.0,0.0,0.0,96,96,0.009755117197831472,0.0015146526106811454,nominal,96,6,7042,0.8,0.5,calibrated
Gastrointestinal,dlt_only,1.0,0.0,1.0,0.0,0.0,96,96,0.009755117197831472,0.0015146526106811454,nominal,96,6,7042,0.8,0.5,calibrated
Overall_Survival,dlt_only,10.690597206168823,1.779425762099106,12.543335623809254,0.9848161633902426,17.330541801456523,96,96,0.009755117197831472,0.0015146526106811454,nominal,96,6,7042,0.8,0.5,calibrated
all_constraints,dlt_only,1.0,0.0,1.0,0.0,0.0,96,96,0.009755117197831472,0.0015146526106811454,nominal,96,6,7042,0.8,0.5,calibrated
Any_DLT,all_constraints,1.0,0.0,1.0,0.0,0.0,96,96,0.03687151769797007,0.03046803743580321,nominal,96,6,7042,0.8,0.5,calibrated
Blood,all_constraints,1.0,0.0,1.0,0.0,0.0,96,96,0.03687151769797007,0.03046803743580321,nominal,96,6,7042,0.8,0.5,calibrated
Constitutional,all_constraints,1.0,0.0,1.0,0.0,0.0,96,96,0.03687151769797007,0.03046803743580321,nominal,96,6,7042,0.8,0.5,calibrated
Infection,all_constraints,1.0,0.0,1.0,0.0,0.0,96,96,0.03687151769797007,0.03046803743580321,nominal,96,6,7042,0.8,0.5,calibrated
Gastrointestinal,all_constraints,1.0,0.0,1.0,0.0,0.0,96,96,0.03687151769797007,0.03046803743580321,nominal,96,6,7042,0.8,0.5,calibrated
Overall_Survival,all_constraints,10.690597206168823,1.779425762099106,12.52864651924268,0.9972078430127028,17.193139706107736,96,96,0.03687151769797007,0.03046803743580321,nominal,96,6,7042,0.8,0.5,calibrated
all_constraints,all_constraints,1.0,0.0,1.0,0.0,0.0,96,96,0.03687151769797007,0.03046803743580321,nominal,96,6,7042,0.8,0.5,calibrated
Any_DLT,dlt_only,1.0,0.0,1.0,0.0,0.0,96,96,0.009278049071629843,0.008786493094179377,robust_reg,96,6,7042,0.8,0.5,calibrated
Blood,dlt_only,1.0,0.0,1.0,0.0,0.0,96,96,0.009278049071629843,0.008786493094179377,robust_reg,96,6,7042,0.8,0.5,calibrated
Constitutional,dlt_only,1.0,0.0,1.0,0.0,0.0,96,96,0.009278049071629843,0.008786493094179377,robust_reg,96,6,7042,0.8,0.5,calibrated
Infection,dlt_only,1.0,0.0,1.0,0.0,0.0,96,96,0.009278049071629843,0.008786493094179377,robust_reg,96,6,7042,0.8,0.5,calibrated
Gastrointestinal,dlt_only,1.0,0.0,1.0,0.0,0.0,96,96,0.009278049071629843,0.008786493094179377,robust_reg,96,6,7042,0.8,0.5,calibrated
Overall_Survival,dlt_only,10.690597206168823,1.779425762099106,12.543335623809254,0.9848161633902426,17.330541801456523,96,96,0.009278049071629843,0.008786493094179377,robust_reg,96,6,7042,0.8,0.5,calibrated
all_constraints,dlt_only,1.0,0.0,1.0,0.0,0.0,96,96,0.009278049071629843,0.008786493094179377,robust_reg,96,6,7042,0.8,0.5,calibrated
Any_DLT,all_constraints,1.0,0.0,1.0,0.0,0.0,96,96,0.036707391341527305,0.02007724570248331,robust_reg,96,6,7042,0.8,0.5,calibrated
Blood,all_constraints,1.0,0.0,1.0,0.0,0.0,96,96,0.036707391341527305,0.02007724570248331,robust_reg,96,6,7042,0.8,0.5,calibrated
Constitutional,all_constraints,1.0,0.0,1.0,0.0,0.0,96,96,0.036707391341527305,0.02007724570248331,robust_reg,96,6,7042,0.8,0.5,calibrated
Infection,all_constraints,1.0,0.0,1.0,0.0,0.0,96,96,0.036707391341527305,0.02007724570248331,robust_reg,96,6,7042,0.8,0.5,calibrated
Gastrointestinal,all_constraints,1.0,0.0,1.0,0.0,0.0,96,96,0.036707391341527305,0.02007724570248331,robust_reg,96,6,7042,0.8,0.5,calibrated
Overall_Survival,all_constraints,10.690597206168823,1.779425762099106,12.54966408109217,0.9824195379930686,17.389738281885734,96,96,0.036707391341527305,0.02007724570248331,robust_reg,96,6,7042,0.8,0.5,calibrated
all_constraints,all_constraints,1.0,0.0,1.0,0.0,0.0,96,96,0.036707391341527305,0.02007724570248331,robust_reg,96,6,7042,0.8,0.5,calibrated
Any_DLT,dlt_only,1.0,0.0,1.0,0.0,0.0,96,96,0.020441060264905293,0.023254233254824633,cp,96,6,7042,0.8,0.5,calibrated
Blood,dlt_only,1.0,0.0,1.0,0.0,0.0,96,96,0.020441060264905293,0.023254233254824633,cp,96,6,7042,0.8,0.5,calibrated
Constitutional,dlt_only,1.0,0.0,1.0,0.0,0.0,96,96,0.020441060264905293,0.023254233254824633,cp,96,6,7042,0.8,0.5,calibrated
Infection,dlt_only,1.0,0.0,1.0,0.0,0.0,96,96,0.020441060264905293,0.023254233254824633,cp,96,6,7042,0.8,0.5,calibrated
Gastrointestinal,dlt_only,1.0,0.0,1.0,0.0,0.0,96,96,0.020441060264905293,0.023254233254824633,cp,96,6,7042,0.8,0.5,calibrated
Overall_Survival,dlt_only,10.690597206168823,1.779425762099106,12.544855268230693,0.9838434927261226,17.344756577227535,96,96,0.020441060264905293,0.023254233254824633,cp,96,6,7042,0.8,0.5,calibrated
all_constraints,dlt_only,1.0,0.0,1.0,0.0,0.0,96,96,0.020441060264905293,0.023254233254824633,cp,96,6,7042,0.8,0.5,calibrated
Any_DLT,all_constraints,1.0,0.0,1.0,0.0,0.0,96,96,0.016985401511192322,0.011618127758794458,cp,96,6,7042,0.8,0.5,calibrated
Blood,all_constraints,1.0,0.0,1.0,0.0,0.0,96,96,0.016985401511192322,0.011618127758794458,cp,96,6,7042,0.8,0.5,calibrated
Constitutional,all_constraints,1.0,0.0,1.0,0.0,0.0,96,96,0.016985401511192322,0.011618127758794458,cp,96,6,7042,0.8,0.5,calibrated
Infection,all_constraints,1.0,0.0,1.0,0.0,0.0,96,96,0.016985401511192322,0.011618127758794458,cp,96,6,7042,0.8,0.5,calibrated
Gastrointestinal,all_constraints,1.0,0.0,1.0,0.0,0.0,96,96,0.016985401511192322,0.011618127758794458,cp,96,6,7042,0.8,0.5,calibrated
Overall_Survival,all_constraints,10.690597206168823,1.779425762099106,12.495181385072918,1.034951819587272,16.880106359846682,96,96,0.016985401511192322,0.011618127758794458,cp,96,6,7042,0.8,0.5,calibrated
all_constraints,all_constraints,1.0,0.0,1.0,0.0,0.0,96,96,0.016985401511192322,0.011618127758794458,cp,96,6,7042,0.8,0.5,calibrated
Any_DLT,dlt_only,1.0,0.0,1.0,0.0,0.0,96,96,0.01087602972984314,0.001108807900807524,nominal,96,7,8042,0.8,0.5,calibrated
Blood,dlt_only,1.0,0.0,1.0,0.0,0.0,96,96,0.01087602972984314,0.001108807900807524,nominal,96,7,8042,0.8,0.5,calibrated
Constitutional,dlt_only,1.0,0.0,1.0,0.0,0.0,96,96,0.01087602972984314,0.001108807900807524,nominal,96,7,8042,0.8,0.5,calibrated
Infection,dlt_only,1.0,0.0,1.0,0.0,0.0,96,96,0.01087602972984314,0.001108807900807524,nominal,96,7,8042,0.8,0.5,calibrated
Gastrointestinal,dlt_only,1.0,0.0,1.0,0.0,0.0,96,96,0.01087602972984314,0.001108807900807524,nominal,96,7,8042,0.8,0.5,calibrated
Overall_Survival,dlt_only,10.690597206168823,1.779425762099106,11.992224108393252,0.9740353829262507,12.175436761131996,96,96,0.01087602972984314,0.001108807900807524,nominal,96,7,8042,0.8,0.5,calibrated
all_constraints,dlt_only,1.0,0.0,1.0,0.0,0.0,96,96,0.01087602972984314,0.001108807900807524,nominal,96,7,8042,0.8,0.5,calibrated
Any_DLT,all_constraints,1.0,0.0,1.0,0.0,0.0,96,96,0.03604532778263092,0.0029853443416447342,nominal,96,7,8042,0.8,0.5,calibrated
Blood,all_constraints,1.0,0.0,1.0,0.0,0.0,96,96,0.03604532778263092,0.0029853443416447342,nominal,96,7,8042,0.8,0.5,calibrated
Constitutional,all_constraints,1.0,0.0,1.0,0.0,0.0,96,96,0.03604532778263092,0.0029853443416447342,nominal,96,7,8042,0.8,0.5,calibrated
Infection,all_constraints,1.0,0.0,1.0,0.0,0.0,96,96,0.03604532778263092,0.0029853443416447342,nominal,96,7,8042,0.8,0.5,calibrated
Gastrointestinal,all_constraints,1.0,0.0,1.0,0.0,0.0,96,96,0.03604532778263092,0.0029853443416447342,nominal,96,7,8042,0.8,0.5,calibrated
Overall_Survival,all_constraints,10.690597206168823,1.779425762099106,11.992224108393252,0.9740353829262507,12.175436761131996,96,96,0.03604532778263092,0.0029853443416447342,nominal,96,7,8042,0.8,0.5,calibrated
all_constraints,all_constraints,1.0,0.0,1.0,0.0,0.0,96,96,0.03604532778263092,0.0029853443416447342,nominal,96,7,8042,0.8,0.5,calibrated
Any_DLT,dlt_only,1.0,0.0,1.0,0.0,0.0,96,96,0.012076745430628458,0.0009025141743023155,robust_reg,96,7,8042,0.8,0.5,calibrated
Blood,dlt_only,1.0,0.0,1.0,0.0,0.0,96,96,0.012076745430628458,0.0009025141743023155,robust_reg,96,7,8042,0.8,0.5,calibrated
Constitutional,dlt_only,1.0,0.0,1.0,0.0,0.0,96,96,0.012076745430628458,0.0009025141743023155,robust_reg,96,7,8042,0.8,0.5,calibrated
Infection,dlt_only,1.0,0.0,1.0,0.0,0.0,96,96,0.012076745430628458,0.0009025141743023155,robust_reg,96,7,8042,0.8,0.5,calibrated
Gastrointestinal,dlt_only,1.0,0.0,1.0,0.0,0.0,96,96,0.012076745430628458,0.0009025141743023155,robust_reg,96,7,8042,0.8,0.5,calibrated
Overall_Survival,dlt_only,10.690597206168823,1.779425762099106,11.992224108393252,0.9740353829262507,12.175436761131996,96,96,0.012076745430628458,0.0009025141743023155,robust_reg,96,7,8042,0.8,0.5,calibrated
all_constraints,dlt_only,1.0,0.0,1.0,0.0,0.0,96,96,0.012076745430628458,0.0009025141743023155,robust_reg,96,7,8042,0.8,0.5,calibrated
Any_DLT,all_constraints,1.0,0.0,1.0,0.0,0.0,96,96,0.035749110082785286,0.0031404137760101983,robust_reg,96,7,8042,0.8,0.5,calibrated
Blood,all_constraints,1.0,0.0,1.0,0.0,0.0,96,96,0.035749110082785286,0.0031404137760101983,robust_reg,96,7,8042,0.8,0.5,calibrated
Constitutional,all_constraints,1.0,0.0,1.0,0.0,0.0,96,96,0.035749110082785286,0.0031404137760101983,robust_reg,96,7,8042,0.8,0.5,calibrated
Infection,all_constraints,1.0,0.0,1.0,0.0,0.0,96,96,0.035749110082785286,0.0031404137760101983,robust_reg,96,7,8042,0.8,0.5,calibrated
Gastrointestinal,all_constraints,1.0,0.0,1.0,0.0,0.0,96,96,0.035749110082785286,0.0031404137760101983,robust_reg,96,7,8042,0.8,0.5,calibrated
Overall_Survival,all_constraints,10.690597206168823,1.779425762099106,11.992597501310769,0.9733768769273132,12.178929483851935,96,96,0.035749110082785286,0.0031404137760101983,robust_reg,96,7,8042,0.8,0.5,calibrated
all_constraints,all_constraints,1.0,0.0,1.0,0.0,0.0,96,96,0.035749110082785286,0.0031404137760101983,robust_reg,96,7,8042,0.8,0.5,calibrated
Any_DLT,dlt_only,1.0,0.0,1.0,0.0,0.0,96,96,0.009972929954528809,0.0022176136352484643,cp,96,7,8042,0.8,0.5,calibrated
Blood,dlt_only,1.0,0.0,1.0,0.0,0.0,96,96,0.009972929954528809,0.0022176136352484643,cp,96,7,8042,0.8,0.5,calibrated
Constitutional,dlt_only,1.0,0.0,1.0,0.0,0.0,96,96,0.009972929954528809,0.0022176136352484643,cp,96,7,8042,0.8,0.5,calibrated
Infection,dlt_only,1.0,0.0,1.0,0.0,0.0,96,96,0.009972929954528809,0.0022176136352484643,cp,96,7,8042,0.8,0.5,calibrated
Gastrointestinal,dlt_only,1.0,0.0,1.0,0.0,0.0,96,96,0.009972929954528809,0.0022176136352484643,cp,96,7,8042,0.8,0.5,calibrated
Overall_Survival,dlt_only,10.690597206168823,1.779425762099106,11.976377965620244,0.9932512630019305,12.027211713761737,96,96,0.009972929954528809,0.0022176136352484643,cp,96,7,8042,0.8,0.5,calibrated
all_constraints,dlt_only,1.0,0.0,1.0,0.0,0.0,96,96,0.009972929954528809,0.0022176136352484643,cp,96,7,8042,0.8,0.5,calibrated
Any_DLT,all_constraints,1.0,0.0,1.0,0.0,0.0,96,96,0.008806238571802774,0.0006914560820172447,cp,96,7,8042,0.8,0.5,calibrated
Blood,all_constraints,1.0,0.0,1.0,0.0,0.0,96,96,0.008806238571802774,0.0006914560820172447,cp,96,7,8042,0.8,0.5,calibrated
Constitutional,all_constraints,1.0,0.0,1.0,0.0,0.0,96,96,0.008806238571802774,0.0006914560820172447,cp,96,7,8042,0.8,0.5,calibrated
Infection,all_constraints,1.0,0.0,1.0,0.0,0.0,96,96,0.008806238571802774,0.0006914560820172447,cp,96,7,8042,0.8,0.5,calibrated
Gastrointestinal,all_constraints,1.0,0.0,1.0,0.0,0.0,96,96,0.008806238571802774,0.0006914560820172447,cp,96,7,8042,0.8,0.5,calibrated
Overall_Survival,all_constraints,10.690597206168823,1.779425762099106,11.992224108393252,0.9740353829262507,12.175436761131996,96,96,0.008806238571802774,0.0006914560820172447,cp,96,7,8042,0.8,0.5,calibrated
all_constraints,all_constraints,1.0,0.0,1.0,0.0,0.0,96,96,0.008806238571802774,0.0006914560820172447,cp,96,7,8042,0.8,0.5,calibrated
Any_DLT,dlt_only,1.0,0.0,1.0,0.0,0.0,96,96,0.008901772399743399,0.0003218250049766663,nominal,96,8,9042,0.8,0.5,calibrated
Blood,dlt_only,1.0,0.0,1.0,0.0,0.0,96,96,0.008901772399743399,0.0003218250049766663,nominal,96,8,9042,0.8,0.5,calibrated
Constitutional,dlt_only,1.0,0.0,1.0,0.0,0.0,96,96,0.008901772399743399,0.0003218250049766663,nominal,96,8,9042,0.8,0.5,calibrated
Infection,dlt_only,1.0,0.0,1.0,0.0,0.0,96,96,0.008901772399743399,0.0003218250049766663,nominal,96,8,9042,0.8,0.5,calibrated
Gastrointestinal,dlt_only,1.0,0.0,1.0,0.0,0.0,96,96,0.008901772399743399,0.0003218250049766663,nominal,96,8,9042,0.8,0.5,calibrated
Overall_Survival,dlt_only,10.690597206168823,1.779425762099106,11.958156643211145,0.9751635113715411,11.856769201919791,96,96,0.008901772399743399,0.0003218250049766663,nominal,96,8,9042,0.8,0.5,calibrated
all_constraints,dlt_only,1.0,0.0,1.0,0.0,0.0,96,96,0.008901772399743399,0.0003218250049766663,nominal,96,8,9042,0.8,0.5,calibrated
Any_DLT,all_constraints,1.0,0.0,1.0,0.0,0.0,96,96,0.03341895590225855,0.008777059332003958,nominal,96,8,9042,0.8,0.5,calibrated
Blood,all_constraints,1.0,0.0,1.0,0.0,0.0,96,96,0.03341895590225855,0.008777059332003958,nominal,96,8,9042,0.8,0.5,calibrated
Constitutional,all_constraints,1.0,0.0,1.0,0.0,0.0,96,96,0.03341895590225855,0.008777059332003958,nominal,96,8,9042,0.8,0.5,calibrated
Infection,all_constraints,1.0,0.0,1.0,0.0,0.0,96,96,0.03341895590225855,0.008777059332003958,nominal,96,8,9042,0.8,0.5,calibrated
Gastrointestinal,all_constraints,1.0,0.0,1.0,0.0,0.0,96,96,0.03341895590225855,0.008777059332003958,nominal,96,8,9042,0.8,0.5,calibrated
Overall_Survival,all_constraints,10.690597206168823,1.779425762099106,11.903343126395983,1.0666687840037383,11.344042777398501,96,96,0.03341895590225855,0.008777059332003958,nominal,96,8,9042,0.8,0.5,calibrated
all_constraints,all_constraints,1.0,0.0,1.0,0.0,0.0,96,96,0.03341895590225855,0.008777059332003958,nominal,96,8,9042,0.8,0.5,calibrated
Any_DLT,dlt_only,1.0,0.0,1.0,0.0,0.0,96,96,0.00950211783250173,0.0005908694371920121,robust_reg,96,8,9042,0.8,0.5,calibrated
Blood,dlt_only,1.0,0.0,1.0,0.0,0.0,96,96,0.00950211783250173,0.0005908694371920121,robust_reg,96,8,9042,0.8,0.5,calibrated
Constitutional,dlt_only,1.0,0.0,1.0,0.0,0.0,96,96,0.00950211783250173,0.0005908694371920121,robust_reg,96,8,9042,0.8,0.5,calibrated
Infection,dlt_only,1.0,0.0,1.0,0.0,0.0,96,96,0.00950211783250173,0.0005908694371920121,robust_reg,96,8,9042,0.8,0.5,calibrated
Gastrointestinal,dlt_only,1.0,0.0,1.0,0.0,0.0,96,96,0.00950211783250173,0.0005908694371920121,robust_reg,96,8,9042,0.8,0.5,calibrated
Overall_Survival,dlt_only,10.690597206168823,1.779425762099106,11.969844048531726,0.968901399802382,11.966093359356355,96,96,0.00950211783250173,0.0005908694371920121,robust_reg,96,8,9042,0.8,0.5,calibrated
all_constraints,dlt_only,1.0,0.0,1.0,0.0,0.0,96,96,0.00950211783250173,0.0005908694371920121,robust_reg,96,8,9042,0.8,0.5,calibrated
Any_DLT,all_constraints,1.0,0.0,1.0,0.0,0.0,96,96,0.03487188865741094,0.021866819529284775,robust_reg,96,8,9042,0.8,0.5,calibrated
Blood,all_constraints,1.0,0.0,1.0,0.0,0.0,96,96,0.03487188865741094,0.021866819529284775,robust_reg,96,8,9042,0.8,0.5,calibrated
Constitutional,all_constraints,1.0,0.0,1.0,0.0,0.0,96,96,0.03487188865741094,0.021866819529284775,robust_reg,96,8,9042,0.8,0.5,calibrated
Infection,all_constraints,1.0,0.0,1.0,0.0,0.0,96,96,0.03487188865741094,0.021866819529284775,robust_reg,96,8,9042,0.8,0.5,calibrated
Gastrointestinal,all_constraints,1.0,0.0,1.0,0.0,0.0,96,96,0.03487188865741094,0.021866819529284775,robust_reg,96,8,9042,0.8,0.5,calibrated
Overall_Survival,all_constraints,10.690597206168823,1.779425762099106,11.95204183587436,0.9862829781049971,11.799571206159015,96,96,0.03487188865741094,0.021866819529284775,robust_reg,96,8,9042,0.8,0.5,calibrated
all_constraints,all_constraints,1.0,0.0,1.0,0.0,0.0,96,96,0.03487188865741094,0.021866819529284775,robust_reg,96,8,9042,0.8,0.5,calibrated
Any_DLT,dlt_only,1.0,0.0,1.0,0.0,0.0,96,96,0.009930166105429331,0.00046095568937411425,cp,96,8,9042,0.8,0.5,calibrated
Blood,dlt_only,1.0,0.0,1.0,0.0,0.0,96,96,0.009930166105429331,0.00046095568937411425,cp,96,8,9042,0.8,0.5,calibrated
Constitutional,dlt_only,1.0,0.0,1.0,0.0,0.0,96,96,0.009930166105429331,0.00046095568937411425,cp,96,8,9042,0.8,0.5,calibrated
Infection,dlt_only,1.0,0.0,1.0,0.0,0.0,96,96,0.009930166105429331,0.00046095568937411425,cp,96,8,9042,0.8,0.5,calibrated
Gastrointestinal,dlt_only,1.0,0.0,1.0,0.0,0.0,96,96,0.009930166105429331,0.00046095568937411425,cp,96,8,9042,0.8,0.5,calibrated
Overall_Survival,dlt_only,10.690597206168823,1.779425762099106,11.969541767528616,0.9739118808801597,11.963265818506386,96,96,0.009930166105429331,0.00046095568937411425,cp,96,8,9042,0.8,0.5,calibrated
all_constraints,dlt_only,1.0,0.0,1.0,0.0,0.0,96,96,0.009930166105429331,0.00046095568937411425,cp,96,8,9042,0.8,0.5,calibrated
Any_DLT,all_constraints,1.0,0.0,1.0,0.0,0.0,96,96,0.04582931101322174,0.018018466069029418,cp,96,8,9042,0.8,0.5,calibrated
Blood,all_constraints,1.0,0.0,1.0,0.0,0.0,96,96,0.04582931101322174,0.018018466069029418,cp,96,8,9042,0.8,0.5,calibrated
Constitutional,all_constraints,1.0,0.0,1.0,0.0,0.0,96,96,0.04582931101322174,0.018018466069029418,cp,96,8,9042,0.8,0.5,calibrated
Infection,all_constraints,1.0,0.0,1.0,0.0,0.0,96,96,0.04582931101322174,0.018018466069029418,cp,96,8,9042,0.8,0.5,calibrated
Gastrointestinal,all_constraints,1.0,0.0,1.0,0.0,0.0,96,96,0.04582931101322174,0.018018466069029418,cp,96,8,9042,0.8,0.5,calibrated
Overall_Survival,all_constraints,10.690597206168823,1.779425762099106,11.3247851346881,1.3834104801841236,5.932203003152427,96,96,0.04582931101322174,0.018018466069029418,cp,96,8,9042,0.8,0.5,calibrated
all_constraints,all_constraints,1.0,0.0,1.0,0.0,0.0,96,96,0.04582931101322174,0.018018466069029418,cp,96,8,9042,0.8,0.5,calibrated
Any_DLT,dlt_only,1.0,0.0,1.0,0.0,0.0,96,96,0.013585562507311503,0.004075161286273862,nominal,96,9,10042,0.8,0.5,calibrated
Blood,dlt_only,1.0,0.0,1.0,0.0,0.0,96,96,0.013585562507311503,0.004075161286273862,nominal,96,9,10042,0.8,0.5,calibrated
Constitutional,dlt_only,1.0,0.0,1.0,0.0,0.0,96,96,0.013585562507311503,0.004075161286273862,nominal,96,9,10042,0.8,0.5,calibrated
Infection,dlt_only,1.0,0.0,1.0,0.0,0.0,96,96,0.013585562507311503,0.004075161286273862,nominal,96,9,10042,0.8,0.5,calibrated
Gastrointestinal,dlt_only,1.0,0.0,1.0,0.0,0.0,96,96,0.013585562507311503,0.004075161286273862,nominal,96,9,10042,0.8,0.5,calibrated
Overall_Survival,dlt_only,10.690597206168823,1.779425762099106,11.959327549081735,0.9669150457088852,11.867721872271206,96,96,0.013585562507311503,0.004075161286273862,nominal,96,9,10042,0.8,0.5,calibrated
all_constraints,dlt_only,1.0,0.0,1.0,0.0,0.0,96,96,0.013585562507311503,0.004075161286273862,nominal,96,9,10042,0.8,0.5,calibrated
Any_DLT,all_constraints,1.0,0.0,1.0,0.0,0.0,96,94,0.048072452346483864,0.009438631192767492,nominal,96,9,10042,0.8,0.5,calibrated
Blood,all_constraints,1.0,0.0,1.0,0.0,0.0,96,94,0.048072452346483864,0.009438631192767492,nominal,96,9,10042,0.8,0.5,calibrated
Constitutional,all_constraints,1.0,0.0,1.0,0.0,0.0,96,94,0.048072452346483864,0.009438631192767492,nominal,96,9,10042,0.8,0.5,calibrated
Infection,all_constraints,1.0,0.0,1.0,0.0,0.0,96,94,0.048072452346483864,0.009438631192767492,nominal,96,9,10042,0.8,0.5,calibrated
Gastrointestinal,all_constraints,1.0,0.0,1.0,0.0,0.0,96,94,0.048072452346483864,0.009438631192767492,nominal,96,9,10042,0.8,0.5,calibrated
Overall_Survival,all_constraints,10.715374466173396,1.7899688384047383,11.977506497245546,0.968480802553683,11.778702042159006,96,94,0.048072452346483864,0.009438631192767492,nominal,96,9,10042,0.8,0.5,calibrated
all_constraints,all_constraints,1.0,0.0,1.0,0.0,0.0,96,94,0.048072452346483864,0.009438631192767492,nominal,96,9,10042,0.8,0.5,calibrated
Any_DLT,dlt_only,1.0,0.0,1.0,0.0,0.0,96,96,0.013393449286619822,0.0029926827147947702,robust_reg,96,9,10042,0.8,0.5,calibrated
Blood,dlt_only,1.0,0.0,1.0,0.0,0.0,96,96,0.013393449286619822,0.0029926827147947702,robust_reg,96,9,10042,0.8,0.5,calibrated
Constitutional,dlt_only,1.0,0.0,1.0,0.0,0.0,96,96,0.013393449286619822,0.0029926827147947702,robust_reg,96,9,10042,0.8,0.5,calibrated
Infection,dlt_only,1.0,0.0,1.0,0.0,0.0,96,96,0.013393449286619822,0.0029926827147947702,robust_reg,96,9,10042,0.8,0.5,calibrated
Gastrointestinal,dlt_only,1.0,0.0,1.0,0.0,0.0,96,96,0.013393449286619822,0.0029926827147947702,robust_reg,96,9,10042,0.8,0.5,calibrated
Overall_Survival,dlt_only,10.690597206168823,1.779425762099106,11.954083919405576,0.9672734540061969,11.818672884875697,96,96,0.013393449286619822,0.0029926827147947702,robust_reg,96,9,10042,0.8,0.5,calibrated
all_constraints,dlt_only,1.0,0.0,1.0,0.0,0.0,96,96,0.013393449286619822,0.0029926827147947702,robust_reg,96,9,10042,0.8,0.5,calibrated
Any_DLT,all_constraints,1.0,0.0,1.0,0.0,0.0,96,94,0.05624697854121526,0.005957876524334874,robust_reg,96,9,10042,0.8,0.5,calibrated
Blood,all_constraints,1.0,0.0,1.0,0.0,0.0,96,94,0.05624697854121526,0.005957876524334874,robust_reg,96,9,10042,0.8,0.5,calibrated
Constitutional,all_constraints,1.0,0.0,1.0,0.0,0.0,96,94,0.05624697854121526,0.005957876524334874,robust_reg,96,9,10042,0.8,0.5,calibrated
Infection,all_constraints,1.0,0.0,1.0,0.0,0.0,96,94,0.05624697854121526,0.005957876524334874,robust_reg,96,9,10042,0.8,0.5,calibrated
Gastrointestinal,all_constraints,1.0,0.0,1.0,0.0,0.0,96,94,0.05624697854121526,0.005957876524334874,robust_reg,96,9,10042,0.8,0.5,calibrated
Overall_Survival,all_constraints,10.715374466173396,1.7899688384047383,11.963181705624669,0.968134159912449,11.64501757162465,96,94,0.05624697854121526,0.005957876524334874,robust_reg,96,9,10042,0.8,0.5,calibrated
all_constraints,all_constraints,1.0,0.0,1.0,0.0,0.0,96,94,0.05624697854121526,0.005957876524334874,robust_reg,96,9,10042,0.8,0.5,calibrated
Any_DLT,dlt_only,1.0,0.0,1.0,0.0,0.0,96,96,0.015833713114261627,0.00263942544485527,cp,96,9,10042,0.8,0.5,calibrated
Blood,dlt_only,1.0,0.0,1.0,0.0,0.0,96,96,0.015833713114261627,0.00263942544485527,cp,96,9,10042,0.8,0.5,calibrated
Constitutional,dlt_only,1.0,0.0,1.0,0.0,0.0,96,96,0.015833713114261627,0.00263942544485527,cp,96,9,10042,0.8,0.5,calibrated
Infection,dlt_only,1.0,0.0,1.0,0.0,0.0,96,96,0.015833713114261627,0.00263942544485527,cp,96,9,10042,0.8,0.5,calibrated
Gastrointestinal,dlt_only,1.0,0.0,1.0,0.0,0.0,96,96,0.015833713114261627,0.00263942544485527,cp,96,9,10042,0.8,0.5,calibrated
Overall_Survival,dlt_only,10.690597206168823,1.779425762099106,11.971723495364754,0.9666474862852741,11.983673732059422,96,96,0.015833713114261627,0.00263942544485527,cp,96,9,10042,0.8,0.5,calibrated
all_constraints,dlt_only,1.0,0.0,1.0,0.0,0.0,96,96,0.015833713114261627,0.00263942544485527,cp,96,9,10042,0.8,0.5,calibrated
Any_DLT,all_constraints,1.0,0.0,1.0,0.0,0.0,96,94,0.009899504482746124,0.0182435548321867,cp,94,9,10042,0.8,0.5,calibrated
Blood,all_constraints,1.0,0.0,1.0,0.0,0.0,96,94,0.009899504482746124,0.0182435548321867,cp,94,9,10042,0.8,0.5,calibrated
Constitutional,all_constraints,1.0,0.0,1.0,0.0,0.0,96,94,0.009899504482746124,0.0182435548321867,cp,94,9,10042,0.8,0.5,calibrated
Infection,all_constraints,1.0,0.0,1.0,0.0,0.0,96,94,0.009899504482746124,0.0182435548321867,cp,94,9,10042,0.8,0.5,calibrated
Gastrointestinal,all_constraints,1.0,0.0,1.0,0.0,0.0,96,94,0.009899504482746124,0.0182435548321867,cp,94,9,10042,0.8,0.5,calibrated
Overall_Survival,all_constraints,10.715374466173396,1.7899688384047383,11.945141395096224,0.9860505395304004,11.476658448148424,96,94,0.009899504482746124,0.0182435548321867,cp,94,9,10042,0.8,0.5,calibrated
all_constraints,all_constraints,1.0,0.0,1.0,0.0,0.0,96,94,0.009899504482746124,0.0182435548321867,cp,94,9,10042,0.8,0.5,calibrated
