outcome,constraint_mode,given_mean,given_sd,prescribed_mean,prescribed_sd,pct_change,n_test,n_prescribed_eval,mean_solve_time,solve_time_sd,method,n_method_feasible,realization,subsample_seed,rhs,frac,strength
Any_DLT,all_constraints,0.8709677419354839,0.33705264882291225,1.0,0.0,14.814814814814813,96,93,0.061343727012475334,0.014582404204883324,nominal,94,0,1042,0.6,0.5,calibrated
Blood,all_constraints,0.8709677419354839,0.3370526488229122,1.0,0.0,14.814814814814813,96,93,0.061343727012475334,0.014582404204883324,nominal,94,0,1042,0.6,0.5,calibrated
Constitutional,all_constraints,0.8924731182795699,0.31146098895220203,0.967741935483871,0.17764234361221223,8.433734939759042,96,93,0.061343727012475334,0.014582404204883324,nominal,94,0,1042,0.6,0.5,calibrated
Infection,all_constraints,0.8924731182795699,0.31146098895220203,1.0,0.0,12.048192771084338,96,93,0.061343727012475334,0.014582404204883324,nominal,94,0,1042,0.6,0.5,calibrated
Gastrointestinal,all_constraints,0.8817204301075269,0.32468922819237606,1.0,0.0,13.414634146341463,96,93,0.061343727012475334,0.014582404204883324,nominal,94,0,1042,0.6,0.5,calibrated
Overall_Survival,all_constraints,10.74031467019548,1.7718667899689053,11.801083651537725,1.1653090798275267,9.876516786662634,96,93,0.061343727012475334,0.014582404204883324,nominal,94,0,1042,0.6,0.5,calibrated
all_constraints,all_constraints,0.7204301075268817,0.4512203596877334,0.967741935483871,0.17764234361221223,34.32835820895522,96,93,0.061343727012475334,0.014582404204883324,nominal,94,0,1042,0.6,0.5,calibrated
Any_DLT,all_constraints,0.8709677419354839,0.33705264882291225,1.0,0.0,14.814814814814813,96,93,0.06006544083356857,0.016091567117962828,robust_reg,95,0,1042,0.6,0.5,calibrated
Blood,all_constraints,0.8709677419354839,0.3370526488229122,0.989247311827957,0.10369516947304254,13.580246913580247,96,93,0.06006544083356857,0.016091567117962828,robust_reg,95,0,1042,0.6,0.5,calibrated
Constitutional,all_constraints,0.8924731182795699,0.31146098895220203,0.956989247311828,0.20398095044388956,7.228915662650608,96,93,0.06006544083356857,0.016091567117962828,robust_reg,95,0,1042,0.6,0.5,calibrated
Infection,all_constraints,0.8924731182795699,0.31146098895220203,1.0,0.0,12.048192771084338,96,93,0.06006544083356857,0.016091567117962828,robust_reg,95,0,1042,0.6,0.5,calibrated
Gastrointestinal,all_constraints,0.8817204301075269,0.32468922819237606,1.0,0.0,13.414634146341463,96,93,0.06006544083356857,0.016091567117962828,robust_reg,95,0,1042,0.6,0.5,calibrated
Overall_Survival,all_constraints,10.74031467019548,1.7718667899689053,11.823166006089332,1.067504175272816,10.082119278113707,96,93,0.06006544083356857,0.016091567117962828,robust_reg,95,0,1042,0.6,0.5,calibrated
all_constraints,all_constraints,0.7204301075268817,0.4512203596877334,0.946236559139785,0.22677279367959727,31.34328358208955,96,93,0.06006544083356857,0.016091567117962828,robust_reg,95,0,1042,0.6,0.5,calibrated
Any_DLT,all_constraints,0.8709677419354839,0.33705264882291225,1.0,0.0,14.814814814814813,96,93,0.16908562928438187,0.061614175824363744,cp,94,0,1042,0.6,0.5,calibrated
Blood,all_constraints,0.8709677419354839,0.3370526488229122,1.0,0.0,14.814814814814813,96,93,0.16908562928438187,0.061614175824363744,cp,94,0,1042,0.6,0.5,calibrated
Constitutional,all_constraints,0.8924731182795699,0.31146098895220203,0.967741935483871,0.17764234361221223,8.433734939759042,96,93,0.16908562928438187,0.061614175824363744,cp,94,0,1042,0.6,0.5,calibrated
Infection,all_constraints,0.8924731182795699,0.31146098895220203,1.0,0.0,12.048192771084338,96,93,0.16908562928438187,0.061614175824363744,cp,94,0,1042,0.6,0.5,calibrated
Gastrointestinal,all_constraints,0.8817204301075269,0.32468922819237606,1.0,0.0,13.414634146341463,96,93,0.16908562928438187,0.061614175824363744,cp,94,0,1042,0.6,0.5,calibrated
Overall_Survival,all_constraints,10.74031467019548,1.7718667899689053,11.671157942440114,1.251385722974913,8.66681564579982,96,93,0.16908562928438187,0.061614175824363744,cp,94,0,1042,0.6,0.5,calibrated
all_constraints,all_constraints,0.7204301075268817,0.4512203596877334,0.967741935483871,0.17764234361221223,34.32835820895522,96,93,0.16908562928438187,0.061614175824363744,cp,94,0,1042,0.6,0.5,calibrated
Any_DLT,all_constraints,0.851063829787234,0.3579345410363401,0.9893617021276596,0.10314212462587934,16.250000000000004,96,94,0.06137636800607046,0.02400063455231646,nominal,96,1,2042,0.6,0.5,calibrated
Blood,all_constraints,0.8723404255319149,0.3354997092507591,0.9893617021276596,0.10314212462587934,13.414634146341463,96,94,0.06137636800607046,0.02400063455231646,nominal,96,1,2042,0.6,0.5,calibrated
Constitutional,all_constraints,0.8829787234042553,0.32316921825641187,0.9680851063829787,0.1767160202664313,9.638554216867472,96,94,0.06137636800607046,0.02400063455231646,nominal,96,1,2042,0.6,0.5,calibrated
Infection,all_constraints,0.8723404255319149,0.3354997092507591,0.9893617021276596,0.10314212462587934,13.414634146341463,96,94,0.06137636800607046,0.02400063455231646,nominal,96,1,2042,0.6,0.5,calibrated
Gastrointestinal,all_constraints,0.8617021276595744,0.34706337402097365,1.0,0.0,16.049382716049386,96,94,0.06137636800607046,0.02400063455231646,nominal,96,1,2042,0.6,0.5,calibrated
Overall_Survival,all_constraints,10.702768052144574,1.7958453819983016,11.870785493612665,1.0839276372480233,10.913227641460931,96,94,0.06137636800607046,0.02400063455231646,nominal,96,1,2042,0.6,0.5,calibrated
all_constraints,all_constraints,0.7127659574468085,0.45489784805160016,0.9468085106382979,0.2256184464259304,32.83582089552239,96,94,0.06137636800607046,0.02400063455231646,nominal,96,1,2042,0.6,0.5,calibrated
Any_DLT,all_constraints,0.851063829787234,0.3579345410363401,0.9574468085106383,0.2029298102618999,12.500000000000005,96,94,0.05854993313550949,0.02123747237788149,robust_reg,94,1,2042,0.6,0.5,calibrated
Blood,all_constraints,0.8723404255319149,0.3354997092507591,0.9787234042553191,0.14507865158346242,12.195121951219503,96,94,0.05854993313550949,0.02123747237788149,robust_reg,94,1,2042,0.6,0.5,calibrated
Constitutional,all_constraints,0.8829787234042553,0.32316921825641187,0.9574468085106383,0.2029298102618999,8.433734939759042,96,94,0.05854993313550949,0.02123747237788149,robust_reg,94,1,2042,0.6,0.5,calibrated
Infection,all_constraints,0.8723404255319149,0.3354997092507591,0.9787234042553191,0.14507865158346242,12.195121951219503,96,94,0.05854993313550949,0.02123747237788149,robust_reg,94,1,2042,0.6,0.5,calibrated
Gastrointestinal,all_constraints,0.8617021276595744,0.34706337402097365,1.0,0.0,16.049382716049386,96,94,0.05854993313550949,0.02123747237788149,robust_reg,94,1,2042,0.6,0.5,calibrated
Overall_Survival,all_constraints,10.702768052144574,1.7958453819983016,11.741022382506356,1.1272076342718018,9.70080193556789,96,94,0.05854993313550949,0.02123747237788149,robust_reg,94,1,2042,0.6,0.5,calibrated
all_constraints,all_constraints,0.7127659574468085,0.45489784805160016,0.9361702127659575,0.2457602047585512,31.343283582089562,96,94,0.05854993313550949,0.02123747237788149,robust_reg,94,1,2042,0.6,0.5,calibrated
Any_DLT,all_constraints,0.851063829787234,0.3579345410363401,0.9574468085106383,0.2029298102618999,12.500000000000005,96,94,0.14446540673573813,0.028654448654211354,cp,94,1,2042,0.6,0.5,calibrated
Blood,all_constraints,0.8723404255319149,0.3354997092507591,0.9787234042553191,0.14507865158346242,12.195121951219503,96,94,0.14446540673573813,0.028654448654211354,cp,94,1,2042,0.6,0.5,calibrated
Constitutional,all_constraints,0.8829787234042553,0.32316921825641187,0.9361702127659575,0.24576020475855118,6.024096385542172,96,94,0.14446540673573813,0.028654448654211354,cp,94,1,2042,0.6,0.5,calibrated
Infection,all_constraints,0.8723404255319149,0.3354997092507591,0.9574468085106383,0.2029298102618999,9.756097560975611,96,94,0.14446540673573813,0.028654448654211354,cp,94,1,2042,0.6,0.5,calibrated
Gastrointestinal,all_constraints,0.8617021276595744,0.34706337402097365,0.9680851063829787,0.1767160202664313,12.345679012345686,96,94,0.14446540673573813,0.028654448654211354,cp,94,1,2042,0.6,0.5,calibrated
Overall_Survival,all_constraints,10.702768052144574,1.7958453819983016,11.785349242355137,1.1405132878776132,10.114964511387688,96,94,0.14446540673573813,0.028654448654211354,cp,94,1,2042,0.6,0.5,calibrated
all_constraints,all_constraints,0.7127659574468085,0.45489784805160016,0.9042553191489362,0.2958184904168057,26.865671641791053,96,94,0.14446540673573813,0.028654448654211354,cp,94,1,2042,0.6,0.5,calibrated
Any_DLT,all_constraints,0.8681318681318682,0.3402218625410715,1.0,0.0,15.189873417721516,96,91,0.0774966503183047,0.038552373952835325,nominal,95,2,3042,0.6,0.5,calibrated
Blood,all_constraints,0.8681318681318682,0.3402218625410715,1.0,0.0,15.189873417721516,96,91,0.0774966503183047,0.038552373952835325,nominal,95,2,3042,0.6,0.5,calibrated
Constitutional,all_constraints,0.9010989010989011,0.30018309431060586,0.989010989010989,0.1048284836721918,9.756097560975613,96,91,0.0774966503183047,0.038552373952835325,nominal,95,2,3042,0.6,0.5,calibrated
Infection,all_constraints,0.8901098901098901,0.3144854510165755,1.0,0.0,12.345679012345686,96,91,0.0774966503183047,0.038552373952835325,nominal,95,2,3042,0.6,0.5,calibrated
Gastrointestinal,all_constraints,0.8791208791208791,0.3277927812629611,1.0,0.0,13.750000000000002,96,91,0.0774966503183047,0.038552373952835325,nominal,95,2,3042,0.6,0.5,calibrated
Overall_Survival,all_constraints,10.797387022203576,1.7278942925089833,11.047266859825701,0.960242167495934,2.314262118309509,96,91,0.0774966503183047,0.038552373952835325,nominal,95,2,3042,0.6,0.5,calibrated
all_constraints,all_constraints,0.7252747252747253,0.4488487512127014,0.989010989010989,0.1048284836721918,36.363636363636374,96,91,0.0774966503183047,0.038552373952835325,nominal,95,2,3042,0.6,0.5,calibrated
Any_DLT,all_constraints,0.8681318681318682,0.3402218625410715,1.0,0.0,15.189873417721516,96,91,0.15664475411176682,0.09647255921422826,robust_reg,96,2,3042,0.6,0.5,calibrated
Blood,all_constraints,0.8681318681318682,0.3402218625410715,0.978021978021978,0.14742395237484895,12.658227848101259,96,91,0.15664475411176682,0.09647255921422826,robust_reg,96,2,3042,0.6,0.5,calibrated
Constitutional,all_constraints,0.9010989010989011,0.30018309431060586,0.978021978021978,0.14742395237484895,8.536585365853652,96,91,0.15664475411176682,0.09647255921422826,robust_reg,96,2,3042,0.6,0.5,calibrated
Infection,all_constraints,0.8901098901098901,0.3144854510165755,1.0,0.0,12.345679012345686,96,91,0.15664475411176682,0.09647255921422826,robust_reg,96,2,3042,0.6,0.5,calibrated
Gastrointestinal,all_constraints,0.8791208791208791,0.3277927812629611,1.0,0.0,13.750000000000002,96,91,0.15664475411176682,0.09647255921422826,robust_reg,96,2,3042,0.6,0.5,calibrated
Overall_Survival,all_constraints,10.797387022203576,1.7278942925089833,11.08243794864788,1.0036246044531656,2.63999915774187,96,91,0.15664475411176682,0.09647255921422826,robust_reg,96,2,3042,0.6,0.5,calibrated
all_constraints,all_constraints,0.7252747252747253,0.4488487512127014,0.9560439560439561,0.20613306986226762,31.818181818181827,96,91,0.15664475411176682,0.09647255921422826,robust_reg,96,2,3042,0.6,0.5,calibrated
Any_DLT,all_constraints,0.8681318681318682,0.3402218625410715,1.0,0.0,15.189873417721516,96,91,0.36625322451194126,0.19603256988634837,cp,91,2,3042,0.6,0.5,calibrated
Blood,all_constraints,0.8681318681318682,0.3402218625410715,1.0,0.0,15.189873417721516,96,91,0.36625322451194126,0.19603256988634837,cp,91,2,3042,0.6,0.5,calibrated
Constitutional,all_constraints,0.9010989010989011,0.30018309431060586,0.989010989010989,0.1048284836721918,9.756097560975613,96,91,0.36625322451194126,0.19603256988634837,cp,91,2,3042,0.6,0.5,calibrated
Infection,all_constraints,0.8901098901098901,0.3144854510165755,1.0,0.0,12.345679012345686,96,91,0.36625322451194126,0.19603256988634837,cp,91,2,3042,0.6,0.5,calibrated
Gastrointestinal,all_constraints,0.8791208791208791,0.3277927812629611,1.0,0.0,13.750000000000002,96,91,0.36625322451194126,0.19603256988634837,cp,91,2,3042,0.6,0.5,calibrated
Overall_Survival,all_constraints,10.797387022203576,1.7278942925089833,10.823535892860349,0.9936648194844568,0.24217776581501052,96,91,0.36625322451194126,0.19603256988634837,cp,91,2,3042,0.6,0.5,calibrated
all_constraints,all_constraints,0.7252747252747253,0.4488487512127014,0.989010989010989,0.1048284836721918,36.363636363636374,96,91,0.36625322451194126,0.19603256988634837,cp,91,2,3042,0.6,0.5,calibrated
Any_DLT,all_constraints,0.8791208791208791,0.3277927812629611,0.945054945054945,0.22913544575873135,7.499999999999999,96,91,0.05007408559322357,0.024707634753665563,nominal,96,3,4042,0.6,0.5,calibrated
Blood,all_constraints,0.8791208791208791,0.3277927812629611,0.6373626373626373,0.4834248997513819,-27.500000000000004,96,91,0.05007408559322357,0.024707634753665563,nominal,96,3,4042,0.6,0.5,calibrated
Constitutional,all_constraints,0.8901098901098901,0.3144854510165755,0.9560439560439561,0.20613306986226757,7.40740740740742,96,91,0.05007408559322357,0.024707634753665563,nominal,96,3,4042,0.6,0.5,calibrated
Infection,all_constraints,0.9010989010989011,0.3001830943106058,0.9120879120879121,0.2847358092591816,1.2195121951219468,96,91,0.05007408559322357,0.024707634753665563,nominal,96,3,4042,0.6,0.5,calibrated
Gastrointestinal,all_constraints,0.8791208791208791,0.3277927812629611,1.0,0.0,13.750000000000002,96,91,0.05007408559322357,0.024707634753665563,nominal,96,3,4042,0.6,0.5,calibrated
Overall_Survival,all_constraints,10.802920624153646,1.7079200619354018,12.379652533377893,1.0173622121825556,14.5954225165639,96,91,0.05007408559322357,0.024707634753665563,nominal,96,3,4042,0.6,0.5,calibrated
all_constraints,all_constraints,0.7252747252747253,0.4488487512127014,0.5714285714285714,0.4976133515281193,-21.212121212121215,96,91,0.05007408559322357,0.024707634753665563,nominal,96,3,4042,0.6,0.5,calibrated
Any_DLT,all_constraints,0.8791208791208791,0.3277927812629611,0.978021978021978,0.14742395237484895,11.249999999999998,96,91,0.05973891665538152,0.044284849642995595,robust_reg,95,3,4042,0.6,0.5,calibrated
Blood,all_constraints,0.8791208791208791,0.3277927812629611,0.8131868131868132,0.39192085119568926,-7.499999999999999,96,91,0.05973891665538152,0.044284849642995595,robust_reg,95,3,4042,0.6,0.5,calibrated
Constitutional,all_constraints,0.8901098901098901,0.3144854510165755,0.978021978021978,0.14742395237484898,9.876543209876546,96,91,0.05973891665538152,0.044284849642995595,robust_reg,95,3,4042,0.6,0.5,calibrated
Infection,all_constraints,0.9010989010989011,0.3001830943106058,0.978021978021978,0.14742395237484895,8.536585365853652,96,91,0.05973891665538152,0.044284849642995595,robust_reg,95,3,4042,0.6,0.5,calibrated
Gastrointestinal,all_constraints,0.8791208791208791,0.3277927812629611,1.0,0.0,13.750000000000002,96,91,0.05973891665538152,0.044284849642995595,robust_reg,95,3,4042,0.6,0.5,calibrated
Overall_Survival,all_constraints,10.802920624153646,1.7079200619354018,12.179001016390634,1.1235438802328688,12.738040388450939,96,91,0.05973891665538152,0.044284849642995595,robust_reg,95,3,4042,0.6,0.5,calibrated
all_constraints,all_constraints,0.7252747252747253,0.4488487512127014,0.7802197802197802,0.41639185076340457,7.57575757575758,96,91,0.05973891665538152,0.044284849642995595,robust_reg,95,3,4042,0.6,0.5,calibrated
Any_DLT,all_constraints,0.8791208791208791,0.3277927812629611,0.989010989010989,0.1048284836721918,12.500000000000007,96,91,0.12678651263316473,0.061495342648109366,cp,91,3,4042,0.6,0.5,calibrated
Blood,all_constraints,0.8791208791208791,0.3277927812629611,0.7362637362637363,0.44309930753387133,-16.249999999999993,96,91,0.12678651263316473,0.061495342648109366,cp,91,3,4042,0.6,0.5,calibrated
Constitutional,all_constraints,0.8901098901098901,0.3144854510165755,0.978021978021978,0.14742395237484898,9.876543209876546,96,91,0.12678651263316473,0.061495342648109366,cp,91,3,4042,0.6,0.5,calibrated
Infection,all_constraints,0.9010989010989011,0.3001830943106058,0.9340659340659341,0.2495417044725436,3.658536585365853,96,91,0.12678651263316473,0.061495342648109366,cp,91,3,4042,0.6,0.5,calibrated
Gastrointestinal,all_constraints,0.8791208791208791,0.3277927812629611,1.0,0.0,13.750000000000002,96,91,0.12678651263316473,0.061495342648109366,cp,91,3,4042,0.6,0.5,calibrated
Overall_Survival,all_constraints,10.802920624153646,1.7079200619354018,12.151238125911233,1.268503513512697,12.481046086212636,96,91,0.12678651263316473,0.061495342648109366,cp,91,3,4042,0.6,0.5,calibrated
all_constraints,all_constraints,0.7252747252747253,0.4488487512127014,0.7032967032967034,0.45933540141057166,-3.0303030303030196,96,91,0.12678651263316473,0.061495342648109366,cp,91,3,4042,0.6,0.5,calibrated
Any_DLT,all_constraints,0.8602150537634409,0.3486432663371334,1.0,0.0,16.249999999999996,96,93,0.08431880672772725,0.1171395740311163,nominal,96,4,5042,0.6,0.5,calibrated
Blood,all_constraints,0.8817204301075269,0.32468922819237606,1.0,0.0,13.414634146341463,96,93,0.08431880672772725,0.1171395740311163,nominal,96,4,5042,0.6,0.5,calibrated
Constitutional,all_constraints,0.8709677419354839,0.33705264882291225,0.9247311827956989,0.2652545594323927,6.172839506172834,96,93,0.08431880672772725,0.1171395740311163,nominal,96,4,5042,0.6,0.5,calibrated
Infection,all_constraints,0.8709677419354839,0.33705264882291225,1.0,0.0,14.814814814814813,96,93,0.08431880672772725,0.1171395740311163,nominal,96,4,5042,0.6,0.5,calibrated
Gastrointestinal,all_constraints,0.8602150537634409,0.3486432663371334,1.0,0.0,16.249999999999996,96,93,0.08431880672772725,0.1171395740311163,nominal,96,4,5042,0.6,0.5,calibrated
Overall_Survival,all_constraints,10.704926653253366,1.795980298264719,10.946847074476773,1.0547792830732032,2.2598979802433674,96,93,0.08431880672772725,0.1171395740311163,nominal,96,4,5042,0.6,0.5,calibrated
all_constraints,all_constraints,0.7096774193548387,0.45637144390360274,0.9247311827956989,0.2652545594323927,30.30303030303029,96,93,0.08431880672772725,0.1171395740311163,nominal,96,4,5042,0.6,0.5,calibrated
Any_DLT,all_constraints,0.8602150537634409,0.3486432663371334,1.0,0.0,16.249999999999996,96,93,0.09444279223680496,0.06143544890732919,robust_reg,93,4,5042,0.6,0.5,calibrated
Blood,all_constraints,0.8817204301075269,0.32468922819237606,0.946236559139785,0.22677279367959727,7.317073170731713,96,93,0.09444279223680496,0.06143544890732919,robust_reg,93,4,5042,0.6,0.5,calibrated
Constitutional,all_constraints,0.8709677419354839,0.33705264882291225,0.9032258064516129,0.29725249584033764,3.7037037037037006,96,93,0.09444279223680496,0.06143544890732919,robust_reg,93,4,5042,0.6,0.5,calibrated
Infection,all_constraints,0.8709677419354839,0.33705264882291225,0.978494623655914,0.14584794223227637,12.34567901234568,96,93,0.09444279223680496,0.06143544890732919,robust_reg,93,4,5042,0.6,0.5,calibrated
Gastrointestinal,all_constraints,0.8602150537634409,0.3486432663371334,0.989247311827957,0.10369516947304255,14.999999999999998,96,93,0.09444279223680496,0.06143544890732919,robust_reg,93,4,5042,0.6,0.5,calibrated
Overall_Survival,all_constraints,10.704926653253366,1.795980298264719,10.940576853205222,1.029091596695372,2.2013247506019904,96,93,0.09444279223680496,0.06143544890732919,robust_reg,93,4,5042,0.6,0.5,calibrated
all_constraints,all_constraints,0.7096774193548387,0.45637144390360274,0.8602150537634409,0.34864326633713344,21.212121212121207,96,93,0.09444279223680496,0.06143544890732919,robust_reg,93,4,5042,0.6,0.5,calibrated
Any_DLT,all_constraints,0.8602150537634409,0.3486432663371334,1.0,0.0,16.249999999999996,96,93,0.3156626944740613,0.31937679382025425,cp,96,4,5042,0.6,0.5,calibrated
Blood,all_constraints,0.8817204301075269,0.32468922819237606,1.0,0.0,13.414634146341463,96,93,0.3156626944740613,0.31937679382025425,cp,96,4,5042,0.6,0.5,calibrated
Constitutional,all_constraints,0.8709677419354839,0.33705264882291225,0.946236559139785,0.22677279367959727,8.64197530864198,96,93,0.3156626944740613,0.31937679382025425,cp,96,4,5042,0.6,0.5,calibrated
Infection,all_constraints,0.8709677419354839,0.33705264882291225,1.0,0.0,14.814814814814813,96,93,0.3156626944740613,0.31937679382025425,cp,96,4,5042,0.6,0.5,calibrated
Gastrointestinal,all_constraints,0.8602150537634409,0.3486432663371334,1.0,0.0,16.249999999999996,96,93,0.3156626944740613,0.31937679382025425,cp,96,4,5042,0.6,0.5,calibrated
Overall_Survival,all_constraints,10.704926653253366,1.795980298264719,10.954686149419055,1.0539724926349616,2.3331266458494033,96,93,0.3156626944740613,0.31937679382025425,cp,96,4,5042,0.6,0.5,calibrated
all_constraints,all_constraints,0.7096774193548387,0.45637144390360274,0.946236559139785,0.22677279367959727,33.33333333333333,96,93,0.3156626944740613,0.31937679382025425,cp,96,4,5042,0.6,0.5,calibrated
Any_DLT,all_constraints,0.8541666666666666,0.35479176002615415,0.9895833333333334,0.10206207261596574,15.853658536585376,96,96,0.03692921002705892,0.021072267676724748,nominal,96,5,6042,0.6,0.5,calibrated
Blood,all_constraints,0.875,0.33245498310218435,0.9895833333333334,0.10206207261596574,13.0952380952381,96,96,0.03692921002705892,0.021072267676724748,nominal,96,5,6042,0.6,0.5,calibrated
Constitutional,all_constraints,0.8645833333333334,0.34396424742808945,0.9270833333333334,0.2613645031536837,7.228915662650602,96,96,0.03692921002705892,0.021072267676724748,nominal,96,5,6042,0.6,0.5,calibrated
Infection,all_constraints,0.8645833333333334,0.34396424742808945,1.0,0.0,15.662650602409633,96,96,0.03692921002705892,0.021072267676724748,nominal,96,5,6042,0.6,0.5,calibrated
Gastrointestinal,all_constraints,0.8645833333333334,0.3439642474280894,1.0,0.0,15.662650602409633,96,96,0.03692921002705892,0.021072267676724748,nominal,96,5,6042,0.6,0.5,calibrated
Overall_Survival,all_constraints,10.690597206168823,1.779425762099106,11.958598173740397,0.9617007090412867,11.860899284839727,96,96,0.03692921002705892,0.021072267676724748,nominal,96,5,6042,0.6,0.5,calibrated
all_constraints,all_constraints,0.6979166666666666,0.4615714956689105,0.9270833333333334,0.2613645031536837,32.8358208955224,96,96,0.03692921002705892,0.021072267676724748,nominal,96,5,6042,0.6,0.5,calibrated
Any_DLT,all_constraints,0.8541666666666666,0.35479176002615415,1.0,0.0,17.07317073170732,96,96,0.0371309369802475,0.00285019300377428,robust_reg,96,5,6042,0.6,0.5,calibrated
Blood,all_constraints,0.875,0.33245498310218435,1.0,0.0,14.285714285714286,96,96,0.0371309369802475,0.00285019300377428,robust_reg,96,5,6042,0.6,0.5,calibrated
Constitutional,all_constraints,0.8645833333333334,0.34396424742808945,0.9583333333333334,0.20087527770480484,10.843373493975903,96,96,0.0371309369802475,0.00285019300377428,robust_reg,96,5,6042,0.6,0.5,calibrated
Infection,all_constraints,0.8645833333333334,0.34396424742808945,1.0,0.0,15.662650602409633,96,96,0.0371309369802475,0.00285019300377428,robust_reg,96,5,6042,0.6,0.5,calibrated
Gastrointestinal,all_constraints,0.8645833333333334,0.3439642474280894,1.0,0.0,15.662650602409633,96,96,0.0371309369802475,0.00285019300377428,robust_reg,96,5,6042,0.6,0.5,calibrated
Overall_Survival,all_constraints,10.690597206168823,1.779425762099106,11.955557646054288,0.9724965187258072,11.83245814514031,96,96,0.0371309369802475,0.00285019300377428,robust_reg,96,5,6042,0.6,0.5,calibrated
all_constraints,all_constraints,0.6979166666666666,0.4615714956689105,0.9583333333333334,0.20087527770480484,37.31343283582091,96,96,0.0371309369802475,0.00285019300377428,robust_reg,96,5,6042,0.6,0.5,calibrated
Any_DLT,all_constraints,0.8541666666666666,0.35479176002615415,1.0,0.0,17.07317073170732,96,96,0.08711137622594833,0.034115587250706805,cp,96,5,6042,0.6,0.5,calibrated
Blood,all_constraints,0.875,0.33245498310218435,1.0,0.0,14.285714285714286,96,96,0.08711137622594833,0.034115587250706805,cp,96,5,6042,0.6,0.5,calibrated
Constitutional,all_constraints,0.8645833333333334,0.34396424742808945,0.9583333333333334,0.20087527770480484,10.843373493975903,96,96,0.08711137622594833,0.034115587250706805,cp,96,5,6042,0.6,0.5,calibrated
Infection,all_constraints,0.8645833333333334,0.34396424742808945,1.0,0.0,15.662650602409633,96,96,0.08711137622594833,0.034115587250706805,cp,96,5,6042,0.6,0.5,calibrated
Gastrointestinal,all_constraints,0.8645833333333334,0.3439642474280894,1.0,0.0,15.662650602409633,96,96,0.08711137622594833,0.034115587250706805,cp,96,5,6042,0.6,0.5,calibrated
Overall_Survival,all_constraints,10.690597206168823,1.779425762099106,11.854048268606391,1.091259926846882,10.88293796876211,96,96,0.08711137622594833,0.034115587250706805,cp,96,5,6042,0.6,0.5,calibrated
all_constraints,all_constraints,0.6979166666666666,0.4615714956689105,0.9583333333333334,0.20087527770480484,37.31343283582091,96,96,0.08711137622594833,0.034115587250706805,cp,96,5,6042,0.6,0.5,calibrated
Any_DLT,all_constraints,0.8791208791208791,0.3277927812629611,0.7142857142857143,0.45425676257949793,-18.75,96,91,0.07573793828487396,0.049631187480815825,nominal,95,6,7042,0.6,0.5,calibrated
Blood,all_constraints,0.8681318681318682,0.3402218625410715,0.27472527472527475,0.44884875121270135,-68.35443037974683,96,91,0.07573793828487396,0.049631187480815825,nominal,95,6,7042,0.6,0.5,calibrated
Constitutional,all_constraints,0.8901098901098901,0.31448545101657555,0.978021978021978,0.14742395237484895,9.876543209876546,96,91,0.07573793828487396,0.049631187480815825,nominal,95,6,7042,0.6,0.5,calibrated
Infection,all_constraints,0.9010989010989011,0.3001830943106058,0.4175824175824176,0.49589277662580034,-53.65853658536585,96,91,0.07573793828487396,0.049631187480815825,nominal,95,6,7042,0.6,0.5,calibrated
Gastrointestinal,all_constraints,0.8901098901098901,0.31448545101657555,1.0,0.0,12.345679012345686,96,91,0.07573793828487396,0.049631187480815825,nominal,95,6,7042,0.6,0.5,calibrated
Overall_Survival,all_constraints,10.694101602167715,1.8162503932771559,12.184974697379168,1.4432897359095036,13.941078462441864,96,91,0.07573793828487396,0.049631187480815825,nominal,95,6,7042,0.6,0.5,calibrated
all_constraints,all_constraints,0.7252747252747253,0.4488487512127014,0.21978021978021978,0.41639185076340457,-69.6969696969697,96,91,0.07573793828487396,0.049631187480815825,nominal,95,6,7042,0.6,0.5,calibrated
Any_DLT,all_constraints,0.8791208791208791,0.3277927812629611,0.978021978021978,0.14742395237484895,11.249999999999998,96,91,0.05603421231110891,0.06459463877958506,robust_reg,96,6,7042,0.6,0.5,calibrated
Blood,all_constraints,0.8681318681318682,0.3402218625410715,0.978021978021978,0.14742395237484895,12.658227848101259,96,91,0.05603421231110891,0.06459463877958506,robust_reg,96,6,7042,0.6,0.5,calibrated
Constitutional,all_constraints,0.8901098901098901,0.31448545101657555,0.9560439560439561,0.20613306986226757,7.40740740740742,96,91,0.05603421231110891,0.06459463877958506,robust_reg,96,6,7042,0.6,0.5,calibrated
Infection,all_constraints,0.9010989010989011,0.3001830943106058,0.978021978021978,0.14742395237484895,8.536585365853652,96,91,0.05603421231110891,0.06459463877958506,robust_reg,96,6,7042,0.6,0.5,calibrated
Gastrointestinal,all_constraints,0.8901098901098901,0.31448545101657555,0.9560439560439561,0.20613306986226762,7.40740740740742,96,91,0.05603421231110891,0.06459463877958506,robust_reg,96,6,7042,0.6,0.5,calibrated
Overall_Survival,all_constraints,10.694101602167715,1.8162503932771559,11.268749743882825,1.0709408672061687,5.373505536908573,96,91,0.05603421231110891,0.06459463877958506,robust_reg,96,6,7042,0.6,0.5,calibrated
all_constraints,all_constraints,0.7252747252747253,0.4488487512127014,0.9010989010989011,0.30018309431060586,24.24242424242425,96,91,0.05603421231110891,0.06459463877958506,robust_reg,96,6,7042,0.6,0.5,calibrated
Any_DLT,all_constraints,0.8791208791208791,0.3277927812629611,0.8791208791208791,0.3277927812629611,0.0,96,91,0.15214301397403082,0.0602340232249192,cp,91,6,7042,0.6,0.5,calibrated
Blood,all_constraints,0.8681318681318682,0.3402218625410715,0.6593406593406593,0.47655663578028906,-24.05063291139241,96,91,0.15214301397403082,0.0602340232249192,cp,91,6,7042,0.6,0.5,calibrated
Constitutional,all_constraints,0.8901098901098901,0.31448545101657555,0.978021978021978,0.14742395237484895,9.876543209876546,96,91,0.15214301397403082,0.0602340232249192,cp,91,6,7042,0.6,0.5,calibrated
Infection,all_constraints,0.9010989010989011,0.3001830943106058,0.7582417582417582,0.4305205980530843,-15.853658536585371,96,91,0.15214301397403082,0.0602340232249192,cp,91,6,7042,0.6,0.5,calibrated
Gastrointestinal,all_constraints,0.8901098901098901,0.31448545101657555,1.0,0.0,12.345679012345686,96,91,0.15214301397403082,0.0602340232249192,cp,91,6,7042,0.6,0.5,calibrated
Overall_Survival,all_constraints,10.694101602167715,1.8162503932771559,11.299763255105523,1.6110000226801955,5.663511302483226,96,91,0.15214301397403082,0.0602340232249192,cp,91,6,7042,0.6,0.5,calibrated
all_constraints,all_constraints,0.7252747252747253,0.4488487512127014,0.6153846153846154,0.48919959047022854,-15.151515151515145,96,91,0.15214301397403082,0.0602340232249192,cp,91,6,7042,0.6,0.5,calibrated
Any_DLT,all_constraints,0.8602150537634409,0.3486432663371334,1.0,0.0,16.249999999999996,96,93,0.04186376432577769,0.020997395293458,nominal,96,7,8042,0.6,0.5,calibrated
Blood,all_constraints,0.8817204301075269,0.3246892281923761,1.0,0.0,13.414634146341463,96,93,0.04186376432577769,0.020997395293458,nominal,96,7,8042,0.6,0.5,calibrated
Constitutional,all_constraints,0.8709677419354839,0.33705264882291225,0.946236559139785,0.22677279367959727,8.64197530864198,96,93,0.04186376432577769,0.020997395293458,nominal,96,7,8042,0.6,0.5,calibrated
Infection,all_constraints,0.8709677419354839,0.33705264882291225,1.0,0.0,14.814814814814813,96,93,0.04186376432577769,0.020997395293458,nominal,96,7,8042,0.6,0.5,calibrated
Gastrointestinal,all_constraints,0.8709677419354839,0.3370526488229122,1.0,0.0,14.814814814814813,96,93,0.04186376432577769,0.020997395293458,nominal,96,7,8042,0.6,0.5,calibrated
Overall_Survival,all_constraints,10.751968648548525,1.7654866878359694,11.869917407935125,1.070594321198399,10.39761922610813,96,93,0.04186376432577769,0.020997395293458,nominal,96,7,8042,0.6,0.5,calibrated
all_constraints,all_constraints,0.7096774193548387,0.45637144390360274,0.946236559139785,0.22677279367959727,33.33333333333333,96,93,0.04186376432577769,0.020997395293458,nominal,96,7,8042,0.6,0.5,calibrated
Any_DLT,all_constraints,0.8602150537634409,0.3486432663371334,1.0,0.0,16.249999999999996,96,93,0.04883861541748047,0.04256031199138716,robust_reg,96,7,8042,0.6,0.5,calibrated
Blood,all_constraints,0.8817204301075269,0.3246892281923761,1.0,0.0,13.414634146341463,96,93,0.04883861541748047,0.04256031199138716,robust_reg,96,7,8042,0.6,0.5,calibrated
Constitutional,all_constraints,0.8709677419354839,0.33705264882291225,0.967741935483871,0.17764234361221226,11.111111111111114,96,93,0.04883861541748047,0.04256031199138716,robust_reg,96,7,8042,0.6,0.5,calibrated
Infection,all_constraints,0.8709677419354839,0.33705264882291225,1.0,0.0,14.814814814814813,96,93,0.04883861541748047,0.04256031199138716,robust_reg,96,7,8042,0.6,0.5,calibrated
Gastrointestinal,all_constraints,0.8709677419354839,0.3370526488229122,1.0,0.0,14.814814814814813,96,93,0.04883861541748047,0.04256031199138716,robust_reg,96,7,8042,0.6,0.5,calibrated
Overall_Survival,all_constraints,10.751968648548525,1.7654866878359694,11.800496142716312,1.1748786863782401,9.751958254727006,96,93,0.04883861541748047,0.04256031199138716,robust_reg,96,7,8042,0.6,0.5,calibrated
all_constraints,all_constraints,0.7096774193548387,0.45637144390360274,0.967741935483871,0.17764234361221226,36.36363636363636,96,93,0.04883861541748047,0.04256031199138716,robust_reg,96,7,8042,0.6,0.5,calibrated
Any_DLT,all_constraints,0.8602150537634409,0.3486432663371334,1.0,0.0,16.249999999999996,96,93,0.09316158791383107,0.04382790285292495,cp,93,7,8042,0.6,0.5,calibrated
Blood,all_constraints,0.8817204301075269,0.3246892281923761,1.0,0.0,13.414634146341463,96,93,0.09316158791383107,0.04382790285292495,cp,93,7,8042,0.6,0.5,calibrated
Constitutional,all_constraints,0.8709677419354839,0.33705264882291225,0.989247311827957,0.10369516947304255,13.580246913580247,96,93,0.09316158791383107,0.04382790285292495,cp,93,7,8042,0.6,0.5,calibrated
Infection,all_constraints,0.8709677419354839,0.33705264882291225,0.978494623655914,0.1458479422322764,12.34567901234568,96,93,0.09316158791383107,0.04382790285292495,cp,93,7,8042,0.6,0.5,calibrated
Gastrointestinal,all_constraints,0.8709677419354839,0.3370526488229122,1.0,0.0,14.814814814814813,96,93,0.09316158791383107,0.04382790285292495,cp,93,7,8042,0.6,0.5,calibrated
Overall_Survival,all_constraints,10.751968648548525,1.7654866878359694,11.525777001625803,1.268226773399616,7.196899269063062,96,93,0.09316158791383107,0.04382790285292495,cp,93,7,8042,0.6,0.5,calibrated
all_constraints,all_constraints,0.7096774193548387,0.45637144390360274,0.967741935483871,0.17764234361221226,36.36363636363636,96,93,0.09316158791383107,0.04382790285292495,cp,93,7,8042,0.6,0.5,calibrated
Any_DLT,all_constraints,0.8795180722891566,0.3275031320440732,1.0,0.0,13.698630136986308,96,83,0.039246288438638054,0.03203603603996376,nominal,89,8,9042,0.6,0.5,calibrated
Blood,all_constraints,0.891566265060241,0.3128175729878781,1.0,0.0,12.162162162162165,96,83,0.039246288438638054,0.03203603603996376,nominal,89,8,9042,0.6,0.5,calibrated
Constitutional,all_constraints,0.9397590361445783,0.239379155844276,0.9879518072289156,0.10976425998969035,5.128205128205121,96,83,0.039246288438638054,0.03203603603996376,nominal,89,8,9042,0.6,0.5,calibrated
Infection,all_constraints,0.9156626506024096,0.27958240973264575,1.0,0.0,9.21052631578948,96,83,0.039246288438638054,0.03203603603996376,nominal,89,8,9042,0.6,0.5,calibrated
Gastrointestinal,all_constraints,0.8795180722891566,0.32750313204407316,1.0,0.0,13.698630136986308,96,83,0.039246288438638054,0.03203603603996376,nominal,89,8,9042,0.6,0.5,calibrated
Overall_Survival,all_constraints,10.88004086006689,1.783801800782307,11.965495088741976,1.0218564485017718,9.976563899305182,96,83,0.039246288438638054,0.03203603603996376,nominal,89,8,9042,0.6,0.5,calibrated
all_constraints,all_constraints,0.7710843373493976,0.4226888726289972,0.9879518072289156,0.10976425998969035,28.12499999999999,96,83,0.039246288438638054,0.03203603603996376,nominal,89,8,9042,0.6,0.5,calibrated
Any_DLT,all_constraints,0.8795180722891566,0.3275031320440732,1.0,0.0,13.698630136986308,96,83,0.04518533001343409,0.04666006981761689,robust_reg,95,8,9042,0.6,0.5,calibrated
Blood,all_constraints,0.891566265060241,0.3128175729878781,1.0,0.0,12.162162162162165,96,83,0.04518533001343409,0.04666006981761689,robust_reg,95,8,9042,0.6,0.5,calibrated
Constitutional,all_constraints,0.9397590361445783,0.239379155844276,0.9879518072289156,0.10976425998969035,5.128205128205121,96,83,0.04518533001343409,0.04666006981761689,robust_reg,95,8,9042,0.6,0.5,calibrated
Infection,all_constraints,0.9156626506024096,0.27958240973264575,1.0,0.0,9.21052631578948,96,83,0.04518533001343409,0.04666006981761689,robust_reg,95,8,9042,0.6,0.5,calibrated
Gastrointestinal,all_constraints,0.8795180722891566,0.32750313204407316,1.0,0.0,13.698630136986308,96,83,0.04518533001343409,0.04666006981761689,robust_reg,95,8,9042,0.6,0.5,calibrated
Overall_Survival,all_constraints,10.88004086006689,1.783801800782307,11.915827054192517,1.0858453363204095,9.52005794323147,96,83,0.04518533001343409,0.04666006981761689,robust_reg,95,8,9042,0.6,0.5,calibrated
all_constraints,all_constraints,0.7710843373493976,0.4226888726289972,0.9879518072289156,0.10976425998969035,28.12499999999999,96,83,0.04518533001343409,0.04666006981761689,robust_reg,95,8,9042,0.6,0.5,calibrated
Any_DLT,all_constraints,0.8795180722891566,0.3275031320440732,1.0,0.0,13.698630136986308,96,83,0.09164882202943166,0.03287012813723857,cp,84,8,9042,0.6,0.5,calibrated
Blood,all_constraints,0.891566265060241,0.3128175729878781,1.0,0.0,12.162162162162165,96,83,0.09164882202943166,0.03287012813723857,cp,84,8,9042,0.6,0.5,calibrated
Constitutional,all_constraints,0.9397590361445783,0.239379155844276,0.9879518072289156,0.10976425998969035,5.128205128205121,96,83,0.09164882202943166,0.03287012813723857,cp,84,8,9042,0.6,0.5,calibrated
Infection,all_constraints,0.9156626506024096,0.27958240973264575,1.0,0.0,9.21052631578948,96,83,0.09164882202943166,0.03287012813723857,cp,84,8,9042,0.6,0.5,calibrated
Gastrointestinal,all_constraints,0.8795180722891566,0.32750313204407316,1.0,0.0,13.698630136986308,96,83,0.09164882202943166,0.03287012813723857,cp,84,8,9042,0.6,0.5,calibrated
Overall_Survival,all_constraints,10.88004086006689,1.783801800782307,11.910459681012487,1.1311389849293385,9.470725654418747,96,83,0.09164882202943166,0.03287012813723857,cp,84,8,9042,0.6,0.5,calibrated
all_constraints,all_constraints,0.7710843373493976,0.4226888726289972,0.9879518072289156,0.10976425998969035,28.12499999999999,96,83,0.09164882202943166,0.03287012813723857,cp,84,8,9042,0.6,0.5,calibrated
Any_DLT,all_constraints,0.8541666666666666,0.35479176002615415,1.0,0.0,17.07317073170732,96,96,0.051502627631028496,0.0512696981265523,nominal,96,9,10042,0.6,0.5,calibrated
Blood,all_constraints,0.875,0.33245498310218435,1.0,0.0,14.285714285714286,96,96,0.051502627631028496,0.0512696981265523,nominal,96,9,10042,0.6,0.5,calibrated
Constitutional,all_constraints,0.8645833333333334,0.34396424742808945,0.9375,0.2433321316961438,8.43373493975903,96,96,0.051502627631028496,0.0512696981265523,nominal,96,9,10042,0.6,0.5,calibrated
Infection,all_constraints,0.8645833333333334,0.34396424742808945,1.0,0.0,15.662650602409633,96,96,0.051502627631028496,0.0512696981265523,nominal,96,9,10042,0.6,0.5,calibrated
Gastrointestinal,all_constraints,0.8645833333333334,0.3439642474280894,1.0,0.0,15.662650602409633,96,96,0.051502627631028496,0.0512696981265523,nominal,96,9,10042,0.6,0.5,calibrated
Overall_Survival,all_constraints,10.690597206168823,1.779425762099106,11.906170461160004,0.9890473976348881,11.370489707438942,96,96,0.051502627631028496,0.0512696981265523,nominal,96,9,10042,0.6,0.5,calibrated
all_constraints,all_constraints,0.6979166666666666,0.4615714956689105,0.9375,0.2433321316961438,34.32835820895523,96,96,0.051502627631028496,0.0512696981265523,nominal,96,9,10042,0.6,0.5,calibrated
Any_DLT,all_constraints,0.8541666666666666,0.35479176002615415,1.0,0.0,17.07317073170732,96,96,0.04496919363737106,0.055699315711264526,robust_reg,96,9,10042,0.6,0.5,calibrated
Blood,all_constraints,0.875,0.33245498310218435,0.9895833333333334,0.10206207261596575,13.0952380952381,96,96,0.04496919363737106,0.055699315711264526,robust_reg,96,9,10042,0.6,0.5,calibrated
Constitutional,all_constraints,0.8645833333333334,0.34396424742808945,0.9895833333333334,0.10206207261596574,14.457831325301203,96,96,0.04496919363737106,0.055699315711264526,robust_reg,96,9,10042,0.6,0.5,calibrated
Infection,all_constraints,0.8645833333333334,0.34396424742808945,1.0,0.0,15.662650602409633,96,96,0.04496919363737106,0.055699315711264526,robust_reg,96,9,10042,0.6,0.5,calibrated
Gastrointestinal,all_constraints,0.8645833333333334,0.3439642474280894,1.0,0.0,15.662650602409633,96,96,0.04496919363737106,0.055699315711264526,robust_reg,96,9,10042,0.6,0.5,calibrated
Overall_Survival,all_constraints,10.690597206168823,1.779425762099106,11.827915034116694,1.1426089662820125,10.638487317542953,96,96,0.04496919363737106,0.055699315711264526,robust_reg,96,9,10042,0.6,0.5,calibrated
all_constraints,all_constraints,0.6979166666666666,0.4615714956689105,0.9791666666666666,0.14357588616379596,40.29850746268657,96,96,0.04496919363737106,0.055699315711264526,robust_reg,96,9,10042,0.6,0.5,calibrated
Any_DLT,all_constraints,0.8541666666666666,0.35479176002615415,0.9895833333333334,0.10206207261596574,15.853658536585376,96,96,0.15149147311846414,0.12877422562765292,cp,96,9,10042,0.6,0.5,calibrated
Blood,all_constraints,0.875,0.33245498310218435,0.9895833333333334,0.10206207261596574,13.0952380952381,96,96,0.15149147311846414,0.12877422562765292,cp,96,9,10042,0.6,0.5,calibrated
Constitutional,all_constraints,0.8645833333333334,0.34396424742808945,0.9479166666666666,0.22336148028967082,9.63855421686746,96,96,0.15149147311846414,0.12877422562765292,cp,96,9,10042,0.6,0.5,calibrated
Infection,all_constraints,0.8645833333333334,0.34396424742808945,0.9895833333333334,0.10206207261596574,14.457831325301203,96,96,0.15149147311846414,0.12877422562765292,cp,96,9,10042,0.6,0.5,calibrated
Gastrointestinal,all_constraints,0.8645833333333334,0.3439642474280894,1.0,0.0,15.662650602409633,96,96,0.15149147311846414,0.12877422562765292,cp,96,9,10042,0.6,0.5,calibrated
Overall_Survival,all_constraints,10.690597206168823,1.779425762099106,11.75443899748708,1.0484462501926821,9.951191414305516,96,96,0.15149147311846414,0.12877422562765292,cp,96,9,10042,0.6,0.5,calibrated
all_constraints,all_constraints,0.6979166666666666,0.4615714956689105,0.9375,0.2433321316961438,34.32835820895523,96,96,0.15149147311846414,0.12877422562765292,cp,96,9,10042,0.6,0.5,calibrated
Any_DLT,all_constraints,0.8764044943820225,0.3309842319473132,1.0,0.0,14.102564102564099,96,89,0.06723897407452266,0.04429201789604102,nominal,96,10,11042,0.6,0.5,calibrated
Blood,all_constraints,0.8876404494382022,0.3175975958515819,0.9101123595505618,0.28764124744526687,2.5316455696202596,96,89,0.06723897407452266,0.04429201789604102,nominal,96,10,11042,0.6,0.5,calibrated
Constitutional,all_constraints,0.8764044943820225,0.3309842319473132,0.9775280898876404,0.14905216367918442,11.53846153846153,96,89,0.06723897407452266,0.04429201789604102,nominal,96,10,11042,0.6,0.5,calibrated
Infection,all_constraints,0.898876404494382,0.3032004969797108,0.9662921348314607,0.18149869785703643,7.500000000000007,96,89,0.06723897407452266,0.04429201789604102,nominal,96,10,11042,0.6,0.5,calibrated
Gastrointestinal,all_constraints,0.8764044943820225,0.3309842319473132,1.0,0.0,14.102564102564099,96,89,0.06723897407452266,0.04429201789604102,nominal,96,10,11042,0.6,0.5,calibrated
Overall_Survival,all_constraints,10.742668442783618,1.7914303110321623,11.92780866479028,1.1698713287331866,11.032084144817667,96,89,0.06723897407452266,0.04429201789604102,nominal,96,10,11042,0.6,0.5,calibrated
all_constraints,all_constraints,0.7303370786516854,0.4462990473127607,0.898876404494382,0.3032004969797108,23.076923076923073,96,89,0.06723897407452266,0.04429201789604102,nominal,96,10,11042,0.6,0.5,calibrated
Any_DLT,all_constraints,0.8764044943820225,0.3309842319473132,1.0,0.0,14.102564102564099,96,89,0.03799745440483093,0.01443416089072843,robust_reg,93,10,11042,0.6,0.5,calibrated
Blood,all_constraints,0.8876404494382022,0.3175975958515819,1.0,0.0,12.658227848101271,96,89,0.03799745440483093,0.01443416089072843,robust_reg,93,10,11042,0.6,0.5,calibrated
Constitutional,all_constraints,0.8764044943820225,0.3309842319473132,0.9887640449438202,0.10599978800063599,12.820512820512812,96,89,0.03799745440483093,0.01443416089072843,robust_reg,93,10,11042,0.6,0.5,calibrated
Infection,all_constraints,0.898876404494382,0.3032004969797108,1.0,0.0,11.250000000000004,96,89,0.03799745440483093,0.01443416089072843,robust_reg,93,10,11042,0.6,0.5,calibrated
Gastrointestinal,all_constraints,0.8764044943820225,0.3309842319473132,0.9887640449438202,0.10599978800063599,12.820512820512812,96,89,0.03799745440483093,0.01443416089072843,robust_reg,93,10,11042,0.6,0.5,calibrated
Overall_Survival,all_constraints,10.742668442783618,1.7914303110321623,11.902877247758731,1.1643225430594726,10.800005707655279,96,89,0.03799745440483093,0.01443416089072843,robust_reg,93,10,11042,0.6,0.5,calibrated
all_constraints,all_constraints,0.7303370786516854,0.4462990473127607,0.9887640449438202,0.10599978800063599,35.38461538461538,96,89,0.03799745440483093,0.01443416089072843,robust_reg,93,10,11042,0.6,0.5,calibrated
Any_DLT,all_constraints,0.8764044943820225,0.3309842319473132,0.9887640449438202,0.10599978800063599,12.820512820512812,96,89,0.13352917631467184,0.09514709454212052,cp,91,10,11042,0.6,0.5,calibrated
Blood,all_constraints,0.8876404494382022,0.3175975958515819,0.8876404494382022,0.3175975958515819,0.0,96,89,0.13352917631467184,0.09514709454212052,cp,91,10,11042,0.6,0.5,calibrated
Constitutional,all_constraints,0.8764044943820225,0.3309842319473132,0.9887640449438202,0.10599978800063597,12.820512820512812,96,89,0.13352917631467184,0.09514709454212052,cp,91,10,11042,0.6,0.5,calibrated
Infection,all_constraints,0.898876404494382,0.3032004969797108,0.9438202247191011,0.23157320469295903,5.000000000000001,96,89,0.13352917631467184,0.09514709454212052,cp,91,10,11042,0.6,0.5,calibrated
Gastrointestinal,all_constraints,0.8764044943820225,0.3309842319473132,1.0,0.0,14.102564102564099,96,89,0.13352917631467184,0.09514709454212052,cp,91,10,11042,0.6,0.5,calibrated
Overall_Survival,all_constraints,10.742668442783618,1.7914303110321623,11.786333881746272,1.2598304470459893,9.715141489484724,96,89,0.13352917631467184,0.09514709454212052,cp,91,10,11042,0.6,0.5,calibrated
all_constraints,all_constraints,0.7303370786516854,0.4462990473127607,0.8876404494382022,0.3175975958515819,21.53846153846153,96,89,0.13352917631467184,0.09514709454212052,cp,91,10,11042,0.6,0.5,calibrated
Any_DLT,all_constraints,0.8709677419354839,0.33705264882291225,1.0,0.0,14.814814814814813,96,93,0.050238095223903656,0.01292095890350959,nominal,96,11,12042,0.6,0.5,calibrated
Blood,all_constraints,0.8709677419354839,0.3370526488229122,1.0,0.0,14.814814814814813,96,93,0.050238095223903656,0.01292095890350959,nominal,96,11,12042,0.6,0.5,calibrated
Constitutional,all_constraints,0.8817204301075269,0.32468922819237606,0.9354838709677419,0.24700165520054565,6.097560975609751,96,93,0.050238095223903656,0.01292095890350959,nominal,96,11,12042,0.6,0.5,calibrated
Infection,all_constraints,0.8817204301075269,0.32468922819237606,1.0,0.0,13.414634146341463,96,93,0.050238095223903656,0.01292095890350959,nominal,96,11,12042,0.6,0.5,calibrated
Gastrointestinal,all_constraints,0.8817204301075269,0.32468922819237606,1.0,0.0,13.414634146341463,96,93,0.050238095223903656,0.01292095890350959,nominal,96,11,12042,0.6,0.5,calibrated
Overall_Survival,all_constraints,10.739728594660543,1.7471691587943354,11.977857564182855,0.9804415627813521,11.528494026728682,96,93,0.050238095223903656,0.01292095890350959,nominal,96,11,12042,0.6,0.5,calibrated
all_constraints,all_constraints,0.7204301075268817,0.4512203596877334,0.9354838709677419,0.24700165520054565,29.850746268656703,96,93,0.050238095223903656,0.01292095890350959,nominal,96,11,12042,0.6,0.5,calibrated
Any_DLT,all_constraints,0.8709677419354839,0.33705264882291225,1.0,0.0,14.814814814814813,96,93,0.05843335886796316,0.06848526208581585,robust_reg,94,11,12042,0.6,0.5,calibrated
Blood,all_constraints,0.8709677419354839,0.3370526488229122,1.0,0.0,14.814814814814813,96,93,0.05843335886796316,0.06848526208581585,robust_reg,94,11,12042,0.6,0.5,calibrated
Constitutional,all_constraints,0.8817204301075269,0.32468922819237606,0.967741935483871,0.17764234361221223,9.756097560975613,96,93,0.05843335886796316,0.06848526208581585,robust_reg,94,11,12042,0.6,0.5,calibrated
Infection,all_constraints,0.8817204301075269,0.32468922819237606,1.0,0.0,13.414634146341463,96,93,0.05843335886796316,0.06848526208581585,robust_reg,94,11,12042,0.6,0.5,calibrated
Gastrointestinal,all_constraints,0.8817204301075269,0.32468922819237606,1.0,0.0,13.414634146341463,96,93,0.05843335886796316,0.06848526208581585,robust_reg,94,11,12042,0.6,0.5,calibrated
Overall_Survival,all_constraints,10.739728594660543,1.7471691587943354,11.797220505999318,1.0839375609547646,9.846542228865333,96,93,0.05843335886796316,0.06848526208581585,robust_reg,94,11,12042,0.6,0.5,calibrated
all_constraints,all_constraints,0.7204301075268817,0.4512203596877334,0.967741935483871,0.17764234361221223,34.32835820895522,96,93,0.05843335886796316,0.06848526208581585,robust_reg,94,11,12042,0.6,0.5,calibrated
Any_DLT,all_constraints,0.8709677419354839,0.33705264882291225,1.0,0.0,14.814814814814813,96,93,0.13039123763640723,0.031990103401276025,cp,95,11,12042,0.6,0.5,calibrated
Blood,all_constraints,0.8709677419354839,0.3370526488229122,1.0,0.0,14.814814814814813,96,93,0.13039123763640723,0.031990103401276025,cp,95,11,12042,0.6,0.5,calibrated
Constitutional,all_constraints,0.8817204301075269,0.32468922819237606,0.978494623655914,0.1458479422322764,10.975609756097564,96,93,0.13039123763640723,0.031990103401276025,cp,95,11,12042,0.6,0.5,calibrated
Infection,all_constraints,0.8817204301075269,0.32468922819237606,1.0,0.0,13.414634146341463,96,93,0.13039123763640723,0.031990103401276025,cp,95,11,12042,0.6,0.5,calibrated
Gastrointestinal,all_constraints,0.8817204301075269,0.32468922819237606,1.0,0.0,13.414634146341463,96,93,0.13039123763640723,0.031990103401276025,cp,95,11,12042,0.6,0.5,calibrated
Overall_Survival,all_constraints,10.739728594660543,1.7471691587943354,11.847226257011574,1.1538067381315187,10.312156891019058,96,93,0.13039123763640723,0.031990103401276025,cp,95,11,12042,0.6,0.5,calibrated
all_constraints,all_constraints,0.7204301075268817,0.4512203596877334,0.978494623655914,0.1458479422322764,35.82089552238806,96,93,0.13039123763640723,0.031990103401276025,cp,95,11,12042,0.6,0.5,calibrated
Any_DLT,all_constraints,0.8555555555555555,0.3535092488376122,0.9444444444444444,0.23034469096157234,10.389610389610393,96,90,0.07584468026955922,0.028971067340878162,nominal,93,12,13042,0.6,0.5,calibrated
Blood,all_constraints,0.8888888888888888,0.31603030875998483,0.9777777777777777,0.1482313540789697,10.000000000000004,96,90,0.07584468026955922,0.028971067340878162,nominal,93,12,13042,0.6,0.5,calibrated
Constitutional,all_constraints,0.8777777777777778,0.3293772734489573,0.8888888888888888,0.31603030875998483,1.265822784810122,96,90,0.07584468026955922,0.028971067340878162,nominal,93,12,13042,0.6,0.5,calibrated
Infection,all_constraints,0.8777777777777778,0.32937727344895723,0.9777777777777777,0.1482313540789697,11.392405063291138,96,90,0.07584468026955922,0.028971067340878162,nominal,93,12,13042,0.6,0.5,calibrated
Gastrointestinal,all_constraints,0.8555555555555555,0.3535092488376122,0.9555555555555556,0.20723493215097802,11.6883116883117,96,90,0.07584468026955922,0.028971067340878162,nominal,93,12,13042,0.6,0.5,calibrated
Overall_Survival,all_constraints,10.729801722565433,1.8137262965710281,10.534543181970154,0.982089471234895,-1.8197777148541232,96,90,0.07584468026955922,0.028971067340878162,nominal,93,12,13042,0.6,0.5,calibrated
all_constraints,all_constraints,0.7222222222222222,0.45041248954328444,0.8777777777777778,0.3293772734489573,21.53846153846154,96,90,0.07584468026955922,0.028971067340878162,nominal,93,12,13042,0.6,0.5,calibrated
Any_DLT,all_constraints,0.8555555555555555,0.3535092488376122,1.0,0.0,16.883116883116887,96,90,0.06549990177154541,0.01923007191566778,robust_reg,94,12,13042,0.6,0.5,calibrated
Blood,all_constraints,0.8888888888888888,0.31603030875998483,1.0,0.0,12.500000000000007,96,90,0.06549990177154541,0.01923007191566778,robust_reg,94,12,13042,0.6,0.5,calibrated
Constitutional,all_constraints,0.8777777777777778,0.3293772734489573,0.9555555555555556,0.20723493215097805,8.860759493670892,96,90,0.06549990177154541,0.01923007191566778,robust_reg,94,12,13042,0.6,0.5,calibrated
Infection,all_constraints,0.8777777777777778,0.32937727344895723,1.0,0.0,13.924050632911394,96,90,0.06549990177154541,0.01923007191566778,robust_reg,94,12,13042,0.6,0.5,calibrated
Gastrointestinal,all_constraints,0.8555555555555555,0.3535092488376122,0.9888888888888889,0.105409255338946,15.584415584415595,96,90,0.06549990177154541,0.01923007191566778,robust_reg,94,12,13042,0.6,0.5,calibrated
Overall_Survival,all_constraints,10.729801722565433,1.8137262965710281,11.219832101292807,1.0917583599242848,4.567003113364247,96,90,0.06549990177154541,0.01923007191566778,robust_reg,94,12,13042,0.6,0.5,calibrated
all_constraints,all_constraints,0.7222222222222222,0.45041248954328444,0.9444444444444444,0.23034469096157234,30.76923076923077,96,90,0.06549990177154541,0.01923007191566778,robust_reg,94,12,13042,0.6,0.5,calibrated
Any_DLT,all_constraints,0.8555555555555555,0.3535092488376122,0.9777777777777777,0.14823135407896973,14.285714285714288,96,90,0.17101012915372849,0.06481435253064026,cp,92,12,13042,0.6,0.5,calibrated
Blood,all_constraints,0.8888888888888888,0.31603030875998483,0.9555555555555556,0.20723493215097802,7.5000000000000115,96,90,0.17101012915372849,0.06481435253064026,cp,92,12,13042,0.6,0.5,calibrated
Constitutional,all_constraints,0.8777777777777778,0.3293772734489573,0.9555555555555556,0.20723493215097802,8.860759493670892,96,90,0.17101012915372849,0.06481435253064026,cp,92,12,13042,0.6,0.5,calibrated
Infection,all_constraints,0.8777777777777778,0.32937727344895723,0.9666666666666667,0.18051113445691194,10.126582278481015,96,90,0.17101012915372849,0.06481435253064026,cp,92,12,13042,0.6,0.5,calibrated
Gastrointestinal,all_constraints,0.8555555555555555,0.3535092488376122,1.0,0.0,16.883116883116887,96,90,0.17101012915372849,0.06481435253064026,cp,92,12,13042,0.6,0.5,calibrated
Overall_Survival,all_constraints,10.729801722565433,1.8137262965710281,10.61657215015498,0.8571579034400039,-1.0552811257669839,96,90,0.17101012915372849,0.06481435253064026,cp,92,12,13042,0.6,0.5,calibrated
all_constraints,all_constraints,0.7222222222222222,0.45041248954328444,0.9111111111111111,0.28617761611461456,26.153846153846153,96,90,0.17101012915372849,0.06481435253064026,cp,92,12,13042,0.6,0.5,calibrated
Any_DLT,all_constraints,0.8709677419354839,0.33705264882291225,1.0,0.0,14.814814814814813,96,93,0.05809851487477621,0.020408296927897897,nominal,94,13,14042,0.6,0.5,calibrated
Blood,all_constraints,0.8709677419354839,0.3370526488229122,1.0,0.0,14.814814814814813,96,93,0.05809851487477621,0.020408296927897897,nominal,94,13,14042,0.6,0.5,calibrated
Constitutional,all_constraints,0.8924731182795699,0.31146098895220203,0.967741935483871,0.17764234361221226,8.433734939759042,96,93,0.05809851487477621,0.020408296927897897,nominal,94,13,14042,0.6,0.5,calibrated
Infection,all_constraints,0.8924731182795699,0.31146098895220203,1.0,0.0,12.048192771084338,96,93,0.05809851487477621,0.020408296927897897,nominal,94,13,14042,0.6,0.5,calibrated
Gastrointestinal,all_constraints,0.8817204301075269,0.32468922819237606,0.989247311827957,0.10369516947304255,12.195121951219514,96,93,0.05809851487477621,0.020408296927897897,nominal,94,13,14042,0.6,0.5,calibrated
Overall_Survival,all_constraints,10.781730228524282,1.7129674406475595,11.815148791629559,1.2520480809767047,9.584904660026199,96,93,0.05809851487477621,0.020408296927897897,nominal,94,13,14042,0.6,0.5,calibrated
all_constraints,all_constraints,0.7204301075268817,0.4512203596877334,0.956989247311828,0.20398095044388959,32.83582089552239,96,93,0.05809851487477621,0.020408296927897897,nominal,94,13,14042,0.6,0.5,calibrated
Any_DLT,all_constraints,0.8709677419354839,0.33705264882291225,0.989247311827957,0.10369516947304255,13.580246913580247,96,93,0.05185050765673319,0.010063937849032945,robust_reg,96,13,14042,0.6,0.5,calibrated
Blood,all_constraints,0.8709677419354839,0.3370526488229122,0.978494623655914,0.1458479422322764,12.34567901234568,96,93,0.05185050765673319,0.010063937849032945,robust_reg,96,13,14042,0.6,0.5,calibrated
Constitutional,all_constraints,0.8924731182795699,0.31146098895220203,0.978494623655914,0.1458479422322764,9.638554216867474,96,93,0.05185050765673319,0.010063937849032945,robust_reg,96,13,14042,0.6,0.5,calibrated
Infection,all_constraints,0.8924731182795699,0.31146098895220203,0.989247311827957,0.10369516947304255,10.843373493975907,96,93,0.05185050765673319,0.010063937849032945,robust_reg,96,13,14042,0.6,0.5,calibrated
Gastrointestinal,all_constraints,0.8817204301075269,0.32468922819237606,0.989247311827957,0.10369516947304255,12.195121951219514,96,93,0.05185050765673319,0.010063937849032945,robust_reg,96,13,14042,0.6,0.5,calibrated
Overall_Survival,all_constraints,10.781730228524282,1.7129674406475595,11.960756103844783,0.9955764822906452,10.93540508184165,96,93,0.05185050765673319,0.010063937849032945,robust_reg,96,13,14042,0.6,0.5,calibrated
all_constraints,all_constraints,0.7204301075268817,0.4512203596877334,0.956989247311828,0.20398095044388956,32.83582089552239,96,93,0.05185050765673319,0.010063937849032945,robust_reg,96,13,14042,0.6,0.5,calibrated
Any_DLT,all_constraints,0.8709677419354839,0.33705264882291225,1.0,0.0,14.814814814814813,96,93,0.10751285155614217,0.023966348841957044,cp,93,13,14042,0.6,0.5,calibrated
Blood,all_constraints,0.8709677419354839,0.3370526488229122,1.0,0.0,14.814814814814813,96,93,0.10751285155614217,0.023966348841957044,cp,93,13,14042,0.6,0.5,calibrated
Constitutional,all_constraints,0.8924731182795699,0.31146098895220203,0.967741935483871,0.17764234361221226,8.433734939759042,96,93,0.10751285155614217,0.023966348841957044,cp,93,13,14042,0.6,0.5,calibrated
Infection,all_constraints,0.8924731182795699,0.31146098895220203,1.0,0.0,12.048192771084338,96,93,0.10751285155614217,0.023966348841957044,cp,93,13,14042,0.6,0.5,calibrated
Gastrointestinal,all_constraints,0.8817204301075269,0.32468922819237606,0.989247311827957,0.10369516947304255,12.195121951219514,96,93,0.10751285155614217,0.023966348841957044,cp,93,13,14042,0.6,0.5,calibrated
Overall_Survival,all_constraints,10.781730228524282,1.7129674406475595,11.796683497086239,1.2747567247088696,9.413639991443894,96,93,0.10751285155614217,0.023966348841957044,cp,93,13,14042,0.6,0.5,calibrated
all_constraints,all_constraints,0.7204301075268817,0.4512203596877334,0.956989247311828,0.20398095044388959,32.83582089552239,96,93,0.10751285155614217,0.023966348841957044,cp,93,13,14042,0.6,0.5,calibrated
Any_DLT,all_constraints,0.8602150537634409,0.3486432663371334,1.0,0.0,16.249999999999996,96,93,0.0435473695397377,0.04788385056234275,nominal,96,14,15042,0.6,0.5,calibrated
Blood,all_constraints,0.8817204301075269,0.32468922819237606,1.0,0.0,13.414634146341463,96,93,0.0435473695397377,0.04788385056234275,nominal,96,14,15042,0.6,0.5,calibrated
Constitutional,all_constraints,0.8709677419354839,0.33705264882291225,0.9354838709677419,0.24700165520054562,7.407407407407401,96,93,0.0435473695397377,0.04788385056234275,nominal,96,14,15042,0.6,0.5,calibrated
Infection,all_constraints,0.8817204301075269,0.32468922819237606,1.0,0.0,13.414634146341463,96,93,0.0435473695397377,0.04788385056234275,nominal,96,14,15042,0.6,0.5,calibrated
Gastrointestinal,all_constraints,0.8709677419354839,0.3370526488229122,1.0,0.0,14.814814814814813,96,93,0.0435473695397377,0.04788385056234275,nominal,96,14,15042,0.6,0.5,calibrated
Overall_Survival,all_constraints,10.70519964862177,1.7990624829017021,11.826259146031049,1.1285156601449622,10.472102662313342,96,93,0.0435473695397377,0.04788385056234275,nominal,96,14,15042,0.6,0.5,calibrated
all_constraints,all_constraints,0.7204301075268817,0.4512203596877334,0.9354838709677419,0.24700165520054562,29.850746268656703,96,93,0.0435473695397377,0.04788385056234275,nominal,96,14,15042,0.6,0.5,calibrated
Any_DLT,all_constraints,0.8602150537634409,0.3486432663371334,1.0,0.0,16.249999999999996,96,93,0.03540612757205963,0.013377165260140425,robust_reg,95,14,15042,0.6,0.5,calibrated
Blood,all_constraints,0.8817204301075269,0.32468922819237606,1.0,0.0,13.414634146341463,96,93,0.03540612757205963,0.013377165260140425,robust_reg,95,14,15042,0.6,0.5,calibrated
Constitutional,all_constraints,0.8709677419354839,0.33705264882291225,0.989247311827957,0.10369516947304255,13.580246913580247,96,93,0.03540612757205963,0.013377165260140425,robust_reg,95,14,15042,0.6,0.5,calibrated
Infection,all_constraints,0.8817204301075269,0.32468922819237606,1.0,0.0,13.414634146341463,96,93,0.03540612757205963,0.013377165260140425,robust_reg,95,14,15042,0.6,0.5,calibrated
Gastrointestinal,all_constraints,0.8709677419354839,0.3370526488229122,1.0,0.0,14.814814814814813,96,93,0.03540612757205963,0.013377165260140425,robust_reg,95,14,15042,0.6,0.5,calibrated
Overall_Survival,all_constraints,10.70519964862177,1.7990624829017021,11.820313023417715,1.074201194909711,10.416558414578553,96,93,0.03540612757205963,0.013377165260140425,robust_reg,95,14,15042,0.6,0.5,calibrated
all_constraints,all_constraints,0.7204301075268817,0.4512203596877334,0.989247311827957,0.10369516947304255,37.31343283582089,96,93,0.03540612757205963,0.013377165260140425,robust_reg,95,14,15042,0.6,0.5,calibrated
Any_DLT,all_constraints,0.8602150537634409,0.3486432663371334,1.0,0.0,16.249999999999996,96,93,0.07356900970141093,0.018300378316269645,cp,93,14,15042,0.6,0.5,calibrated
Blood,all_constraints,0.8817204301075269,0.32468922819237606,1.0,0.0,13.414634146341463,96,93,0.07356900970141093,0.018300378316269645,cp,93,14,15042,0.6,0.5,calibrated
Constitutional,all_constraints,0.8709677419354839,0.33705264882291225,0.978494623655914,0.1458479422322764,12.34567901234568,96,93,0.07356900970141093,0.018300378316269645,cp,93,14,15042,0.6,0.5,calibrated
Infection,all_constraints,0.8817204301075269,0.32468922819237606,1.0,0.0,13.414634146341463,96,93,0.07356900970141093,0.018300378316269645,cp,93,14,15042,0.6,0.5,calibrated
Gastrointestinal,all_constraints,0.8709677419354839,0.3370526488229122,1.0,0.0,14.814814814814813,96,93,0.07356900970141093,0.018300378316269645,cp,93,14,15042,0.6,0.5,calibrated
Overall_Survival,all_constraints,10.70519964862177,1.7990624829017021,11.726329099029371,1.225200371986534,9.538630608716067,96,93,0.07356900970141093,0.018300378316269645,cp,93,14,15042,0.6,0.5,calibrated
all_constraints,all_constraints,0.7204301075268817,0.4512203596877334,0.978494623655914,0.1458479422322764,35.82089552238806,96,93,0.07356900970141093,0.018300378316269645,cp,93,14,15042,0.6,0.5,calibrated
Any_DLT,all_constraints,0.8541666666666666,0.35479176002615415,1.0,0.0,17.07317073170732,96,96,0.056856234868367515,0.04068767598937323,nominal,96,15,16042,0.6,0.5,calibrated
Blood,all_constraints,0.875,0.33245498310218435,1.0,0.0,14.285714285714286,96,96,0.056856234868367515,0.04068767598937323,nominal,96,15,16042,0.6,0.5,calibrated
Constitutional,all_constraints,0.8645833333333334,0.34396424742808945,0.9166666666666666,0.27783625115549687,6.02409638554216,96,96,0.056856234868367515,0.04068767598937323,nominal,96,15,16042,0.6,0.5,calibrated
Infection,all_constraints,0.8645833333333334,0.34396424742808945,1.0,0.0,15.662650602409633,96,96,0.056856234868367515,0.04068767598937323,nominal,96,15,16042,0.6,0.5,calibrated
Gastrointestinal,all_constraints,0.8645833333333334,0.3439642474280894,1.0,0.0,15.662650602409633,96,96,0.056856234868367515,0.04068767598937323,nominal,96,15,16042,0.6,0.5,calibrated
Overall_Survival,all_constraints,10.690597206168823,1.779425762099106,11.865998300877195,1.160881636434546,10.994718742467699,96,96,0.056856234868367515,0.04068767598937323,nominal,96,15,16042,0.6,0.5,calibrated
all_constraints,all_constraints,0.6979166666666666,0.4615714956689105,0.9166666666666666,0.27783625115549687,31.343283582089555,96,96,0.056856234868367515,0.04068767598937323,nominal,96,15,16042,0.6,0.5,calibrated
Any_DLT,all_constraints,0.8541666666666666,0.35479176002615415,1.0,0.0,17.07317073170732,96,96,0.0612338458498319,0.022539810969112815,robust_reg,96,15,16042,0.6,0.5,calibrated
Blood,all_constraints,0.875,0.33245498310218435,1.0,0.0,14.285714285714286,96,96,0.0612338458498319,0.022539810969112815,robust_reg,96,15,16042,0.6,0.5,calibrated
Constitutional,all_constraints,0.8645833333333334,0.34396424742808945,0.9166666666666666,0.27783625115549687,6.02409638554216,96,96,0.0612338458498319,0.022539810969112815,robust_reg,96,15,16042,0.6,0.5,calibrated
Infection,all_constraints,0.8645833333333334,0.34396424742808945,1.0,0.0,15.662650602409633,96,96,0.0612338458498319,0.022539810969112815,robust_reg,96,15,16042,0.6,0.5,calibrated
Gastrointestinal,all_constraints,0.8645833333333334,0.3439642474280894,1.0,0.0,15.662650602409633,96,96,0.0612338458498319,0.022539810969112815,robust_reg,96,15,16042,0.6,0.5,calibrated
Overall_Survival,all_constraints,10.690597206168823,1.779425762099106,11.86590793998655,1.1624150768537624,10.993873505397204,96,96,0.0612338458498319,0.022539810969112815,robust_reg,96,15,16042,0.6,0.5,calibrated
all_constraints,all_constraints,0.6979166666666666,0.4615714956689105,0.9166666666666666,0.27783625115549687,31.343283582089555,96,96,0.0612338458498319,0.022539810969112815,robust_reg,96,15,16042,0.6,0.5,calibrated
Any_DLT,all_constraints,0.8541666666666666,0.35479176002615415,1.0,0.0,17.07317073170732,96,96,0.15392396847407022,0.07864933653507578,cp,96,15,16042,0.6,0.5,calibrated
Blood,all_constraints,0.875,0.33245498310218435,1.0,0.0,14.285714285714286,96,96,0.15392396847407022,0.07864933653507578,cp,96,15,16042,0.6,0.5,calibrated
Constitutional,all_constraints,0.8645833333333334,0.34396424742808945,0.9166666666666666,0.27783625115549687,6.02409638554216,96,96,0.15392396847407022,0.07864933653507578,cp,96,15,16042,0.6,0.5,calibrated
Infection,all_constraints,0.8645833333333334,0.34396424742808945,1.0,0.0,15.662650602409633,96,96,0.15392396847407022,0.07864933653507578,cp,96,15,16042,0.6,0.5,calibrated
Gastrointestinal,all_constraints,0.8645833333333334,0.3439642474280894,1.0,0.0,15.662650602409633,96,96,0.15392396847407022,0.07864933653507578,cp,96,15,16042,0.6,0.5,calibrated
Overall_Survival,all_constraints,10.690597206168823,1.779425762099106,11.848640212166506,1.195217958701205,10.832350931054206,96,96,0.15392396847407022,0.07864933653507578,cp,96,15,16042,0.6,0.5,calibrated
all_constraints,all_constraints,0.6979166666666666,0.4615714956689105,0.9166666666666666,0.27783625115549687,31.343283582089555,96,96,0.15392396847407022,0.07864933653507578,cp,96,15,16042,0.6,0.5,calibrated
Any_DLT,all_constraints,0.8723404255319149,0.3354997092507591,1.0,0.0,14.63414634146341,96,94,0.06305597474177678,0.01190459918324566,nominal,96,16,17042,0.6,0.5,calibrated
Blood,all_constraints,0.8723404255319149,0.3354997092507591,1.0,0.0,14.63414634146341,96,94,0.06305597474177678,0.01190459918324566,nominal,96,16,17042,0.6,0.5,calibrated
Constitutional,all_constraints,0.8829787234042553,0.32316921825641187,0.9893617021276596,0.10314212462587934,12.048192771084343,96,94,0.06305597474177678,0.01190459918324566,nominal,96,16,17042,0.6,0.5,calibrated
Infection,all_constraints,0.8829787234042553,0.32316921825641187,1.0,0.0,13.253012048192772,96,94,0.06305597474177678,0.01190459918324566,nominal,96,16,17042,0.6,0.5,calibrated
Gastrointestinal,all_constraints,0.8829787234042553,0.32316921825641187,1.0,0.0,13.253012048192772,96,94,0.06305597474177678,0.01190459918324566,nominal,96,16,17042,0.6,0.5,calibrated
Overall_Survival,all_constraints,10.771270845122793,1.7067483045898035,11.978184650934859,0.9536301123474341,11.204934154622562,96,94,0.06305597474177678,0.01190459918324566,nominal,96,16,17042,0.6,0.5,calibrated
all_constraints,all_constraints,0.7127659574468085,0.45489784805160016,0.9893617021276596,0.10314212462587934,38.80597014925374,96,94,0.06305597474177678,0.01190459918324566,nominal,96,16,17042,0.6,0.5,calibrated
Any_DLT,all_constraints,0.8723404255319149,0.3354997092507591,1.0,0.0,14.63414634146341,96,94,0.06144913534323374,0.02744898908789186,robust_reg,96,16,17042,0.6,0.5,calibrated
Blood,all_constraints,0.8723404255319149,0.3354997092507591,1.0,0.0,14.63414634146341,96,94,0.06144913534323374,0.02744898908789186,robust_reg,96,16,17042,0.6,0.5,calibrated
Constitutional,all_constraints,0.8829787234042553,0.32316921825641187,0.9680851063829787,0.1767160202664313,9.638554216867472,96,94,0.06144913534323374,0.02744898908789186,robust_reg,96,16,17042,0.6,0.5,calibrated
Infection,all_constraints,0.8829787234042553,0.32316921825641187,1.0,0.0,13.253012048192772,96,94,0.06144913534323374,0.02744898908789186,robust_reg,96,16,17042,0.6,0.5,calibrated
Gastrointestinal,all_constraints,0.8829787234042553,0.32316921825641187,1.0,0.0,13.253012048192772,96,94,0.06144913534323374,0.02744898908789186,robust_reg,96,16,17042,0.6,0.5,calibrated
Overall_Survival,all_constraints,10.771270845122793,1.7067483045898035,11.87838974068714,1.045882960018703,10.278442641386636,96,94,0.06144913534323374,0.02744898908789186,robust_reg,96,16,17042,0.6,0.5,calibrated
all_constraints,all_constraints,0.7127659574468085,0.45489784805160016,0.9680851063829787,0.1767160202664313,35.820895522388064,96,94,0.06144913534323374,0.02744898908789186,robust_reg,96,16,17042,0.6,0.5,calibrated
Any_DLT,all_constraints,0.8723404255319149,0.3354997092507591,1.0,0.0,14.63414634146341,96,94,0.09973059594631195,0.02901731834875023,cp,94,16,17042,0.6,0.5,calibrated
Blood,all_constraints,0.8723404255319149,0.3354997092507591,1.0,0.0,14.63414634146341,96,94,0.09973059594631195,0.02901731834875023,cp,94,16,17042,0.6,0.5,calibrated
Constitutional,all_constraints,0.8829787234042553,0.32316921825641187,0.9893617021276596,0.10314212462587934,12.048192771084343,96,94,0.09973059594631195,0.02901731834875023,cp,94,16,17042,0.6,0.5,calibrated
Infection,all_constraints,0.8829787234042553,0.32316921825641187,1.0,0.0,13.253012048192772,96,94,0.09973059594631195,0.02901731834875023,cp,94,16,17042,0.6,0.5,calibrated
Gastrointestinal,all_constraints,0.8829787234042553,0.32316921825641187,1.0,0.0,13.253012048192772,96,94,0.09973059594631195,0.02901731834875023,cp,94,16,17042,0.6,0.5,calibrated
Overall_Survival,all_constraints,10.771270845122793,1.7067483045898035,11.961849073948983,0.9662413340431125,11.053275383612524,96,94,0.09973059594631195,0.02901731834875023,cp,94,16,17042,0.6,0.5,calibrated
all_constraints,all_constraints,0.7127659574468085,0.45489784805160016,0.9893617021276596,0.10314212462587934,38.80597014925374,96,94,0.09973059594631195,0.02901731834875023,cp,94,16,17042,0.6,0.5,calibrated
Any_DLT,all_constraints,0.8539325842696629,0.35517479044423933,1.0,0.0,17.10526315789474,96,89,0.051664953430493675,0.028168670588954087,nominal,96,17,18042,0.6,0.5,calibrated
Blood,all_constraints,0.8651685393258427,0.34347857005916343,1.0,0.0,15.584415584415584,96,89,0.051664953430493675,0.028168670588954087,nominal,96,17,18042,0.6,0.5,calibrated
Constitutional,all_constraints,0.898876404494382,0.30320049697971085,0.9662921348314607,0.18149869785703643,7.500000000000007,96,89,0.051664953430493675,0.028168670588954087,nominal,96,17,18042,0.6,0.5,calibrated
Infection,all_constraints,0.8764044943820225,0.3309842319473132,1.0,0.0,14.102564102564099,96,89,0.051664953430493675,0.028168670588954087,nominal,96,17,18042,0.6,0.5,calibrated
Gastrointestinal,all_constraints,0.8651685393258427,0.34347857005916343,0.9887640449438202,0.10599978800063597,14.285714285714283,96,89,0.051664953430493675,0.028168670588954087,nominal,96,17,18042,0.6,0.5,calibrated
Overall_Survival,all_constraints,10.72650425546833,1.8326379533893515,11.836639590115903,1.2272152023869378,10.3494606276936,96,89,0.051664953430493675,0.028168670588954087,nominal,96,17,18042,0.6,0.5,calibrated
all_constraints,all_constraints,0.7303370786516854,0.4462990473127607,0.9550561797752809,0.20835461246451933,30.769230769230766,96,89,0.051664953430493675,0.028168670588954087,nominal,96,17,18042,0.6,0.5,calibrated
Any_DLT,all_constraints,0.8539325842696629,0.35517479044423933,1.0,0.0,17.10526315789474,96,89,0.04648123433192571,0.017738675816549802,robust_reg,96,17,18042,0.6,0.5,calibrated
Blood,all_constraints,0.8651685393258427,0.34347857005916343,1.0,0.0,15.584415584415584,96,89,0.04648123433192571,0.017738675816549802,robust_reg,96,17,18042,0.6,0.5,calibrated
Constitutional,all_constraints,0.898876404494382,0.30320049697971085,0.9662921348314607,0.18149869785703643,7.500000000000007,96,89,0.04648123433192571,0.017738675816549802,robust_reg,96,17,18042,0.6,0.5,calibrated
Infection,all_constraints,0.8764044943820225,0.3309842319473132,1.0,0.0,14.102564102564099,96,89,0.04648123433192571,0.017738675816549802,robust_reg,96,17,18042,0.6,0.5,calibrated
Gastrointestinal,all_constraints,0.8651685393258427,0.34347857005916343,1.0,0.0,15.584415584415584,96,89,0.04648123433192571,0.017738675816549802,robust_reg,96,17,18042,0.6,0.5,calibrated
Overall_Survival,all_constraints,10.72650425546833,1.8326379533893515,11.91569680580699,1.0034028460212308,11.086487470812447,96,89,0.04648123433192571,0.017738675816549802,robust_reg,96,17,18042,0.6,0.5,calibrated
all_constraints,all_constraints,0.7303370786516854,0.4462990473127607,0.9662921348314607,0.18149869785703643,32.30769230769231,96,89,0.04648123433192571,0.017738675816549802,robust_reg,96,17,18042,0.6,0.5,calibrated
Any_DLT,all_constraints,0.8539325842696629,0.35517479044423933,1.0,0.0,17.10526315789474,96,89,0.19008507827917734,0.06495067923119768,cp,89,17,18042,0.6,0.5,calibrated
Blood,all_constraints,0.8651685393258427,0.34347857005916343,0.9887640449438202,0.10599978800063597,14.285714285714283,96,89,0.19008507827917734,0.06495067923119768,cp,89,17,18042,0.6,0.5,calibrated
Constitutional,all_constraints,0.898876404494382,0.30320049697971085,0.9550561797752809,0.20835461246451933,6.250000000000003,96,89,0.19008507827917734,0.06495067923119768,cp,89,17,18042,0.6,0.5,calibrated
Infection,all_constraints,0.8764044943820225,0.3309842319473132,1.0,0.0,14.102564102564099,96,89,0.19008507827917734,0.06495067923119768,cp,89,17,18042,0.6,0.5,calibrated
Gastrointestinal,all_constraints,0.8651685393258427,0.34347857005916343,0.9887640449438202,0.10599978800063597,14.285714285714283,96,89,0.19008507827917734,0.06495067923119768,cp,89,17,18042,0.6,0.5,calibrated
Overall_Survival,all_constraints,10.72650425546833,1.8326379533893515,11.645290453616541,1.3672509753841822,8.56556969788007,96,89,0.19008507827917734,0.06495067923119768,cp,89,17,18042,0.6,0.5,calibrated
all_constraints,all_constraints,0.7303370786516854,0.4462990473127607,0.9325842696629213,0.2521612403074291,27.692307692307683,96,89,0.19008507827917734,0.06495067923119768,cp,89,17,18042,0.6,0.5,calibrated
Any_DLT,all_constraints,0.8888888888888888,0.31603030875998483,0.9888888888888889,0.10540925533894599,11.25000000000001,96,90,0.06520348538955052,0.014350563353527752,nominal,96,18,19042,0.6,0.5,calibrated
Blood,all_constraints,0.8666666666666667,0.34183904485045247,0.9888888888888889,0.10540925533894599,14.102564102564104,96,90,0.06520348538955052,0.014350563353527752,nominal,96,18,19042,0.6,0.5,calibrated
Constitutional,all_constraints,0.9111111111111111,0.28617761611461456,0.9777777777777777,0.14823135407896973,7.317073170731706,96,90,0.06520348538955052,0.014350563353527752,nominal,96,18,19042,0.6,0.5,calibrated
Infection,all_constraints,0.9,0.30168068541929594,0.9888888888888889,0.10540925533894599,9.876543209876546,96,90,0.06520348538955052,0.014350563353527752,nominal,96,18,19042,0.6,0.5,calibrated
Gastrointestinal,all_constraints,0.9,0.3016806854192959,1.0,0.0,11.111111111111109,96,90,0.06520348538955052,0.014350563353527752,nominal,96,18,19042,0.6,0.5,calibrated
Overall_Survival,all_constraints,10.727702927847533,1.7729334813317126,11.9676267779248,1.0008901666279029,11.558148640177267,96,90,0.06520348538955052,0.014350563353527752,nominal,96,18,19042,0.6,0.5,calibrated
all_constraints,all_constraints,0.7444444444444445,0.4386165972131145,0.9777777777777777,0.14823135407896973,31.343283582089544,96,90,0.06520348538955052,0.014350563353527752,nominal,96,18,19042,0.6,0.5,calibrated
Any_DLT,all_constraints,0.8888888888888888,0.31603030875998483,0.9888888888888889,0.10540925533894599,11.25000000000001,96,90,0.09905890375375748,0.0689393128980441,robust_reg,96,18,19042,0.6,0.5,calibrated
Blood,all_constraints,0.8666666666666667,0.34183904485045247,0.9444444444444444,0.23034469096157234,8.974358974358967,96,90,0.09905890375375748,0.0689393128980441,robust_reg,96,18,19042,0.6,0.5,calibrated
Constitutional,all_constraints,0.9111111111111111,0.28617761611461456,0.9777777777777777,0.14823135407896973,7.317073170731706,96,90,0.09905890375375748,0.0689393128980441,robust_reg,96,18,19042,0.6,0.5,calibrated
Infection,all_constraints,0.9,0.30168068541929594,0.9888888888888889,0.10540925533894599,9.876543209876546,96,90,0.09905890375375748,0.0689393128980441,robust_reg,96,18,19042,0.6,0.5,calibrated
Gastrointestinal,all_constraints,0.9,0.3016806854192959,1.0,0.0,11.111111111111109,96,90,0.09905890375375748,0.0689393128980441,robust_reg,96,18,19042,0.6,0.5,calibrated
Overall_Survival,all_constraints,10.727702927847533,1.7729334813317126,12.007595627087941,0.979363995600676,11.930724665370771,96,90,0.09905890375375748,0.0689393128980441,robust_reg,96,18,19042,0.6,0.5,calibrated
all_constraints,all_constraints,0.7444444444444445,0.4386165972131145,0.9333333333333333,0.25084128112136317,25.37313432835821,96,90,0.09905890375375748,0.0689393128980441,robust_reg,96,18,19042,0.6,0.5,calibrated
Any_DLT,all_constraints,0.8888888888888888,0.31603030875998483,1.0,0.0,12.500000000000007,96,90,0.15582875410715738,0.04086631957079655,cp,90,18,19042,0.6,0.5,calibrated
Blood,all_constraints,0.8666666666666667,0.34183904485045247,1.0,0.0,15.384615384615381,96,90,0.15582875410715738,0.04086631957079655,cp,90,18,19042,0.6,0.5,calibrated
Constitutional,all_constraints,0.9111111111111111,0.28617761611461456,0.9666666666666667,0.18051113445691194,6.097560975609759,96,90,0.15582875410715738,0.04086631957079655,cp,90,18,19042,0.6,0.5,calibrated
Infection,all_constraints,0.9,0.30168068541929594,1.0,0.0,11.111111111111109,96,90,0.15582875410715738,0.04086631957079655,cp,90,18,19042,0.6,0.5,calibrated
Gastrointestinal,all_constraints,0.9,0.3016806854192959,1.0,0.0,11.111111111111109,96,90,0.15582875410715738,0.04086631957079655,cp,90,18,19042,0.6,0.5,calibrated
Overall_Survival,all_constraints,10.727702927847533,1.7729334813317126,11.715327881628129,1.2861756750736775,9.206304093459444,96,90,0.15582875410715738,0.04086631957079655,cp,90,18,19042,0.6,0.5,calibrated
all_constraints,all_constraints,0.7444444444444445,0.4386165972131145,0.9666666666666667,0.18051113445691194,29.850746268656714,96,90,0.15582875410715738,0.04086631957079655,cp,90,18,19042,0.6,0.5,calibrated
Any_DLT,all_constraints,0.8723404255319149,0.3354997092507591,0.9893617021276596,0.10314212462587934,13.414634146341463,96,94,0.0399060994386673,0.018045501497677023,nominal,96,19,20042,0.6,0.5,calibrated
Blood,all_constraints,0.8829787234042553,0.32316921825641187,0.9787234042553191,0.14507865158346242,10.8433734939759,96,94,0.0399060994386673,0.018045501497677023,nominal,96,19,20042,0.6,0.5,calibrated
Constitutional,all_constraints,0.8723404255319149,0.3354997092507591,0.9468085106382979,0.22561844642593043,8.53658536585365,96,94,0.0399060994386673,0.018045501497677023,nominal,96,19,20042,0.6,0.5,calibrated
Infection,all_constraints,0.8829787234042553,0.32316921825641187,1.0,0.0,13.253012048192772,96,94,0.0399060994386673,0.018045501497677023,nominal,96,19,20042,0.6,0.5,calibrated
Gastrointestinal,all_constraints,0.8723404255319149,0.3354997092507591,1.0,0.0,14.63414634146341,96,94,0.0399060994386673,0.018045501497677023,nominal,96,19,20042,0.6,0.5,calibrated
Overall_Survival,all_constraints,10.728023609755642,1.7398002519705642,11.894485897108403,1.0231502197586406,10.873039897973625,96,94,0.0399060994386673,0.018045501497677023,nominal,96,19,20042,0.6,0.5,calibrated
all_constraints,all_constraints,0.7127659574468085,0.45489784805160016,0.9361702127659575,0.24576020475855115,31.343283582089562,96,94,0.0399060994386673,0.018045501497677023,nominal,96,19,20042,0.6,0.5,calibrated
Any_DLT,all_constraints,0.8723404255319149,0.3354997092507591,0.9893617021276596,0.10314212462587934,13.414634146341463,96,94,0.03893606116374334,0.01992310783536989,robust_reg,96,19,20042,0.6,0.5,calibrated
Blood,all_constraints,0.8829787234042553,0.32316921825641187,0.9893617021276596,0.10314212462587934,12.048192771084343,96,94,0.03893606116374334,0.01992310783536989,robust_reg,96,19,20042,0.6,0.5,calibrated
Constitutional,all_constraints,0.8723404255319149,0.3354997092507591,0.9361702127659575,0.2457602047585512,7.317073170731705,96,94,0.03893606116374334,0.01992310783536989,robust_reg,96,19,20042,0.6,0.5,calibrated
Infection,all_constraints,0.8829787234042553,0.32316921825641187,1.0,0.0,13.253012048192772,96,94,0.03893606116374334,0.01992310783536989,robust_reg,96,19,20042,0.6,0.5,calibrated
Gastrointestinal,all_constraints,0.8723404255319149,0.3354997092507591,1.0,0.0,14.63414634146341,96,94,0.03893606116374334,0.01992310783536989,robust_reg,96,19,20042,0.6,0.5,calibrated
Overall_Survival,all_constraints,10.728023609755642,1.7398002519705642,11.915011131401098,1.049090073200812,11.064363435647701,96,94,0.03893606116374334,0.01992310783536989,robust_reg,96,19,20042,0.6,0.5,calibrated
all_constraints,all_constraints,0.7127659574468085,0.45489784805160016,0.925531914893617,0.26393880449618323,29.850746268656714,96,94,0.03893606116374334,0.01992310783536989,robust_reg,96,19,20042,0.6,0.5,calibrated
Any_DLT,all_constraints,0.8723404255319149,0.3354997092507591,0.9893617021276596,0.10314212462587934,13.414634146341463,96,94,0.14331673085689545,0.11886404659761765,cp,94,19,20042,0.6,0.5,calibrated
Blood,all_constraints,0.8829787234042553,0.32316921825641187,0.9680851063829787,0.1767160202664313,9.638554216867472,96,94,0.14331673085689545,0.11886404659761765,cp,94,19,20042,0.6,0.5,calibrated
Constitutional,all_constraints,0.8723404255319149,0.3354997092507591,0.9574468085106383,0.2029298102618999,9.756097560975611,96,94,0.14331673085689545,0.11886404659761765,cp,94,19,20042,0.6,0.5,calibrated
Infection,all_constraints,0.8829787234042553,0.32316921825641187,1.0,0.0,13.253012048192772,96,94,0.14331673085689545,0.11886404659761765,cp,94,19,20042,0.6,0.5,calibrated
Gastrointestinal,all_constraints,0.8723404255319149,0.3354997092507591,1.0,0.0,14.63414634146341,96,94,0.14331673085689545,0.11886404659761765,cp,94,19,20042,0.6,0.5,calibrated
Overall_Survival,all_constraints,10.728023609755642,1.7398002519705642,11.639296061967107,1.237374854124925,8.494318108908613,96,94,0.14331673085689545,0.11886404659761765,cp,94,19,20042,0.6,0.5,calibrated
all_constraints,all_constraints,0.7127659574468085,0.45489784805160016,0.9361702127659575,0.24576020475855118,31.343283582089562,96,94,0.14331673085689545,0.11886404659761765,cp,94,19,20042,0.6,0.5,calibrated
Any_DLT,all_constraints,0.851063829787234,0.35793454103634004,1.0,0.0,17.5,96,94,0.05799285074075063,0.07143734631740216,nominal,96,20,21042,0.6,0.5,calibrated
Blood,all_constraints,0.8723404255319149,0.3354997092507591,1.0,0.0,14.63414634146341,96,94,0.05799285074075063,0.07143734631740216,nominal,96,20,21042,0.6,0.5,calibrated
Constitutional,all_constraints,0.8829787234042553,0.32316921825641187,0.9787234042553191,0.14507865158346242,10.8433734939759,96,94,0.05799285074075063,0.07143734631740216,nominal,96,20,21042,0.6,0.5,calibrated
Infection,all_constraints,0.8723404255319149,0.3354997092507591,1.0,0.0,14.63414634146341,96,94,0.05799285074075063,0.07143734631740216,nominal,96,20,21042,0.6,0.5,calibrated
Gastrointestinal,all_constraints,0.8617021276595744,0.3470633740209737,0.9893617021276596,0.10314212462587934,14.814814814814824,96,94,0.05799285074075063,0.07143734631740216,nominal,96,20,21042,0.6,0.5,calibrated
Overall_Survival,all_constraints,10.710588729857836,1.7930451992508158,11.827042454394874,1.252241595910854,10.423831525009524,96,94,0.05799285074075063,0.07143734631740216,nominal,96,20,21042,0.6,0.5,calibrated
all_constraints,all_constraints,0.7127659574468085,0.45489784805160016,0.9680851063829787,0.1767160202664313,35.820895522388064,96,94,0.05799285074075063,0.07143734631740216,nominal,96,20,21042,0.6,0.5,calibrated
Any_DLT,all_constraints,0.851063829787234,0.35793454103634004,1.0,0.0,17.5,96,94,0.05504684895277023,0.06132874502894612,robust_reg,96,20,21042,0.6,0.5,calibrated
Blood,all_constraints,0.8723404255319149,0.3354997092507591,1.0,0.0,14.63414634146341,96,94,0.05504684895277023,0.06132874502894612,robust_reg,96,20,21042,0.6,0.5,calibrated
Constitutional,all_constraints,0.8829787234042553,0.32316921825641187,0.9680851063829787,0.1767160202664313,9.638554216867472,96,94,0.05504684895277023,0.06132874502894612,robust_reg,96,20,21042,0.6,0.5,calibrated
Infection,all_constraints,0.8723404255319149,0.3354997092507591,1.0,0.0,14.63414634146341,96,94,0.05504684895277023,0.06132874502894612,robust_reg,96,20,21042,0.6,0.5,calibrated
Gastrointestinal,all_constraints,0.8617021276595744,0.3470633740209737,1.0,0.0,16.049382716049386,96,94,0.05504684895277023,0.06132874502894612,robust_reg,96,20,21042,0.6,0.5,calibrated
Overall_Survival,all_constraints,10.710588729857836,1.7930451992508158,11.903939941038725,1.0097067094965917,11.141789132974477,96,94,0.05504684895277023,0.06132874502894612,robust_reg,96,20,21042,0.6,0.5,calibrated
all_constraints,all_constraints,0.7127659574468085,0.45489784805160016,0.9680851063829787,0.1767160202664313,35.820895522388064,96,94,0.05504684895277023,0.06132874502894612,robust_reg,96,20,21042,0.6,0.5,calibrated
Any_DLT,all_constraints,0.851063829787234,0.35793454103634004,1.0,0.0,17.5,96,94,0.11017287770907085,0.07463522273119197,cp,94,20,21042,0.6,0.5,calibrated
Blood,all_constraints,0.8723404255319149,0.3354997092507591,1.0,0.0,14.63414634146341,96,94,0.11017287770907085,0.07463522273119197,cp,94,20,21042,0.6,0.5,calibrated
Constitutional,all_constraints,0.8829787234042553,0.32316921825641187,0.9468085106382979,0.22561844642593043,7.2289156626506,96,94,0.11017287770907085,0.07463522273119197,cp,94,20,21042,0.6,0.5,calibrated
Infection,all_constraints,0.8723404255319149,0.3354997092507591,1.0,0.0,14.63414634146341,96,94,0.11017287770907085,0.07463522273119197,cp,94,20,21042,0.6,0.5,calibrated
Gastrointestinal,all_constraints,0.8617021276595744,0.3470633740209737,1.0,0.0,16.049382716049386,96,94,0.11017287770907085,0.07463522273119197,cp,94,20,21042,0.6,0.5,calibrated
Overall_Survival,all_constraints,10.710588729857836,1.7930451992508158,11.813878613547205,1.266241843082332,10.30092660185649,96,94,0.11017287770907085,0.07463522273119197,cp,94,20,21042,0.6,0.5,calibrated
all_constraints,all_constraints,0.7127659574468085,0.45489784805160016,0.9468085106382979,0.22561844642593043,32.83582089552239,96,94,0.11017287770907085,0.07463522273119197,cp,94,20,21042,0.6,0.5,calibrated
Any_DLT,all_constraints,0.8631578947368421,0.34550383548659225,1.0,0.0,15.853658536585364,96,95,0.0525693545738856,0.07010787676223285,nominal,96,21,22042,0.6,0.5,calibrated
Blood,all_constraints,0.8736842105263158,0.33396729560733096,1.0,0.0,14.457831325301198,96,95,0.0525693545738856,0.07010787676223285,nominal,96,21,22042,0.6,0.5,calibrated
Constitutional,all_constraints,0.8736842105263158,0.333967295607331,0.9473684210526315,0.22448148540588725,8.433734939759024,96,95,0.0525693545738856,0.07010787676223285,nominal,96,21,22042,0.6,0.5,calibrated
Infection,all_constraints,0.8736842105263158,0.333967295607331,1.0,0.0,14.457831325301198,96,95,0.0525693545738856,0.07010787676223285,nominal,96,21,22042,0.6,0.5,calibrated
Gastrointestinal,all_constraints,0.8736842105263158,0.333967295607331,1.0,0.0,14.457831325301198,96,95,0.0525693545738856,0.07010787676223285,nominal,96,21,22042,0.6,0.5,calibrated
Overall_Survival,all_constraints,10.69538766650208,1.7882433245560843,11.754461032026827,1.217154390814592,9.902150333846809,96,95,0.0525693545738856,0.07010787676223285,nominal,96,21,22042,0.6,0.5,calibrated
all_constraints,all_constraints,0.7052631578947368,0.4583430892442982,0.9473684210526315,0.22448148540588725,34.32835820895522,96,95,0.0525693545738856,0.07010787676223285,nominal,96,21,22042,0.6,0.5,calibrated
Any_DLT,all_constraints,0.8631578947368421,0.34550383548659225,0.968421052631579,0.17580402404729137,12.19512195121951,96,95,0.07725960264603297,0.07863023412635312,robust_reg,96,21,22042,0.6,0.5,calibrated
Blood,all_constraints,0.8736842105263158,0.33396729560733096,0.968421052631579,0.17580402404729137,10.843373493975898,96,95,0.07725960264603297,0.07863023412635312,robust_reg,96,21,22042,0.6,0.5,calibrated
Constitutional,all_constraints,0.8736842105263158,0.333967295607331,0.9263157894736842,0.26264227200873946,6.024096385542162,96,95,0.07725960264603297,0.07863023412635312,robust_reg,96,21,22042,0.6,0.5,calibrated
Infection,all_constraints,0.8736842105263158,0.333967295607331,0.9894736842105263,0.10259783520851543,13.25301204819276,96,95,0.07725960264603297,0.07863023412635312,robust_reg,96,21,22042,0.6,0.5,calibrated
Gastrointestinal,all_constraints,0.8736842105263158,0.333967295607331,1.0,0.0,14.457831325301198,96,95,0.07725960264603297,0.07863023412635312,robust_reg,96,21,22042,0.6,0.5,calibrated
Overall_Survival,all_constraints,10.69538766650208,1.7882433245560843,11.760219088009684,1.1251157771495799,9.955987148017574,96,95,0.07725960264603297,0.07863023412635312,robust_reg,96,21,22042,0.6,0.5,calibrated
all_constraints,all_constraints,0.7052631578947368,0.4583430892442982,0.9157894736842105,0.2791765206374847,29.850746268656714,96,95,0.07725960264603297,0.07863023412635312,robust_reg,96,21,22042,0.6,0.5,calibrated
Any_DLT,all_constraints,0.8631578947368421,0.34550383548659225,1.0,0.0,15.853658536585364,96,95,0.13499582807223,0.16367658362955384,cp,95,21,22042,0.6,0.5,calibrated
Blood,all_constraints,0.8736842105263158,0.33396729560733096,0.9894736842105263,0.10259783520851541,13.25301204819276,96,95,0.13499582807223,0.16367658362955384,cp,95,21,22042,0.6,0.5,calibrated
Constitutional,all_constraints,0.8736842105263158,0.333967295607331,0.9473684210526315,0.22448148540588725,8.433734939759024,96,95,0.13499582807223,0.16367658362955384,cp,95,21,22042,0.6,0.5,calibrated
Infection,all_constraints,0.8736842105263158,0.333967295607331,1.0,0.0,14.457831325301198,96,95,0.13499582807223,0.16367658362955384,cp,95,21,22042,0.6,0.5,calibrated
Gastrointestinal,all_constraints,0.8736842105263158,0.333967295607331,1.0,0.0,14.457831325301198,96,95,0.13499582807223,0.16367658362955384,cp,95,21,22042,0.6,0.5,calibrated
Overall_Survival,all_constraints,10.69538766650208,1.7882433245560843,11.55271484439897,1.1364660431183393,8.01585884148955,96,95,0.13499582807223,0.16367658362955384,cp,95,21,22042,0.6,0.5,calibrated
all_constraints,all_constraints,0.7052631578947368,0.4583430892442982,0.9368421052631579,0.24453717969020555,32.835820895522396,96,95,0.13499582807223,0.16367658362955384,cp,95,21,22042,0.6,0.5,calibrated
Any_DLT,all_constraints,0.8666666666666667,0.34183904485045247,1.0,0.0,15.384615384615381,96,90,0.04904006918271383,0.0329783398552819,nominal,92,22,23042,0.6,0.5,calibrated
Blood,all_constraints,0.8666666666666667,0.34183904485045247,0.9888888888888889,0.10540925533894599,14.102564102564104,96,90,0.04904006918271383,0.0329783398552819,nominal,92,22,23042,0.6,0.5,calibrated
Constitutional,all_constraints,0.9,0.30168068541929594,0.9666666666666667,0.18051113445691191,7.407407407407406,96,90,0.04904006918271383,0.0329783398552819,nominal,92,22,23042,0.6,0.5,calibrated
Infection,all_constraints,0.8888888888888888,0.31603030875998483,1.0,0.0,12.500000000000007,96,90,0.04904006918271383,0.0329783398552819,nominal,92,22,23042,0.6,0.5,calibrated
Gastrointestinal,all_constraints,0.8777777777777778,0.3293772734489573,1.0,0.0,13.924050632911394,96,90,0.04904006918271383,0.0329783398552819,nominal,92,22,23042,0.6,0.5,calibrated
Overall_Survival,all_constraints,10.77103823940446,1.7914139082801377,11.837422684489352,1.2186149537855069,9.900479613781911,96,90,0.04904006918271383,0.0329783398552819,nominal,92,22,23042,0.6,0.5,calibrated
all_constraints,all_constraints,0.7222222222222222,0.45041248954328444,0.9666666666666667,0.18051113445691191,33.84615384615385,96,90,0.04904006918271383,0.0329783398552819,nominal,92,22,23042,0.6,0.5,calibrated
Any_DLT,all_constraints,0.8666666666666667,0.34183904485045247,1.0,0.0,15.384615384615381,96,90,0.043951742351055145,0.03753277834468109,robust_reg,93,22,23042,0.6,0.5,calibrated
Blood,all_constraints,0.8666666666666667,0.34183904485045247,1.0,0.0,15.384615384615381,96,90,0.043951742351055145,0.03753277834468109,robust_reg,93,22,23042,0.6,0.5,calibrated
Constitutional,all_constraints,0.9,0.30168068541929594,0.9777777777777777,0.14823135407896973,8.64197530864197,96,90,0.043951742351055145,0.03753277834468109,robust_reg,93,22,23042,0.6,0.5,calibrated
Infection,all_constraints,0.8888888888888888,0.31603030875998483,1.0,0.0,12.500000000000007,96,90,0.043951742351055145,0.03753277834468109,robust_reg,93,22,23042,0.6,0.5,calibrated
Gastrointestinal,all_constraints,0.8777777777777778,0.3293772734489573,1.0,0.0,13.924050632911394,96,90,0.043951742351055145,0.03753277834468109,robust_reg,93,22,23042,0.6,0.5,calibrated
Overall_Survival,all_constraints,10.77103823940446,1.7914139082801377,11.823289189469955,1.1798369894552274,9.769262040273617,96,90,0.043951742351055145,0.03753277834468109,robust_reg,93,22,23042,0.6,0.5,calibrated
all_constraints,all_constraints,0.7222222222222222,0.45041248954328444,0.9777777777777777,0.14823135407896973,35.38461538461538,96,90,0.043951742351055145,0.03753277834468109,robust_reg,93,22,23042,0.6,0.5,calibrated
Any_DLT,all_constraints,0.8666666666666667,0.34183904485045247,1.0,0.0,15.384615384615381,96,90,0.10180643200874329,0.05856818231128094,cp,91,22,23042,0.6,0.5,calibrated
Blood,all_constraints,0.8666666666666667,0.34183904485045247,1.0,0.0,15.384615384615381,96,90,0.10180643200874329,0.05856818231128094,cp,91,22,23042,0.6,0.5,calibrated
Constitutional,all_constraints,0.9,0.30168068541929594,0.9777777777777777,0.14823135407896973,8.64197530864197,96,90,0.10180643200874329,0.05856818231128094,cp,91,22,23042,0.6,0.5,calibrated
Infection,all_constraints,0.8888888888888888,0.31603030875998483,1.0,0.0,12.500000000000007,96,90,0.10180643200874329,0.05856818231128094,cp,91,22,23042,0.6,0.5,calibrated
Gastrointestinal,all_constraints,0.8777777777777778,0.3293772734489573,1.0,0.0,13.924050632911394,96,90,0.10180643200874329,0.05856818231128094,cp,91,22,23042,0.6,0.5,calibrated
Overall_Survival,all_constraints,10.77103823940446,1.7914139082801377,11.802561610008585,1.2320861288464853,9.576823957698242,96,90,0.10180643200874329,0.05856818231128094,cp,91,22,23042,0.6,0.5,calibrated
all_constraints,all_constraints,0.7222222222222222,0.45041248954328444,0.9777777777777777,0.14823135407896973,35.38461538461538,96,90,0.10180643200874329,0.05856818231128094,cp,91,22,23042,0.6,0.5,calibrated
Any_DLT,all_constraints,0.8541666666666666,0.35479176002615415,1.0,0.0,17.07317073170732,96,96,0.08399516592423122,0.07010847728488839,nominal,96,23,24042,0.6,0.5,calibrated
Blood,all_constraints,0.875,0.33245498310218435,1.0,0.0,14.285714285714286,96,96,0.08399516592423122,0.07010847728488839,nominal,96,23,24042,0.6,0.5,calibrated
Constitutional,all_constraints,0.8645833333333334,0.34396424742808945,0.9583333333333334,0.20087527770480487,10.843373493975903,96,96,0.08399516592423122,0.07010847728488839,nominal,96,23,24042,0.6,0.5,calibrated
Infection,all_constraints,0.8645833333333334,0.34396424742808945,1.0,0.0,15.662650602409633,96,96,0.08399516592423122,0.07010847728488839,nominal,96,23,24042,0.6,0.5,calibrated
Gastrointestinal,all_constraints,0.8645833333333334,0.3439642474280894,1.0,0.0,15.662650602409633,96,96,0.08399516592423122,0.07010847728488839,nominal,96,23,24042,0.6,0.5,calibrated
Overall_Survival,all_constraints,10.690597206168823,1.779425762099106,11.22653536443142,1.1624097273761138,5.01317323931486,96,96,0.08399516592423122,0.07010847728488839,nominal,96,23,24042,0.6,0.5,calibrated
all_constraints,all_constraints,0.6979166666666666,0.4615714956689105,0.9583333333333334,0.20087527770480487,37.31343283582091,96,96,0.08399516592423122,0.07010847728488839,nominal,96,23,24042,0.6,0.5,calibrated
Any_DLT,all_constraints,0.8541666666666666,0.35479176002615415,1.0,0.0,17.07317073170732,96,96,0.05293402820825577,0.03645398062804001,robust_reg,96,23,24042,0.6,0.5,calibrated
Blood,all_constraints,0.875,0.33245498310218435,1.0,0.0,14.285714285714286,96,96,0.05293402820825577,0.03645398062804001,robust_reg,96,23,24042,0.6,0.5,calibrated
Constitutional,all_constraints,0.8645833333333334,0.34396424742808945,0.9583333333333334,0.20087527770480484,10.843373493975903,96,96,0.05293402820825577,0.03645398062804001,robust_reg,96,23,24042,0.6,0.5,calibrated
Infection,all_constraints,0.8645833333333334,0.34396424742808945,1.0,0.0,15.662650602409633,96,96,0.05293402820825577,0.03645398062804001,robust_reg,96,23,24042,0.6,0.5,calibrated
Gastrointestinal,all_constraints,0.8645833333333334,0.3439642474280894,0.9791666666666666,0.14357588616379596,13.253012048192762,96,96,0.05293402820825577,0.03645398062804001,robust_reg,96,23,24042,0.6,0.5,calibrated
Overall_Survival,all_constraints,10.690597206168823,1.779425762099106,11.720845835506779,0.8499648854520935,9.636960494063597,96,96,0.05293402820825577,0.03645398062804001,robust_reg,96,23,24042,0.6,0.5,calibrated
all_constraints,all_constraints,0.6979166666666666,0.4615714956689105,0.9479166666666666,0.22336148028967082,35.820895522388064,96,96,0.05293402820825577,0.03645398062804001,robust_reg,96,23,24042,0.6,0.5,calibrated
Any_DLT,all_constraints,0.8541666666666666,0.35479176002615415,1.0,0.0,17.07317073170732,96,96,0.16955331961313883,0.09418737056694106,cp,96,23,24042,0.6,0.5,calibrated
Blood,all_constraints,0.875,0.33245498310218435,1.0,0.0,14.285714285714286,96,96,0.16955331961313883,0.09418737056694106,cp,96,23,24042,0.6,0.5,calibrated
Constitutional,all_constraints,0.8645833333333334,0.34396424742808945,0.9479166666666666,0.22336148028967082,9.63855421686746,96,96,0.16955331961313883,0.09418737056694106,cp,96,23,24042,0.6,0.5,calibrated
Infection,all_constraints,0.8645833333333334,0.34396424742808945,1.0,0.0,15.662650602409633,96,96,0.16955331961313883,0.09418737056694106,cp,96,23,24042,0.6,0.5,calibrated
Gastrointestinal,all_constraints,0.8645833333333334,0.3439642474280894,0.9895833333333334,0.10206207261596574,14.457831325301203,96,96,0.16955331961313883,0.09418737056694106,cp,96,23,24042,0.6,0.5,calibrated
Overall_Survival,all_constraints,10.690597206168823,1.779425762099106,11.124725462439942,1.0757778074403777,4.060841952034384,96,96,0.16955331961313883,0.09418737056694106,cp,96,23,24042,0.6,0.5,calibrated
all_constraints,all_constraints,0.6979166666666666,0.4615714956689105,0.9479166666666666,0.22336148028967082,35.820895522388064,96,96,0.16955331961313883,0.09418737056694106,cp,96,23,24042,0.6,0.5,calibrated
Any_DLT,all_constraints,0.8631578947368421,0.34550383548659225,1.0,0.0,15.853658536585364,96,95,0.07912550121545792,0.03364759816558591,nominal,95,24,25042,0.6,0.5,calibrated
Blood,all_constraints,0.8736842105263158,0.33396729560733096,1.0,0.0,14.457831325301198,96,95,0.07912550121545792,0.03364759816558591,nominal,95,24,25042,0.6,0.5,calibrated
Constitutional,all_constraints,0.8736842105263158,0.333967295607331,0.9578947368421052,0.20189472049435528,9.63855421686746,96,95,0.07912550121545792,0.03364759816558591,nominal,95,24,25042,0.6,0.5,calibrated
Infection,all_constraints,0.8736842105263158,0.333967295607331,1.0,0.0,14.457831325301198,96,95,0.07912550121545792,0.03364759816558591,nominal,95,24,25042,0.6,0.5,calibrated
Gastrointestinal,all_constraints,0.8736842105263158,0.333967295607331,1.0,0.0,14.457831325301198,96,95,0.07912550121545792,0.03364759816558591,nominal,95,24,25042,0.6,0.5,calibrated
Overall_Survival,all_constraints,10.725087536752348,1.7563102885413053,11.220402263862201,1.021228975225232,4.6182814397787135,96,95,0.07912550121545792,0.03364759816558591,nominal,95,24,25042,0.6,0.5,calibrated
all_constraints,all_constraints,0.7052631578947368,0.4583430892442982,0.9578947368421052,0.20189472049435528,35.820895522388064,96,95,0.07912550121545792,0.03364759816558591,nominal,95,24,25042,0.6,0.5,calibrated
Any_DLT,all_constraints,0.8631578947368421,0.34550383548659225,0.9368421052631579,0.2445371796902055,8.536585365853659,96,95,0.08365845183531444,0.05180896161010958,robust_reg,96,24,25042,0.6,0.5,calibrated
Blood,all_constraints,0.8736842105263158,0.33396729560733096,0.7473684210526316,0.4368265893978149,-14.45783132530121,96,95,0.08365845183531444,0.05180896161010958,robust_reg,96,24,25042,0.6,0.5,calibrated
Constitutional,all_constraints,0.8736842105263158,0.333967295607331,0.9578947368421052,0.2018947204943553,9.63855421686746,96,95,0.08365845183531444,0.05180896161010958,robust_reg,96,24,25042,0.6,0.5,calibrated
Infection,all_constraints,0.8736842105263158,0.333967295607331,0.8105263157894737,0.39396340801310903,-7.228915662650612,96,95,0.08365845183531444,0.05180896161010958,robust_reg,96,24,25042,0.6,0.5,calibrated
Gastrointestinal,all_constraints,0.8736842105263158,0.333967295607331,1.0,0.0,14.457831325301198,96,95,0.08365845183531444,0.05180896161010958,robust_reg,96,24,25042,0.6,0.5,calibrated
Overall_Survival,all_constraints,10.725087536752348,1.7563102885413053,11.559705330253108,1.2994295025961535,7.781920573055665,96,95,0.08365845183531444,0.05180896161010958,robust_reg,96,24,25042,0.6,0.5,calibrated
all_constraints,all_constraints,0.7052631578947368,0.4583430892442982,0.6842105263157895,0.46729547567908863,-2.985074626865665,96,95,0.08365845183531444,0.05180896161010958,robust_reg,96,24,25042,0.6,0.5,calibrated
Any_DLT,all_constraints,0.8631578947368421,0.34550383548659225,0.9894736842105263,0.10259783520851541,14.634146341463408,96,95,0.21197872112194696,0.09306465636985088,cp,95,24,25042,0.6,0.5,calibrated
Blood,all_constraints,0.8736842105263158,0.33396729560733096,0.9789473684210527,0.1443214031708876,12.048192771084336,96,95,0.21197872112194696,0.09306465636985088,cp,95,24,25042,0.6,0.5,calibrated
Constitutional,all_constraints,0.8736842105263158,0.333967295607331,0.9578947368421052,0.20189472049435528,9.63855421686746,96,95,0.21197872112194696,0.09306465636985088,cp,95,24,25042,0.6,0.5,calibrated
Infection,all_constraints,0.8736842105263158,0.333967295607331,0.9894736842105263,0.10259783520851541,13.25301204819276,96,95,0.21197872112194696,0.09306465636985088,cp,95,24,25042,0.6,0.5,calibrated
Gastrointestinal,all_constraints,0.8736842105263158,0.333967295607331,1.0,0.0,14.457831325301198,96,95,0.21197872112194696,0.09306465636985088,cp,95,24,25042,0.6,0.5,calibrated
Overall_Survival,all_constraints,10.725087536752348,1.7563102885413053,11.207278786131175,1.067480227403519,4.495919009765388,96,95,0.21197872112194696,0.09306465636985088,cp,95,24,25042,0.6,0.5,calibrated
all_constraints,all_constraints,0.7052631578947368,0.4583430892442982,0.9473684210526315,0.2244814854058873,34.32835820895522,96,95,0.21197872112194696,0.09306465636985088,cp,95,24,25042,0.6,0.5,calibrated
Any_DLT,all_constraints,0.8651685393258427,0.34347857005916343,0.9662921348314607,0.18149869785703643,11.68831168831169,96,89,0.06278759986162186,0.02892248297203815,nominal,91,25,26042,0.6,0.5,calibrated
Blood,all_constraints,0.8764044943820225,0.3309842319473132,0.8314606741573034,0.3764654715598936,-5.128205128205129,96,89,0.06278759986162186,0.02892248297203815,nominal,91,25,26042,0.6,0.5,calibrated
Constitutional,all_constraints,0.9101123595505618,0.28764124744526687,0.9775280898876404,0.14905216367918436,7.407407407407401,96,89,0.06278759986162186,0.02892248297203815,nominal,91,25,26042,0.6,0.5,calibrated
Infection,all_constraints,0.898876404494382,0.30320049697971085,0.9438202247191011,0.23157320469295906,5.000000000000001,96,89,0.06278759986162186,0.02892248297203815,nominal,91,25,26042,0.6,0.5,calibrated
Gastrointestinal,all_constraints,0.8876404494382022,0.3175975958515819,0.8426966292134831,0.3661493859470718,-5.063291139240507,96,89,0.06278759986162186,0.02892248297203815,nominal,91,25,26042,0.6,0.5,calibrated
Overall_Survival,all_constraints,10.704584506200623,1.8309713411939288,11.64949650309112,0.8748539556426166,8.827171165243799,96,89,0.06278759986162186,0.02892248297203815,nominal,91,25,26042,0.6,0.5,calibrated
all_constraints,all_constraints,0.7528089887640449,0.43382282926444893,0.6741573033707865,0.4713443274024454,-10.447761194029848,96,89,0.06278759986162186,0.02892248297203815,nominal,91,25,26042,0.6,0.5,calibrated
Any_DLT,all_constraints,0.8651685393258427,0.34347857005916343,0.9775280898876404,0.14905216367918436,12.98701298701298,96,89,0.07581618676582973,0.08207020048297,robust_reg,92,25,26042,0.6,0.5,calibrated
Blood,all_constraints,0.8764044943820225,0.3309842319473132,0.898876404494382,0.30320049697971085,2.5641025641025577,96,89,0.07581618676582973,0.08207020048297,robust_reg,92,25,26042,0.6,0.5,calibrated
Constitutional,all_constraints,0.9101123595505618,0.28764124744526687,0.9550561797752809,0.20835461246451933,4.938271604938272,96,89,0.07581618676582973,0.08207020048297,robust_reg,92,25,26042,0.6,0.5,calibrated
Infection,all_constraints,0.898876404494382,0.30320049697971085,0.9550561797752809,0.20835461246451933,6.250000000000003,96,89,0.07581618676582973,0.08207020048297,robust_reg,92,25,26042,0.6,0.5,calibrated
Gastrointestinal,all_constraints,0.8876404494382022,0.3175975958515819,0.8764044943820225,0.3309842319473132,-1.2658227848101173,96,89,0.07581618676582973,0.08207020048297,robust_reg,92,25,26042,0.6,0.5,calibrated
Overall_Survival,all_constraints,10.704584506200623,1.8309713411939288,11.478164996322594,1.025420644144568,7.226627896429559,96,89,0.07581618676582973,0.08207020048297,robust_reg,92,25,26042,0.6,0.5,calibrated
all_constraints,all_constraints,0.7528089887640449,0.43382282926444893,0.7528089887640449,0.43382282926444893,0.0,96,89,0.07581618676582973,0.08207020048297,robust_reg,92,25,26042,0.6,0.5,calibrated
Any_DLT,all_constraints,0.8651685393258427,0.34347857005916343,0.9662921348314607,0.18149869785703643,11.68831168831169,96,89,0.15582432597875595,0.06681170464726693,cp,91,25,26042,0.6,0.5,calibrated
Blood,all_constraints,0.8764044943820225,0.3309842319473132,0.8426966292134831,0.3661493859470718,-3.8461538461538556,96,89,0.15582432597875595,0.06681170464726693,cp,91,25,26042,0.6,0.5,calibrated
Constitutional,all_constraints,0.9101123595505618,0.28764124744526687,0.9775280898876404,0.14905216367918436,7.407407407407401,96,89,0.15582432597875595,0.06681170464726693,cp,91,25,26042,0.6,0.5,calibrated
Infection,all_constraints,0.898876404494382,0.30320049697971085,0.9550561797752809,0.20835461246451933,6.250000000000003,96,89,0.15582432597875595,0.06681170464726693,cp,91,25,26042,0.6,0.5,calibrated
Gastrointestinal,all_constraints,0.8876404494382022,0.3175975958515819,0.7640449438202247,0.4269998911569044,-13.92405063291139,96,89,0.15582432597875595,0.06681170464726693,cp,91,25,26042,0.6,0.5,calibrated
Overall_Survival,all_constraints,10.704584506200623,1.8309713411939288,11.531962600823007,0.8429897437338025,7.7291939182051,96,89,0.15582432597875595,0.06681170464726693,cp,91,25,26042,0.6,0.5,calibrated
all_constraints,all_constraints,0.7528089887640449,0.43382282926444893,0.6067415730337079,0.4912409501384753,-19.402985074626855,96,89,0.15582432597875595,0.06681170464726693,cp,91,25,26042,0.6,0.5,calibrated
Any_DLT,all_constraints,0.8541666666666666,0.35479176002615415,1.0,0.0,17.07317073170732,96,96,0.05704777439435323,0.02935424559159173,nominal,96,26,27042,0.6,0.5,calibrated
Blood,all_constraints,0.875,0.33245498310218435,1.0,0.0,14.285714285714286,96,96,0.05704777439435323,0.02935424559159173,nominal,96,26,27042,0.6,0.5,calibrated
Constitutional,all_constraints,0.8645833333333334,0.34396424742808945,0.9479166666666666,0.22336148028967082,9.63855421686746,96,96,0.05704777439435323,0.02935424559159173,nominal,96,26,27042,0.6,0.5,calibrated
Infection,all_constraints,0.8645833333333334,0.34396424742808945,1.0,0.0,15.662650602409633,96,96,0.05704777439435323,0.02935424559159173,nominal,96,26,27042,0.6,0.5,calibrated
Gastrointestinal,all_constraints,0.8645833333333334,0.3439642474280894,1.0,0.0,15.662650602409633,96,96,0.05704777439435323,0.02935424559159173,nominal,96,26,27042,0.6,0.5,calibrated
Overall_Survival,all_constraints,10.690597206168823,1.779425762099106,11.770293706970984,1.11107010617009,10.09949659481269,96,96,0.05704777439435323,0.02935424559159173,nominal,96,26,27042,0.6,0.5,calibrated
all_constraints,all_constraints,0.6979166666666666,0.4615714956689105,0.9479166666666666,0.22336148028967082,35.820895522388064,96,96,0.05704777439435323,0.02935424559159173,nominal,96,26,27042,0.6,0.5,calibrated
Any_DLT,all_constraints,0.8541666666666666,0.35479176002615415,1.0,0.0,17.07317073170732,96,96,0.054333689312140145,0.01590681924895775,robust_reg,96,26,27042,0.6,0.5,calibrated
Blood,all_constraints,0.875,0.33245498310218435,1.0,0.0,14.285714285714286,96,96,0.054333689312140145,0.01590681924895775,robust_reg,96,26,27042,0.6,0.5,calibrated
Constitutional,all_constraints,0.8645833333333334,0.34396424742808945,0.96875,0.17490598978639324,12.048192771084333,96,96,0.054333689312140145,0.01590681924895775,robust_reg,96,26,27042,0.6,0.5,calibrated
Infection,all_constraints,0.8645833333333334,0.34396424742808945,1.0,0.0,15.662650602409633,96,96,0.054333689312140145,0.01590681924895775,robust_reg,96,26,27042,0.6,0.5,calibrated
Gastrointestinal,all_constraints,0.8645833333333334,0.3439642474280894,1.0,0.0,15.662650602409633,96,96,0.054333689312140145,0.01590681924895775,robust_reg,96,26,27042,0.6,0.5,calibrated
Overall_Survival,all_constraints,10.690597206168823,1.779425762099106,11.621561598353232,1.117541794762506,8.708254311996827,96,96,0.054333689312140145,0.01590681924895775,robust_reg,96,26,27042,0.6,0.5,calibrated
all_constraints,all_constraints,0.6979166666666666,0.4615714956689105,0.96875,0.17490598978639324,38.80597014925374,96,96,0.054333689312140145,0.01590681924895775,robust_reg,96,26,27042,0.6,0.5,calibrated
Any_DLT,all_constraints,0.8541666666666666,0.35479176002615415,0.9895833333333334,0.10206207261596574,15.853658536585376,96,96,0.19102189193169275,0.06329669510117845,cp,96,26,27042,0.6,0.5,calibrated
Blood,all_constraints,0.875,0.33245498310218435,0.9479166666666666,0.22336148028967082,8.333333333333329,96,96,0.19102189193169275,0.06329669510117845,cp,96,26,27042,0.6,0.5,calibrated
Constitutional,all_constraints,0.8645833333333334,0.34396424742808945,0.9375,0.2433321316961438,8.43373493975903,96,96,0.19102189193169275,0.06329669510117845,cp,96,26,27042,0.6,0.5,calibrated
Infection,all_constraints,0.8645833333333334,0.34396424742808945,0.9895833333333334,0.10206207261596574,14.457831325301203,96,96,0.19102189193169275,0.06329669510117845,cp,96,26,27042,0.6,0.5,calibrated
Gastrointestinal,all_constraints,0.8645833333333334,0.3439642474280894,1.0,0.0,15.662650602409633,96,96,0.19102189193169275,0.06329669510117845,cp,96,26,27042,0.6,0.5,calibrated
Overall_Survival,all_constraints,10.690597206168823,1.779425762099106,11.277441147527318,1.3728033036974963,5.489346666431947,96,96,0.19102189193169275,0.06329669510117845,cp,96,26,27042,0.6,0.5,calibrated
all_constraints,all_constraints,0.6979166666666666,0.4615714956689105,0.8854166666666666,0.32019045867196194,26.865671641791046,96,96,0.19102189193169275,0.06329669510117845,cp,96,26,27042,0.6,0.5,calibrated
Any_DLT,all_constraints,0.8526315789473684,0.35635331059341196,1.0,0.0,17.283950617283953,96,95,0.10644114762544632,0.0822009615383178,nominal,96,27,28042,0.6,0.5,calibrated
Blood,all_constraints,0.8736842105263158,0.333967295607331,1.0,0.0,14.457831325301198,96,95,0.10644114762544632,0.0822009615383178,nominal,96,27,28042,0.6,0.5,calibrated
Constitutional,all_constraints,0.8631578947368421,0.34550383548659225,0.9473684210526315,0.22448148540588725,9.7560975609756,96,95,0.10644114762544632,0.0822009615383178,nominal,96,27,28042,0.6,0.5,calibrated
Infection,all_constraints,0.8631578947368421,0.34550383548659225,1.0,0.0,15.853658536585364,96,95,0.10644114762544632,0.0822009615383178,nominal,96,27,28042,0.6,0.5,calibrated
Gastrointestinal,all_constraints,0.8631578947368421,0.34550383548659225,1.0,0.0,15.853658536585364,96,95,0.10644114762544632,0.0822009615383178,nominal,96,27,28042,0.6,0.5,calibrated
Overall_Survival,all_constraints,10.700537150422033,1.7861844075274842,11.193271203251456,1.0129066246688,4.6047599845021745,96,95,0.10644114762544632,0.0822009615383178,nominal,96,27,28042,0.6,0.5,calibrated
all_constraints,all_constraints,0.6947368421052632,0.46296188461572396,0.9473684210526315,0.22448148540588725,36.363636363636346,96,95,0.10644114762544632,0.0822009615383178,nominal,96,27,28042,0.6,0.5,calibrated
Any_DLT,all_constraints,0.8526315789473684,0.35635331059341196,0.9789473684210527,0.1443214031708876,14.814814814814822,96,95,0.05603093902269999,0.025974325845475498,robust_reg,95,27,28042,0.6,0.5,calibrated
Blood,all_constraints,0.8736842105263158,0.333967295607331,0.9789473684210527,0.1443214031708876,12.048192771084336,96,95,0.05603093902269999,0.025974325845475498,robust_reg,95,27,28042,0.6,0.5,calibrated
Constitutional,all_constraints,0.8631578947368421,0.34550383548659225,0.9368421052631579,0.24453717969020553,8.536585365853659,96,95,0.05603093902269999,0.025974325845475498,robust_reg,95,27,28042,0.6,0.5,calibrated
Infection,all_constraints,0.8631578947368421,0.34550383548659225,1.0,0.0,15.853658536585364,96,95,0.05603093902269999,0.025974325845475498,robust_reg,95,27,28042,0.6,0.5,calibrated
Gastrointestinal,all_constraints,0.8631578947368421,0.34550383548659225,1.0,0.0,15.853658536585364,96,95,0.05603093902269999,0.025974325845475498,robust_reg,95,27,28042,0.6,0.5,calibrated
Overall_Survival,all_constraints,10.700537150422033,1.7861844075274842,11.444381742513944,1.0332261314278826,6.951469647134241,96,95,0.05603093902269999,0.025974325845475498,robust_reg,95,27,28042,0.6,0.5,calibrated
all_constraints,all_constraints,0.6947368421052632,0.46296188461572396,0.9263157894736842,0.2626422720087394,33.33333333333332,96,95,0.05603093902269999,0.025974325845475498,robust_reg,95,27,28042,0.6,0.5,calibrated
Any_DLT,all_constraints,0.8526315789473684,0.35635331059341196,1.0,0.0,17.283950617283953,96,95,0.17006592949231467,0.1101763646575278,cp,96,27,28042,0.6,0.5,calibrated
Blood,all_constraints,0.8736842105263158,0.333967295607331,1.0,0.0,14.457831325301198,96,95,0.17006592949231467,0.1101763646575278,cp,96,27,28042,0.6,0.5,calibrated
Constitutional,all_constraints,0.8631578947368421,0.34550383548659225,0.968421052631579,0.1758040240472914,12.19512195121951,96,95,0.17006592949231467,0.1101763646575278,cp,96,27,28042,0.6,0.5,calibrated
Infection,all_constraints,0.8631578947368421,0.34550383548659225,1.0,0.0,15.853658536585364,96,95,0.17006592949231467,0.1101763646575278,cp,96,27,28042,0.6,0.5,calibrated
Gastrointestinal,all_constraints,0.8631578947368421,0.34550383548659225,0.9894736842105263,0.10259783520851543,14.634146341463408,96,95,0.17006592949231467,0.1101763646575278,cp,96,27,28042,0.6,0.5,calibrated
Overall_Survival,all_constraints,10.700537150422033,1.7861844075274842,11.198091253514898,1.0171248382361113,4.649804921926197,96,95,0.17006592949231467,0.1101763646575278,cp,96,27,28042,0.6,0.5,calibrated
all_constraints,all_constraints,0.6947368421052632,0.46296188461572396,0.968421052631579,0.1758040240472914,39.393939393939384,96,95,0.17006592949231467,0.1101763646575278,cp,96,27,28042,0.6,0.5,calibrated
Any_DLT,all_constraints,0.8541666666666666,0.35479176002615415,0.9583333333333334,0.20087527770480484,12.195121951219523,96,96,0.08874641855557759,0.06487415741872049,nominal,96,28,29042,0.6,0.5,calibrated
Blood,all_constraints,0.875,0.33245498310218435,0.8125,0.3923612728354477,-7.142857142857143,96,96,0.08874641855557759,0.06487415741872049,nominal,96,28,29042,0.6,0.5,calibrated
Constitutional,all_constraints,0.8645833333333334,0.34396424742808945,0.9479166666666666,0.22336148028967082,9.63855421686746,96,96,0.08874641855557759,0.06487415741872049,nominal,96,28,29042,0.6,0.5,calibrated
Infection,all_constraints,0.8645833333333334,0.34396424742808945,0.9375,0.2433321316961438,8.43373493975903,96,96,0.08874641855557759,0.06487415741872049,nominal,96,28,29042,0.6,0.5,calibrated
Gastrointestinal,all_constraints,0.8645833333333334,0.3439642474280894,1.0,0.0,15.662650602409633,96,96,0.08874641855557759,0.06487415741872049,nominal,96,28,29042,0.6,0.5,calibrated
Overall_Survival,all_constraints,10.690597206168823,1.779425762099106,11.325190483927438,1.0143791428152464,5.935994645766225,96,96,0.08874641855557759,0.06487415741872049,nominal,96,28,29042,0.6,0.5,calibrated
all_constraints,all_constraints,0.6979166666666666,0.4615714956689105,0.78125,0.41556872887773044,11.940298507462693,96,96,0.08874641855557759,0.06487415741872049,nominal,96,28,29042,0.6,0.5,calibrated
Any_DLT,all_constraints,0.8541666666666666,0.35479176002615415,0.9479166666666666,0.22336148028967082,10.975609756097562,96,96,0.10262074569861095,0.07525074743269576,robust_reg,96,28,29042,0.6,0.5,calibrated
Blood,all_constraints,0.875,0.33245498310218435,0.8333333333333334,0.3746343246326776,-4.761904761904757,96,96,0.10262074569861095,0.07525074743269576,robust_reg,96,28,29042,0.6,0.5,calibrated
Constitutional,all_constraints,0.8645833333333334,0.34396424742808945,0.96875,0.17490598978639324,12.048192771084333,96,96,0.10262074569861095,0.07525074743269576,robust_reg,96,28,29042,0.6,0.5,calibrated
Infection,all_constraints,0.8645833333333334,0.34396424742808945,0.96875,0.17490598978639324,12.048192771084333,96,96,0.10262074569861095,0.07525074743269576,robust_reg,96,28,29042,0.6,0.5,calibrated
Gastrointestinal,all_constraints,0.8645833333333334,0.3439642474280894,1.0,0.0,15.662650602409633,96,96,0.10262074569861095,0.07525074743269576,robust_reg,96,28,29042,0.6,0.5,calibrated
Overall_Survival,all_constraints,10.690597206168823,1.779425762099106,11.152425212896498,0.7643916622446484,4.319945816134436,96,96,0.10262074569861095,0.07525074743269576,robust_reg,96,28,29042,0.6,0.5,calibrated
all_constraints,all_constraints,0.6979166666666666,0.4615714956689105,0.7916666666666666,0.408248290463863,13.432835820895523,96,96,0.10262074569861095,0.07525074743269576,robust_reg,96,28,29042,0.6,0.5,calibrated
Any_DLT,all_constraints,0.8541666666666666,0.35479176002615415,1.0,0.0,17.07317073170732,96,96,0.4524081076184909,0.23348787493031606,cp,96,28,29042,0.6,0.5,calibrated
Blood,all_constraints,0.875,0.33245498310218435,1.0,0.0,14.285714285714286,96,96,0.4524081076184909,0.23348787493031606,cp,96,28,29042,0.6,0.5,calibrated
Constitutional,all_constraints,0.8645833333333334,0.34396424742808945,0.9479166666666666,0.22336148028967082,9.63855421686746,96,96,0.4524081076184909,0.23348787493031606,cp,96,28,29042,0.6,0.5,calibrated
Infection,all_constraints,0.8645833333333334,0.34396424742808945,1.0,0.0,15.662650602409633,96,96,0.4524081076184909,0.23348787493031606,cp,96,28,29042,0.6,0.5,calibrated
Gastrointestinal,all_constraints,0.8645833333333334,0.3439642474280894,0.9895833333333334,0.10206207261596575,14.457831325301203,96,96,0.4524081076184909,0.23348787493031606,cp,96,28,29042,0.6,0.5,calibrated
Overall_Survival,all_constraints,10.690597206168823,1.779425762099106,10.596492010941562,1.1840449476841006,-0.8802613494123522,96,96,0.4524081076184909,0.23348787493031606,cp,96,28,29042,0.6,0.5,calibrated
all_constraints,all_constraints,0.6979166666666666,0.4615714956689105,0.9375,0.2433321316961438,34.32835820895523,96,96,0.4524081076184909,0.23348787493031606,cp,96,28,29042,0.6,0.5,calibrated
Any_DLT,all_constraints,0.8526315789473684,0.3563533105934119,0.9894736842105263,0.10259783520851541,16.04938271604938,96,95,0.04126309106747309,0.04186670512353159,nominal,96,29,30042,0.6,0.5,calibrated
Blood,all_constraints,0.8736842105263158,0.33396729560733096,0.9894736842105263,0.10259783520851541,13.25301204819276,96,95,0.04126309106747309,0.04186670512353159,nominal,96,29,30042,0.6,0.5,calibrated
Constitutional,all_constraints,0.8736842105263158,0.333967295607331,0.9789473684210527,0.1443214031708876,12.048192771084336,96,95,0.04126309106747309,0.04186670512353159,nominal,96,29,30042,0.6,0.5,calibrated
Infection,all_constraints,0.8736842105263158,0.333967295607331,0.9894736842105263,0.10259783520851541,13.25301204819276,96,95,0.04126309106747309,0.04186670512353159,nominal,96,29,30042,0.6,0.5,calibrated
Gastrointestinal,all_constraints,0.8631578947368421,0.34550383548659225,0.9894736842105263,0.10259783520851541,14.634146341463408,96,95,0.04126309106747309,0.04186670512353159,nominal,96,29,30042,0.6,0.5,calibrated
Overall_Survival,all_constraints,10.6999871958255,1.7864730982355768,11.795449544051651,1.1619153154322543,10.23797812256762,96,95,0.04126309106747309,0.04186670512353159,nominal,96,29,30042,0.6,0.5,calibrated
all_constraints,all_constraints,0.7052631578947368,0.4583430892442982,0.9789473684210527,0.1443214031708876,38.805970149253746,96,95,0.04126309106747309,0.04186670512353159,nominal,96,29,30042,0.6,0.5,calibrated
Any_DLT,all_constraints,0.8526315789473684,0.3563533105934119,0.968421052631579,0.17580402404729137,13.58024691358025,96,95,0.04607350379228592,0.055565243199628835,robust_reg,95,29,30042,0.6,0.5,calibrated
Blood,all_constraints,0.8736842105263158,0.33396729560733096,0.9578947368421052,0.20189472049435528,9.63855421686746,96,95,0.04607350379228592,0.055565243199628835,robust_reg,95,29,30042,0.6,0.5,calibrated
Constitutional,all_constraints,0.8736842105263158,0.333967295607331,0.9473684210526315,0.22448148540588725,8.433734939759024,96,95,0.04607350379228592,0.055565243199628835,robust_reg,95,29,30042,0.6,0.5,calibrated
Infection,all_constraints,0.8736842105263158,0.333967295607331,0.9789473684210527,0.14432140317088762,12.048192771084336,96,95,0.04607350379228592,0.055565243199628835,robust_reg,95,29,30042,0.6,0.5,calibrated
Gastrointestinal,all_constraints,0.8631578947368421,0.34550383548659225,0.9894736842105263,0.10259783520851541,14.634146341463408,96,95,0.04607350379228592,0.055565243199628835,robust_reg,95,29,30042,0.6,0.5,calibrated
Overall_Survival,all_constraints,10.6999871958255,1.7864730982355768,11.822451536782026,1.2154938466113996,10.490333496795632,96,95,0.04607350379228592,0.055565243199628835,robust_reg,95,29,30042,0.6,0.5,calibrated
all_constraints,all_constraints,0.7052631578947368,0.4583430892442982,0.9263157894736842,0.2626422720087394,31.34328358208956,96,95,0.04607350379228592,0.055565243199628835,robust_reg,95,29,30042,0.6,0.5,calibrated
Any_DLT,all_constraints,0.8526315789473684,0.3563533105934119,0.9894736842105263,0.10259783520851541,16.04938271604938,96,95,0.11145118127266566,0.1014987534914482,cp,96,29,30042,0.6,0.5,calibrated
Blood,all_constraints,0.8736842105263158,0.33396729560733096,0.9894736842105263,0.10259783520851541,13.25301204819276,96,95,0.11145118127266566,0.1014987534914482,cp,96,29,30042,0.6,0.5,calibrated
Constitutional,all_constraints,0.8736842105263158,0.333967295607331,0.9789473684210527,0.1443214031708876,12.048192771084336,96,95,0.11145118127266566,0.1014987534914482,cp,96,29,30042,0.6,0.5,calibrated
Infection,all_constraints,0.8736842105263158,0.333967295607331,0.9894736842105263,0.10259783520851541,13.25301204819276,96,95,0.11145118127266566,0.1014987534914482,cp,96,29,30042,0.6,0.5,calibrated
Gastrointestinal,all_constraints,0.8631578947368421,0.34550383548659225,0.9894736842105263,0.10259783520851541,14.634146341463408,96,95,0.11145118127266566,0.1014987534914482,cp,96,29,30042,0.6,0.5,calibrated
Overall_Survival,all_constraints,10.6999871958255,1.7864730982355768,11.783720675364233,1.1862638511400174,10.128362396186242,96,95,0.11145118127266566,0.1014987534914482,cp,96,29,30042,0.6,0.5,calibrated
all_constraints,all_constraints,0.7052631578947368,0.4583430892442982,0.9789473684210527,0.1443214031708876,38.805970149253746,96,95,0.11145118127266566,0.1014987534914482,cp,96,29,30042,0.6,0.5,calibrated
